N,P,K,temperature,humidity,ph,rainfall,label
76.5,37.2,45.8,28.7,81.6,6.54,1715.4,rice
73.0,42.9,10.9,29.4,81.4,6.16,1632.6,rice
66.4,23.1,44.7,23.2,77.5,6.31,1609.4,rice
81.7,26.2,33.8,26.9,76.4,6.15,1766.9,rice
79.8,27.3,38.2,26.0,78.5,6.6,1677.1,rice
83.0,48.9,31.7,24.4,75.1,6.0,1802.2,rice
73.1,52.7,33.4,27.2,76.3,6.12,1674.7,rice
89.2,52.4,39.3,23.1,79.0,6.12,1831.0,rice
72.8,37.8,18.9,25.4,80.8,6.43,1672.7,rice
95.1,44.3,23.5,24.5,83.4,6.24,1953.1,rice
40.7,49.9,30.9,28.4,79.9,6.54,2134.5,rice
85.4,57.7,24.8,26.8,75.0,6.21,1772.9,rice
72.1,46.2,31.0,25.5,82.3,6.31,1624.6,rice
58.0,43.6,32.6,29.9,79.2,6.18,1574.5,rice
74.9,30.4,28.4,27.5,76.5,6.17,1691.4,rice
78.9,17.0,29.7,28.5,80.4,6.3,2221.5,rice
79.5,26.0,41.4,27.7,79.5,6.31,2365.8,rice
59.0,47.0,51.9,29.4,77.7,6.51,1947.8,rice
56.7,40.8,19.4,25.0,80.2,6.16,1608.4,rice
75.2,49.8,17.7,28.7,83.9,6.1,1520.1,rice
83.9,49.4,17.6,28.1,76.0,6.28,2076.8,rice
85.2,31.8,32.3,24.2,80.7,6.3,1880.5,rice
62.1,47.9,20.3,28.2,84.7,6.34,1571.4,rice
86.2,49.9,49.0,29.5,77.9,6.43,2039.6,rice
78.8,44.1,32.8,26.9,77.8,6.1,1561.6,rice
120.8,47.5,21.4,29.6,83.6,6.2,1753.3,rice
87.1,39.1,21.5,24.8,79.4,6.38,1870.6,rice
61.3,42.1,33.9,23.7,82.1,6.29,1638.4,rice
85.4,46.7,40.8,25.3,80.1,6.04,1788.4,rice
87.7,46.2,68.5,30.1,77.7,6.35,1405.6,rice
75.3,49.1,22.3,28.9,82.4,6.37,2033.9,rice
52.0,48.2,13.9,26.9,80.2,6.68,1628.7,rice
69.3,48.2,22.7,26.3,80.2,6.05,2022.2,rice
89.5,15.7,31.9,28.0,78.4,6.65,1761.4,rice
87.6,50.4,18.0,25.8,78.0,6.23,1963.1,rice
86.1,24.9,39.2,26.7,78.4,6.58,1631.3,rice
99.0,31.5,34.4,32.8,76.2,6.16,2008.1,rice
64.6,23.0,17.5,29.4,79.9,5.64,1518.3,rice
101.6,22.8,41.6,31.6,78.9,6.27,1392.5,rice
71.0,40.8,26.1,27.5,81.2,6.29,1504.6,rice
112.0,16.6,28.5,27.8,84.0,6.02,1915.5,rice
72.6,32.9,38.5,29.0,78.4,6.21,1820.2,rice
92.2,47.6,21.7,28.4,82.2,6.31,1576.8,rice
81.8,55.3,24.1,26.1,81.5,6.25,1936.8,rice
92.4,49.8,43.1,28.9,79.5,6.46,1699.5,rice
78.0,41.2,36.0,27.6,79.2,6.31,1920.5,rice
97.4,49.5,36.2,25.5,77.5,6.02,2273.1,rice
69.8,51.7,28.5,29.1,77.8,6.26,1746.9,rice
67.7,42.9,32.4,25.4,81.0,6.14,1669.7,rice
58.9,19.3,27.9,26.2,80.6,5.98,1632.2,rice
79.7,28.0,29.8,28.3,82.1,6.22,2118.8,rice
103.0,38.7,34.0,26.8,77.9,6.35,1830.7,rice
81.5,30.7,30.2,29.2,80.6,6.25,1649.7,rice
68.5,50.5,31.8,28.7,82.4,6.65,2112.8,rice
48.1,33.7,22.4,33.0,77.9,6.14,1547.9,rice
71.3,29.2,34.9,27.9,84.7,6.43,1835.4,rice
54.3,56.2,28.9,24.2,82.9,6.16,2207.9,rice
80.7,34.6,36.2,30.6,78.5,6.25,1351.4,rice
90.7,26.5,14.7,24.8,80.3,6.35,1714.4,rice
81.7,54.2,30.7,30.7,78.1,6.54,1833.1,rice
89.7,56.4,20.4,32.7,79.4,6.43,2188.8,rice
49.4,36.8,37.2,29.2,75.6,6.03,2014.6,rice
54.4,24.6,33.8,31.3,84.1,5.99,1768.5,rice
90.0,44.4,20.6,27.4,79.8,6.01,1233.1,rice
65.2,46.0,24.7,26.2,79.8,6.43,1485.2,rice
62.0,63.6,30.4,25.5,77.4,6.15,1723.2,rice
89.2,49.1,24.7,25.8,79.7,6.21,1803.5,rice
100.5,38.2,27.5,26.1,74.2,5.97,1681.2,rice
78.1,28.5,13.9,28.9,87.7,6.46,1827.8,rice
63.8,60.2,38.8,28.0,76.4,6.13,1560.9,rice
102.8,46.5,19.6,27.5,80.2,6.09,2120.0,rice
108.6,23.2,35.6,27.0,76.5,6.42,1531.1,rice
80.7,30.0,32.7,25.9,78.5,6.09,1628.2,rice
91.3,46.0,20.2,27.4,77.7,6.14,1690.3,rice
70.1,46.8,22.4,27.7,75.8,6.35,1937.8,rice
66.4,47.7,13.4,23.0,80.1,6.3,1343.1,rice
67.1,35.4,40.1,27.3,78.4,6.26,1447.2,rice
101.6,10.3,22.0,26.1,77.2,6.35,1958.9,rice
81.3,38.1,41.7,28.9,80.9,6.14,1699.2,rice
73.5,44.7,25.8,28.1,79.0,6.16,1834.4,rice
98.0,35.1,10.0,28.2,82.2,6.19,2268.9,rice
105.1,43.9,27.8,25.0,79.1,6.25,1282.3,rice
57.8,53.7,33.4,29.6,80.6,6.39,1197.2,rice
83.7,34.5,21.5,26.5,85.7,6.28,1908.2,rice
87.2,44.0,40.4,29.6,80.2,6.16,1536.0,rice
85.7,49.1,20.8,26.2,77.6,6.17,1682.5,rice
68.4,25.1,12.2,29.7,81.0,6.6,2088.9,rice
63.1,69.3,31.3,31.2,79.9,6.3,1913.6,rice
68.1,45.7,48.8,27.8,81.2,6.29,1931.4,rice
78.1,40.7,40.9,30.9,78.7,6.06,2148.3,rice
64.8,20.1,38.2,23.3,79.6,6.17,2132.4,rice
105.0,36.9,15.0,27.7,76.8,6.19,1427.5,rice
76.5,48.4,48.5,26.9,73.3,6.24,1681.8,rice
80.9,40.2,29.8,30.3,77.2,6.73,1682.8,rice
79.5,33.5,22.9,28.0,78.6,6.15,1713.9,rice
96.4,35.0,10.0,27.8,83.8,5.75,1686.3,rice
63.3,61.0,39.4,26.6,76.5,6.1,1657.1,rice
87.3,25.3,37.1,30.7,77.2,6.15,1930.4,rice
74.6,53.9,19.2,26.9,81.8,6.33,1656.3,rice
61.2,51.1,28.2,29.0,79.2,6.31,1898.3,rice
56.7,29.8,17.2,26.2,78.2,5.99,2012.3,rice
78.5,33.5,34.0,31.9,84.2,6.29,1229.5,rice
74.5,39.3,33.1,27.4,80.3,6.28,2025.8,rice
77.2,40.2,33.5,23.2,81.9,6.28,1413.0,rice
86.1,19.6,40.3,26.2,80.5,6.07,1555.4,rice
95.2,17.9,17.2,28.7,82.5,6.56,1814.0,rice
82.8,30.9,23.9,25.9,81.3,6.11,1756.5,rice
95.8,28.6,56.3,24.0,76.6,6.07,1519.2,rice
71.4,41.5,55.6,28.7,77.9,6.38,1796.2,rice
106.6,32.5,48.1,27.3,78.2,6.24,2037.3,rice
89.3,21.2,22.7,29.3,81.6,6.43,1609.4,rice
60.0,44.6,36.1,26.9,81.6,6.28,1731.4,rice
78.9,20.1,34.3,28.9,82.1,6.34,2020.2,rice
95.8,39.5,36.8,28.0,76.8,6.05,1817.9,rice
81.4,34.5,25.7,27.6,82.3,6.15,1757.4,rice
66.6,37.8,25.6,26.7,78.8,6.49,1805.5,rice
84.0,32.1,30.8,31.1,82.6,5.97,1799.1,rice
74.6,34.7,44.5,30.2,83.5,6.68,1620.7,rice
59.8,29.0,20.0,31.4,78.9,6.2,1619.3,rice
65.0,51.8,27.9,25.6,80.6,6.54,1741.3,rice
82.5,45.9,32.9,27.4,77.2,6.32,1918.7,rice
71.7,32.4,41.9,33.6,78.7,6.13,1590.6,rice
71.7,47.6,32.0,31.1,77.9,6.34,1607.3,rice
74.2,43.4,33.3,23.7,84.5,6.14,2136.9,rice
59.3,31.2,29.7,29.1,79.6,6.1,2252.6,rice
97.8,70.3,24.7,32.0,80.6,6.25,1620.6,rice
88.8,35.7,35.9,26.3,81.7,6.6,2011.0,rice
97.5,56.6,36.5,30.3,81.3,6.45,1955.1,rice
85.5,35.3,30.3,27.1,83.0,6.1,1786.7,rice
91.2,30.2,51.6,30.7,80.1,6.0,1797.8,rice
78.6,43.3,36.1,26.7,80.6,6.55,1804.8,rice
64.6,41.6,23.0,28.0,80.5,6.45,1638.4,rice
103.5,39.2,24.4,30.5,78.6,6.32,1369.2,rice
72.5,27.7,37.1,32.2,74.5,6.33,1388.0,rice
89.8,38.8,48.5,28.1,76.8,6.41,1609.0,rice
83.7,37.1,33.5,24.8,78.3,6.24,1368.6,rice
85.1,45.5,35.7,24.4,79.8,6.46,2110.9,rice
90.6,38.9,44.4,28.6,83.3,6.29,1910.7,rice
81.9,19.6,38.4,25.8,79.9,5.98,2200.2,rice
43.6,21.0,37.6,25.9,75.3,6.17,1638.5,rice
79.9,26.1,45.0,29.5,77.6,6.24,1856.4,rice
49.4,37.0,23.2,29.7,80.1,6.29,1694.8,rice
71.4,46.9,44.0,25.0,84.5,6.37,1679.7,rice
85.9,50.7,36.4,29.8,78.4,6.38,1764.9,rice
111.1,31.7,47.4,30.1,83.3,6.29,1616.2,rice
86.4,46.3,24.3,28.0,78.8,6.19,1587.1,rice
80.6,41.4,36.1,27.4,84.3,6.33,2285.6,rice
89.7,34.2,45.7,24.9,75.8,6.32,1685.7,rice
105.3,34.5,40.8,24.4,80.6,6.45,1383.9,rice
56.4,57.7,43.8,27.4,82.2,6.37,1706.8,rice
71.7,31.9,29.7,25.9,81.2,6.3,1849.0,rice
37.3,53.8,12.6,30.4,79.1,6.39,1885.9,rice
73.0,44.2,29.5,26.6,76.8,6.47,1470.1,rice
72.6,21.3,25.7,28.7,76.8,6.44,1769.2,rice
75.2,64.9,33.8,31.3,79.1,6.18,1962.6,rice
77.1,39.1,29.6,28.6,80.6,6.2,2007.6,rice
81.2,16.0,39.2,29.3,81.8,6.23,1763.0,rice
77.9,53.3,19.6,28.4,72.8,6.64,1999.5,rice
77.1,42.6,38.7,29.0,78.4,6.61,1486.6,rice
79.1,42.4,40.5,28.7,80.9,6.7,1787.6,rice
104.5,26.2,33.0,30.3,81.6,6.04,2046.8,rice
86.3,59.4,34.5,25.6,80.8,6.31,1734.0,rice
89.0,48.4,27.0,26.9,83.0,6.02,1991.0,rice
80.2,26.8,15.6,30.9,80.3,6.22,1712.5,rice
70.4,14.4,46.4,31.5,77.5,5.85,1538.3,rice
75.1,10.0,52.9,30.0,85.6,6.43,1578.0,rice
100.8,46.8,35.9,24.0,82.6,6.71,1338.7,rice
79.1,31.0,27.2,29.6,80.7,6.27,1939.7,rice
82.7,56.7,39.2,23.3,77.5,6.04,1725.4,rice
76.6,46.6,20.3,23.6,82.4,6.07,1502.6,rice
56.1,45.3,29.8,27.8,78.5,6.31,1416.5,rice
73.6,41.5,35.4,28.9,83.4,6.27,1806.0,rice
59.0,61.0,17.6,27.6,78.2,6.13,1760.1,rice
98.7,31.9,32.8,25.8,82.2,6.19,1570.4,rice
89.5,45.0,28.1,25.4,77.0,6.31,2286.3,rice
113.2,33.3,16.3,27.2,79.6,6.43,1761.0,rice
105.2,33.4,35.7,27.3,78.0,6.56,2394.9,rice
64.8,32.2,17.8,31.6,79.5,6.14,1655.2,rice
85.0,31.7,10.1,27.6,80.6,5.96,1557.5,rice
86.3,31.5,29.4,28.4,77.0,6.56,2056.9,rice
82.5,23.0,28.9,28.9,81.3,6.08,1769.0,rice
89.1,26.9,26.8,25.2,83.1,6.45,1566.1,rice
82.9,36.3,31.3,30.5,85.8,6.32,1785.4,rice
60.0,18.0,35.1,27.1,82.4,6.1,1927.0,rice
79.9,50.1,30.8,24.7,81.0,6.72,1211.8,rice
84.8,32.0,39.9,27.3,79.3,6.3,1979.8,rice
80.4,39.9,40.9,27.1,81.3,6.08,1561.1,rice
88.4,40.1,16.9,28.7,82.0,6.51,1743.7,rice
80.8,46.4,29.3,24.8,78.5,6.21,1673.7,rice
77.8,25.5,36.0,28.7,75.1,6.07,1766.1,rice
82.2,36.0,23.9,31.3,79.5,6.53,2054.7,rice
80.0,45.2,41.9,26.7,80.4,6.28,1653.0,rice
59.5,37.3,18.3,29.9,73.6,6.43,1378.8,rice
41.1,33.4,33.9,23.0,81.9,6.14,1885.4,rice
81.8,28.3,42.0,23.8,80.0,6.36,1795.8,rice
66.7,37.9,47.1,27.1,77.7,6.17,1743.2,rice
70.0,52.5,23.9,24.1,83.7,6.21,1346.6,rice
70.9,48.9,33.0,32.1,78.8,6.65,1919.5,rice
86.9,31.9,50.1,30.8,80.1,6.11,2140.4,rice
65.4,34.6,23.4,27.8,80.5,6.0,1658.7,rice
94.9,30.9,15.8,24.9,83.0,6.38,1884.2,rice
88.3,45.5,51.7,31.3,79.4,6.5,1669.3,rice
102.9,46.1,35.4,25.9,80.1,6.3,1982.0,rice
50.5,64.7,19.0,30.2,77.9,6.05,1658.8,rice
92.9,33.0,28.3,26.9,80.8,6.4,1680.8,rice
91.0,48.0,41.7,28.2,84.0,6.34,1687.8,rice
72.1,47.0,42.4,28.0,81.0,6.13,1425.8,rice
119.0,46.8,12.4,27.6,84.3,6.3,1827.2,rice
77.9,25.3,27.9,29.4,83.2,6.38,1845.3,rice
85.9,25.6,34.4,25.4,81.5,6.56,1604.9,rice
68.2,47.8,28.8,30.5,79.7,6.25,1597.6,rice
74.4,60.7,26.0,28.5,78.9,6.39,1528.1,rice
57.1,35.1,24.5,28.1,76.5,5.92,1983.1,rice
110.1,64.7,42.1,33.9,80.5,6.54,1608.9,rice
67.7,40.0,28.3,30.1,81.9,6.15,1898.1,rice
102.2,26.3,28.1,26.4,82.4,6.27,1924.1,rice
102.7,47.6,19.8,25.7,79.8,6.23,1283.4,rice
65.6,35.5,40.9,32.1,81.5,6.21,2055.3,rice
82.1,18.8,33.2,32.2,78.8,6.04,2135.8,rice
72.0,26.0,10.0,27.1,76.0,6.35,1633.5,rice
71.0,45.6,20.0,27.4,84.2,6.16,2193.1,rice
76.9,29.5,21.7,28.3,83.1,6.23,1941.5,rice
102.4,36.7,29.8,26.9,82.3,6.1,1841.8,rice
75.8,40.8,35.2,25.6,82.2,6.39,1143.9,rice
84.4,23.7,34.7,23.6,82.0,6.01,1617.7,rice
67.8,42.4,41.5,27.4,82.9,6.11,1346.2,rice
82.6,35.6,21.7,25.0,81.1,6.38,1765.4,rice
93.6,11.6,19.9,27.7,72.7,6.33,1482.0,rice
77.3,56.5,23.5,29.0,80.1,6.11,2264.4,rice
104.4,43.9,27.5,25.5,77.6,6.27,1629.3,rice
77.3,78.3,33.0,26.8,82.2,6.24,1359.2,rice
58.4,51.0,23.3,25.6,82.9,6.27,1643.4,rice
81.0,50.2,34.8,32.2,78.9,6.49,2020.0,rice
73.9,28.5,34.2,25.4,82.6,6.19,1589.1,rice
78.8,45.4,19.4,32.7,80.1,6.51,1483.1,rice
118.8,47.0,33.3,28.6,82.5,6.47,1703.2,rice
82.5,55.8,19.9,28.0,80.8,6.19,1661.7,rice
70.9,35.4,29.8,30.3,79.7,5.85,2079.3,rice
76.4,35.6,26.1,25.0,82.1,6.35,1623.8,rice
102.8,52.0,25.7,25.2,79.2,6.48,2153.8,rice
62.3,54.3,25.4,28.5,77.7,6.31,1744.0,rice
72.9,50.5,16.5,28.0,79.4,6.36,1820.8,rice
87.7,42.2,33.5,27.8,77.5,6.12,2234.7,rice
76.4,48.1,49.0,28.7,82.8,6.33,1908.7,rice
47.4,50.2,24.6,27.2,82.8,6.23,1506.4,rice
73.5,46.2,27.4,27.3,80.5,6.38,1833.0,rice
72.0,49.7,33.7,29.3,77.7,6.45,1903.8,rice
75.5,49.6,13.8,32.1,79.1,6.25,1694.1,rice
78.4,38.0,30.7,24.9,82.4,6.57,1483.0,rice
87.5,42.3,40.0,30.4,80.6,6.43,1518.2,rice
87.7,36.0,28.6,20.7,78.4,5.91,1919.5,rice
91.1,40.9,14.0,29.9,83.3,6.56,2153.1,rice
81.8,46.6,30.4,26.9,85.4,6.22,1539.2,rice
60.2,32.7,29.6,31.7,80.5,6.11,1594.3,rice
57.4,49.1,30.8,26.4,76.5,6.23,1576.9,rice
100.1,17.5,31.2,23.9,78.1,6.31,1672.7,rice
75.2,30.4,40.8,27.1,80.5,6.11,1917.8,rice
57.3,18.4,14.2,27.6,79.8,6.12,2225.3,rice
72.8,41.8,46.1,28.2,76.0,6.42,1877.2,rice
69.2,23.3,20.1,29.7,77.8,5.85,1682.9,rice
82.5,45.3,19.1,27.2,79.4,6.13,1769.2,rice
83.5,51.4,32.9,31.0,80.0,6.38,1725.4,rice
79.5,37.5,28.7,26.0,77.1,6.27,1840.4,rice
64.6,55.2,21.3,22.8,80.2,6.28,1612.8,rice
62.1,51.0,40.0,29.9,78.4,6.58,1856.8,rice
83.9,38.4,38.1,25.8,79.4,6.3,2098.1,rice
95.5,34.0,19.1,29.5,83.3,5.94,1312.9,rice
91.7,55.7,44.0,26.5,79.5,6.19,1473.6,rice
94.5,59.4,17.7,26.1,75.8,6.1,1697.7,rice
86.4,34.3,29.9,26.0,80.7,6.1,1743.4,rice
78.7,35.6,27.4,28.9,78.9,6.23,1751.6,rice
75.0,54.1,33.7,31.5,79.3,6.38,1890.2,rice
62.1,41.7,47.3,27.2,76.1,6.04,1861.9,rice
71.9,18.7,23.8,33.1,81.3,5.91,1909.5,rice
63.9,42.9,50.7,27.1,75.1,6.39,1632.0,rice
109.4,25.2,35.0,25.2,79.3,6.46,1117.4,rice
83.8,28.7,40.9,26.3,86.6,5.97,1723.5,rice
74.9,47.5,26.3,27.7,79.0,6.3,1827.0,rice
53.4,55.1,20.9,28.4,82.8,6.24,1742.7,rice
127.1,33.4,32.2,25.9,83.4,5.85,1601.1,rice
88.3,41.1,28.0,27.4,81.3,6.37,1821.4,rice
35.9,47.9,31.9,27.1,82.8,6.36,1701.3,rice
68.4,44.9,20.3,27.5,82.8,6.43,1652.9,rice
87.7,48.7,35.2,24.1,82.2,6.43,1593.3,rice
97.8,48.5,33.5,25.9,82.0,6.39,1858.0,rice
68.8,31.9,28.6,30.2,77.8,6.22,1743.4,rice
80.0,30.2,36.6,25.5,75.3,6.29,1673.0,rice
65.9,50.0,28.1,29.8,78.1,6.11,1348.1,rice
80.9,43.3,43.6,26.8,81.6,6.02,1249.0,rice
98.6,42.5,32.6,24.2,80.5,6.59,995.1,rice
95.9,73.1,33.9,29.5,81.2,6.34,1506.6,rice
73.9,33.7,31.5,26.2,75.6,6.12,1743.6,rice
75.1,41.9,38.3,25.4,80.0,6.25,2030.3,rice
67.7,21.2,38.7,25.3,79.2,6.0,1585.5,rice
85.9,38.8,32.7,28.2,82.1,6.22,1798.4,rice
93.9,51.6,42.4,26.0,79.7,6.52,1140.3,rice
89.2,54.4,28.6,27.7,78.5,6.19,1799.3,rice
45.6,20.6,17.8,26.4,81.5,5.98,1750.1,rice
84.9,43.6,36.2,26.2,78.9,6.52,1713.1,rice
63.9,21.4,38.2,24.7,79.8,6.38,2009.8,rice
62.2,59.7,21.0,28.4,77.8,6.46,1524.5,rice
77.6,40.5,20.0,29.1,81.5,6.15,1667.8,rice
41.6,37.7,54.1,29.4,79.4,6.06,1621.7,rice
88.2,25.8,41.1,29.5,79.3,6.25,1745.2,rice
90.1,47.1,26.5,29.3,81.1,6.25,1929.5,rice
58.0,42.0,30.5,26.1,83.9,6.02,1775.5,rice
56.0,30.1,29.0,27.9,79.4,6.53,1811.0,rice
83.5,24.9,23.8,23.4,84.2,6.25,1706.0,rice
63.3,43.0,35.0,26.6,83.2,6.35,1670.6,rice
61.1,37.2,34.7,30.4,77.5,6.1,2145.1,rice
67.5,65.1,13.9,30.0,79.2,6.28,1731.0,rice
74.6,37.8,43.7,28.0,80.0,6.21,2255.9,rice
73.6,47.1,14.0,22.0,76.4,6.2,2133.4,rice
70.1,45.1,30.2,28.7,76.6,6.29,2256.1,rice
90.8,24.5,20.4,25.9,84.5,6.21,1872.0,rice
80.0,25.0,36.0,28.7,80.9,6.19,2121.0,rice
73.4,39.2,51.0,29.7,78.8,6.3,1637.0,rice
77.3,32.2,43.2,26.9,78.4,6.39,1660.4,rice
69.7,49.5,10.3,31.0,75.3,6.44,1599.9,rice
65.7,35.1,36.9,29.7,81.8,6.25,1447.2,rice
104.3,25.8,21.0,27.8,84.9,5.96,1896.1,rice
102.7,22.6,29.9,24.2,82.3,6.23,1702.7,rice
40.9,42.4,34.4,24.4,82.2,6.17,1840.9,rice
97.9,18.7,33.2,28.5,77.3,6.38,2058.9,rice
69.9,40.4,19.1,26.2,80.9,6.16,1729.6,rice
86.9,19.3,23.2,24.8,77.1,6.37,1919.8,rice
91.8,37.0,24.0,30.5,78.8,6.34,1504.7,rice
67.9,30.0,35.2,31.1,82.4,6.27,2184.7,rice
95.8,17.0,26.2,28.5,81.6,5.97,2100.4,rice
77.3,46.4,38.9,28.1,87.8,6.36,2248.9,rice
90.0,45.1,38.4,26.7,80.6,6.34,2198.8,rice
91.7,45.5,46.7,26.0,77.2,6.33,1610.4,rice
90.4,50.2,27.1,27.5,77.3,6.18,1917.2,rice
88.6,46.0,30.5,27.3,79.1,6.42,1370.5,rice
87.4,33.7,10.0,27.5,81.7,6.33,1584.9,rice
74.1,52.7,36.2,30.2,77.8,6.38,1630.3,rice
74.5,41.7,12.2,29.2,83.0,6.3,1408.5,rice
96.7,20.0,45.3,28.5,76.6,5.96,1492.7,rice
77.7,33.4,31.6,26.2,77.2,6.48,1323.2,rice
60.1,35.0,32.6,28.8,83.6,6.18,2029.3,rice
80.5,30.9,27.7,25.1,80.9,6.24,1510.7,rice
66.1,13.0,23.5,25.2,82.6,5.9,1972.5,rice
83.1,40.8,22.8,27.3,77.7,6.06,1387.6,rice
100.1,24.4,38.3,27.9,79.3,6.56,1613.3,rice
63.2,29.0,40.2,29.5,82.0,6.54,1462.9,rice
60.1,52.6,41.7,28.2,80.9,6.32,1887.9,rice
88.6,39.3,41.2,26.9,76.2,6.35,1739.1,rice
77.4,42.7,26.3,26.7,77.5,6.25,1891.2,rice
106.2,36.1,17.1,27.2,78.9,5.95,1956.5,rice
76.5,30.6,23.1,29.2,80.7,6.31,1624.3,rice
90.2,57.8,24.2,25.2,79.8,6.12,1542.0,rice
91.1,45.8,17.6,28.1,81.2,6.26,1874.9,rice
90.2,37.5,40.7,29.7,78.1,6.26,1971.8,rice
90.8,37.2,44.5,33.4,76.5,6.31,1553.5,rice
109.9,30.8,24.5,24.2,78.5,6.57,1923.2,rice
51.2,39.8,23.1,29.6,79.9,6.25,1653.2,rice
75.8,36.6,37.9,26.3,76.9,6.4,2110.9,rice
70.8,27.0,21.7,28.4,82.4,6.19,1892.7,rice
87.2,46.6,35.5,34.9,76.6,6.0,2061.2,rice
46.7,37.2,21.5,26.9,80.8,6.27,1718.6,rice
93.8,45.8,34.2,27.9,80.9,6.19,2496.3,rice
66.1,46.7,20.8,29.0,77.2,6.34,2264.1,rice
61.3,40.7,22.9,26.5,82.4,6.42,1676.2,rice
86.5,23.5,24.4,24.4,79.2,6.71,1695.7,rice
108.1,28.1,21.3,30.1,76.0,5.9,2272.1,rice
93.9,27.8,30.9,28.8,80.0,6.31,1091.1,rice
65.1,47.8,38.6,25.2,77.8,6.17,1813.8,rice
79.2,71.4,18.9,26.9,76.4,6.19,1759.6,rice
85.6,44.7,29.5,31.2,80.7,6.58,1999.2,rice
77.0,30.4,29.4,30.6,78.4,6.0,2024.1,rice
92.7,13.0,23.9,30.6,79.9,6.26,1635.7,rice
89.3,19.9,18.1,28.0,78.8,5.9,2050.0,rice
93.5,35.2,36.5,25.9,78.5,5.84,1703.9,rice
90.0,31.2,30.8,24.7,80.0,6.36,1699.6,rice
81.3,56.9,34.1,28.6,81.8,6.4,2114.0,rice
72.8,43.6,34.6,25.3,81.7,6.17,2100.8,rice
82.9,51.3,19.7,28.0,84.2,6.45,1827.8,rice
70.2,26.9,22.2,28.5,79.5,6.09,2202.3,rice
66.4,58.2,35.1,26.6,80.0,6.42,1398.6,rice
93.4,42.1,35.5,30.1,82.1,6.05,1585.5,rice
86.9,23.6,38.5,24.6,81.5,6.07,1526.2,rice
88.7,43.1,24.6,24.4,81.6,6.12,1888.1,rice
81.4,22.9,36.8,25.0,80.9,5.96,1259.3,rice
84.7,45.6,14.6,26.7,81.8,6.31,1667.6,rice
79.4,38.4,33.3,29.4,77.5,6.2,1903.1,rice
99.9,44.6,40.9,31.1,76.7,6.37,2020.4,rice
82.2,40.3,26.5,32.5,80.6,6.45,2005.9,rice
59.0,44.4,10.0,31.4,83.8,6.34,1545.4,rice
109.3,33.9,19.4,29.1,78.5,6.27,1971.3,rice
100.1,31.1,25.1,31.2,80.0,6.44,2240.6,rice
109.8,33.6,26.6,30.6,81.4,6.09,2171.3,rice
86.9,40.5,35.6,28.4,82.1,6.33,2138.5,rice
85.8,37.5,47.6,21.2,80.6,6.03,1675.8,rice
73.2,42.3,22.4,31.4,79.6,6.24,1633.5,rice
93.4,32.4,32.5,24.7,81.6,6.1,1905.7,rice
77.1,37.5,22.5,29.6,81.1,6.15,1741.6,rice
76.2,37.1,29.4,27.1,78.8,6.2,1362.8,rice
64.4,34.2,26.5,28.7,78.4,6.02,1968.6,rice
88.9,33.3,25.9,25.6,78.9,6.28,1426.0,rice
53.2,35.7,33.0,25.2,77.9,6.36,1742.1,rice
78.6,18.7,29.2,28.0,80.9,6.06,2423.3,rice
70.5,60.9,26.8,25.4,78.6,6.23,1978.8,rice
85.9,16.9,27.2,32.1,81.2,6.32,1953.5,rice
105.6,55.0,29.4,29.6,76.5,6.24,1737.8,rice
103.4,36.7,27.6,29.9,75.7,6.08,1658.4,rice
77.6,43.5,14.8,26.8,84.1,6.67,2226.0,rice
71.2,30.0,23.9,31.2,80.5,6.04,1458.1,rice
83.3,54.6,24.9,26.2,82.1,6.04,1612.9,rice
72.0,45.8,19.0,25.7,82.9,6.29,1692.4,rice
66.7,46.4,42.3,29.2,79.2,6.09,1852.2,rice
79.5,29.1,20.6,25.9,74.8,6.14,1864.6,rice
48.2,20.1,34.6,25.8,79.5,5.83,1823.0,rice
74.2,44.6,31.4,20.6,78.7,6.51,1625.1,rice
138.9,15.0,47.2,22.2,80.5,6.35,1942.1,rice
71.5,44.0,14.8,26.8,79.9,6.17,1821.8,rice
98.9,33.6,33.6,29.4,77.2,6.17,1646.0,rice
77.4,48.0,31.0,25.7,81.7,6.6,1939.5,rice
79.0,41.1,32.5,30.7,81.9,6.21,1570.3,rice
93.0,34.5,21.1,27.2,83.9,6.43,1803.7,rice
76.6,20.3,26.1,29.9,83.7,6.14,1969.0,rice
84.9,26.2,30.9,30.0,81.6,6.21,1633.4,rice
91.7,45.6,45.2,20.0,75.9,6.48,1703.3,rice
97.0,26.7,21.8,25.1,82.3,6.21,2186.8,rice
76.1,44.2,24.3,26.0,77.4,6.48,1617.8,rice
59.5,63.8,39.1,22.9,75.2,6.24,1817.5,rice
83.0,43.2,42.7,27.8,77.9,6.35,2065.9,rice
78.2,41.1,18.7,29.3,75.9,6.07,1822.2,rice
76.8,28.6,30.8,33.5,81.5,6.26,2129.1,rice
51.4,29.7,25.9,28.1,80.8,6.22,1439.6,rice
56.8,53.0,25.3,32.2,76.7,6.34,1889.1,rice
71.2,33.3,14.8,27.3,76.8,5.99,2081.4,rice
73.1,35.1,41.5,20.4,81.4,6.48,1637.2,rice
72.4,40.4,10.0,22.8,80.5,6.33,1652.9,rice
86.7,35.9,31.7,25.9,77.5,6.26,1863.4,rice
71.2,42.7,37.1,25.1,81.5,6.28,1698.3,rice
98.0,23.5,22.9,22.4,79.2,6.33,2039.8,rice
71.7,42.5,18.0,26.8,84.3,6.09,1554.1,rice
72.1,21.8,33.2,26.5,79.2,6.23,1829.4,rice
61.0,60.4,32.0,31.9,80.6,6.38,1754.6,rice
88.3,42.8,27.5,31.6,84.5,6.4,1566.7,rice
77.2,43.7,29.4,30.5,75.1,6.04,1785.1,rice
91.4,24.2,34.2,30.5,80.4,5.91,1262.2,rice
78.1,47.0,22.9,25.3,82.6,6.36,2069.9,rice
85.4,24.5,35.7,29.6,82.7,6.11,2162.4,rice
75.5,25.5,33.9,28.6,77.1,6.2,1282.5,rice
104.8,34.2,23.9,28.1,78.1,6.45,1701.4,rice
51.4,55.8,30.7,28.7,79.7,6.39,1660.5,rice
102.4,25.3,34.4,26.5,79.9,5.93,1727.7,rice
92.7,14.5,29.0,29.9,81.2,6.2,1494.7,rice
69.3,38.7,21.0,26.0,81.2,6.12,1858.1,rice
64.4,20.4,17.6,29.6,72.7,6.18,1657.7,rice
86.8,34.5,23.1,27.8,80.8,6.14,2082.2,rice
78.6,35.0,20.5,24.6,79.0,6.28,1312.0,rice
68.7,22.4,25.0,29.0,81.9,6.06,1420.7,rice
63.4,36.0,22.2,29.9,82.4,6.35,1878.9,rice
107.4,35.1,37.1,30.8,82.2,6.42,1450.8,rice
90.7,9.9,26.3,33.2,76.2,5.9,1595.6,rice
99.2,28.6,23.2,28.6,81.1,6.29,1796.3,rice
97.8,25.9,46.7,25.6,82.3,6.33,1957.5,rice
72.1,19.1,37.2,31.3,84.5,5.94,1933.9,rice
84.3,28.1,21.5,24.9,83.4,6.38,1939.4,rice
49.6,27.1,49.1,30.6,79.9,6.17,1944.8,rice
82.8,51.3,30.1,24.3,82.5,6.01,1797.4,rice
91.6,45.3,22.7,34.7,82.6,6.22,1332.9,rice
89.6,52.7,33.7,28.1,81.5,6.31,1285.5,rice
101.5,37.1,30.5,27.9,78.2,6.47,1529.7,rice
66.8,35.5,32.3,25.2,81.7,6.61,2043.2,rice
90.8,29.0,43.6,29.1,77.8,6.42,1696.1,rice
67.1,40.4,10.0,30.4,80.2,6.35,1783.6,rice
76.8,32.5,27.1,29.7,83.8,6.19,1359.6,rice
61.9,27.1,46.8,31.0,83.2,6.31,1128.0,rice
65.9,42.6,19.7,25.1,82.8,6.31,1461.7,rice
106.4,40.0,18.2,30.3,81.3,6.32,2015.3,rice
86.2,39.4,20.2,28.6,77.5,6.18,2271.5,rice
56.8,43.1,41.0,30.3,80.5,6.08,2330.0,rice
92.5,51.0,14.5,28.7,78.5,6.05,1749.4,rice
59.5,23.8,35.0,31.5,83.5,6.0,1893.5,rice
98.5,28.4,46.3,32.0,79.4,6.06,1926.5,rice
72.2,35.9,34.3,26.8,81.7,6.22,2147.6,rice
48.1,45.5,20.2,27.7,79.6,6.26,1601.5,rice
69.4,40.6,24.7,24.6,75.5,6.0,1328.2,rice
62.1,57.4,48.1,27.9,80.3,6.24,1850.1,rice
87.6,31.3,51.7,23.3,79.3,6.07,1494.0,rice
71.5,30.2,30.8,30.5,82.6,6.46,1803.1,rice
78.9,39.1,49.7,29.7,76.1,6.1,1784.8,rice
73.9,45.9,35.7,24.0,83.7,6.68,1876.4,rice
90.2,26.0,27.8,28.0,81.1,5.78,1725.3,rice
67.5,33.4,28.5,32.6,79.0,6.62,1581.3,rice
70.9,39.1,34.3,29.6,76.8,6.15,1802.0,rice
100.8,45.3,41.0,28.5,82.7,6.3,1306.0,rice
114.1,50.7,35.7,28.7,81.3,6.23,2086.6,rice
70.8,41.7,45.9,24.3,80.7,6.28,1427.9,rice
74.2,35.0,25.2,29.2,79.7,6.1,1464.7,rice
110.8,33.7,26.2,24.4,78.6,5.7,1718.1,rice
82.4,52.3,31.8,27.5,84.2,6.61,1457.1,rice
76.7,38.9,29.2,24.2,80.3,6.16,1647.0,rice
94.7,14.7,41.5,27.6,78.2,6.01,1484.8,rice
79.0,27.9,24.8,31.0,73.5,6.18,1674.5,rice
75.1,23.3,35.0,31.3,77.7,5.95,1916.2,rice
79.3,37.8,26.4,26.2,84.8,6.4,1877.9,rice
72.5,23.5,44.8,21.1,60.1,6.76,497.7,wheat
66.8,60.5,13.8,18.4,58.7,6.98,591.7,wheat
99.2,13.4,47.5,19.4,58.0,6.83,589.6,wheat
62.4,37.6,71.0,13.1,64.1,6.64,469.5,wheat
78.4,25.1,71.4,14.5,63.7,7.1,462.4,wheat
77.6,44.0,61.8,22.0,58.0,6.74,606.6,wheat
90.3,57.6,23.3,20.4,63.4,6.81,460.2,wheat
117.7,17.9,39.5,18.4,56.1,6.82,505.7,wheat
83.5,30.9,10.0,19.9,59.7,6.51,560.3,wheat
96.1,42.7,53.6,21.1,60.1,6.79,629.9,wheat
60.9,43.4,27.5,17.9,60.8,6.79,659.3,wheat
100.0,63.0,21.7,17.1,57.3,7.15,482.1,wheat
98.6,35.2,56.0,18.7,58.3,6.58,442.2,wheat
97.2,28.3,55.1,19.8,56.3,6.99,742.0,wheat
110.7,40.0,51.7,19.2,57.9,6.62,531.0,wheat
73.8,40.4,41.7,16.8,62.7,6.5,485.0,wheat
65.2,36.6,57.9,18.1,61.7,6.89,583.0,wheat
80.7,62.8,25.8,20.4,60.9,6.38,435.6,wheat
88.9,32.4,36.5,16.7,56.1,6.63,613.7,wheat
85.6,38.5,46.9,20.1,60.7,6.69,585.1,wheat
67.8,26.6,43.9,17.4,57.5,6.74,534.8,wheat
88.3,45.3,27.6,19.0,58.9,6.83,615.2,wheat
82.4,66.6,34.6,18.8,60.0,6.36,580.3,wheat
61.1,48.8,48.9,16.9,60.8,6.97,581.1,wheat
62.9,49.8,39.0,18.2,62.6,6.91,578.2,wheat
78.7,26.6,34.1,18.7,59.6,6.97,556.1,wheat
117.3,43.2,59.1,18.9,61.5,6.59,652.4,wheat
95.9,50.5,35.3,18.2,62.1,6.98,594.4,wheat
96.0,57.4,26.3,17.3,62.3,6.71,577.7,wheat
100.3,45.1,40.6,16.7,60.8,6.65,538.3,wheat
95.2,38.1,88.6,15.4,60.7,6.35,440.3,wheat
105.5,20.3,13.2,23.5,59.7,6.94,534.9,wheat
62.0,12.2,52.9,17.2,61.2,6.95,598.6,wheat
78.2,34.5,37.6,16.7,60.4,6.9,381.8,wheat
84.8,42.0,25.1,17.7,58.2,6.85,437.7,wheat
57.9,33.0,44.9,18.1,60.4,7.02,368.6,wheat
81.6,64.5,44.2,21.2,58.3,6.38,512.6,wheat
92.3,42.7,40.3,18.5,60.0,6.6,576.8,wheat
95.0,34.0,28.3,16.4,61.7,6.65,658.6,wheat
61.6,15.1,38.7,16.9,61.2,6.41,402.4,wheat
87.0,33.4,44.7,18.2,57.4,6.53,522.8,wheat
73.8,43.1,36.4,16.6,63.3,6.86,565.1,wheat
65.1,27.8,19.2,18.5,59.6,6.79,522.9,wheat
87.7,40.4,10.5,15.0,60.4,6.58,448.6,wheat
67.2,41.2,21.0,19.9,57.5,6.83,617.6,wheat
62.2,35.2,44.0,14.6,59.7,6.68,518.1,wheat
62.4,45.9,57.7,18.4,58.3,6.97,565.2,wheat
58.7,28.4,34.0,19.5,58.7,6.94,533.1,wheat
70.8,31.5,54.7,21.2,57.6,6.69,581.6,wheat
73.1,38.2,18.5,15.5,62.1,6.95,684.1,wheat
74.5,38.2,19.1,17.4,63.2,6.54,591.1,wheat
68.2,39.9,36.8,19.8,59.5,6.67,489.7,wheat
82.1,52.0,19.1,17.7,60.8,7.06,489.3,wheat
97.9,51.4,43.6,18.8,56.3,6.61,458.6,wheat
52.3,29.3,39.0,15.2,60.8,6.78,533.6,wheat
92.7,48.3,48.7,19.7,59.6,6.78,367.0,wheat
100.9,48.5,46.4,16.8,59.0,6.94,391.0,wheat
65.9,59.4,35.2,19.3,59.7,7.06,503.7,wheat
58.8,42.6,55.1,21.4,61.5,6.61,432.8,wheat
88.2,51.4,39.1,16.7,59.8,6.73,425.1,wheat
76.1,36.0,54.4,22.5,59.1,6.45,568.7,wheat
102.9,50.7,51.4,19.5,60.4,6.88,451.7,wheat
74.8,30.7,45.7,18.6,63.1,6.5,582.4,wheat
93.7,46.5,46.4,21.2,54.0,6.67,500.3,wheat
112.8,46.8,31.3,17.9,61.3,6.59,443.4,wheat
82.8,31.2,68.4,17.2,59.4,6.96,542.3,wheat
84.7,17.3,70.2,18.6,58.5,6.82,614.1,wheat
81.3,44.3,42.9,21.3,57.2,6.82,516.9,wheat
100.4,59.7,87.3,19.6,61.4,6.55,670.6,wheat
71.8,63.1,28.4,16.1,54.8,6.85,570.2,wheat
49.0,40.3,10.0,14.8,55.1,6.89,510.7,wheat
79.5,40.2,47.1,17.8,60.9,6.59,686.9,wheat
72.7,47.6,40.3,15.5,53.2,6.63,599.4,wheat
71.3,34.2,50.4,15.5,60.5,6.74,467.9,wheat
52.2,49.4,29.8,17.4,65.4,6.48,542.7,wheat
92.0,50.3,18.8,17.8,59.4,7.05,484.9,wheat
87.8,37.3,39.7,16.0,58.0,6.93,313.4,wheat
84.5,51.2,33.8,17.0,61.9,6.45,567.1,wheat
68.9,42.2,46.9,20.0,59.7,6.82,784.6,wheat
86.7,51.5,36.4,18.9,60.5,7.02,465.0,wheat
65.1,32.4,42.8,20.1,57.6,6.81,573.3,wheat
69.4,21.5,37.8,19.1,62.6,6.86,450.9,wheat
74.2,36.3,49.5,17.5,59.1,6.37,559.4,wheat
76.6,50.3,41.2,17.0,55.2,7.0,689.9,wheat
78.3,42.7,58.5,21.0,57.3,7.02,517.7,wheat
81.1,22.0,28.3,16.3,58.5,6.73,599.6,wheat
75.6,56.3,37.0,21.4,59.8,6.8,623.8,wheat
57.0,59.6,34.4,19.0,58.1,7.04,645.5,wheat
70.9,38.4,54.4,18.0,58.9,6.56,392.5,wheat
107.0,31.2,64.8,18.9,57.3,6.58,575.6,wheat
78.3,35.3,39.2,18.0,62.7,6.99,550.2,wheat
104.6,44.6,44.7,19.2,60.0,6.87,624.3,wheat
72.3,42.9,39.1,15.2,61.0,6.73,330.8,wheat
76.7,46.3,32.8,20.9,58.1,6.94,557.2,wheat
76.0,18.0,33.5,17.1,60.0,6.84,557.0,wheat
69.3,21.5,37.6,20.2,59.4,6.93,525.2,wheat
79.9,43.7,67.2,17.5,59.6,6.84,469.5,wheat
71.2,34.3,45.4,17.8,58.7,6.59,573.2,wheat
85.9,43.2,59.3,23.6,59.0,6.74,490.3,wheat
56.5,5.0,48.6,13.2,58.8,6.96,351.1,wheat
81.7,32.5,47.4,19.0,57.5,6.57,459.1,wheat
71.9,49.6,12.1,12.3,57.2,6.7,478.6,wheat
84.9,18.4,10.0,18.6,64.6,6.66,596.5,wheat
87.8,62.4,46.3,20.3,62.9,6.49,549.5,wheat
70.8,46.1,16.6,19.1,56.1,7.0,550.7,wheat
78.8,17.9,53.4,15.9,59.1,7.02,669.6,wheat
82.5,66.4,47.4,17.2,60.1,6.46,608.2,wheat
63.6,42.8,55.5,18.4,60.5,6.79,639.6,wheat
95.0,36.6,51.4,16.7,59.8,6.58,668.7,wheat
50.1,26.5,53.9,17.9,61.2,6.8,545.0,wheat
49.7,38.8,31.0,18.2,56.6,6.55,506.4,wheat
57.3,53.9,54.6,16.4,60.9,7.14,544.3,wheat
102.6,47.3,47.6,16.8,58.9,6.78,566.9,wheat
57.1,27.3,41.9,17.6,59.5,6.98,426.3,wheat
65.4,48.4,20.4,16.4,58.9,6.49,484.0,wheat
73.0,40.5,13.8,15.0,61.8,6.71,497.5,wheat
63.1,53.5,42.3,19.6,59.0,6.94,582.0,wheat
63.8,30.8,55.5,17.8,59.7,6.98,548.3,wheat
90.2,26.2,51.3,17.2,64.2,6.67,625.0,wheat
87.5,15.2,35.2,18.9,58.4,6.44,589.4,wheat
70.2,40.3,39.3,20.5,64.9,6.94,566.0,wheat
80.7,37.0,14.9,15.1,58.6,6.37,471.6,wheat
88.9,48.2,44.6,19.4,60.6,6.69,609.7,wheat
111.5,33.7,40.5,16.7,63.0,6.64,573.1,wheat
63.6,41.6,54.9,17.0,55.6,6.65,568.6,wheat
68.4,41.9,42.6,19.9,65.1,6.81,352.4,wheat
69.7,22.8,42.2,17.1,58.5,6.67,566.5,wheat
72.0,50.1,19.6,19.8,62.0,6.81,592.9,wheat
87.3,52.9,26.8,16.5,62.7,6.93,469.6,wheat
74.2,46.5,53.1,19.3,62.1,6.73,539.6,wheat
83.0,47.3,43.9,17.1,57.4,6.28,544.9,wheat
63.7,55.1,54.2,14.3,54.5,7.01,520.8,wheat
81.5,34.2,13.3,16.5,60.9,6.59,455.6,wheat
90.4,54.1,35.9,13.7,58.6,6.65,568.9,wheat
88.3,48.2,10.9,17.8,56.6,6.79,591.7,wheat
102.5,34.1,32.5,16.9,60.2,6.84,476.8,wheat
62.6,24.0,16.7,21.0,63.2,6.8,574.7,wheat
97.4,33.0,22.7,19.9,64.6,6.91,649.0,wheat
84.8,55.4,59.4,20.3,60.3,6.82,584.8,wheat
91.3,23.3,55.8,19.7,61.3,6.66,620.5,wheat
79.5,20.9,46.3,15.9,57.9,6.85,573.8,wheat
65.6,32.9,33.1,17.2,60.0,6.82,623.4,wheat
47.5,25.7,25.6,20.4,58.0,6.95,689.8,wheat
85.7,48.3,44.0,15.6,61.0,6.71,418.0,wheat
71.2,28.8,37.3,19.9,57.0,6.95,544.2,wheat
66.5,34.1,56.1,16.5,60.9,6.82,515.2,wheat
59.2,49.2,39.2,19.6,63.0,6.96,722.9,wheat
66.8,48.9,30.4,17.3,62.4,6.84,564.0,wheat
64.4,63.3,12.7,19.0,59.5,6.89,524.7,wheat
79.1,44.9,36.5,17.2,61.5,6.73,580.9,wheat
78.8,36.4,24.9,21.5,62.2,6.57,619.9,wheat
105.8,29.2,43.3,19.3,61.6,6.55,505.2,wheat
101.8,40.2,31.1,20.2,62.1,6.52,502.4,wheat
76.7,25.9,67.3,17.9,58.5,6.61,617.4,wheat
79.9,49.4,37.2,17.3,60.5,6.57,619.3,wheat
63.8,32.6,42.9,21.1,62.3,6.66,635.1,wheat
75.8,55.5,46.3,19.7,60.0,6.78,369.0,wheat
99.7,26.9,36.2,21.3,62.3,7.06,532.0,wheat
81.0,15.8,61.6,17.8,61.7,6.59,590.8,wheat
37.4,39.8,38.4,17.4,59.2,6.96,554.7,wheat
85.3,55.1,30.0,17.5,57.8,6.89,693.9,wheat
71.9,44.6,52.6,16.9,61.1,6.46,641.3,wheat
49.7,6.0,52.2,17.0,61.3,6.52,307.1,wheat
104.2,23.3,39.5,18.8,63.5,6.87,531.2,wheat
80.7,47.5,50.6,15.0,59.4,6.87,530.9,wheat
68.0,57.8,35.8,23.2,57.6,6.8,523.7,wheat
70.4,60.0,27.2,17.3,61.8,6.72,510.7,wheat
64.2,49.9,25.6,18.6,55.9,6.84,604.4,wheat
76.5,33.1,62.1,20.0,62.2,6.8,642.2,wheat
65.7,22.7,32.8,17.0,61.7,6.6,463.6,wheat
77.1,37.6,47.7,18.3,62.4,6.85,570.3,wheat
58.3,48.0,48.7,21.3,58.8,6.56,560.5,wheat
94.3,39.5,30.9,19.8,63.5,6.66,539.3,wheat
79.4,68.7,57.8,19.8,60.9,6.77,584.1,wheat
80.4,36.4,38.8,20.1,62.5,6.85,559.3,wheat
80.3,25.7,39.3,11.6,58.8,7.05,567.6,wheat
68.1,40.4,19.5,16.2,60.7,6.93,589.5,wheat
86.2,59.3,35.7,20.0,61.2,6.75,593.2,wheat
96.6,36.9,36.5,18.8,57.8,6.77,459.5,wheat
99.2,32.0,50.8,17.6,60.7,6.47,505.4,wheat
65.1,43.0,22.3,15.7,61.7,6.82,605.7,wheat
65.4,47.7,40.3,18.0,62.0,6.75,635.8,wheat
63.6,5.0,44.2,13.5,59.9,6.98,615.2,wheat
75.4,48.8,30.2,19.1,57.6,7.27,409.1,wheat
78.3,43.2,37.7,14.0,59.3,6.68,535.8,wheat
91.1,46.1,39.1,15.8,55.1,6.37,590.5,wheat
68.9,47.8,61.4,15.5,59.3,6.45,491.0,wheat
67.9,43.7,36.3,17.6,55.2,6.87,613.0,wheat
77.6,37.8,27.3,21.4,61.6,6.7,477.1,wheat
92.0,51.1,24.2,18.5,60.6,6.77,544.8,wheat
51.3,41.1,33.0,20.4,61.5,6.87,451.1,wheat
81.1,48.2,37.9,16.9,58.4,6.6,662.6,wheat
71.6,45.8,10.0,21.0,54.6,6.65,594.2,wheat
115.2,50.4,54.2,24.0,60.4,6.97,594.3,wheat
69.7,23.8,38.9,18.8,58.8,6.6,538.2,wheat
72.2,76.9,60.4,14.8,59.9,6.78,565.9,wheat
59.9,45.2,29.8,15.8,58.5,6.56,569.4,wheat
87.1,47.6,32.9,20.6,63.4,6.59,632.8,wheat
67.7,25.4,31.5,16.8,60.6,6.87,684.1,wheat
63.2,48.1,49.1,18.2,60.0,6.43,461.3,wheat
89.7,51.1,32.6,17.7,57.4,6.68,465.2,wheat
99.9,49.9,42.4,16.0,57.9,6.65,572.3,wheat
100.3,55.5,65.0,15.7,62.7,6.68,567.6,wheat
72.5,34.6,43.6,19.2,63.5,6.83,598.9,wheat
103.0,53.5,33.1,15.7,62.7,6.34,538.1,wheat
59.0,47.0,36.9,19.7,63.1,6.93,550.3,wheat
68.9,24.0,34.2,18.7,64.4,6.95,489.3,wheat
94.5,43.9,19.2,19.4,63.1,6.9,570.0,wheat
75.2,27.6,38.1,18.1,59.9,6.84,638.3,wheat
96.8,36.5,61.8,19.2,59.4,6.57,495.4,wheat
57.9,23.5,60.7,21.8,57.5,6.36,543.2,wheat
93.3,43.4,37.8,18.8,54.4,6.53,582.5,wheat
82.9,68.7,10.0,19.7,59.4,6.76,686.3,wheat
79.3,48.5,86.7,20.0,61.4,6.63,540.4,wheat
53.1,36.0,51.0,20.3,58.9,6.66,479.3,wheat
77.9,59.2,51.0,15.7,61.2,6.61,637.4,wheat
48.4,64.5,42.3,18.5,60.2,6.65,530.2,wheat
56.0,67.3,21.5,19.4,58.2,6.72,545.2,wheat
61.5,55.1,51.0,16.3,63.2,6.75,513.3,wheat
69.7,59.5,45.7,19.7,66.0,7.16,609.6,wheat
92.4,52.9,10.0,19.6,59.6,6.6,409.0,wheat
85.3,44.1,35.9,18.5,59.5,6.89,643.5,wheat
77.9,34.9,35.4,15.9,61.8,6.75,456.5,wheat
76.9,40.4,64.1,20.8,56.6,6.89,522.1,wheat
89.1,21.3,43.0,18.5,57.1,6.71,574.1,wheat
102.2,28.1,42.0,18.7,62.6,6.81,553.4,wheat
79.7,46.1,41.3,18.7,62.4,7.19,460.9,wheat
105.6,38.6,34.8,17.0,58.2,6.49,398.3,wheat
95.4,46.0,43.7,20.4,58.1,6.76,456.5,wheat
80.7,27.1,41.2,18.7,60.5,6.56,583.4,wheat
78.0,46.2,65.1,17.5,59.9,6.49,761.6,wheat
73.5,36.9,39.0,17.2,62.0,6.49,418.1,wheat
82.2,41.2,46.5,20.0,59.3,6.75,493.0,wheat
80.8,45.8,50.9,20.3,61.1,6.45,582.7,wheat
95.5,35.1,53.6,17.0,58.6,6.85,495.1,wheat
84.9,67.3,27.2,18.8,59.5,6.89,539.6,wheat
82.1,75.0,37.2,19.6,57.8,6.75,505.9,wheat
80.2,49.5,54.6,16.1,54.8,6.73,572.8,wheat
84.6,24.7,33.8,17.4,58.1,6.54,537.4,wheat
52.2,38.5,40.2,16.3,64.5,6.51,595.8,wheat
95.6,16.5,34.5,19.0,59.5,6.82,512.8,wheat
79.4,46.7,31.1,19.0,64.3,6.63,473.5,wheat
67.3,51.1,35.0,14.5,62.6,6.69,514.3,wheat
92.4,53.9,32.4,17.4,61.9,7.2,562.5,wheat
77.4,44.8,45.4,16.3,60.3,6.55,555.2,wheat
62.0,61.4,40.2,19.6,58.7,6.65,574.2,wheat
73.6,45.0,49.0,18.0,67.3,6.55,472.6,wheat
76.1,43.7,71.0,20.6,61.3,6.55,700.6,wheat
78.5,29.9,51.3,15.5,60.4,6.91,650.2,wheat
56.6,49.8,46.4,19.9,60.0,6.64,631.0,wheat
67.7,26.4,33.8,16.4,58.8,6.47,505.1,wheat
68.3,43.3,46.3,16.9,65.1,6.98,414.4,wheat
60.0,48.7,59.4,21.1,62.7,6.65,481.8,wheat
91.8,22.4,21.1,24.1,61.7,6.67,450.0,wheat
95.4,47.2,64.3,16.8,58.4,6.87,556.6,wheat
93.7,58.9,46.9,19.4,63.4,6.64,448.6,wheat
81.2,49.1,50.4,15.3,63.3,6.72,473.5,wheat
88.3,36.9,56.2,19.1,59.2,6.91,532.6,wheat
75.9,54.8,27.9,18.2,58.1,6.57,479.0,wheat
76.7,37.7,48.1,18.9,59.3,6.47,495.3,wheat
83.0,39.9,32.2,19.0,62.7,6.79,450.1,wheat
76.2,43.1,57.9,19.0,55.6,6.65,589.6,wheat
74.8,49.2,24.2,16.8,58.7,6.6,508.5,wheat
105.1,36.7,10.0,19.4,58.6,6.69,408.2,wheat
82.5,53.9,31.9,14.2,61.5,6.82,552.8,wheat
75.9,39.4,41.7,20.4,57.7,6.41,414.0,wheat
100.4,36.4,32.7,18.6,59.5,6.47,472.7,wheat
79.0,45.2,51.1,21.9,57.2,6.54,446.5,wheat
71.2,32.6,26.4,24.1,61.5,6.65,362.5,wheat
57.3,24.0,10.0,22.1,60.1,7.0,620.2,wheat
58.8,49.6,43.6,17.0,60.3,6.78,563.5,wheat
74.0,46.4,41.4,20.1,60.8,6.53,392.3,wheat
76.9,53.4,32.1,16.7,56.2,6.97,550.5,wheat
89.7,35.4,10.4,17.4,62.2,6.62,486.3,wheat
93.9,38.9,37.3,17.3,60.1,6.53,451.7,wheat
53.4,31.8,30.7,19.9,59.9,6.61,630.3,wheat
79.1,54.2,45.1,18.7,61.7,6.64,521.2,wheat
71.9,49.1,36.7,18.4,58.4,6.59,499.8,wheat
73.4,41.3,65.6,15.6,60.8,6.49,697.3,wheat
75.8,27.6,36.9,16.1,63.5,6.63,631.3,wheat
50.5,39.7,44.4,18.4,62.7,6.61,605.0,wheat
85.7,35.5,32.5,19.0,60.3,7.03,522.8,wheat
72.8,53.2,69.4,18.1,59.5,6.75,686.4,wheat
91.2,41.6,46.4,19.5,60.1,6.3,556.9,wheat
74.3,65.0,46.5,17.0,59.0,6.94,518.0,wheat
104.0,48.4,48.0,15.7,58.4,6.34,539.3,wheat
64.2,9.6,36.6,18.9,58.8,6.91,434.8,wheat
83.9,54.3,17.2,18.2,61.8,6.87,561.3,wheat
68.8,32.1,51.3,19.6,56.9,6.47,602.2,wheat
80.2,37.8,38.3,17.2,58.5,6.96,478.6,wheat
77.6,70.0,24.2,21.3,63.3,6.79,487.6,wheat
105.0,54.7,37.0,17.7,62.4,7.07,447.3,wheat
72.6,55.9,25.4,17.7,65.1,6.84,410.7,wheat
58.2,40.9,55.7,19.4,61.6,6.74,535.6,wheat
70.6,49.0,40.5,18.4,57.4,6.75,614.6,wheat
65.0,40.0,32.0,20.0,61.7,6.8,640.6,wheat
70.0,42.3,19.8,17.8,57.6,6.38,518.8,wheat
85.9,54.0,29.1,18.5,62.6,7.06,708.4,wheat
71.7,37.0,28.7,17.1,63.0,7.04,321.7,wheat
75.8,41.4,46.9,19.3,55.6,6.83,643.7,wheat
86.3,42.6,20.9,18.1,59.5,6.93,541.4,wheat
106.5,52.5,41.4,17.7,60.1,6.87,624.9,wheat
85.9,38.2,35.2,17.4,59.6,6.69,337.2,wheat
78.5,43.9,54.3,14.6,61.2,7.07,471.7,wheat
82.3,43.6,28.3,16.7,58.1,6.91,580.6,wheat
83.5,49.4,31.6,20.0,57.5,6.69,723.7,wheat
70.9,58.8,61.7,12.4,61.9,6.42,663.3,wheat
96.9,29.5,27.9,20.5,60.2,6.73,535.3,wheat
79.2,28.9,40.1,20.7,63.4,6.62,546.3,wheat
90.7,19.2,60.0,15.3,56.4,6.88,509.4,wheat
60.2,40.2,42.7,23.9,58.4,7.28,553.8,wheat
74.9,27.9,40.7,21.4,58.8,6.57,580.0,wheat
61.0,38.0,41.0,17.3,63.1,6.66,425.5,wheat
87.9,35.2,28.8,14.7,57.4,7.07,577.6,wheat
80.9,32.8,34.9,18.3,59.9,6.71,601.1,wheat
108.5,41.0,24.5,14.0,60.7,6.6,631.1,wheat
86.8,36.9,48.3,20.4,61.0,6.67,583.2,wheat
70.9,34.6,21.8,14.4,64.3,6.61,513.8,wheat
77.8,40.5,55.3,13.7,60.3,6.74,530.8,wheat
101.2,32.5,41.5,18.1,59.3,6.86,502.2,wheat
53.5,44.4,34.2,19.2,60.1,6.48,467.3,wheat
61.5,56.7,19.7,18.9,57.6,6.74,548.5,wheat
72.2,50.2,40.4,18.1,61.4,6.69,463.1,wheat
75.2,47.5,38.8,19.6,56.5,6.77,468.2,wheat
90.5,30.0,44.6,18.9,64.7,6.72,414.7,wheat
90.5,25.2,29.7,15.7,59.1,6.76,587.7,wheat
78.4,63.3,13.8,19.5,59.7,6.86,724.9,wheat
82.1,36.6,38.4,18.7,53.7,6.81,414.5,wheat
84.4,37.1,33.8,25.2,61.3,6.63,528.5,wheat
74.6,72.4,36.5,22.4,60.3,6.32,648.1,wheat
43.5,48.2,27.8,20.9,60.5,6.59,670.2,wheat
84.0,26.6,58.0,18.9,59.3,6.76,445.8,wheat
82.4,56.3,36.5,17.2,59.7,6.76,410.5,wheat
73.7,17.1,61.7,18.2,62.1,6.78,458.1,wheat
57.6,14.5,50.8,15.8,60.9,6.53,500.7,wheat
71.5,42.9,32.9,17.3,57.5,6.58,793.9,wheat
46.6,33.8,35.5,19.8,56.5,6.41,468.5,wheat
53.1,33.2,31.0,17.1,63.1,6.69,653.6,wheat
70.5,42.5,45.4,17.1,58.4,6.68,491.9,wheat
85.7,30.2,44.8,16.5,57.5,6.45,655.9,wheat
57.8,60.1,28.9,13.3,61.7,6.47,666.0,wheat
90.7,23.2,17.2,16.7,59.1,6.71,361.2,wheat
80.6,53.1,38.9,19.5,56.1,6.95,633.9,wheat
74.2,37.9,10.0,13.0,62.7,6.58,537.3,wheat
98.9,44.9,36.5,22.1,61.3,6.73,474.9,wheat
63.5,55.0,42.4,16.6,55.3,6.87,616.5,wheat
90.1,42.0,57.7,19.9,55.6,6.59,556.8,wheat
45.3,60.1,46.6,19.4,58.0,6.77,469.4,wheat
60.2,49.3,40.0,21.2,63.1,7.17,418.3,wheat
97.5,20.0,17.6,15.2,62.1,6.64,591.1,wheat
88.0,50.3,38.2,18.8,58.2,6.9,552.1,wheat
111.6,40.4,19.4,19.8,65.1,6.6,512.9,wheat
85.1,32.9,54.6,21.5,62.1,6.98,560.5,wheat
70.4,59.8,49.3,18.5,54.6,6.83,607.2,wheat
109.9,44.7,63.9,19.0,57.5,7.05,590.5,wheat
74.1,46.5,44.6,17.3,60.1,6.83,483.6,wheat
97.3,25.4,47.0,16.3,62.2,6.78,593.2,wheat
71.8,37.4,52.6,16.0,58.4,6.57,457.2,wheat
79.1,45.4,43.0,17.8,62.9,6.59,417.9,wheat
82.9,38.2,54.5,20.9,57.8,7.16,589.9,wheat
75.2,41.4,56.1,19.0,66.2,6.7,583.3,wheat
73.6,46.0,26.6,15.2,58.5,6.44,386.2,wheat
92.3,49.8,54.3,15.4,62.2,6.43,555.8,wheat
73.8,40.0,63.0,21.1,59.1,6.77,733.5,wheat
74.6,50.3,45.1,15.6,63.4,6.94,478.2,wheat
89.0,40.6,50.8,21.8,62.6,7.25,556.2,wheat
67.5,53.2,53.0,17.7,60.5,6.7,749.0,wheat
86.8,60.5,28.4,17.4,56.2,6.78,598.0,wheat
103.2,43.8,58.3,15.7,56.7,7.0,475.4,wheat
56.8,43.2,39.4,18.8,59.2,6.69,542.1,wheat
81.1,48.9,22.8,20.1,59.6,6.59,557.8,wheat
83.5,26.4,45.2,18.7,58.2,6.64,569.4,wheat
88.0,31.3,55.6,16.6,65.8,6.59,638.6,wheat
64.5,49.9,27.4,15.8,57.8,6.71,590.0,wheat
68.6,42.5,63.0,19.7,59.7,6.78,521.3,wheat
58.2,43.6,31.8,16.8,63.7,6.6,647.7,wheat
96.3,33.1,40.7,22.5,58.0,6.53,552.9,wheat
90.2,47.1,36.7,20.6,59.9,6.75,509.6,wheat
108.4,29.4,28.4,18.6,56.3,6.8,519.0,wheat
66.2,41.1,16.5,16.6,61.1,6.72,610.4,wheat
103.7,32.7,57.0,18.8,56.9,6.46,622.6,wheat
82.0,35.4,20.2,18.2,61.1,6.58,536.5,wheat
103.9,50.5,54.5,19.2,59.6,6.52,528.1,wheat
68.8,45.0,57.5,17.8,64.9,6.74,405.9,wheat
69.9,51.5,10.0,18.5,62.7,6.55,656.5,wheat
74.6,33.4,23.5,18.2,58.8,6.69,430.8,wheat
74.0,41.6,39.1,23.5,57.1,7.05,705.6,wheat
60.4,29.3,15.4,17.1,60.3,6.66,632.0,wheat
98.0,39.6,38.7,18.5,59.3,7.01,450.3,wheat
85.9,50.0,30.5,22.6,59.2,6.48,593.4,wheat
76.7,51.6,30.5,19.1,59.5,6.28,519.7,wheat
65.9,56.0,53.9,18.6,60.9,6.71,487.0,wheat
54.6,52.1,31.5,17.2,61.3,6.87,591.5,wheat
46.9,56.7,19.8,17.7,60.8,6.68,769.8,wheat
77.6,43.7,31.0,16.3,63.5,6.89,522.4,wheat
87.4,35.7,51.1,18.8,62.4,6.93,556.1,wheat
93.7,37.8,21.9,18.3,59.0,6.77,459.8,wheat
95.3,32.9,30.8,18.6,60.5,6.92,559.5,wheat
76.4,57.6,47.6,16.2,63.6,6.69,608.2,wheat
63.0,35.8,31.2,19.4,61.7,6.58,450.8,wheat
50.8,51.7,27.8,18.0,62.4,6.96,429.9,wheat
98.2,25.1,49.1,20.4,60.1,6.72,544.3,wheat
94.4,38.7,58.5,20.9,65.8,6.65,609.7,wheat
58.8,33.8,49.3,18.5,63.3,6.66,517.7,wheat
73.4,36.5,38.3,21.5,63.3,6.5,559.3,wheat
79.3,28.9,38.3,18.7,58.9,6.78,607.6,wheat
73.5,55.3,22.5,18.2,60.1,6.76,536.2,wheat
91.0,15.1,36.5,16.9,57.4,6.5,781.7,wheat
93.5,53.5,32.3,23.1,55.0,6.47,421.3,wheat
45.5,30.1,33.6,20.0,64.5,6.7,665.9,wheat
77.4,53.2,45.4,17.9,62.8,6.99,534.3,wheat
58.4,33.8,38.1,18.6,60.2,7.14,625.5,wheat
92.6,49.1,10.9,19.5,59.9,6.48,655.7,wheat
92.1,41.4,20.7,18.5,58.3,6.58,417.5,wheat
74.5,46.1,47.8,20.4,60.8,6.6,430.5,wheat
82.7,45.3,38.5,21.4,60.8,6.67,543.1,wheat
60.7,57.7,47.4,14.6,60.9,6.62,577.6,wheat
82.1,33.4,47.6,18.0,57.9,6.99,455.2,wheat
70.6,8.6,17.8,16.7,63.4,6.66,675.1,wheat
75.8,46.1,47.9,15.6,59.2,6.5,561.3,wheat
91.8,29.2,28.5,14.4,56.5,6.92,539.3,wheat
94.6,26.8,30.7,17.5,60.8,6.7,362.3,wheat
69.5,41.5,34.3,15.2,57.0,6.94,466.3,wheat
92.1,29.8,32.8,15.7,61.5,6.52,536.0,wheat
81.9,11.4,12.6,19.6,60.1,6.69,494.7,wheat
84.4,48.3,10.0,19.8,57.7,6.7,636.4,wheat
76.6,23.1,46.0,16.6,61.8,7.22,522.3,wheat
90.0,27.7,45.7,21.4,57.7,6.93,559.0,wheat
98.4,25.5,46.6,20.7,59.8,6.68,648.5,wheat
87.4,25.3,61.4,15.5,59.4,6.99,638.8,wheat
82.2,31.6,65.4,21.9,58.1,6.69,623.5,wheat
78.9,35.6,52.1,18.8,60.8,6.68,324.7,wheat
80.3,30.4,48.7,20.9,59.2,6.74,573.6,wheat
92.3,28.6,50.4,19.5,63.1,6.62,678.4,wheat
53.7,37.9,41.2,17.4,60.7,6.25,464.7,wheat
88.7,39.8,57.4,17.7,58.0,6.82,418.4,wheat
78.4,53.3,50.3,19.4,59.3,6.49,487.7,wheat
102.1,39.7,50.6,21.5,63.4,6.71,524.8,wheat
78.0,24.1,72.1,21.7,60.5,6.99,533.9,wheat
64.9,43.0,13.1,17.5,62.9,6.64,563.2,wheat
103.9,41.2,61.5,17.9,59.3,6.46,570.4,wheat
62.3,57.6,30.7,17.9,60.7,6.71,476.7,wheat
53.5,60.9,20.7,14.5,58.7,6.64,660.7,wheat
54.5,30.3,42.8,18.6,61.1,6.74,626.1,wheat
61.6,66.4,51.5,16.8,61.7,6.93,566.9,wheat
76.6,11.5,42.9,18.5,65.9,6.48,640.8,wheat
85.6,57.5,31.1,19.3,58.4,6.37,546.7,wheat
68.6,30.9,34.1,19.5,61.1,6.68,419.3,wheat
63.5,61.6,27.2,19.3,59.0,6.74,440.7,wheat
66.0,53.3,43.0,17.0,64.5,6.85,468.5,wheat
71.8,61.8,21.0,19.1,58.1,6.81,521.3,wheat
70.5,50.4,10.0,21.8,60.7,6.91,540.7,wheat
85.8,48.4,43.6,16.9,56.9,6.71,473.0,wheat
91.7,40.4,26.5,17.1,60.3,6.93,580.8,wheat
90.7,39.4,40.2,17.1,59.2,6.8,504.2,wheat
69.6,45.7,29.5,18.8,57.7,6.42,507.0,wheat
95.0,53.5,23.1,18.0,61.3,6.55,588.9,wheat
59.0,37.0,22.6,16.7,59.6,6.33,649.3,wheat
96.1,57.1,61.5,17.6,63.7,6.7,552.7,wheat
78.8,60.9,52.9,19.1,61.2,6.95,386.4,wheat
72.5,54.4,27.9,19.7,60.8,6.28,640.5,wheat
66.7,41.8,29.8,18.0,64.5,7.07,462.9,wheat
124.0,27.7,14.3,19.8,62.0,6.81,592.5,wheat
66.2,28.5,47.8,17.6,56.3,6.56,419.3,wheat
76.0,44.4,10.9,17.4,62.2,6.61,535.0,wheat
82.4,49.8,37.1,13.3,61.2,7.14,578.8,wheat
112.0,43.4,64.8,19.1,54.7,6.83,688.9,wheat
62.5,26.8,52.3,17.1,60.1,6.33,547.3,wheat
98.0,40.1,40.9,20.4,62.1,6.72,577.0,wheat
63.0,26.8,50.3,17.9,58.9,6.93,607.0,wheat
77.0,56.8,63.1,18.3,62.2,6.64,512.2,wheat
66.4,11.8,65.1,21.9,63.1,6.57,526.5,wheat
74.4,24.3,46.6,16.6,57.7,6.88,539.5,wheat
82.7,16.4,17.8,15.4,54.7,6.48,480.2,wheat
67.0,46.7,51.2,18.5,65.0,7.09,504.7,wheat
73.5,45.3,28.7,17.2,60.0,6.72,425.4,wheat
93.9,18.8,31.3,16.0,61.0,6.53,559.1,wheat
67.2,69.3,46.6,17.9,58.6,7.1,497.0,wheat
63.2,30.9,40.5,18.7,66.3,6.56,589.7,wheat
75.6,32.6,53.5,14.8,64.2,6.78,551.9,wheat
79.8,52.4,56.4,16.7,64.8,6.8,703.9,wheat
90.0,23.8,33.2,16.8,56.7,6.83,506.1,wheat
75.5,20.5,42.8,15.6,61.4,6.61,475.1,wheat
67.8,22.3,67.1,18.4,59.5,6.78,489.3,wheat
61.3,45.4,29.4,17.1,62.5,7.41,541.9,wheat
57.9,51.4,40.8,17.3,57.2,6.74,490.0,wheat
62.5,35.7,27.1,19.4,59.1,6.8,511.2,wheat
97.5,52.8,20.7,16.6,63.3,6.62,374.2,wheat
83.9,32.4,46.5,16.1,64.4,6.74,763.4,wheat
63.0,39.2,23.9,16.9,56.7,6.75,380.6,wheat
93.2,45.8,61.7,16.8,60.6,6.75,621.1,wheat
94.5,55.6,54.4,17.5,56.7,6.67,514.2,wheat
74.5,48.4,20.0,14.6,55.4,6.92,640.3,wheat
53.7,41.1,67.1,21.0,58.3,6.56,427.9,wheat
87.5,35.9,42.9,24.3,62.8,6.79,558.1,wheat
92.4,27.2,39.2,19.7,59.8,6.74,501.8,wheat
84.8,52.0,63.4,22.6,63.4,6.75,647.0,wheat
69.9,25.0,31.7,14.3,63.3,6.7,440.4,wheat
88.8,51.5,54.2,15.5,59.9,6.74,724.3,wheat
72.1,39.9,46.0,20.8,59.3,6.89,497.4,wheat
90.6,49.3,64.1,25.6,66.8,6.46,642.6,maize
80.5,50.5,37.3,26.7,68.6,6.55,1007.1,maize
99.4,40.7,70.7,23.4,64.9,6.35,897.2,maize
86.0,43.7,23.1,20.7,65.1,6.7,785.0,maize
87.5,28.2,64.1,21.7,61.6,6.41,887.6,maize
68.3,49.2,33.8,26.4,62.7,6.1,666.7,maize
80.2,38.9,20.9,24.9,67.0,6.4,672.4,maize
84.9,41.7,14.1,21.7,66.0,6.68,962.9,maize
103.0,47.2,29.3,23.5,69.9,6.62,846.8,maize
76.9,59.3,10.0,24.2,62.7,6.43,877.6,maize
91.0,55.1,52.0,26.4,61.6,6.71,740.7,maize
98.7,30.6,30.2,28.1,64.6,6.56,915.2,maize
80.8,50.4,32.8,23.4,65.3,6.17,604.5,maize
54.3,72.5,39.0,27.4,68.0,6.62,679.6,maize
81.5,36.4,49.5,22.2,64.4,6.48,685.8,maize
85.3,28.2,42.5,23.2,64.6,6.09,624.3,maize
106.3,35.6,27.4,26.6,67.7,6.42,739.3,maize
79.3,56.1,11.0,25.4,62.9,6.42,799.2,maize
78.9,37.8,48.9,24.0,65.5,6.73,922.9,maize
70.8,33.7,60.3,24.2,66.3,6.39,804.5,maize
84.6,45.7,48.8,17.6,65.1,6.21,896.2,maize
91.1,29.5,36.6,18.7,63.2,6.62,1009.4,maize
67.2,35.2,44.1,23.2,67.9,6.36,608.3,maize
78.3,62.8,38.3,23.9,61.7,6.37,913.9,maize
77.5,47.2,60.6,26.2,63.8,6.46,854.5,maize
69.1,43.8,34.6,24.7,62.6,6.43,988.5,maize
49.0,65.5,35.8,25.5,65.1,6.62,741.4,maize
94.9,49.0,44.5,19.9,65.1,6.49,868.4,maize
82.1,40.8,52.2,24.9,69.4,6.24,837.8,maize
102.3,24.8,57.3,22.3,65.4,6.55,646.6,maize
80.2,46.8,31.1,28.7,61.8,6.43,805.9,maize
45.9,37.6,86.8,27.1,60.7,6.69,720.0,maize
82.4,47.9,24.4,24.0,64.9,6.49,719.2,maize
99.3,36.9,44.2,27.4,66.8,6.39,878.6,maize
67.2,32.3,50.5,22.1,66.7,6.42,733.7,maize
57.9,44.0,28.9,22.7,65.0,6.16,836.3,maize
78.8,47.8,31.2,26.1,66.8,6.82,962.8,maize
100.4,38.2,23.4,28.9,65.0,6.57,1081.4,maize
54.2,42.8,53.6,25.7,65.5,6.35,859.2,maize
79.0,39.0,37.7,23.5,63.2,6.32,1017.6,maize
98.7,27.3,40.8,22.5,69.9,6.49,1009.6,maize
70.4,20.0,25.3,26.1,65.0,5.98,950.7,maize
69.3,53.5,30.1,24.2,62.9,6.31,801.1,maize
34.3,52.3,61.5,23.0,65.8,6.58,796.7,maize
83.4,16.6,23.2,21.9,63.9,6.37,736.6,maize
52.9,47.6,38.2,27.1,68.1,6.56,741.7,maize
97.7,44.9,19.4,23.1,66.2,6.62,878.6,maize
100.9,42.9,33.0,23.1,66.8,6.91,1193.4,maize
71.0,44.9,52.8,23.9,65.0,6.71,647.3,maize
60.7,29.2,61.3,22.2,62.5,6.36,797.3,maize
99.7,50.4,44.6,22.2,63.7,6.71,864.8,maize
90.0,52.7,31.7,23.5,69.9,6.37,710.9,maize
60.7,33.9,43.1,26.1,69.3,6.42,939.2,maize
109.6,45.6,49.1,24.1,60.2,6.58,804.1,maize
75.3,30.4,36.3,25.1,67.3,6.57,896.3,maize
92.5,55.4,41.2,24.6,65.8,6.58,813.1,maize
100.8,41.7,45.7,21.4,65.1,6.18,809.7,maize
77.2,30.7,65.0,26.7,66.4,6.48,776.5,maize
95.8,41.2,36.6,23.2,60.3,6.71,931.6,maize
66.3,39.8,27.5,24.8,60.6,6.64,1117.0,maize
53.1,46.5,35.1,23.1,62.2,6.68,848.8,maize
58.7,45.5,26.1,21.7,61.1,6.51,873.6,maize
57.3,47.6,66.5,23.1,63.1,6.49,884.3,maize
102.5,49.3,32.7,29.6,67.0,6.19,860.6,maize
64.0,52.3,24.2,26.5,63.9,6.58,820.3,maize
59.8,32.7,39.5,21.9,66.9,6.39,743.9,maize
75.2,35.6,33.7,21.6,70.3,6.35,715.6,maize
99.1,38.9,66.0,25.2,64.2,6.28,960.6,maize
76.6,43.5,31.6,19.5,69.8,6.44,872.8,maize
86.9,43.0,52.1,23.4,63.4,6.72,810.6,maize
64.1,34.0,32.3,23.5,63.5,6.5,759.7,maize
81.8,49.0,41.5,28.2,64.6,6.8,526.4,maize
68.0,34.0,66.2,22.7,65.5,6.36,588.4,maize
87.0,61.4,36.3,28.8,63.8,6.29,875.3,maize
82.6,45.4,38.9,19.2,67.5,6.22,928.2,maize
49.3,55.1,49.2,22.4,64.0,6.24,968.5,maize
73.5,14.6,29.0,24.2,63.7,6.31,798.6,maize
100.2,52.7,47.1,23.4,64.9,6.64,921.2,maize
85.1,63.0,17.1,24.0,66.8,6.79,735.6,maize
79.8,29.6,36.8,21.7,65.7,6.73,949.8,maize
85.4,19.3,34.6,20.9,67.4,6.65,718.3,maize
80.4,32.3,62.3,21.6,63.5,6.31,987.3,maize
71.6,22.9,57.8,22.5,59.6,6.49,686.8,maize
67.7,27.5,52.3,25.3,68.4,6.62,846.7,maize
68.7,38.8,61.7,24.8,62.9,6.61,869.8,maize
83.8,38.5,32.4,22.7,62.4,6.67,666.5,maize
66.5,32.4,34.4,25.0,65.8,6.37,750.9,maize
74.1,58.1,23.8,23.9,55.8,6.36,877.5,maize
68.0,33.9,22.0,24.3,61.7,6.57,1024.4,maize
87.4,20.7,33.9,22.5,67.1,6.69,1167.6,maize
107.8,35.0,23.5,26.1,67.4,6.62,750.4,maize
81.3,34.7,30.1,23.3,60.4,6.14,1017.5,maize
65.0,27.3,56.6,25.9,60.3,6.86,785.5,maize
75.0,58.2,10.0,23.2,66.2,6.69,842.6,maize
69.9,48.0,53.4,25.5,68.4,6.52,752.1,maize
79.4,49.0,10.0,25.3,63.8,6.5,729.9,maize
76.8,5.0,29.5,24.7,62.9,6.37,816.2,maize
103.1,51.9,53.5,22.2,63.0,6.46,912.2,maize
86.1,32.8,62.4,23.0,64.4,6.47,913.4,maize
58.9,45.3,52.8,23.7,68.6,6.68,922.1,maize
68.6,36.4,63.6,25.8,63.4,6.67,720.1,maize
60.0,37.0,45.0,23.9,62.8,6.56,765.2,maize
75.5,25.2,37.4,26.6,63.2,6.71,927.9,maize
58.5,24.6,15.8,26.9,65.0,6.79,869.3,maize
73.9,40.0,41.8,24.7,68.9,6.54,869.4,maize
89.2,48.5,28.6,20.7,66.3,6.54,1166.2,maize
101.3,43.5,50.9,22.7,66.0,6.36,919.9,maize
69.1,40.6,41.9,26.8,65.8,6.64,852.6,maize
99.7,48.6,19.7,22.1,61.5,6.27,1120.4,maize
54.1,48.3,41.7,25.2,64.9,6.95,1021.2,maize
92.2,47.2,55.6,25.8,64.3,6.58,826.2,maize
95.2,41.3,79.1,22.0,62.6,6.43,823.4,maize
79.1,53.5,41.7,24.4,65.3,6.39,857.0,maize
97.9,23.9,35.2,22.4,63.9,6.51,742.1,maize
68.1,42.3,37.6,24.3,62.9,6.38,636.1,maize
51.2,46.9,37.3,22.9,69.3,6.79,899.9,maize
71.3,29.2,33.3,24.3,65.3,6.53,803.5,maize
84.3,51.6,57.5,24.5,67.1,6.41,919.9,maize
77.1,48.9,49.6,23.9,65.5,6.3,824.2,maize
78.8,36.7,34.6,23.5,62.9,6.62,875.4,maize
103.9,57.6,26.6,23.9,66.6,6.43,797.7,maize
75.4,44.3,48.1,24.1,64.2,6.85,774.1,maize
37.2,46.5,70.8,22.0,62.0,6.34,750.2,maize
64.7,50.3,52.2,24.3,63.4,6.42,684.8,maize
123.0,29.2,82.4,21.7,68.8,6.83,934.6,maize
86.0,24.2,36.4,23.3,65.8,6.4,780.9,maize
97.6,20.1,48.8,26.6,65.4,6.58,843.3,maize
64.8,16.8,31.8,23.5,67.6,6.29,869.4,maize
57.7,26.5,45.8,26.7,61.6,6.42,835.9,maize
75.8,49.3,51.7,21.7,64.8,6.51,979.8,maize
74.9,40.0,35.9,24.7,64.5,6.59,915.9,maize
97.6,24.9,59.3,23.1,66.2,6.73,769.6,maize
84.7,22.2,49.1,23.4,62.7,6.52,920.1,maize
92.7,13.4,76.3,26.7,68.4,6.47,829.6,maize
58.3,45.3,46.2,27.0,60.1,6.55,816.8,maize
80.1,23.0,54.7,22.1,67.0,6.67,980.8,maize
79.4,65.9,41.4,23.5,68.4,6.87,687.9,maize
91.0,33.3,33.1,23.2,69.1,6.36,776.4,maize
104.0,47.7,30.2,26.1,64.0,6.7,805.7,maize
90.8,41.0,14.3,23.0,65.8,6.33,859.3,maize
83.6,29.9,43.3,22.1,64.8,6.83,791.2,maize
79.6,59.7,53.6,23.3,66.5,6.71,887.9,maize
104.8,64.9,29.7,22.6,65.8,6.35,1107.8,maize
88.6,41.2,62.5,23.0,66.8,6.72,829.9,maize
78.3,39.3,34.3,23.4,64.3,6.58,970.3,maize
94.7,11.4,31.5,26.7,63.1,6.87,764.5,maize
62.9,40.7,15.6,20.4,57.2,6.48,739.1,maize
91.8,36.1,69.8,24.2,68.8,6.75,801.6,maize
77.0,37.8,18.4,20.9,64.8,6.89,686.3,maize
69.4,24.5,41.3,25.9,67.0,6.39,961.2,maize
71.9,45.6,41.2,21.8,63.9,6.41,712.6,maize
82.3,22.0,54.9,23.4,62.5,6.52,871.4,maize
80.5,35.7,54.2,22.2,67.9,6.66,860.5,maize
82.3,39.0,57.0,25.3,63.0,6.14,777.9,maize
72.1,49.3,15.4,24.7,63.3,6.7,1005.7,maize
72.2,27.4,52.7,24.5,64.3,6.58,618.5,maize
97.3,54.0,46.5,23.8,65.1,6.96,792.9,maize
51.9,26.1,10.3,24.3,63.3,6.42,570.5,maize
65.5,16.8,13.6,23.9,67.8,6.57,945.5,maize
85.1,37.2,40.2,21.5,64.6,6.32,746.3,maize
75.0,50.6,53.2,26.3,66.0,6.5,712.3,maize
88.8,43.4,67.5,22.1,65.7,6.45,828.7,maize
55.7,44.2,30.5,20.9,62.7,6.61,835.7,maize
79.6,47.5,65.0,22.5,63.8,6.69,681.2,maize
72.4,21.8,53.9,24.5,66.2,6.4,784.8,maize
68.6,38.3,53.2,23.2,62.4,6.58,871.2,maize
106.2,48.7,28.7,25.6,60.6,7.02,847.4,maize
68.2,34.4,56.8,23.8,68.2,6.55,786.6,maize
31.4,43.6,30.0,27.2,66.9,6.46,1028.3,maize
89.5,48.2,54.2,24.3,61.7,6.6,856.3,maize
81.6,52.0,49.7,25.2,64.8,6.52,802.2,maize
98.6,20.7,22.0,28.2,65.2,5.83,1107.4,maize
63.8,44.1,49.3,23.2,66.5,6.23,797.9,maize
83.6,57.8,10.0,25.3,62.6,6.41,758.2,maize
88.2,45.4,53.8,23.6,60.9,6.67,694.5,maize
91.0,40.1,12.3,23.0,70.5,6.46,799.5,maize
93.7,28.2,64.2,19.9,67.6,6.64,782.5,maize
100.1,31.5,19.8,22.1,65.0,6.47,874.8,maize
73.9,27.3,11.8,24.0,73.4,6.62,803.4,maize
83.4,36.1,44.0,21.9,68.6,6.7,863.4,maize
46.8,37.7,38.4,23.0,64.5,6.48,1050.5,maize
95.9,33.6,34.2,21.9,67.0,6.24,762.4,maize
67.0,53.6,35.2,21.8,71.1,6.64,894.1,maize
94.2,41.8,24.6,26.7,57.6,6.32,944.1,maize
92.1,66.3,53.2,22.7,64.8,6.89,627.6,maize
95.5,57.4,25.2,26.1,65.9,6.47,1080.3,maize
58.6,62.9,30.4,22.6,67.1,6.64,866.2,maize
67.2,50.4,51.5,23.5,71.7,6.54,744.7,maize
49.8,24.1,67.1,23.6,62.9,6.41,948.1,maize
76.3,40.7,38.1,27.3,69.2,6.47,857.7,maize
95.5,44.7,25.4,23.6,65.4,6.62,983.4,maize
79.8,71.0,20.0,21.3,64.6,6.52,867.4,maize
88.8,55.4,17.4,20.0,64.1,6.56,888.8,maize
94.3,39.3,26.6,22.9,66.9,6.88,900.0,maize
60.1,34.8,53.2,22.9,66.6,6.54,780.9,maize
83.5,35.4,26.3,24.7,66.0,6.78,916.3,maize
59.5,28.9,52.1,24.5,64.5,6.46,565.3,maize
98.6,41.5,18.1,24.5,65.8,6.52,861.9,maize
85.9,38.6,63.6,27.3,63.5,6.28,893.2,maize
82.5,48.1,39.4,23.3,67.2,6.66,752.3,maize
100.3,11.6,70.8,24.5,66.6,6.47,985.9,maize
95.1,27.3,43.9,20.6,64.9,6.47,776.8,maize
71.8,33.9,44.3,22.8,64.8,6.52,884.4,maize
79.5,50.0,26.4,25.9,62.8,6.61,780.2,maize
70.4,48.9,35.7,20.4,63.1,6.49,787.8,maize
87.7,30.5,61.0,24.3,65.5,6.5,868.4,maize
90.0,66.5,28.2,23.5,65.5,6.35,697.0,maize
70.6,26.8,51.0,24.7,66.1,6.35,645.2,maize
68.7,14.1,46.9,26.0,62.8,6.78,852.7,maize
101.0,25.5,31.5,21.8,64.0,6.61,965.3,maize
87.2,33.1,31.5,23.8,63.4,6.4,1029.4,maize
79.5,63.0,16.8,20.9,61.6,6.44,1108.3,maize
88.6,31.3,59.0,28.0,66.0,6.33,938.3,maize
91.1,46.4,58.1,22.1,63.6,6.33,836.8,maize
108.4,36.8,19.4,20.4,71.3,6.42,974.2,maize
88.9,40.0,48.8,23.4,62.9,6.39,972.3,maize
66.1,55.5,30.5,24.5,63.9,6.54,906.0,maize
64.8,19.1,24.2,26.3,65.5,6.41,822.7,maize
66.8,22.7,47.2,23.4,67.5,6.42,874.7,maize
105.5,44.0,49.7,26.8,66.8,6.61,997.7,maize
80.9,63.1,41.2,23.4,63.3,6.5,691.1,maize
68.9,46.3,40.1,26.4,64.2,6.27,799.2,maize
78.6,54.0,34.0,25.9,64.1,6.88,871.1,maize
80.3,54.8,47.9,25.4,65.5,6.09,958.3,maize
86.2,54.6,37.8,24.9,63.2,6.57,649.1,maize
86.5,42.1,30.7,24.8,62.5,6.11,851.9,maize
108.0,14.3,29.5,20.8,64.3,6.6,923.5,maize
82.0,38.8,28.0,23.6,60.9,6.84,1019.7,maize
74.2,30.9,78.8,23.1,62.3,6.56,972.3,maize
106.3,9.9,28.5,24.8,67.8,6.25,921.5,maize
79.8,28.3,17.5,23.1,65.5,6.47,917.9,maize
90.4,36.6,57.9,25.5,69.0,6.36,930.9,maize
89.7,31.8,20.1,26.0,64.2,6.67,874.6,maize
62.5,55.3,18.6,23.4,67.9,6.31,1026.8,maize
97.2,42.2,43.8,25.0,69.0,6.37,778.1,maize
63.1,26.9,48.4,20.1,64.4,6.54,593.0,maize
74.7,59.8,41.0,25.1,67.0,6.29,833.9,maize
105.0,36.1,38.6,24.3,61.5,6.64,1119.0,maize
96.8,58.8,39.0,22.0,66.0,6.64,769.9,maize
86.7,45.1,15.9,26.4,67.3,6.54,810.1,maize
93.1,43.9,23.2,21.8,60.8,6.65,862.0,maize
83.0,46.4,28.8,26.8,65.4,6.59,1087.7,maize
78.4,25.8,63.9,23.9,70.9,6.25,955.7,maize
90.0,42.5,46.1,22.8,66.6,6.81,681.6,maize
62.5,36.1,56.6,26.8,64.7,6.42,748.0,maize
68.0,36.3,42.9,25.1,65.4,6.59,925.2,maize
127.4,50.9,46.2,24.6,64.7,6.43,887.4,maize
51.8,21.2,30.4,23.5,64.7,6.55,797.4,maize
68.7,58.2,42.0,24.4,68.7,6.24,822.1,maize
75.9,16.5,26.9,25.8,63.3,6.48,1089.3,maize
70.2,55.2,32.5,25.8,66.5,6.43,913.1,maize
60.6,25.7,48.7,24.6,68.7,6.67,869.1,maize
80.8,49.4,34.4,23.9,67.5,6.53,796.9,maize
59.3,35.9,57.1,27.1,66.6,6.75,758.1,maize
97.8,26.0,21.9,26.3,63.2,6.67,830.0,maize
69.3,14.6,33.6,24.5,64.3,6.62,923.4,maize
72.3,50.8,58.8,24.1,62.1,6.18,817.8,maize
89.5,44.8,10.0,26.4,62.1,6.59,754.8,maize
82.2,44.0,41.3,22.3,66.2,6.63,846.5,maize
81.2,45.8,44.0,25.4,65.2,6.45,886.5,maize
93.3,23.6,19.2,24.8,65.7,6.39,1006.7,maize
70.9,34.2,54.2,24.7,61.9,6.43,910.2,maize
101.3,47.1,29.4,25.4,63.6,6.26,847.8,maize
68.9,35.9,41.8,25.4,64.3,6.58,841.8,maize
55.0,16.0,37.7,23.0,69.7,6.37,928.1,maize
52.8,43.6,42.0,22.7,65.3,6.22,874.3,maize
84.2,29.8,40.7,23.1,66.2,6.72,656.7,maize
75.5,45.6,35.0,21.3,65.2,6.19,973.4,maize
47.7,35.5,54.7,23.4,66.4,6.39,707.2,maize
78.1,39.2,27.4,23.2,66.1,6.56,1052.8,maize
63.2,64.5,48.0,23.4,62.7,6.31,911.9,maize
83.2,28.3,42.4,24.6,66.6,6.48,726.6,maize
88.5,48.2,26.8,23.2,66.8,6.23,760.7,maize
86.5,61.2,32.4,22.4,65.7,6.47,824.0,maize
63.7,38.5,23.2,20.6,69.2,6.57,946.4,maize
81.9,35.6,42.7,25.3,64.2,6.32,692.3,maize
65.2,66.9,47.1,24.0,66.6,6.49,734.9,maize
85.2,28.1,28.5,23.7,69.6,6.47,1015.1,maize
83.6,25.5,25.9,23.6,65.8,6.6,871.6,maize
74.6,51.4,35.5,22.9,67.6,6.3,817.1,maize
90.0,21.5,34.6,24.9,65.6,6.46,833.7,maize
102.2,32.1,59.9,24.6,68.7,6.43,912.3,maize
89.4,37.3,35.4,25.6,65.8,6.49,743.4,maize
105.0,31.9,30.8,26.7,67.1,6.46,838.5,maize
77.7,18.2,39.7,27.0,69.0,6.66,798.1,maize
92.0,49.2,56.1,24.2,69.0,6.38,986.2,maize
77.0,51.8,44.6,25.0,64.6,6.3,623.4,maize
82.2,37.4,25.3,26.3,61.8,6.06,889.9,maize
82.8,59.3,24.5,20.6,64.5,6.62,764.3,maize
96.1,43.5,29.8,25.8,66.7,6.42,855.5,maize
79.6,44.7,40.5,24.0,66.2,6.29,822.1,maize
84.4,44.8,12.6,26.7,65.0,6.54,940.3,maize
77.1,50.8,46.3,23.4,68.2,6.49,676.8,maize
69.6,37.8,38.3,21.7,64.2,6.19,841.7,maize
86.0,30.5,46.8,21.0,64.7,6.51,984.4,maize
90.9,51.1,32.2,23.3,66.4,6.76,745.4,maize
75.0,26.1,19.3,20.8,70.1,6.77,1023.8,maize
84.5,56.5,33.9,20.6,69.0,6.48,837.5,maize
90.5,35.8,18.4,28.1,64.7,6.4,1082.4,maize
61.6,41.3,32.5,26.6,65.4,6.28,991.9,maize
65.1,35.9,51.4,23.3,66.8,6.74,969.2,maize
88.1,52.7,26.8,24.9,66.1,6.82,1028.8,maize
78.8,56.5,10.0,24.0,69.0,6.63,956.3,maize
81.0,46.9,27.8,21.2,65.0,6.61,929.5,maize
83.7,43.3,17.2,25.1,68.1,6.85,966.0,maize
91.9,40.0,37.3,22.9,67.6,6.39,827.5,maize
76.3,34.2,32.3,24.5,63.9,6.2,804.4,maize
88.6,36.5,33.1,24.8,65.6,6.67,926.8,maize
71.9,38.8,50.1,24.6,68.5,6.71,916.9,maize
65.0,43.3,45.1,26.1,64.8,6.28,959.5,maize
96.6,35.5,58.9,21.8,66.6,6.3,855.2,maize
74.2,37.4,45.0,22.9,63.9,6.48,730.2,maize
78.7,59.3,25.9,23.7,60.7,6.57,842.3,maize
57.1,58.4,61.2,20.4,65.9,6.32,922.1,maize
72.6,36.6,23.2,19.0,69.2,6.42,796.5,maize
93.3,22.6,26.1,20.6,60.4,6.54,972.8,maize
98.1,43.2,26.5,26.4,63.5,6.71,912.2,maize
57.1,22.1,42.7,23.2,64.5,6.66,883.4,maize
79.2,47.8,41.0,23.0,60.6,6.5,776.8,maize
54.9,29.9,21.8,23.7,61.7,6.59,987.3,maize
75.5,30.8,45.8,25.6,65.0,6.31,842.4,maize
105.2,34.8,16.9,22.0,60.8,6.36,1005.1,maize
121.5,37.0,11.1,24.4,62.9,6.31,794.5,maize
90.1,37.0,11.1,27.0,63.1,6.34,921.3,maize
65.0,52.4,30.2,27.6,68.7,6.72,799.4,maize
75.4,53.7,41.6,20.3,66.0,6.42,800.5,maize
86.4,44.7,40.3,22.3,65.5,6.06,931.9,maize
86.1,63.4,25.1,25.8,65.8,6.23,771.6,maize
86.3,50.2,48.0,22.5,65.3,6.31,767.2,maize
85.6,42.6,55.5,20.5,67.3,6.65,966.1,maize
78.1,21.6,35.7,27.8,67.7,6.48,738.8,maize
73.9,41.2,15.8,22.0,62.3,6.42,795.9,maize
83.4,47.3,61.2,21.1,63.0,6.69,892.2,maize
77.2,56.7,36.8,23.4,67.2,6.59,783.0,maize
101.0,45.3,40.5,24.1,62.7,6.51,852.5,maize
75.0,43.9,47.2,23.7,66.9,6.61,888.6,maize
89.9,49.0,34.1,22.0,59.6,6.58,869.6,maize
82.1,53.3,15.0,24.6,68.5,6.49,1016.1,maize
57.4,39.4,24.1,23.4,67.4,6.56,1005.8,maize
98.3,35.2,42.4,24.7,62.4,6.14,755.6,maize
69.2,44.4,28.1,24.0,61.9,6.32,725.5,maize
102.7,37.4,39.5,27.5,67.0,6.48,969.8,maize
72.0,47.7,50.7,24.3,66.6,6.42,931.9,maize
107.1,25.6,33.6,23.2,64.5,6.61,664.8,maize
88.4,35.1,17.8,23.2,64.9,6.34,1008.2,maize
76.3,43.5,32.8,22.2,66.0,6.52,1052.3,maize
65.3,32.7,10.3,24.6,67.2,6.5,863.4,maize
70.4,58.5,18.7,28.1,62.9,6.45,950.7,maize
53.6,37.0,25.4,24.2,67.1,6.48,837.3,maize
71.7,35.4,37.4,24.2,60.7,6.36,1017.3,maize
91.7,31.2,51.7,23.7,63.4,6.54,898.5,maize
79.4,38.8,43.9,24.1,64.5,6.57,972.0,maize
69.7,38.9,46.2,25.1,68.6,6.17,704.2,maize
80.5,43.3,63.9,27.2,63.7,6.13,633.2,maize
58.9,43.3,17.6,24.2,66.5,6.42,971.8,maize
84.0,42.5,39.3,26.6,68.0,6.42,831.1,maize
98.6,48.7,41.0,23.1,62.7,6.29,895.8,maize
64.6,62.2,54.9,27.3,68.3,6.53,818.8,maize
44.1,27.8,54.7,23.8,64.0,6.65,934.8,maize
97.9,37.6,33.9,23.5,61.6,6.82,874.2,maize
66.2,30.2,18.1,26.1,67.4,6.88,1081.3,maize
98.5,21.7,31.0,24.9,64.6,6.64,870.5,maize
60.7,36.4,44.9,25.6,63.0,6.68,795.4,maize
78.1,48.1,51.2,22.9,63.6,6.75,941.4,maize
88.3,37.3,33.5,22.7,65.9,6.51,610.4,maize
75.0,36.2,27.9,28.0,66.8,6.4,678.2,maize
65.2,46.2,51.6,25.1,66.2,6.52,1012.2,maize
38.8,44.9,27.3,23.2,63.6,6.41,806.1,maize
102.0,23.1,17.0,20.8,62.3,6.44,937.9,maize
88.7,15.3,52.0,24.5,61.1,6.57,984.1,maize
81.5,34.6,25.4,25.8,68.1,6.7,813.6,maize
99.0,42.3,34.3,23.9,64.2,6.12,916.5,maize
58.6,46.0,31.3,25.7,58.0,6.58,1027.9,maize
86.1,52.2,22.4,25.3,60.3,6.42,791.8,maize
82.7,50.7,21.6,26.1,65.9,6.41,774.4,maize
110.6,64.1,38.5,22.6,71.0,6.35,871.6,maize
78.9,58.0,30.8,23.4,64.8,6.25,769.3,maize
81.0,37.4,35.6,23.5,65.9,6.55,651.5,maize
96.9,48.1,42.9,25.0,65.8,6.54,846.6,maize
52.4,55.7,42.0,27.0,68.3,6.61,899.0,maize
71.1,55.3,38.3,23.9,64.1,6.54,882.8,maize
85.8,27.7,16.0,23.2,65.7,6.53,742.1,maize
84.3,39.9,26.0,25.3,62.4,6.78,1023.2,maize
94.9,17.4,17.1,21.2,63.1,6.36,965.2,maize
118.0,37.3,36.5,24.0,66.2,6.45,884.2,maize
57.7,37.0,46.7,22.4,66.5,6.71,864.5,maize
103.4,51.9,19.8,25.2,66.4,6.36,850.8,maize
75.0,45.5,39.0,21.8,66.7,6.28,727.9,maize
75.1,42.9,41.5,24.5,66.5,6.39,725.7,maize
59.4,34.4,45.8,24.0,64.3,6.5,762.4,maize
100.4,38.3,46.3,21.4,68.2,6.28,984.9,maize
62.5,22.5,42.8,23.0,66.0,6.36,957.7,maize
69.8,53.8,32.7,25.1,64.7,6.3,925.9,maize
95.7,49.3,32.6,24.3,65.8,6.42,724.5,maize
83.0,43.9,42.2,23.7,61.5,6.35,785.7,maize
53.4,5.0,44.3,23.4,65.2,6.62,958.9,maize
86.0,42.0,52.6,21.2,64.2,6.78,825.2,maize
84.8,21.4,43.1,24.7,67.7,6.31,796.6,maize
92.3,44.0,31.8,24.4,61.1,6.39,1045.6,maize
85.6,38.6,22.3,22.1,68.1,6.49,781.1,maize
92.3,24.3,42.4,25.9,70.8,6.32,908.7,maize
69.5,44.6,56.8,26.0,64.5,6.4,608.3,maize
63.7,53.3,44.4,23.7,65.3,6.5,874.0,maize
57.0,19.7,31.0,24.8,63.9,6.47,755.9,maize
73.2,35.8,72.5,25.0,62.5,6.36,773.8,maize
61.7,26.7,60.0,26.1,67.9,6.33,969.6,maize
84.0,43.0,27.6,22.9,63.9,6.46,704.0,maize
70.4,33.2,48.9,25.4,64.6,6.62,775.4,maize
89.1,45.7,48.0,22.3,66.4,6.86,805.1,maize
81.7,44.6,35.3,21.9,64.9,6.56,863.5,maize
84.8,39.7,68.4,24.1,64.2,6.74,706.8,maize
76.4,25.6,46.7,21.3,69.3,6.51,720.6,maize
83.8,26.6,58.8,25.1,64.6,6.44,722.3,maize
68.3,34.7,35.9,25.8,64.5,6.48,807.6,maize
63.2,39.5,54.6,27.2,67.3,6.56,960.4,maize
101.2,42.6,54.5,21.5,70.8,6.69,924.3,maize
99.7,33.5,37.2,22.6,66.6,6.55,942.9,maize
95.7,40.6,32.2,24.2,65.6,6.2,729.9,maize
69.4,29.8,49.9,22.3,66.7,6.6,822.6,maize
92.9,24.8,11.3,22.6,65.3,6.55,857.0,maize
77.1,18.6,10.0,22.9,70.1,6.82,1060.2,maize
83.4,29.3,25.6,22.8,68.3,6.65,826.9,maize
89.8,45.1,23.9,24.5,66.0,6.32,931.3,maize
87.5,34.2,39.8,22.4,64.4,6.78,930.3,maize
92.7,47.2,62.7,24.1,62.7,6.62,765.0,maize
53.6,34.7,25.0,22.9,62.7,6.32,1045.3,maize
74.4,18.7,25.3,25.1,62.0,6.43,878.5,maize
57.5,54.3,43.0,22.5,65.5,6.62,1017.3,maize
69.8,36.3,31.0,20.0,66.2,6.61,767.7,maize
68.3,29.8,52.3,24.2,63.1,6.68,989.7,maize
92.3,40.5,23.9,25.8,61.7,6.42,949.3,maize
89.1,56.3,41.0,24.9,69.5,6.77,766.6,maize
54.4,39.0,38.2,25.5,65.6,6.46,1022.4,maize
72.6,36.3,35.3,25.9,63.6,6.15,908.8,maize
76.1,41.5,21.7,25.2,65.3,6.46,1081.7,maize
86.5,18.7,49.6,24.2,65.5,6.58,902.6,maize
76.7,19.8,47.2,22.7,62.2,6.58,722.2,maize
106.7,23.6,39.2,21.1,65.6,6.65,866.3,maize
73.4,26.6,54.8,23.4,65.5,6.44,900.6,maize
63.8,44.3,24.4,24.9,64.2,6.39,957.1,maize
89.0,42.1,25.5,27.7,65.7,6.77,697.4,maize
62.9,10.5,25.3,21.2,68.8,6.42,939.8,maize
74.0,33.0,44.1,23.8,66.7,6.55,1036.6,maize
71.8,46.8,38.4,24.4,63.3,6.35,604.7,maize
69.9,41.1,27.2,23.8,63.3,6.83,1003.2,maize
63.2,70.0,32.7,24.2,66.1,6.37,901.9,maize
87.1,7.3,42.5,25.4,64.3,6.48,662.4,maize
75.9,27.4,32.9,21.7,62.4,6.35,887.8,maize
77.3,49.0,30.8,21.6,67.5,6.27,636.1,maize
77.7,19.2,34.1,22.3,67.8,6.3,876.4,maize
81.2,52.7,23.5,24.1,63.9,6.25,750.3,maize
77.5,43.4,38.5,22.8,68.0,6.24,908.6,maize
64.5,33.8,66.5,19.0,68.8,6.52,908.5,maize
77.0,39.1,48.2,25.8,65.9,6.38,924.7,maize
91.1,47.4,30.6,27.0,61.5,6.54,980.5,maize
111.8,30.0,36.0,29.8,62.3,6.54,701.0,maize
84.1,52.4,59.4,26.2,64.2,6.6,847.9,maize
80.8,40.0,57.9,24.6,65.5,6.59,884.0,maize
75.3,44.8,50.0,27.0,65.0,6.38,674.1,maize
38.9,54.2,47.8,23.8,62.6,6.66,626.8,maize
99.1,51.1,30.1,26.6,59.8,6.58,826.8,maize
62.0,29.3,23.4,24.2,63.0,6.67,787.8,maize
57.4,50.1,65.3,21.0,67.9,6.47,867.1,maize
72.2,24.0,49.5,22.7,66.3,6.78,794.2,maize
87.9,30.8,40.7,25.6,63.6,6.67,850.7,maize
79.5,40.5,53.4,21.3,64.3,6.42,930.0,maize
73.6,38.5,37.8,25.2,66.9,6.57,831.8,maize
94.1,30.9,48.6,25.0,64.0,6.84,807.2,maize
85.2,39.3,55.6,24.2,65.3,6.71,895.7,maize
80.1,33.0,28.7,24.5,65.8,6.48,864.2,maize
81.5,36.7,10.0,22.0,62.8,6.47,687.6,maize
65.3,62.7,25.5,27.1,66.1,6.83,976.8,maize
77.7,48.6,41.5,24.5,65.0,6.57,701.4,maize
93.7,54.7,15.0,23.0,67.0,6.39,783.9,maize
95.6,36.7,31.8,26.3,65.6,6.6,1090.4,maize
96.0,30.7,32.0,21.4,66.2,6.59,866.2,maize
67.7,59.5,32.1,27.8,65.5,6.49,832.5,maize
65.5,47.4,29.9,21.7,60.0,6.39,797.4,maize
82.1,21.7,28.7,25.8,67.0,6.46,1013.2,maize
50.1,35.7,41.8,22.3,71.4,6.59,931.0,maize
65.8,47.7,24.8,24.2,65.6,6.28,764.7,maize
76.6,44.0,31.5,25.1,69.4,6.36,690.2,maize
77.4,38.2,75.2,24.3,67.4,6.64,917.1,maize
78.0,25.2,33.8,25.9,65.2,6.44,742.5,maize
96.3,35.7,50.8,27.6,58.8,6.71,917.6,maize
52.0,39.2,38.8,22.3,68.7,6.45,795.1,maize
81.8,31.0,57.3,26.4,63.9,6.68,851.7,maize
72.1,40.0,37.1,24.4,65.4,6.31,850.3,maize
95.8,44.8,40.2,26.5,67.1,6.5,875.4,maize
72.5,53.3,21.2,24.0,66.3,6.49,738.6,maize
83.8,42.2,17.3,23.2,65.8,6.49,969.9,maize
71.9,39.0,24.2,23.3,63.4,6.44,1038.6,maize
74.9,37.3,46.8,25.0,66.9,6.32,873.0,maize
72.6,33.6,79.5,22.4,68.0,6.33,956.8,maize
69.7,29.9,27.3,23.1,61.8,6.33,1045.7,maize
94.2,46.3,41.4,22.6,67.9,6.71,754.4,maize
65.1,53.8,68.5,23.0,65.9,6.29,738.8,maize
89.2,46.8,41.1,24.8,64.4,6.27,979.1,maize
64.9,41.0,23.7,23.5,62.5,6.36,962.3,maize
81.3,55.0,42.0,22.6,64.3,6.24,767.7,maize
100.5,49.2,26.1,31.4,69.9,6.92,1005.6,cotton
100.0,38.9,18.8,22.8,64.0,6.64,907.4,cotton
68.8,65.4,33.8,27.9,64.0,7.25,962.7,cotton
98.3,33.2,25.8,27.9,67.3,6.96,629.3,cotton
91.3,49.8,15.7,30.3,72.3,6.76,853.6,cotton
137.4,23.3,42.8,24.5,63.8,6.4,978.0,cotton
107.1,50.8,34.2,27.7,66.7,7.02,522.1,cotton
70.8,52.1,17.3,29.3,63.1,6.54,769.6,cotton
91.2,47.3,40.6,28.2,67.2,7.27,819.0,cotton
113.1,34.2,46.3,27.1,63.0,7.25,1118.3,cotton
77.7,45.2,37.2,22.9,63.7,7.01,789.1,cotton
140.0,34.2,10.0,26.3,66.7,6.6,895.3,cotton
108.0,35.6,35.8,25.4,70.1,6.99,702.2,cotton
110.0,46.0,53.3,26.6,70.1,6.99,840.5,cotton
82.9,25.8,42.7,28.2,71.2,6.72,891.9,cotton
86.6,37.6,56.8,22.9,67.2,7.21,903.9,cotton
107.5,36.8,59.2,31.0,68.1,6.98,770.6,cotton
127.1,54.4,35.7,22.8,68.9,7.03,800.9,cotton
124.3,41.3,35.0,30.7,70.4,7.4,766.7,cotton
76.2,34.5,39.6,23.7,64.0,6.68,886.2,cotton
84.2,42.7,69.5,28.2,70.8,6.84,779.9,cotton
104.7,35.3,15.0,28.3,62.7,6.84,807.7,cotton
113.5,25.9,44.0,25.4,72.0,6.66,1019.7,cotton
99.8,50.2,53.7,28.1,62.1,7.09,960.8,cotton
82.5,29.0,17.8,27.7,69.9,6.88,779.9,cotton
116.1,30.0,41.4,26.2,68.1,6.75,978.6,cotton
67.2,36.9,58.2,27.1,62.6,6.67,940.9,cotton
98.2,48.2,23.8,26.2,70.2,7.19,790.4,cotton
88.8,47.4,25.8,30.9,69.1,6.33,1100.7,cotton
82.1,37.8,31.7,30.7,65.3,6.91,918.6,cotton
95.1,21.8,30.5,30.4,63.0,6.37,1096.9,cotton
60.4,40.3,30.7,29.4,68.1,6.85,1024.3,cotton
54.2,26.7,16.4,29.1,66.1,6.49,767.3,cotton
35.3,58.1,25.0,28.3,65.8,6.63,789.6,cotton
83.5,35.3,65.2,26.5,70.5,6.94,680.3,cotton
96.8,43.9,56.5,27.3,64.6,6.38,828.8,cotton
97.1,38.5,46.1,21.9,65.7,6.9,718.7,cotton
132.0,58.7,54.0,25.2,68.9,6.81,959.0,cotton
124.7,58.9,38.8,20.0,70.0,7.45,1034.2,cotton
93.9,44.7,30.7,30.9,68.2,6.47,1082.6,cotton
131.6,51.0,55.9,24.4,65.2,7.12,659.7,cotton
90.1,40.7,46.6,27.3,66.1,6.83,646.8,cotton
100.9,54.7,31.5,29.6,61.6,6.77,817.6,cotton
86.8,33.1,39.8,28.8,67.6,7.16,883.8,cotton
98.0,42.6,33.1,25.9,65.3,6.96,909.3,cotton
134.1,28.1,39.0,26.7,68.1,6.9,861.2,cotton
92.6,43.4,31.7,23.6,64.0,6.82,893.4,cotton
95.0,59.7,27.6,26.0,68.4,6.75,1017.5,cotton
74.4,26.5,27.6,25.8,65.8,6.74,770.1,cotton
125.9,36.6,30.5,29.0,66.9,7.25,805.5,cotton
83.7,30.8,44.8,25.3,66.9,6.79,930.8,cotton
73.3,39.9,35.1,24.2,65.8,6.86,966.1,cotton
85.8,47.1,43.0,27.4,68.1,6.68,1021.7,cotton
61.0,48.0,54.8,28.2,69.4,7.29,930.3,cotton
90.4,42.9,53.0,24.2,64.8,6.7,746.7,cotton
112.9,41.0,47.1,30.2,64.9,7.26,752.3,cotton
69.8,31.7,29.8,27.4,66.4,6.97,911.2,cotton
111.0,39.0,14.4,26.6,65.8,6.48,741.9,cotton
98.5,44.1,18.5,25.4,65.8,6.71,889.3,cotton
89.5,27.7,35.7,28.9,67.4,6.89,756.6,cotton
100.7,27.0,28.4,31.6,72.8,6.83,691.1,cotton
137.0,26.0,41.5,26.2,66.8,6.79,728.0,cotton
50.2,47.9,23.2,28.1,69.6,6.79,725.1,cotton
124.2,32.3,51.9,24.9,66.4,7.15,930.3,cotton
116.9,43.8,23.3,25.6,65.3,7.18,1110.5,cotton
102.7,5.0,21.0,27.1,68.2,7.0,598.7,cotton
112.7,27.7,49.2,25.6,68.4,6.85,884.0,cotton
109.9,28.4,43.7,28.7,66.9,7.4,894.0,cotton
53.2,43.6,33.9,29.4,70.9,7.01,781.4,cotton
96.4,47.5,52.1,28.8,68.1,7.36,960.2,cotton
73.8,42.9,44.9,27.3,65.6,6.78,940.9,cotton
108.7,53.3,51.3,30.4,66.6,6.58,942.3,cotton
98.9,39.1,43.1,30.2,66.0,6.7,825.3,cotton
101.5,37.9,28.8,27.2,65.1,7.16,834.4,cotton
115.3,51.1,31.2,24.2,69.2,6.45,1002.6,cotton
104.9,32.8,48.6,31.5,63.1,7.0,875.3,cotton
97.7,45.2,42.5,23.3,64.8,6.63,965.6,cotton
121.5,39.9,52.9,25.6,64.0,6.84,791.0,cotton
128.9,19.9,45.8,31.1,66.9,7.5,781.4,cotton
86.5,33.1,52.2,27.5,65.2,6.67,946.4,cotton
125.4,36.1,35.5,24.5,61.9,7.18,777.4,cotton
67.6,26.6,30.7,28.6,68.8,6.71,1022.0,cotton
76.5,58.7,53.3,25.9,65.8,6.61,872.7,cotton
99.3,42.7,39.4,31.8,66.2,7.26,913.0,cotton
98.8,42.0,24.0,20.1,69.0,6.99,1037.2,cotton
96.0,44.5,25.1,29.0,68.1,7.05,697.5,cotton
110.4,33.5,37.1,25.1,69.6,6.38,877.6,cotton
92.3,38.6,47.3,24.2,70.5,6.91,750.6,cotton
108.3,40.7,49.9,28.6,70.9,7.17,841.2,cotton
78.3,31.6,54.6,28.3,70.3,6.62,973.8,cotton
103.6,23.9,25.6,23.6,68.6,7.22,896.1,cotton
129.4,24.1,60.2,24.5,66.9,6.58,787.2,cotton
74.5,50.9,38.9,30.5,65.3,6.99,954.8,cotton
122.3,35.2,37.5,26.5,59.8,6.61,707.2,cotton
61.1,68.3,52.7,29.1,71.6,6.63,1060.7,cotton
97.7,50.7,45.0,28.0,70.5,6.87,701.8,cotton
105.2,51.2,34.6,24.5,69.6,7.04,812.1,cotton
92.2,34.4,24.4,27.9,66.1,7.11,456.2,cotton
96.8,36.6,35.8,30.0,70.1,6.43,914.0,cotton
135.5,45.8,39.4,26.0,70.2,6.37,809.6,cotton
127.3,39.4,46.8,29.8,65.4,6.87,680.6,cotton
98.4,48.1,48.7,26.0,72.7,7.17,906.8,cotton
112.8,35.4,26.2,28.8,71.0,6.87,979.7,cotton
44.7,72.6,62.5,26.8,62.3,7.14,841.1,cotton
103.9,38.3,38.6,26.8,68.4,6.74,851.1,cotton
102.6,37.4,57.1,28.0,67.6,6.94,696.8,cotton
104.3,38.8,58.6,26.6,71.6,6.88,876.5,cotton
113.6,36.3,49.3,26.9,67.2,6.66,999.7,cotton
88.9,33.1,39.3,20.7,66.1,6.61,850.6,cotton
116.2,53.1,58.5,24.1,71.8,6.98,886.9,cotton
114.2,49.3,68.3,32.2,65.3,7.12,791.8,cotton
93.3,36.3,34.8,27.5,64.4,7.49,899.7,cotton
84.3,63.4,51.0,25.9,65.9,6.52,764.9,cotton
75.4,30.4,33.0,29.8,73.2,6.41,987.3,cotton
85.5,13.9,25.1,26.7,68.2,6.91,797.9,cotton
77.4,38.5,23.9,26.1,64.0,6.77,821.2,cotton
118.1,44.9,39.0,25.4,67.0,6.66,697.3,cotton
132.1,45.5,53.7,25.5,69.7,6.94,894.4,cotton
107.0,44.1,47.6,27.8,65.0,6.77,928.8,cotton
85.5,80.0,47.7,30.3,64.5,6.96,683.8,cotton
102.2,34.5,35.9,27.3,66.0,6.91,789.9,cotton
110.8,58.7,43.7,30.9,68.3,6.53,1011.5,cotton
86.4,43.5,43.3,29.3,67.7,7.07,1015.9,cotton
113.0,34.6,65.8,26.0,67.8,6.84,749.5,cotton
104.8,36.9,23.4,24.3,65.1,6.41,996.3,cotton
101.1,45.7,39.6,23.3,70.5,7.06,849.0,cotton
117.0,49.1,49.1,23.9,66.9,6.86,684.2,cotton
52.2,30.0,29.6,26.8,68.8,7.04,688.9,cotton
96.8,31.4,30.4,27.8,67.4,6.84,756.3,cotton
130.4,36.2,63.0,24.8,69.3,6.69,894.3,cotton
100.7,32.3,39.5,25.9,68.8,6.97,613.6,cotton
112.2,37.2,34.9,26.2,70.1,6.95,814.7,cotton
98.4,46.8,36.0,24.6,57.1,6.74,806.8,cotton
75.8,37.8,59.1,28.4,67.3,6.44,595.7,cotton
89.1,45.1,19.2,28.4,67.4,6.7,852.1,cotton
66.5,33.0,27.2,29.0,70.1,7.16,804.7,cotton
138.3,49.9,28.9,23.0,75.1,7.07,729.5,cotton
69.8,79.5,37.9,26.5,68.9,6.74,918.7,cotton
125.7,38.5,22.6,26.7,66.7,6.93,863.2,cotton
102.2,24.7,21.6,27.1,71.9,7.22,795.8,cotton
88.1,39.7,10.0,27.5,66.3,6.77,889.2,cotton
103.6,42.7,59.5,24.7,71.3,6.68,776.8,cotton
95.2,34.8,48.3,30.7,66.0,6.72,843.3,cotton
102.5,53.2,34.7,28.6,71.4,7.41,919.0,cotton
86.6,23.3,39.4,30.5,70.7,6.93,973.8,cotton
94.3,55.8,10.0,31.3,70.0,7.13,813.9,cotton
105.8,44.7,48.9,24.4,64.9,6.99,743.2,cotton
68.6,51.7,60.9,25.1,68.7,6.73,707.9,cotton
87.2,53.3,44.1,31.4,69.5,7.28,871.8,cotton
70.3,57.4,25.8,29.8,71.6,6.96,871.7,cotton
108.6,46.1,46.3,30.6,71.2,7.21,839.5,cotton
77.1,25.8,64.1,22.5,64.0,6.95,863.8,cotton
111.4,31.9,54.9,30.2,68.1,6.83,849.5,cotton
106.6,33.6,47.0,26.9,67.6,6.74,801.0,cotton
91.3,45.6,48.3,30.5,67.1,7.03,766.1,cotton
80.6,46.8,22.6,30.2,64.6,6.82,779.3,cotton
67.3,70.3,24.1,33.3,67.5,7.14,1001.2,cotton
102.0,33.5,23.8,27.2,69.0,6.6,633.5,cotton
113.3,71.2,47.2,25.5,63.5,6.69,876.3,cotton
118.1,42.6,53.6,25.2,67.6,6.8,807.2,cotton
140.0,18.1,22.6,26.7,67.0,6.63,1004.6,cotton
93.4,69.1,33.7,25.9,73.1,7.31,1142.6,cotton
95.8,47.3,45.5,29.9,67.3,6.83,871.0,cotton
114.4,53.8,29.4,27.4,58.2,7.04,1026.1,cotton
105.3,60.1,10.0,28.0,72.2,6.82,965.0,cotton
91.0,29.4,24.1,25.8,70.9,7.04,1021.0,cotton
116.9,33.5,38.5,31.4,67.8,6.69,776.7,cotton
140.0,15.3,28.0,23.3,67.5,6.54,661.8,cotton
80.2,36.6,69.3,27.5,64.0,6.64,807.4,cotton
44.0,36.3,59.6,27.7,69.1,7.21,988.0,cotton
89.9,27.8,23.7,26.1,72.1,6.77,1055.6,cotton
112.6,20.1,63.2,24.4,62.9,7.07,900.0,cotton
122.5,38.8,70.0,28.8,65.1,7.07,937.5,cotton
66.6,44.5,29.0,27.6,68.4,7.06,983.1,cotton
92.8,24.4,44.3,25.4,66.8,6.62,1053.5,cotton
110.6,27.6,76.7,25.8,71.7,6.76,911.8,cotton
93.2,63.4,21.6,29.8,65.1,6.87,827.5,cotton
97.7,50.5,49.1,27.8,67.1,6.87,847.9,cotton
112.9,57.7,26.1,28.5,68.4,6.44,496.0,cotton
134.6,45.0,43.6,26.8,71.4,6.93,780.1,cotton
98.6,48.7,37.2,27.7,62.1,6.92,945.4,cotton
114.5,46.9,47.0,24.9,64.1,6.37,850.9,cotton
93.0,29.9,38.8,30.8,63.0,6.88,772.4,cotton
104.6,32.1,56.7,26.0,66.1,6.59,635.8,cotton
131.5,40.2,59.8,31.5,62.7,7.31,929.3,cotton
70.2,40.0,40.5,26.1,65.1,7.38,632.3,cotton
71.6,42.6,56.1,26.2,67.7,6.75,798.3,cotton
131.4,47.7,50.6,29.7,63.6,6.82,755.5,cotton
89.1,23.0,50.8,29.7,67.9,7.08,899.1,cotton
100.0,30.2,41.8,30.6,70.1,7.36,719.5,cotton
71.1,40.2,39.7,26.1,68.9,6.46,778.0,cotton
80.5,49.2,24.7,28.4,67.8,7.06,1068.8,cotton
54.3,37.4,47.0,27.7,70.7,6.54,837.3,cotton
53.5,37.2,55.4,27.9,68.9,6.74,993.8,cotton
112.5,59.6,37.4,26.5,68.8,6.62,853.3,cotton
109.0,60.1,37.1,24.7,60.5,6.99,842.2,cotton
96.1,36.3,44.5,28.5,66.4,6.48,749.5,cotton
101.6,40.5,51.4,25.9,66.5,6.81,859.7,cotton
92.8,64.4,26.3,27.2,66.9,6.7,809.2,cotton
105.6,19.5,55.6,26.8,66.7,6.81,804.8,cotton
95.1,71.0,48.1,29.1,60.4,6.63,705.0,cotton
73.7,38.4,29.2,23.0,67.3,6.97,769.5,cotton
111.5,34.0,50.7,24.7,69.9,7.13,880.3,cotton
101.5,69.3,44.5,28.3,65.6,6.76,865.6,cotton
92.0,50.9,34.4,26.0,66.0,7.5,752.9,cotton
133.2,51.8,51.9,28.2,65.7,6.72,942.4,cotton
111.5,22.6,27.6,29.5,73.8,6.91,903.6,cotton
40.1,30.0,32.6,24.5,59.5,6.79,998.6,cotton
100.4,40.5,22.0,31.0,64.9,7.19,896.3,cotton
130.9,44.6,10.0,25.0,67.6,6.92,753.7,cotton
86.7,23.5,43.1,28.2,64.5,6.68,680.8,cotton
94.3,9.7,35.5,24.0,74.5,6.53,891.6,cotton
140.0,60.5,32.2,29.1,67.7,7.14,934.1,cotton
76.4,39.1,52.6,23.9,64.5,7.02,802.6,cotton
93.4,39.5,40.2,27.2,71.2,6.38,739.6,cotton
91.8,32.7,51.8,28.0,67.4,6.8,921.2,cotton
112.4,31.3,49.6,25.9,67.6,6.76,948.8,cotton
123.2,51.6,47.4,28.0,69.2,7.05,780.4,cotton
108.6,25.9,28.8,24.7,63.1,7.16,1135.7,cotton
53.3,60.8,19.3,27.3,65.3,6.83,1002.3,cotton
133.4,43.0,49.8,28.3,67.2,7.12,838.2,cotton
122.2,53.0,30.1,28.3,66.1,7.2,968.7,cotton
99.8,43.4,31.3,27.1,63.2,7.34,877.9,cotton
103.2,44.2,34.9,24.2,68.2,7.09,779.5,cotton
105.9,22.0,19.6,28.7,69.7,7.12,1023.0,cotton
114.5,55.1,41.4,28.6,68.9,7.36,848.7,cotton
115.8,46.2,58.5,25.5,65.0,7.33,843.2,cotton
93.8,47.9,43.4,22.4,63.4,6.9,918.6,cotton
67.3,29.0,37.8,30.9,69.7,6.94,779.8,cotton
140.0,41.3,35.1,30.3,63.9,6.86,904.1,cotton
93.4,48.6,42.5,28.7,66.1,7.04,939.1,cotton
98.4,43.4,35.4,28.7,64.9,7.16,761.4,cotton
123.5,33.7,69.4,29.7,67.1,7.12,779.1,cotton
108.7,39.5,41.1,28.3,68.7,6.79,728.3,cotton
107.3,59.2,34.7,25.2,63.9,6.6,965.5,cotton
78.2,13.5,36.1,29.3,70.0,6.81,975.2,cotton
102.1,48.5,30.1,30.4,69.7,6.64,718.8,cotton
101.1,58.7,49.9,27.9,69.7,6.96,801.6,cotton
140.0,44.5,10.0,25.8,67.3,6.92,840.0,cotton
82.6,21.8,45.8,26.1,66.5,6.35,624.6,cotton
110.3,63.1,46.1,27.5,67.2,6.52,885.3,cotton
121.5,43.1,52.0,26.4,64.7,7.02,683.4,cotton
83.0,40.2,45.0,29.3,65.4,6.95,909.1,cotton
115.2,50.0,48.8,31.7,69.0,7.31,697.2,cotton
56.8,54.8,58.3,30.7,63.2,6.9,723.1,cotton
102.5,46.7,37.4,26.4,67.3,6.91,806.7,cotton
72.8,38.9,54.5,29.9,65.6,7.27,902.0,cotton
98.6,38.1,31.7,25.7,69.2,6.66,886.1,cotton
78.3,41.2,49.7,33.3,70.6,6.79,761.0,cotton
86.7,45.4,27.3,29.8,76.7,6.97,1032.3,cotton
66.3,31.5,52.2,29.8,74.9,7.14,698.7,cotton
98.2,53.3,31.7,30.4,69.7,6.36,701.6,cotton
82.3,30.7,10.0,23.7,65.6,7.07,867.1,cotton
120.5,37.4,44.0,27.9,63.8,6.95,831.2,cotton
113.1,49.2,37.9,28.2,73.9,6.77,709.5,cotton
87.7,34.5,20.4,29.0,63.1,6.81,878.7,cotton
93.1,32.4,22.2,30.3,70.6,7.25,1036.9,cotton
108.1,29.9,29.8,29.1,67.3,7.26,876.5,cotton
132.7,45.3,27.4,29.2,69.2,7.42,971.5,cotton
108.3,54.0,36.3,24.2,69.9,7.4,804.8,cotton
119.0,43.3,22.1,29.1,61.3,6.79,946.1,cotton
102.9,46.1,50.1,21.4,67.3,6.66,807.3,cotton
109.8,45.7,34.2,21.6,66.5,7.06,696.7,cotton
117.0,42.5,39.3,26.7,69.9,6.65,765.0,cotton
52.6,37.6,53.9,25.9,65.5,6.81,691.9,cotton
103.0,58.5,54.5,28.9,67.6,6.75,792.1,cotton
95.0,47.0,51.1,28.8,69.8,6.44,792.5,cotton
80.9,29.9,40.9,29.2,66.9,7.05,884.4,cotton
98.5,68.5,29.8,27.9,68.9,7.11,637.0,cotton
71.9,33.4,38.5,26.6,67.3,6.81,803.9,cotton
86.1,38.1,47.8,30.6,71.7,6.69,1106.9,cotton
113.8,37.6,50.3,27.1,65.9,7.11,695.1,cotton
83.3,17.6,63.8,21.8,70.2,6.67,862.1,cotton
96.9,33.5,42.6,25.7,69.4,7.32,878.1,cotton
75.6,50.4,35.2,30.7,64.5,6.48,830.1,cotton
94.5,56.2,63.1,26.0,67.8,6.83,766.5,cotton
106.2,37.4,43.5,23.5,65.1,6.83,888.2,cotton
71.2,29.8,69.4,29.2,65.5,6.73,884.4,cotton
96.1,56.9,48.2,25.5,68.5,6.87,710.8,cotton
93.8,18.5,39.3,26.2,65.9,7.14,800.5,cotton
105.2,36.5,27.1,23.7,64.5,6.86,1104.8,cotton
79.1,43.8,31.6,28.6,69.9,7.31,1028.1,cotton
110.7,18.7,27.6,28.4,66.8,6.79,1010.6,cotton
97.3,43.5,60.3,27.2,70.8,6.61,742.6,cotton
78.2,22.8,41.6,27.5,69.7,6.93,959.2,cotton
76.8,46.1,24.7,26.1,69.8,6.85,957.2,cotton
99.9,34.7,17.1,25.6,67.1,7.22,735.7,cotton
116.8,38.1,39.1,28.9,67.9,6.8,759.0,cotton
100.1,33.7,20.5,28.7,70.3,6.88,1095.8,cotton
126.7,49.0,40.3,26.1,69.5,6.61,759.9,cotton
85.9,21.6,50.5,27.5,68.3,7.2,785.0,cotton
85.5,36.1,36.0,28.3,65.2,6.66,719.3,cotton
93.7,53.9,47.6,25.9,66.8,6.95,761.5,cotton
70.1,40.1,39.9,23.5,69.4,6.78,911.1,cotton
91.7,39.0,23.5,24.7,67.2,6.84,680.7,cotton
90.5,27.2,44.0,26.4,66.4,6.44,912.2,cotton
131.2,39.4,21.3,28.3,69.9,6.59,656.5,cotton
132.3,31.6,40.9,24.6,66.3,6.87,890.6,cotton
76.7,56.9,27.7,31.0,62.5,7.04,881.6,cotton
115.1,49.4,34.4,34.9,65.0,6.91,1021.2,cotton
117.2,44.4,44.4,30.6,66.4,6.8,835.7,cotton
133.4,21.7,63.4,29.5,68.5,6.96,610.7,cotton
108.0,42.9,32.7,27.7,72.7,7.05,907.0,cotton
108.6,38.5,35.0,27.4,67.4,6.26,766.5,cotton
97.1,28.4,40.4,28.0,73.5,6.87,682.8,cotton
92.8,22.6,37.0,31.0,70.2,7.05,970.9,cotton
123.9,34.5,13.1,26.9,68.5,7.34,972.4,cotton
107.6,41.9,46.1,31.0,63.2,7.32,1008.6,cotton
92.0,39.3,26.5,30.9,69.0,7.07,926.0,cotton
93.5,46.0,15.7,26.7,65.5,6.94,807.2,cotton
68.3,44.3,49.7,27.2,66.5,6.85,865.3,cotton
103.1,48.3,16.3,28.7,68.1,7.03,971.2,cotton
123.4,38.9,25.9,25.3,59.8,6.86,1035.1,cotton
122.2,57.1,38.0,27.8,67.6,6.71,808.8,cotton
79.8,30.8,47.7,24.0,66.9,7.04,788.9,cotton
115.7,18.1,53.0,29.8,63.3,7.8,777.5,cotton
97.7,22.6,69.1,27.2,68.0,6.93,951.2,cotton
99.0,48.3,54.9,25.1,66.8,6.64,691.3,cotton
64.8,46.8,18.1,29.5,67.7,7.01,814.3,cotton
87.4,67.3,54.1,32.6,66.9,6.69,802.8,cotton
106.1,39.8,49.7,23.6,71.2,6.82,1025.5,cotton
140.0,25.8,43.3,25.5,66.2,6.51,867.0,cotton
111.7,36.8,57.4,23.1,68.8,6.67,803.4,cotton
112.4,40.2,42.9,30.9,67.7,6.95,781.5,cotton
114.0,48.7,37.7,26.9,71.6,7.08,863.4,cotton
98.3,53.7,19.5,28.3,71.5,6.13,723.4,cotton
104.0,15.6,25.4,28.5,66.3,7.16,770.6,cotton
93.2,70.0,40.4,29.9,73.0,7.36,902.4,cotton
131.9,27.8,36.6,25.1,60.4,7.34,776.1,cotton
93.6,35.3,43.3,27.7,62.0,6.84,738.0,cotton
111.1,32.6,41.4,31.1,68.0,7.1,814.6,cotton
85.5,42.3,49.6,28.9,71.4,7.29,718.4,cotton
109.2,26.8,54.1,26.1,68.0,6.5,906.2,cotton
78.4,27.8,31.0,25.8,71.8,7.04,831.2,cotton
105.6,37.8,72.4,28.5,64.9,6.58,891.8,cotton
77.6,54.3,47.6,27.6,63.8,6.47,1061.7,cotton
114.4,42.7,40.2,25.5,63.8,6.4,796.3,cotton
70.9,37.7,32.9,24.0,65.9,7.05,1041.3,cotton
103.9,41.4,43.5,28.3,69.0,6.59,868.0,cotton
116.4,49.9,52.7,27.7,63.4,6.29,701.5,cotton
102.7,37.3,45.5,28.3,64.3,6.95,601.1,cotton
91.4,24.0,28.4,27.5,65.5,7.17,864.1,cotton
75.0,49.4,30.2,26.6,67.4,6.85,966.0,cotton
64.6,39.2,17.9,27.2,69.1,6.45,1022.7,cotton
134.8,74.1,35.8,29.1,68.0,6.71,854.9,cotton
78.3,26.4,46.1,28.4,66.7,6.67,861.4,cotton
126.9,44.5,17.8,26.2,68.9,6.89,549.2,cotton
99.8,53.6,20.1,21.9,65.5,7.16,766.1,cotton
101.9,44.7,27.0,29.9,61.2,7.26,934.1,cotton
80.5,63.8,43.5,30.7,70.1,7.13,711.7,cotton
120.5,28.1,30.7,29.1,74.1,6.56,671.8,cotton
120.9,28.7,64.0,29.5,63.5,7.2,969.9,cotton
105.3,42.9,37.2,23.9,69.0,6.67,777.1,cotton
115.8,49.4,22.8,29.6,68.2,7.22,823.4,cotton
81.9,49.5,52.2,28.8,63.5,6.88,747.5,cotton
109.1,37.1,31.2,22.7,62.9,6.77,753.4,cotton
98.4,33.7,63.1,30.8,71.4,6.75,581.1,cotton
81.6,38.2,26.7,24.4,69.1,6.46,851.4,cotton
121.6,28.0,21.2,25.5,69.5,6.81,809.2,cotton
121.5,35.9,36.2,32.3,63.4,6.42,773.2,cotton
102.7,27.4,52.1,27.1,66.9,7.54,968.2,cotton
88.5,42.0,58.5,27.4,68.5,7.04,781.5,cotton
114.0,56.1,26.6,32.7,73.3,6.73,949.7,cotton
130.6,54.4,34.3,26.3,64.5,6.53,1052.8,cotton
104.8,66.0,26.5,27.4,68.4,7.33,798.8,cotton
108.3,46.3,72.6,27.5,64.1,6.86,806.5,cotton
140.0,46.4,25.1,28.7,67.7,7.36,984.2,cotton
109.2,40.1,30.5,26.1,68.9,7.09,882.9,cotton
120.6,35.5,24.9,28.5,70.7,7.05,1066.4,cotton
90.5,30.4,69.1,25.6,66.2,7.23,835.4,cotton
124.7,47.6,63.4,26.4,68.9,6.59,867.9,cotton
70.9,41.3,18.6,25.8,67.6,6.97,861.6,cotton
89.1,28.1,59.1,28.4,61.7,7.13,601.7,cotton
87.9,32.2,39.1,28.3,67.0,7.64,951.7,cotton
81.6,39.7,45.2,23.4,68.5,6.61,906.3,cotton
118.8,39.7,58.2,21.3,66.0,6.53,972.9,cotton
91.7,29.8,49.1,28.6,67.0,7.03,849.8,cotton
100.3,32.8,46.5,27.1,70.9,6.87,853.9,cotton
115.8,43.0,26.4,28.4,65.7,6.77,955.1,cotton
137.7,21.5,57.3,30.8,70.0,6.55,651.8,cotton
81.9,30.2,49.7,27.3,68.1,7.07,807.2,cotton
123.0,33.0,47.6,23.2,77.0,6.63,781.8,cotton
88.2,42.8,43.7,29.1,66.9,7.45,981.7,cotton
140.0,29.9,57.7,24.7,68.0,6.78,816.6,cotton
89.6,18.6,24.9,29.6,64.8,6.69,848.4,cotton
111.8,42.0,44.6,23.8,69.4,7.12,1007.0,cotton
140.0,40.3,42.1,26.0,69.8,6.54,862.4,cotton
69.9,33.3,47.8,30.6,67.6,6.94,956.7,cotton
121.1,57.2,53.5,28.6,67.1,6.52,992.5,cotton
73.8,33.0,49.4,27.1,78.2,6.93,971.8,cotton
126.2,50.4,10.0,23.5,68.7,7.32,869.8,cotton
84.5,26.0,10.0,29.8,68.3,6.42,932.3,cotton
125.9,21.2,32.0,27.5,75.7,6.85,756.9,cotton
95.3,62.3,45.7,27.7,66.2,6.84,744.0,cotton
93.6,42.0,57.4,28.7,69.4,6.88,913.0,cotton
100.7,34.3,37.3,30.3,69.9,6.85,822.0,cotton
93.8,37.1,27.6,30.9,67.9,6.5,860.8,cotton
80.9,35.2,41.2,27.6,67.7,6.93,799.9,cotton
134.2,51.0,48.2,30.5,65.4,7.01,880.0,cotton
121.4,27.0,15.0,29.3,70.9,7.06,1018.0,cotton
62.7,33.6,32.7,27.9,65.8,7.13,858.0,cotton
118.2,47.8,18.9,23.4,63.3,6.74,1024.4,cotton
97.2,29.7,28.8,29.2,74.8,7.01,883.8,cotton
130.3,11.7,42.8,25.4,67.6,7.06,1010.0,cotton
109.8,68.6,55.0,27.6,64.9,6.69,900.8,cotton
90.2,15.4,29.1,30.7,65.6,6.69,827.6,cotton
99.7,33.0,10.5,26.1,67.9,7.0,829.5,cotton
118.8,49.1,38.0,26.1,69.0,7.15,736.5,cotton
96.5,25.0,27.6,26.2,62.8,7.17,762.8,cotton
54.9,37.7,37.7,25.3,70.8,6.8,855.0,cotton
99.5,45.0,33.6,26.9,68.2,6.92,776.8,cotton
124.5,46.3,39.3,26.3,69.2,7.13,1011.0,cotton
118.6,32.4,45.6,23.6,66.9,7.36,873.8,cotton
95.4,43.4,29.1,27.9,64.3,7.0,903.0,cotton
99.0,30.7,26.7,26.0,64.2,6.63,986.9,cotton
109.2,31.0,46.3,27.8,64.4,7.46,674.4,cotton
59.2,27.3,42.5,28.9,67.1,7.17,966.0,cotton
94.5,52.3,53.6,28.3,68.3,6.73,743.6,cotton
86.8,52.5,45.2,25.0,66.2,6.89,726.7,cotton
116.7,51.2,33.5,28.5,71.1,6.12,702.2,cotton
140.0,56.1,50.5,30.7,67.7,6.99,842.6,cotton
102.8,26.5,41.2,25.2,65.0,7.13,866.8,cotton
115.0,39.4,34.1,25.4,64.8,6.91,867.6,cotton
126.4,46.9,40.9,28.0,64.0,6.97,931.3,cotton
68.9,52.1,17.4,29.1,69.9,6.34,902.8,cotton
104.0,65.3,30.6,28.5,64.4,7.0,808.9,cotton
111.3,40.4,44.0,31.1,65.4,7.12,891.1,cotton
98.4,43.4,44.0,26.0,69.9,6.84,753.7,cotton
108.6,42.8,37.7,23.9,67.9,6.84,1000.1,cotton
96.8,26.5,65.0,28.8,71.7,7.14,933.7,cotton
103.0,21.8,46.8,26.9,62.1,6.99,794.8,cotton
82.5,55.3,26.3,26.3,65.7,6.78,1163.9,cotton
135.6,46.8,49.6,25.7,63.2,7.07,932.5,cotton
118.1,29.4,37.8,29.7,71.3,7.02,1049.5,cotton
87.1,53.3,45.9,25.0,57.9,7.01,807.2,cotton
115.3,49.5,42.5,30.3,70.7,7.48,723.6,cotton
64.6,31.6,49.6,26.2,62.8,6.79,938.8,cotton
92.5,31.8,30.1,28.8,68.0,6.38,855.9,cotton
94.1,26.9,41.2,29.0,65.6,6.33,749.6,cotton
109.9,17.9,21.0,25.1,67.0,7.36,862.2,cotton
114.4,46.3,30.9,27.6,58.2,7.27,741.5,cotton
130.3,21.2,58.5,28.6,68.1,6.65,767.8,cotton
127.3,43.8,26.6,27.6,68.0,7.1,792.9,cotton
115.9,48.4,41.6,27.6,71.7,7.15,1062.0,cotton
78.9,31.4,77.3,26.4,67.7,6.68,691.9,cotton
83.6,57.3,45.0,27.8,63.7,6.39,892.2,cotton
87.3,56.9,46.6,29.0,65.7,7.28,936.2,cotton
99.5,13.3,45.6,23.0,61.9,7.22,762.7,cotton
94.1,35.2,17.3,26.2,72.7,6.93,676.9,cotton
59.1,24.2,49.1,24.2,66.0,6.91,999.9,cotton
109.5,36.2,50.5,28.4,71.7,6.84,1054.6,cotton
111.6,58.7,10.0,30.4,68.1,7.3,869.8,cotton
100.7,58.4,66.7,28.7,73.0,7.33,789.9,cotton
117.3,35.8,30.9,27.7,67.4,6.84,1138.4,cotton
86.1,50.4,50.4,31.0,62.2,7.0,852.2,cotton
116.1,63.6,29.7,31.2,70.9,6.72,955.9,cotton
114.3,50.9,25.6,32.0,64.8,6.98,785.9,cotton
85.0,46.3,57.3,28.6,62.8,6.64,770.0,cotton
87.5,27.4,52.0,23.8,63.8,7.07,891.1,cotton
116.4,40.1,17.1,26.0,60.6,7.16,813.1,cotton
85.9,25.2,48.4,30.5,66.1,7.54,772.3,cotton
99.0,58.1,20.3,28.5,68.7,6.97,882.9,cotton
98.1,17.6,38.9,30.1,69.7,7.21,945.9,cotton
88.1,11.5,50.5,25.0,63.6,6.77,764.6,cotton
91.6,41.1,39.4,33.1,66.9,6.88,920.7,cotton
98.0,62.8,33.4,25.4,62.9,7.1,1046.3,cotton
84.7,18.6,26.2,26.6,67.6,6.59,821.1,cotton
111.3,38.0,30.5,27.7,61.3,6.86,885.0,cotton
140.0,31.1,35.2,26.5,65.5,6.95,786.9,cotton
89.4,49.8,35.6,27.4,70.9,6.25,769.8,cotton
84.0,45.5,34.0,25.4,70.3,6.96,901.4,cotton
65.3,69.3,25.3,29.4,59.4,6.93,1023.0,cotton
131.7,51.5,69.2,29.4,65.0,6.65,845.9,cotton
79.2,41.0,28.2,27.6,66.7,6.82,883.6,cotton
99.2,49.1,70.8,28.6,68.4,7.36,869.8,cotton
73.6,46.0,44.1,30.8,66.5,6.96,984.5,cotton
118.0,39.2,37.8,27.6,63.7,7.35,969.8,cotton
100.4,61.4,26.3,28.7,67.8,6.94,1027.4,cotton
81.8,37.5,44.8,27.4,68.0,7.21,1020.7,cotton
91.7,41.4,40.7,25.8,68.3,6.63,832.3,cotton
113.5,58.2,37.2,30.7,64.8,6.93,1029.8,cotton
103.9,57.5,36.9,28.2,69.6,6.64,927.8,cotton
106.0,33.9,22.7,27.8,60.3,6.91,821.7,cotton
73.1,50.3,30.1,25.3,73.7,7.28,939.2,cotton
98.0,39.0,47.0,26.0,69.7,7.16,796.1,cotton
78.6,39.4,36.6,28.9,63.5,6.91,987.2,cotton
97.4,34.8,29.9,27.4,62.9,6.32,756.7,cotton
61.0,41.1,34.0,30.8,71.9,7.35,749.7,cotton
118.1,43.9,39.7,20.2,69.9,7.46,681.5,cotton
58.0,55.9,29.5,31.7,65.7,6.35,1100.6,cotton
104.2,35.2,24.4,28.0,65.1,6.82,641.1,cotton
82.0,5.0,32.2,25.5,68.3,7.07,991.0,cotton
140.0,46.8,30.6,25.3,77.8,7.09,890.7,cotton
105.1,22.8,38.2,28.4,73.2,6.74,1057.7,cotton
108.3,41.0,42.7,31.4,65.4,7.0,854.6,cotton
79.8,36.9,51.1,27.1,69.8,6.63,966.2,cotton
117.6,44.0,35.3,27.9,68.3,6.81,775.0,cotton
98.6,45.1,23.5,28.1,65.7,7.01,1003.4,cotton
74.2,26.0,48.9,27.8,64.6,6.53,979.2,cotton
92.3,42.3,41.6,24.0,69.4,7.01,815.2,cotton
97.2,34.0,38.7,24.6,75.6,6.9,566.2,soybean
88.8,25.1,24.2,22.8,74.8,6.65,541.3,soybean
53.8,38.4,35.2,24.4,72.3,6.83,572.3,soybean
84.3,35.9,28.4,23.5,72.6,6.41,538.0,soybean
76.3,19.4,32.2,26.2,72.8,6.84,636.9,soybean
68.0,29.7,31.2,23.5,69.0,6.91,626.0,soybean
55.3,39.4,28.3,27.2,70.3,6.6,542.7,soybean
45.9,39.1,54.2,23.4,67.9,6.6,586.9,soybean
76.3,31.3,26.9,27.5,75.4,6.56,544.8,soybean
45.8,28.1,26.3,23.8,71.4,6.88,572.8,soybean
93.9,33.9,33.5,24.8,67.6,6.8,566.2,soybean
87.5,44.1,30.7,25.9,71.7,6.62,551.7,soybean
50.0,33.3,39.8,24.0,73.4,6.51,553.6,soybean
50.6,48.2,53.8,24.5,69.0,6.73,512.9,soybean
75.1,34.9,28.9,24.9,64.6,6.67,584.6,soybean
26.6,30.5,33.0,28.8,71.2,6.96,650.8,soybean
68.2,59.2,28.2,24.6,63.6,6.82,554.6,soybean
50.8,65.7,36.2,23.5,69.3,6.92,463.3,soybean
70.4,48.7,60.4,25.2,70.7,6.38,518.2,soybean
47.0,11.3,45.2,23.3,71.4,6.83,581.7,soybean
40.2,16.8,23.1,24.7,71.9,6.74,551.4,soybean
56.3,54.0,32.6,29.0,70.5,6.72,605.1,soybean
78.7,33.0,55.9,26.0,74.9,6.89,560.5,soybean
63.0,45.3,47.8,24.5,74.1,6.55,579.6,soybean
78.2,62.8,16.2,24.2,66.8,7.02,661.9,soybean
52.7,42.3,63.9,23.6,65.3,6.45,637.2,soybean
66.6,37.9,10.7,24.7,70.8,6.84,549.7,soybean
76.8,26.4,36.6,23.5,70.5,6.69,634.2,soybean
39.0,42.2,20.1,25.2,70.3,6.71,556.6,soybean
58.1,30.0,48.9,25.3,69.3,6.53,632.3,soybean
70.7,35.3,40.5,24.8,72.9,6.72,646.2,soybean
73.8,51.1,48.3,24.4,73.6,6.9,606.9,soybean
54.4,47.3,48.3,23.1,74.5,6.71,645.9,soybean
70.9,44.2,35.9,24.7,70.8,6.85,522.9,soybean
33.8,37.8,50.3,26.7,68.8,6.72,577.7,soybean
71.9,68.1,42.2,25.6,69.3,6.84,638.4,soybean
72.6,54.7,55.3,23.3,74.7,6.69,610.3,soybean
73.6,44.0,34.3,25.2,69.8,6.84,545.9,soybean
57.3,51.4,19.3,25.9,70.9,6.59,610.8,soybean
43.8,48.9,44.1,21.5,71.3,6.86,637.8,soybean
54.3,15.8,48.9,22.4,70.4,6.68,634.3,soybean
51.0,29.8,35.8,25.4,73.2,6.49,566.9,soybean
85.3,68.9,42.1,25.1,69.1,6.59,592.9,soybean
49.6,26.1,35.8,23.7,66.4,6.69,636.5,soybean
54.4,37.2,52.1,23.6,70.1,6.63,575.5,soybean
80.8,26.6,32.9,24.8,71.5,6.86,609.4,soybean
62.0,8.6,60.0,27.9,63.0,6.71,564.3,soybean
43.9,28.8,56.3,23.8,69.4,6.51,588.7,soybean
82.0,54.2,47.4,24.8,67.7,6.97,553.3,soybean
32.6,52.7,29.6,25.5,69.4,6.62,524.3,soybean
50.8,62.3,40.6,27.0,71.4,6.86,611.7,soybean
63.3,30.5,18.4,25.5,67.7,6.84,548.0,soybean
81.8,26.5,29.1,22.9,68.5,6.69,624.8,soybean
71.8,33.0,69.2,23.7,75.0,6.89,642.4,soybean
84.9,46.5,61.8,25.4,69.7,6.7,610.5,soybean
50.6,26.7,58.0,25.4,68.5,6.77,539.7,soybean
81.8,26.6,43.9,24.1,70.7,6.64,580.8,soybean
71.2,31.9,50.6,25.4,66.8,6.91,572.7,soybean
64.6,33.2,27.1,25.6,67.9,6.96,521.6,soybean
77.1,51.6,20.9,24.1,67.9,6.42,556.5,soybean
53.6,64.0,33.4,25.2,69.3,6.69,537.4,soybean
48.6,57.4,43.7,23.7,72.6,6.44,543.2,soybean
55.8,26.4,58.8,25.3,70.6,6.62,663.8,soybean
45.8,39.4,26.9,26.0,73.0,6.67,621.9,soybean
58.6,49.6,30.0,25.3,69.6,6.78,622.2,soybean
50.4,26.4,47.4,21.3,72.5,6.83,594.6,soybean
86.6,40.4,12.5,25.2,74.6,6.57,569.8,soybean
57.5,29.7,47.4,24.7,69.1,6.47,615.0,soybean
47.1,27.0,22.3,26.3,68.2,6.89,531.0,soybean
82.9,28.3,10.7,25.6,68.3,6.75,587.9,soybean
72.6,13.5,30.2,25.8,68.2,6.87,570.4,soybean
60.3,49.6,50.8,28.9,71.7,6.97,599.3,soybean
60.2,26.0,28.1,25.9,70.4,6.64,561.6,soybean
66.0,51.4,33.0,24.5,68.7,6.72,535.7,soybean
64.8,54.2,58.4,27.2,71.3,6.78,614.1,soybean
50.6,36.2,40.2,27.2,71.4,7.0,576.7,soybean
63.7,29.0,17.7,26.5,69.4,6.47,613.1,soybean
63.2,54.2,16.8,22.9,73.4,6.76,588.6,soybean
47.7,41.7,64.7,25.9,71.4,6.66,574.5,soybean
79.7,28.5,35.1,26.4,66.6,6.43,553.8,soybean
42.8,37.0,29.2,27.2,73.7,6.7,507.8,soybean
39.7,42.5,22.2,25.7,65.2,6.71,548.0,soybean
70.2,26.1,39.0,24.2,69.5,6.8,582.6,soybean
64.7,54.1,32.9,19.5,69.2,6.57,585.3,soybean
78.3,40.7,11.8,23.4,66.7,6.63,581.9,soybean
66.7,56.0,68.3,22.0,72.2,6.45,581.8,soybean
51.4,28.8,36.2,25.6,64.7,7.14,596.1,soybean
60.6,27.5,62.2,27.5,70.3,6.94,667.0,soybean
87.4,66.8,37.4,24.0,73.2,6.87,639.0,soybean
77.0,31.1,63.1,23.7,75.6,6.67,497.3,soybean
68.9,39.4,49.4,23.8,69.5,6.65,525.3,soybean
63.4,16.2,32.2,24.5,68.5,7.13,547.3,soybean
96.3,39.6,58.7,25.2,72.6,6.58,651.9,soybean
91.7,42.6,26.1,23.1,66.5,6.14,475.1,soybean
55.7,29.4,52.4,25.8,71.6,6.98,582.9,soybean
46.5,45.0,29.9,26.3,75.4,6.67,579.2,soybean
53.9,30.4,57.6,25.8,69.0,7.1,540.3,soybean
78.3,31.0,48.9,23.2,71.4,6.93,546.1,soybean
64.2,41.9,23.9,24.2,73.0,6.65,549.8,soybean
48.4,53.2,18.3,26.6,65.0,6.8,598.3,soybean
37.2,59.8,47.9,24.4,70.1,6.89,590.1,soybean
51.5,59.1,60.8,27.3,70.0,6.51,611.4,soybean
56.3,46.3,53.1,24.0,69.5,6.7,457.6,soybean
94.6,44.5,45.5,26.7,65.5,6.69,593.6,soybean
59.4,55.4,40.7,25.6,64.0,6.71,592.3,soybean
47.5,46.5,58.9,22.3,68.0,6.52,592.9,soybean
70.5,11.0,41.7,25.8,71.2,6.77,601.3,soybean
37.4,52.2,49.4,23.3,69.6,6.76,623.5,soybean
49.6,45.2,10.0,25.9,68.1,6.79,541.1,soybean
89.8,12.0,27.8,24.2,71.1,6.78,649.9,soybean
75.0,35.2,58.2,24.3,72.2,6.59,610.8,soybean
52.2,39.5,47.6,23.3,68.8,6.95,569.9,soybean
54.8,40.3,43.7,25.9,70.5,6.67,612.0,soybean
62.7,52.0,40.0,24.8,66.2,6.88,575.8,soybean
28.9,40.5,47.7,22.1,69.5,6.89,560.1,soybean
53.9,31.5,50.3,23.9,68.4,6.61,578.1,soybean
32.1,30.8,43.6,23.8,74.4,6.93,537.4,soybean
67.2,56.3,46.8,25.5,72.9,6.9,512.9,soybean
69.5,32.0,47.6,25.7,72.8,6.59,639.9,soybean
53.5,43.8,52.1,25.8,69.7,6.8,517.4,soybean
63.0,28.5,50.1,24.9,73.5,6.84,584.4,soybean
34.5,48.8,31.4,25.6,70.1,6.41,628.5,soybean
47.0,39.8,31.2,25.7,69.6,6.73,579.8,soybean
58.1,52.3,63.1,24.4,69.4,6.92,561.5,soybean
61.3,51.8,49.2,26.4,70.8,6.91,597.3,soybean
52.9,42.0,54.9,24.4,70.2,6.73,612.3,soybean
57.8,26.6,59.5,26.5,71.5,6.99,589.7,soybean
35.7,31.0,48.8,24.1,65.5,6.86,546.2,soybean
51.8,43.2,32.5,26.2,69.7,6.59,547.8,soybean
71.9,55.5,27.6,24.6,72.8,6.85,514.0,soybean
75.6,25.1,54.9,24.4,77.9,6.72,496.0,soybean
26.6,39.5,52.3,28.1,67.5,6.72,572.5,soybean
35.1,41.1,76.5,24.9,71.3,6.86,563.2,soybean
52.3,42.5,40.0,22.8,74.9,6.96,571.4,soybean
48.8,24.7,39.4,23.8,69.3,6.77,571.9,soybean
57.6,62.4,39.9,27.9,69.2,6.89,578.4,soybean
59.2,34.0,30.4,26.2,71.3,6.8,543.6,soybean
59.4,41.2,37.0,25.5,69.7,6.8,601.2,soybean
66.6,36.8,59.4,25.0,70.8,6.87,687.4,soybean
65.5,26.7,48.0,24.5,69.2,6.57,619.0,soybean
35.2,40.1,57.1,23.0,66.4,7.28,561.7,soybean
73.7,42.5,43.6,26.7,69.2,7.0,610.5,soybean
46.7,38.2,37.8,24.5,73.1,7.0,537.1,soybean
47.3,54.8,33.1,24.9,72.4,6.61,577.7,soybean
73.9,53.8,52.3,22.9,69.2,7.04,554.8,soybean
56.8,48.2,42.0,26.6,69.5,6.56,546.3,soybean
61.4,48.9,36.8,27.2,71.3,6.52,527.4,soybean
86.2,28.0,58.3,25.9,65.8,6.85,535.0,soybean
53.9,24.2,14.6,25.1,67.2,6.75,519.3,soybean
63.0,52.5,45.9,23.6,70.0,6.66,583.1,soybean
57.0,25.2,33.7,24.8,67.6,6.71,613.7,soybean
60.6,46.8,32.7,21.5,67.7,7.05,654.7,soybean
54.5,34.2,16.1,25.3,71.7,6.9,602.1,soybean
48.5,19.6,55.6,25.9,74.0,6.81,620.1,soybean
60.5,41.7,10.0,22.0,69.4,6.74,560.8,soybean
27.6,30.2,31.4,25.0,71.8,6.65,482.1,soybean
58.6,49.1,50.3,27.0,70.9,6.97,583.2,soybean
37.2,47.2,67.9,22.9,66.4,6.92,636.4,soybean
87.3,42.3,35.2,24.6,71.5,6.69,564.3,soybean
52.7,32.1,71.5,24.1,68.4,6.68,536.1,soybean
59.1,37.1,46.8,23.3,71.5,6.87,581.1,soybean
42.8,32.0,40.5,25.4,66.1,6.66,564.2,soybean
64.6,55.6,48.6,25.6,68.7,6.9,649.2,soybean
45.3,24.8,42.4,23.3,70.8,6.65,503.2,soybean
40.7,48.8,23.6,27.5,71.5,6.73,558.0,soybean
65.9,29.9,32.3,25.0,72.2,6.55,560.8,soybean
43.1,34.1,50.8,18.9,71.4,6.61,662.2,soybean
61.2,66.4,49.5,21.8,74.4,6.54,569.1,soybean
54.0,16.5,34.1,25.2,69.0,6.99,596.1,soybean
70.4,43.2,40.0,23.4,69.4,6.97,563.3,soybean
58.4,33.6,47.0,23.2,70.3,6.9,484.1,soybean
71.4,24.5,49.9,24.9,73.1,6.93,645.2,soybean
100.5,39.1,54.0,25.6,71.2,6.83,600.3,soybean
85.0,29.4,32.7,24.2,72.3,6.82,607.9,soybean
50.1,26.3,44.6,25.4,70.4,6.99,611.7,soybean
58.9,40.3,35.4,24.9,69.9,6.69,597.6,soybean
93.9,41.9,31.7,24.7,72.1,6.79,558.2,soybean
69.3,46.4,23.5,29.5,72.5,6.86,592.2,soybean
65.4,44.0,47.2,25.6,69.6,6.61,519.8,soybean
76.0,26.2,17.0,25.5,69.3,6.92,549.7,soybean
64.6,62.0,46.2,23.8,73.0,6.58,618.6,soybean
60.5,41.2,53.7,27.4,67.7,6.71,616.6,soybean
62.6,42.9,44.2,25.7,66.7,6.34,452.7,soybean
38.0,40.0,66.9,23.4,71.8,6.51,603.1,soybean
53.2,30.8,10.0,27.8,68.2,6.92,598.5,soybean
62.5,10.8,56.3,25.2,70.2,6.32,548.8,soybean
61.1,49.5,10.0,25.9,71.4,6.57,563.4,soybean
43.1,32.5,11.3,24.3,69.5,7.02,574.1,soybean
69.5,44.2,79.7,27.5,68.9,6.74,564.7,soybean
37.5,40.5,51.8,25.8,68.6,6.68,555.6,soybean
29.0,26.2,16.9,24.0,73.8,6.48,541.4,soybean
49.6,49.3,62.7,25.6,69.5,6.97,560.0,soybean
36.4,20.3,34.1,24.2,69.4,6.92,605.7,soybean
53.9,30.1,34.7,23.5,69.5,6.89,553.5,soybean
51.5,51.6,18.3,23.7,66.0,6.76,536.1,soybean
41.8,23.8,63.2,24.1,67.7,6.71,650.5,soybean
77.4,53.8,50.0,25.3,65.8,6.82,580.6,soybean
43.2,50.7,53.1,23.1,71.7,6.41,588.0,soybean
50.5,47.7,52.7,22.4,70.2,6.9,608.1,soybean
58.2,28.9,29.3,24.4,68.4,7.06,575.7,soybean
64.6,45.6,38.5,25.2,66.7,7.1,606.4,soybean
71.5,34.8,42.9,25.0,72.5,6.75,568.8,soybean
55.3,35.8,50.8,23.7,67.9,6.69,625.7,soybean
48.4,45.1,39.8,24.5,68.0,6.78,633.1,soybean
48.5,41.4,22.1,24.7,68.4,6.86,624.5,soybean
84.8,42.6,34.2,23.9,74.5,6.77,571.6,soybean
55.6,16.1,54.0,27.6,68.4,6.84,593.2,soybean
72.5,50.2,64.6,26.8,71.1,6.7,651.6,soybean
36.8,49.3,48.8,24.9,68.2,6.85,568.1,soybean
50.9,32.9,26.8,26.0,73.8,6.91,580.8,soybean
46.8,37.8,40.2,25.9,72.7,7.0,533.3,soybean
56.0,23.2,32.7,26.5,65.8,6.69,642.1,soybean
64.0,41.3,23.5,25.7,66.1,7.29,563.4,soybean
71.9,63.3,45.5,25.4,65.3,6.55,568.2,soybean
84.9,55.6,24.0,26.8,69.8,6.95,568.5,soybean
72.3,52.0,65.3,24.9,69.4,6.82,586.6,soybean
52.8,48.2,50.4,24.5,70.9,7.1,518.2,soybean
43.3,35.3,56.5,25.3,67.7,6.32,575.3,soybean
80.4,52.8,49.1,24.8,67.8,6.87,553.4,soybean
36.9,39.3,45.4,22.5,74.9,6.96,560.3,soybean
48.2,35.7,38.0,23.7,70.2,6.6,478.8,soybean
64.7,5.7,35.7,25.0,69.4,6.42,538.2,soybean
10.4,38.2,10.0,26.5,71.8,6.97,530.9,soybean
64.3,29.8,62.0,24.8,63.8,7.11,574.7,soybean
65.0,47.9,44.5,22.0,64.3,7.09,523.8,soybean
50.9,39.4,44.1,26.0,70.7,6.77,578.3,soybean
55.4,47.0,23.6,25.2,66.6,6.95,513.4,soybean
79.4,42.2,67.7,22.5,69.4,6.63,539.9,soybean
63.5,30.7,72.1,25.7,72.6,6.47,474.5,soybean
73.0,40.3,24.6,27.4,69.7,6.8,544.1,soybean
48.4,47.8,34.2,23.8,73.1,6.83,574.8,soybean
48.8,38.7,40.4,26.5,69.1,6.9,680.3,soybean
31.0,45.2,57.1,24.7,69.2,6.86,677.6,soybean
70.9,64.1,34.3,24.1,69.9,6.75,470.4,soybean
51.8,49.3,47.0,23.6,70.5,6.84,526.4,soybean
63.5,40.3,42.8,25.1,68.8,6.29,537.4,soybean
38.9,33.0,40.8,25.8,69.7,6.76,591.1,soybean
61.7,49.0,53.5,23.8,68.4,6.79,610.8,soybean
52.8,42.8,26.6,26.2,73.0,7.04,487.2,soybean
45.6,31.2,39.8,21.8,68.6,6.68,544.2,soybean
76.9,42.9,30.7,23.7,71.7,7.2,597.6,soybean
39.0,37.1,48.3,25.5,68.7,6.9,588.6,soybean
77.6,27.8,44.8,24.5,69.7,6.59,566.4,soybean
80.9,26.3,30.2,25.7,70.2,6.58,535.5,soybean
62.1,32.1,53.6,23.0,74.0,6.85,518.4,soybean
71.4,50.4,49.0,23.6,67.8,6.63,608.1,soybean
80.6,11.2,28.3,23.3,70.4,6.59,556.4,soybean
60.5,58.9,63.2,24.2,66.5,6.87,456.5,soybean
39.1,41.2,49.2,25.7,70.2,6.25,588.1,soybean
74.1,51.9,31.6,25.5,72.3,7.03,537.8,soybean
58.2,29.7,38.8,26.8,71.3,6.82,581.1,soybean
55.5,56.7,34.7,26.6,72.2,6.89,556.6,soybean
58.7,37.6,21.1,27.5,70.0,6.58,593.1,soybean
41.6,60.5,38.1,24.6,71.5,6.99,541.5,soybean
53.9,30.2,50.9,23.4,68.9,6.73,606.6,soybean
42.7,54.3,22.1,24.5,71.4,6.52,515.1,soybean
55.3,42.8,28.7,21.1,69.2,6.71,601.0,soybean
48.6,27.7,55.3,27.5,71.1,6.87,513.5,soybean
33.0,61.0,32.0,23.3,72.2,6.76,549.7,soybean
35.1,49.9,51.1,24.3,71.6,7.12,585.7,soybean
86.2,21.3,23.0,24.8,72.3,6.49,607.8,soybean
81.5,36.4,22.3,24.6,69.2,6.74,655.2,soybean
71.1,32.3,40.8,24.3,70.2,7.11,632.1,soybean
72.9,32.5,63.5,23.6,81.2,6.94,547.1,soybean
43.4,28.0,25.8,26.8,74.6,6.47,653.4,soybean
59.9,63.5,62.3,25.5,75.2,7.11,551.4,soybean
63.1,41.1,40.9,24.2,69.5,6.63,491.3,soybean
63.0,51.5,21.6,25.9,71.0,6.67,524.5,soybean
49.2,33.3,29.4,24.5,68.7,6.92,570.1,soybean
58.9,53.3,65.1,26.8,71.2,7.12,554.5,soybean
48.3,32.7,73.6,26.7,71.6,6.51,574.3,soybean
62.1,53.0,50.1,23.6,67.4,6.85,540.5,soybean
77.8,38.2,25.5,22.7,73.4,6.71,541.4,soybean
67.7,20.9,39.7,24.5,68.6,6.79,534.7,soybean
80.7,54.3,57.7,24.0,70.3,6.65,548.0,soybean
50.9,25.9,39.4,24.2,70.2,6.72,534.9,soybean
41.1,44.8,29.1,24.3,71.7,6.96,603.7,soybean
83.5,46.6,34.1,23.0,72.7,6.68,557.1,soybean
63.9,40.2,27.2,26.9,67.7,7.1,593.6,soybean
72.5,50.9,30.0,27.0,71.6,6.65,596.6,soybean
53.3,54.6,34.1,22.6,66.1,6.78,599.2,soybean
44.0,43.5,81.2,26.8,72.5,7.14,553.6,soybean
34.4,53.6,10.0,25.1,72.0,6.76,577.6,soybean
73.2,29.8,21.7,24.3,69.1,6.62,625.3,soybean
67.0,35.7,35.6,25.5,66.9,6.87,567.4,soybean
68.5,50.6,40.6,25.8,69.3,6.87,624.6,soybean
52.7,49.7,35.1,23.5,70.9,7.09,555.7,soybean
51.4,55.1,42.1,25.2,71.9,6.52,638.1,soybean
60.3,69.7,52.4,23.1,71.8,6.94,540.9,soybean
52.7,60.1,62.0,24.6,67.6,6.81,541.0,soybean
51.6,53.5,47.1,26.1,68.3,6.99,525.9,soybean
75.5,29.4,36.1,25.1,69.8,6.79,545.7,soybean
70.1,21.8,59.3,25.1,67.7,6.5,602.6,soybean
52.0,40.2,51.1,24.7,68.8,6.82,510.5,soybean
85.3,15.8,56.4,24.7,69.3,7.02,536.0,soybean
68.8,28.7,19.2,25.4,68.6,6.42,613.5,soybean
70.0,34.9,38.9,22.8,70.3,6.9,600.0,soybean
76.1,30.2,59.2,24.1,67.6,6.82,566.2,soybean
62.2,49.5,29.9,25.2,65.8,6.41,585.0,soybean
97.2,25.1,47.9,27.8,67.7,6.76,605.6,soybean
76.8,66.7,41.0,24.5,73.2,6.68,604.5,soybean
72.0,54.5,38.4,26.3,70.0,6.72,550.4,soybean
50.8,30.3,54.2,27.6,72.1,6.65,638.8,soybean
60.3,56.0,57.1,23.0,67.3,6.9,603.2,soybean
44.2,15.0,23.7,27.4,70.4,6.53,635.9,soybean
55.4,26.5,39.2,25.1,69.5,6.84,551.7,soybean
86.6,57.2,31.3,23.5,73.4,6.7,563.7,soybean
73.6,54.5,28.4,23.1,72.9,6.66,572.8,soybean
54.7,39.2,16.5,23.9,70.4,6.62,604.7,soybean
48.9,60.3,31.2,26.3,63.0,6.75,555.1,soybean
67.6,27.5,18.1,23.2,68.3,6.6,596.2,soybean
67.6,51.7,28.7,27.9,69.3,6.75,599.1,soybean
59.9,48.8,47.3,25.6,69.5,6.78,553.9,soybean
47.2,37.5,32.0,22.5,69.1,7.09,518.4,soybean
47.9,73.0,41.2,24.1,73.5,6.84,582.4,soybean
46.9,57.2,43.0,24.0,68.8,7.06,633.8,soybean
38.9,27.4,27.9,27.2,67.2,6.99,654.2,soybean
68.9,48.0,56.4,25.8,69.6,6.78,576.4,soybean
42.8,31.9,55.0,28.0,68.7,6.87,574.1,soybean
77.1,53.5,41.7,24.8,66.3,6.76,524.7,soybean
53.3,50.2,63.5,28.3,69.7,6.27,570.6,soybean
25.8,43.0,51.4,23.6,72.6,6.75,594.3,soybean
75.4,40.0,64.0,23.4,67.1,6.27,564.4,soybean
74.5,43.9,56.6,26.4,69.8,6.86,560.2,soybean
42.0,24.0,46.7,24.5,69.8,6.79,533.5,soybean
78.9,25.2,32.0,24.3,69.1,7.04,568.1,soybean
49.8,33.8,44.2,26.4,69.9,6.54,600.1,soybean
75.5,22.6,61.8,27.8,67.4,6.73,546.4,soybean
57.4,42.0,26.5,24.7,66.0,6.88,544.4,soybean
37.0,72.7,19.5,24.5,69.7,6.62,554.7,soybean
62.6,55.1,46.0,25.3,65.0,6.77,501.2,soybean
41.3,40.5,42.2,24.8,73.7,6.92,535.4,soybean
55.8,58.0,54.0,24.4,72.1,6.71,607.2,soybean
18.7,43.0,33.7,25.1,70.9,6.88,507.1,soybean
53.3,51.6,27.9,24.6,69.6,7.01,537.2,soybean
69.6,9.2,18.7,26.3,70.9,6.75,575.1,soybean
47.6,31.7,44.1,25.7,68.7,6.74,489.9,soybean
23.7,41.7,54.0,26.7,68.6,6.61,535.1,soybean
72.4,41.9,44.3,26.7,66.9,6.75,538.7,soybean
57.0,24.8,30.0,26.9,69.5,7.06,544.2,soybean
49.0,14.5,44.6,23.4,67.8,6.8,589.9,soybean
66.0,58.2,40.2,25.2,68.3,6.6,596.6,soybean
73.6,48.5,37.3,25.7,66.1,6.93,561.6,soybean
61.0,24.3,42.3,26.0,74.1,6.94,612.2,soybean
91.5,18.9,46.3,25.4,73.4,6.73,604.5,soybean
57.6,40.4,56.8,23.7,69.5,6.48,495.5,soybean
53.5,24.0,21.7,22.5,70.2,6.94,612.9,soybean
69.4,21.7,42.7,22.8,73.7,6.64,594.9,soybean
16.0,56.0,45.3,26.1,69.5,6.88,514.7,soybean
58.8,40.4,56.3,26.2,65.7,6.85,557.8,soybean
57.2,45.0,55.2,26.3,70.4,6.62,655.1,soybean
74.0,45.9,54.3,22.6,74.0,6.7,575.4,soybean
56.0,43.0,66.8,23.7,70.1,6.46,541.4,soybean
57.5,69.1,38.8,25.7,72.9,6.57,601.1,soybean
62.2,44.0,28.7,26.9,66.3,6.81,615.2,soybean
87.3,56.8,52.9,23.1,69.8,6.97,555.2,soybean
68.7,48.6,48.0,23.3,70.5,6.63,558.0,soybean
45.9,46.4,58.2,26.7,72.3,6.62,537.3,soybean
43.1,25.1,38.8,25.8,70.8,6.78,575.9,soybean
68.4,38.3,67.4,25.1,71.7,6.71,575.5,soybean
46.5,22.7,25.1,25.1,70.9,6.71,672.5,soybean
79.2,38.9,71.2,23.5,68.7,6.79,591.5,soybean
26.4,22.7,38.4,23.0,68.7,6.93,568.7,soybean
85.1,32.5,25.9,27.6,66.6,6.53,584.4,soybean
37.1,41.6,45.0,27.5,73.2,6.57,617.1,soybean
43.6,50.3,32.9,25.6,65.7,6.91,636.6,soybean
48.4,49.4,49.6,23.6,66.4,6.76,549.6,soybean
50.6,22.1,43.0,27.8,71.3,7.01,590.3,soybean
60.9,46.6,33.1,22.6,73.6,7.16,677.2,soybean
38.2,57.7,67.2,26.5,63.6,6.6,524.4,soybean
54.1,33.0,51.2,22.7,72.4,6.46,628.8,soybean
56.7,33.6,36.8,23.0,68.3,6.84,570.9,soybean
57.8,23.0,73.5,28.4,67.4,6.86,557.6,soybean
34.8,43.3,71.3,24.4,70.4,7.07,559.3,soybean
80.0,35.9,52.4,25.2,68.5,6.79,523.5,soybean
61.0,43.5,44.2,22.6,68.8,7.02,514.8,soybean
89.7,30.4,26.8,26.8,71.7,6.59,549.6,soybean
43.6,59.4,53.4,25.9,70.8,6.79,578.3,soybean
76.9,53.9,42.9,27.3,71.0,6.79,553.0,soybean
66.1,21.9,55.8,22.5,71.4,6.64,649.2,soybean
61.6,47.6,39.6,22.5,70.6,6.94,565.8,soybean
48.5,42.9,36.3,24.9,69.5,6.43,578.6,soybean
55.4,40.1,45.9,24.7,67.8,6.66,561.5,soybean
43.1,33.8,47.8,24.7,66.5,7.24,532.1,soybean
60.9,36.3,43.7,25.6,68.9,6.79,596.7,soybean
74.4,59.0,13.7,26.8,70.0,6.95,574.1,soybean
75.8,30.1,46.6,26.5,67.8,6.8,600.1,soybean
48.1,29.5,38.0,26.5,69.6,6.81,530.4,soybean
47.5,20.7,34.5,26.3,67.8,6.87,601.8,soybean
54.2,41.3,24.0,26.9,70.0,6.67,602.3,soybean
66.2,40.1,35.4,24.4,66.6,6.59,566.0,soybean
52.7,40.4,46.9,23.5,67.9,6.8,640.7,soybean
58.0,40.5,73.2,22.7,73.0,7.08,574.7,soybean
44.8,53.1,45.0,26.9,68.5,6.93,549.3,soybean
56.3,35.1,38.8,25.9,68.4,7.02,564.3,soybean
72.7,29.4,13.7,25.3,68.6,6.63,532.0,soybean
67.5,46.4,40.8,21.7,73.4,6.75,513.7,soybean
69.3,32.6,32.5,24.9,70.4,7.01,618.5,soybean
64.8,38.8,44.4,23.8,69.0,6.6,625.7,soybean
52.5,48.5,22.4,28.1,70.1,6.49,613.0,soybean
67.5,26.1,72.5,28.6,70.1,6.63,575.6,soybean
78.1,47.1,25.0,27.2,66.5,6.79,616.0,soybean
31.2,47.9,20.6,23.9,68.5,7.04,556.2,soybean
64.0,25.6,55.3,23.4,68.6,7.03,491.3,soybean
70.2,30.4,49.4,27.1,75.1,6.9,579.3,soybean
47.7,14.2,55.0,25.4,68.3,6.77,596.7,soybean
55.8,43.3,47.1,22.5,70.8,6.81,579.5,soybean
46.4,45.2,50.0,26.2,70.6,6.76,647.2,soybean
73.7,50.8,41.8,24.7,69.3,6.88,597.7,soybean
54.9,45.5,31.7,23.3,71.5,7.21,549.5,soybean
26.5,36.8,22.3,23.4,64.8,7.0,546.8,soybean
51.2,30.8,39.3,23.5,70.5,6.57,632.4,soybean
55.3,51.4,45.3,25.3,65.2,6.74,654.0,soybean
72.0,51.0,59.0,26.0,67.7,6.98,589.4,soybean
59.9,39.7,32.2,25.7,70.9,6.71,636.7,soybean
104.7,26.4,27.3,27.7,70.2,6.82,587.3,soybean
51.9,41.7,32.5,22.7,70.6,6.66,565.3,soybean
76.3,43.4,37.6,25.5,71.7,6.92,621.4,soybean
65.2,48.4,22.6,23.7,68.7,6.89,558.7,soybean
97.3,35.3,35.1,27.4,67.2,6.67,557.2,soybean
76.1,43.8,23.3,24.7,68.0,6.78,568.8,soybean
57.8,38.9,66.7,24.4,70.1,7.0,552.0,soybean
30.2,50.0,16.1,26.5,74.9,6.84,598.9,soybean
48.4,35.8,55.5,25.8,68.8,6.68,503.6,soybean
64.9,28.0,20.3,23.8,67.6,6.71,597.7,soybean
62.3,40.7,43.6,25.8,69.8,6.66,621.8,soybean
62.8,47.6,43.9,20.8,67.9,6.78,530.5,soybean
65.0,32.9,42.1,22.8,73.2,6.51,635.3,soybean
54.9,42.2,60.4,26.8,71.9,6.81,663.8,soybean
63.7,32.2,55.4,24.9,66.0,6.85,538.1,soybean
63.5,53.8,22.9,24.3,70.0,6.68,569.4,soybean
60.7,45.8,50.7,25.8,70.4,6.91,582.2,soybean
55.2,45.7,41.2,24.2,69.4,6.73,587.5,soybean
61.0,42.9,31.1,25.7,66.0,6.76,574.3,soybean
55.8,39.9,33.3,23.0,69.3,6.78,601.0,soybean
66.2,33.0,21.9,23.4,68.5,6.78,594.7,soybean
71.8,36.4,39.0,29.0,71.6,7.11,553.0,soybean
44.4,24.1,54.8,23.6,71.4,6.65,611.7,soybean
74.4,40.5,53.6,25.2,67.9,6.48,584.0,soybean
72.0,36.5,49.2,24.4,71.8,6.89,565.1,soybean
50.2,47.6,39.1,26.8,68.7,7.0,570.6,soybean
67.9,46.3,30.4,21.9,63.1,6.38,622.0,soybean
59.3,40.3,47.4,25.2,71.8,6.8,469.5,soybean
40.7,35.9,36.5,25.0,75.5,6.98,496.9,soybean
55.7,34.3,41.2,26.8,68.8,6.42,485.0,soybean
68.3,37.9,31.4,24.0,71.5,6.84,543.7,soybean
64.6,40.7,37.8,24.8,64.6,6.82,595.9,soybean
55.4,40.2,45.3,20.7,74.5,6.75,556.7,soybean
75.1,68.1,30.1,26.1,71.1,7.06,565.5,soybean
52.3,41.1,53.7,27.8,70.9,6.89,542.1,soybean
75.0,38.9,34.0,23.8,66.5,7.11,644.6,soybean
89.5,42.4,27.3,24.2,69.9,6.99,569.3,soybean
91.5,43.6,27.5,24.1,67.4,6.53,567.4,soybean
84.8,37.0,10.0,26.4,67.3,6.6,525.9,soybean
67.8,44.8,67.0,27.0,65.4,6.69,562.2,soybean
73.3,45.6,44.3,23.6,68.3,6.46,576.9,soybean
77.4,59.3,51.9,25.7,67.5,6.76,546.4,soybean
60.4,24.0,38.1,25.0,70.0,6.56,586.2,soybean
47.5,39.2,55.6,27.7,67.7,6.74,609.3,soybean
70.2,37.6,23.1,26.1,73.0,6.79,678.5,soybean
78.6,50.2,18.1,27.2,69.4,6.8,617.0,soybean
79.8,26.6,28.2,25.4,72.8,6.94,568.0,soybean
51.8,61.5,44.4,26.9,66.2,6.85,550.3,soybean
53.9,30.5,38.9,25.3,74.0,6.82,559.6,soybean
69.2,44.1,29.2,23.4,65.5,6.72,617.9,soybean
66.9,31.9,58.0,26.1,69.9,6.87,538.1,soybean
76.8,42.3,51.9,25.1,73.8,6.96,606.0,soybean
68.8,38.5,28.6,25.4,70.8,6.8,524.6,soybean
63.7,46.7,48.9,26.1,73.6,6.71,520.3,soybean
48.8,36.0,20.5,22.7,70.8,6.63,609.3,soybean
57.0,49.1,66.4,27.9,71.1,6.71,636.9,soybean
44.9,37.0,16.6,24.0,73.9,6.41,528.4,soybean
81.7,38.6,33.2,26.9,68.6,6.99,610.7,soybean
64.5,33.9,41.2,28.8,70.6,7.01,605.0,soybean
52.3,58.6,61.2,26.7,69.3,7.01,492.0,soybean
88.1,41.5,30.9,24.9,69.3,7.25,551.3,soybean
79.8,18.4,52.4,25.2,66.9,6.77,585.2,soybean
66.6,36.3,35.4,27.3,74.2,6.62,551.6,soybean
39.6,44.8,46.3,24.0,72.1,6.74,604.1,soybean
49.0,48.5,24.2,24.6,66.1,6.33,652.8,soybean
71.7,34.9,34.3,23.4,71.2,6.82,614.6,soybean
74.0,43.1,52.9,26.3,64.6,6.67,519.0,soybean
72.9,38.7,86.1,21.6,71.6,6.5,588.1,soybean
52.1,43.3,55.6,21.4,69.0,6.45,632.0,soybean
65.9,32.1,36.8,27.9,67.6,6.96,634.2,soybean
67.2,47.5,37.2,23.8,68.2,6.56,576.5,soybean
58.0,41.0,10.0,27.3,69.2,6.87,564.1,soybean
44.4,33.4,32.7,25.0,66.9,6.5,498.9,soybean
64.8,36.1,39.1,26.1,65.2,6.77,584.3,soybean
82.6,57.0,52.8,25.3,66.1,6.7,606.9,soybean
45.5,36.8,86.5,25.9,74.8,6.73,643.9,soybean
42.0,38.7,10.7,22.4,66.5,6.77,555.4,soybean
57.5,42.2,39.4,26.0,69.0,6.72,625.9,soybean
73.5,22.9,10.4,26.3,68.0,6.69,626.4,soybean
48.6,29.6,50.4,25.4,68.2,6.64,595.7,soybean
73.1,33.8,42.8,23.0,67.7,6.48,563.9,soybean
30.4,37.6,46.2,22.5,71.9,7.24,544.1,soybean
52.2,54.6,29.9,24.0,67.8,6.78,610.4,soybean
32.7,26.9,45.7,24.4,67.4,6.76,614.4,soybean
72.3,42.6,46.5,23.3,71.2,6.64,552.3,soybean
52.1,55.5,44.0,17.1,63.8,7.3,421.3,barley
87.3,53.0,47.8,14.3,62.8,7.22,418.6,barley
69.6,42.0,41.8,13.3,60.2,7.26,388.0,barley
81.8,39.5,55.0,16.2,64.2,6.82,342.8,barley
55.1,52.4,23.7,15.6,61.4,7.28,423.1,barley
54.1,50.8,30.0,15.0,62.5,7.22,455.7,barley
60.7,41.7,69.5,17.9,56.2,6.96,394.4,barley
85.3,26.4,48.8,13.3,57.4,7.07,402.6,barley
84.8,63.1,40.7,15.7,61.3,6.96,398.4,barley
53.1,23.4,15.8,19.0,61.0,7.38,373.4,barley
74.2,30.6,32.6,18.4,59.5,6.97,364.7,barley
66.4,41.6,43.2,15.5,59.6,7.38,329.1,barley
61.7,52.1,56.5,14.4,58.0,7.18,533.1,barley
36.2,32.7,31.6,14.9,60.8,6.78,419.4,barley
41.2,39.5,10.0,13.0,60.0,7.12,450.0,barley
63.4,27.5,27.8,14.7,60.6,6.9,404.2,barley
62.8,51.3,49.3,16.2,60.1,7.02,534.3,barley
82.3,16.6,39.9,19.6,60.6,7.4,352.3,barley
44.9,66.6,50.9,17.5,61.8,7.09,592.7,barley
46.5,32.6,15.2,13.6,60.8,7.24,386.5,barley
63.3,38.6,42.9,16.7,61.2,7.38,377.2,barley
75.7,54.8,19.9,15.1,60.8,7.06,483.1,barley
51.5,51.4,34.3,17.6,60.7,7.31,424.3,barley
84.2,54.3,60.0,12.5,61.4,7.0,333.5,barley
65.7,46.8,65.3,15.2,57.0,7.31,417.2,barley
57.2,45.9,35.1,14.0,60.8,7.0,391.6,barley
51.5,28.9,10.0,17.2,62.8,7.26,299.3,barley
50.7,48.5,29.2,13.7,59.9,7.34,469.8,barley
57.3,41.3,59.0,13.4,58.3,6.9,392.9,barley
41.6,41.8,49.0,16.6,61.8,7.2,481.3,barley
55.1,45.2,57.4,17.4,63.1,6.98,445.8,barley
84.1,29.5,11.2,14.8,61.7,6.97,394.5,barley
60.6,38.2,16.8,15.0,61.5,7.27,513.2,barley
69.4,59.0,44.9,11.2,63.3,7.21,413.1,barley
45.8,25.9,58.8,14.8,65.1,7.24,345.4,barley
67.3,41.4,37.4,13.3,53.1,7.38,523.6,barley
62.7,40.0,17.2,18.2,57.7,6.87,447.1,barley
82.4,50.9,29.2,14.9,60.0,7.27,361.7,barley
87.9,40.4,16.1,15.6,56.7,7.21,404.2,barley
57.4,36.0,36.8,15.1,62.2,7.24,319.1,barley
54.2,42.0,44.3,15.0,56.5,7.34,348.5,barley
65.9,31.3,34.7,15.5,55.8,7.05,321.7,barley
59.3,31.5,57.5,18.5,58.1,7.46,277.0,barley
44.7,38.6,24.8,15.1,60.5,7.04,376.8,barley
53.9,46.0,47.4,15.0,62.1,7.33,423.6,barley
34.4,36.8,10.0,15.5,57.4,7.23,368.0,barley
51.7,48.8,53.3,12.8,62.7,7.26,341.5,barley
41.5,44.4,44.2,14.7,59.5,7.13,307.7,barley
63.0,35.2,31.2,15.7,61.8,7.12,418.6,barley
48.7,43.1,17.7,17.2,62.2,7.05,263.7,barley
84.0,61.6,10.0,13.6,59.4,7.02,343.4,barley
56.3,31.0,33.7,15.9,61.4,7.04,457.2,barley
41.3,42.5,29.8,13.0,56.2,7.12,392.3,barley
47.5,36.4,46.9,15.5,64.0,6.74,472.1,barley
65.7,45.3,45.1,12.2,60.3,7.16,334.5,barley
83.2,13.5,23.8,15.3,61.7,6.79,403.7,barley
71.9,51.9,29.5,14.6,52.5,7.15,444.8,barley
46.7,45.2,42.0,14.5,59.0,6.98,358.9,barley
33.9,29.7,36.5,15.8,61.8,7.29,414.3,barley
62.8,41.0,52.7,15.0,62.3,7.47,355.3,barley
41.6,37.8,39.1,11.9,62.4,7.05,401.9,barley
58.6,50.9,40.3,13.5,58.8,6.96,539.7,barley
75.7,44.4,52.4,15.8,63.7,7.24,341.9,barley
42.8,43.0,33.5,13.5,63.4,7.4,367.2,barley
55.2,46.2,34.6,13.8,62.9,7.22,419.0,barley
36.9,54.7,30.4,15.7,54.8,7.28,493.1,barley
41.2,37.8,21.9,13.0,60.9,6.99,446.4,barley
82.4,38.2,42.0,13.2,57.6,7.22,407.7,barley
72.8,55.5,44.2,18.4,63.0,7.32,320.8,barley
60.7,31.4,42.9,14.0,62.8,7.33,473.0,barley
40.4,51.8,28.3,16.6,58.9,7.2,468.3,barley
48.3,48.3,31.1,16.3,62.6,7.2,323.4,barley
53.5,56.4,53.5,16.2,55.7,6.99,381.7,barley
53.8,31.9,12.4,17.7,58.7,7.12,510.2,barley
52.4,42.3,53.6,15.0,59.9,7.49,314.3,barley
45.6,50.2,13.9,15.5,59.1,7.11,419.5,barley
41.5,47.0,53.9,16.6,62.4,7.09,306.4,barley
79.4,37.3,12.1,14.3,54.3,6.94,448.0,barley
62.7,39.2,60.4,13.8,59.6,7.09,338.4,barley
41.1,54.5,42.0,15.7,62.9,7.09,430.5,barley
74.8,49.4,51.9,15.2,58.5,7.29,357.8,barley
54.4,44.4,27.9,15.9,59.6,7.35,408.8,barley
39.8,41.2,42.0,13.9,58.0,7.28,384.3,barley
56.9,48.1,38.4,12.0,60.6,7.22,370.6,barley
52.7,32.0,35.0,15.0,62.3,7.04,416.8,barley
65.6,29.1,29.1,17.4,57.2,7.05,438.2,barley
49.0,29.3,35.9,17.2,62.4,7.35,359.1,barley
81.0,49.8,47.3,13.2,59.5,7.21,408.1,barley
70.3,38.1,27.3,11.7,64.3,6.66,429.6,barley
45.8,41.7,53.1,16.3,61.9,7.09,514.0,barley
77.3,22.5,29.4,14.4,67.1,7.33,380.6,barley
52.0,61.4,39.9,15.1,64.0,7.38,333.3,barley
79.2,46.1,37.9,19.3,61.4,7.38,409.6,barley
33.3,40.6,58.9,15.9,60.4,6.97,345.6,barley
31.2,13.8,22.3,16.5,64.4,7.06,394.5,barley
43.5,45.7,48.1,16.4,61.2,7.42,357.7,barley
91.7,46.3,53.9,13.6,59.3,7.09,490.3,barley
51.8,36.7,30.7,17.3,63.1,7.07,356.6,barley
55.9,36.1,40.7,16.4,58.8,7.26,417.8,barley
56.7,32.1,18.0,15.8,59.1,7.29,426.0,barley
52.8,23.5,41.0,16.6,60.5,7.32,400.8,barley
76.8,49.5,46.9,15.5,63.7,6.75,382.5,barley
57.4,44.9,49.6,9.4,57.4,7.07,485.6,barley
43.6,31.0,53.4,16.5,60.6,7.22,454.4,barley
42.6,52.9,36.1,16.4,58.7,7.3,448.3,barley
54.3,42.3,29.5,17.8,64.4,7.09,298.6,barley
46.5,30.8,19.4,14.9,58.2,7.23,350.8,barley
62.9,35.6,73.4,14.2,57.9,7.03,487.4,barley
63.5,38.1,70.4,14.7,62.4,7.3,422.3,barley
72.3,11.8,39.9,14.8,58.4,6.87,370.6,barley
58.0,37.6,31.8,14.7,55.4,7.0,549.3,barley
59.6,32.8,55.2,14.9,60.9,6.77,316.0,barley
45.5,61.0,47.8,17.9,63.5,7.1,377.9,barley
40.1,36.8,49.3,15.0,60.7,7.14,445.8,barley
40.2,38.1,32.1,14.8,61.0,7.01,460.2,barley
62.2,31.6,40.3,15.6,58.5,7.32,352.1,barley
75.4,67.8,28.1,17.3,61.5,7.03,419.6,barley
44.2,38.7,49.0,13.0,62.2,7.14,411.7,barley
59.6,50.0,27.2,14.3,62.9,7.19,440.5,barley
87.5,66.1,34.7,13.4,58.8,7.02,382.2,barley
33.3,45.7,20.4,15.2,62.8,7.36,387.5,barley
55.7,46.3,55.6,17.9,57.9,7.11,429.3,barley
61.1,60.5,58.5,13.1,64.0,7.01,522.6,barley
50.5,42.1,43.7,14.4,67.5,7.17,454.3,barley
71.4,18.9,53.5,14.1,56.9,7.04,429.4,barley
79.9,40.7,36.3,11.6,58.8,7.2,284.6,barley
61.2,38.4,27.9,16.0,60.3,6.96,341.9,barley
58.9,30.9,53.0,15.3,62.9,6.89,410.6,barley
37.0,19.2,20.9,16.3,58.2,7.29,433.9,barley
62.0,21.2,41.5,14.9,52.6,7.36,445.0,barley
53.8,28.9,65.8,16.8,62.7,6.93,440.0,barley
57.9,56.5,34.5,16.1,58.8,7.03,589.8,barley
57.9,37.8,39.9,15.2,60.1,7.04,406.4,barley
47.6,42.2,31.9,16.6,57.9,7.09,517.4,barley
53.1,45.5,26.6,15.4,53.7,7.23,473.6,barley
48.8,32.6,51.3,17.0,61.4,7.28,460.9,barley
91.5,31.5,41.0,13.7,59.2,7.23,496.4,barley
56.5,57.4,35.8,16.8,59.2,7.07,463.4,barley
44.9,28.4,10.0,15.1,61.8,7.18,371.5,barley
68.3,38.5,51.6,13.6,63.3,7.26,452.9,barley
73.1,48.8,10.0,15.5,59.8,7.37,520.3,barley
59.9,40.4,20.5,16.5,58.9,6.91,391.5,barley
77.3,39.0,39.2,12.5,62.2,7.18,432.4,barley
39.1,41.9,38.5,13.5,64.6,7.33,296.0,barley
66.0,38.6,37.6,14.5,61.0,7.28,372.7,barley
65.2,34.4,52.3,16.6,60.2,7.14,430.9,barley
36.4,40.8,14.6,13.2,61.5,6.97,372.6,barley
41.9,38.9,46.0,12.8,59.5,7.36,450.4,barley
59.4,44.6,31.1,13.0,61.3,6.89,468.8,barley
83.5,31.0,43.2,12.5,65.5,7.09,418.6,barley
88.4,43.6,32.3,16.3,59.3,7.27,399.4,barley
42.8,18.1,45.5,14.7,60.3,7.05,568.0,barley
62.0,45.8,32.0,16.1,60.0,6.96,373.6,barley
58.8,37.7,18.6,17.8,60.7,7.29,344.2,barley
50.6,37.6,60.0,17.3,61.3,7.26,388.7,barley
62.0,66.5,11.3,13.1,58.1,6.96,541.9,barley
49.2,32.8,37.8,14.8,60.1,7.21,431.8,barley
64.8,18.2,36.6,13.1,59.0,7.07,397.0,barley
51.0,24.2,42.1,18.9,63.2,7.16,327.6,barley
65.1,21.1,41.5,17.4,59.8,7.31,374.1,barley
57.0,18.1,14.8,17.5,53.1,7.21,397.5,barley
50.3,41.2,37.0,16.6,57.7,7.14,351.2,barley
58.8,63.2,51.0,13.0,61.1,7.16,365.9,barley
71.7,38.7,43.3,16.4,60.6,7.08,388.9,barley
49.9,48.3,31.1,15.3,67.3,7.04,398.8,barley
55.3,48.6,12.1,14.5,61.2,7.23,327.6,barley
55.4,48.3,59.2,13.8,57.1,6.87,388.7,barley
54.7,18.4,41.1,14.1,61.6,7.35,448.9,barley
62.1,48.4,34.5,13.3,59.2,7.09,351.8,barley
58.8,35.5,37.6,15.7,62.3,7.12,401.0,barley
55.2,52.2,34.7,13.7,61.9,6.97,341.2,barley
79.7,26.4,51.2,16.4,57.4,6.89,360.6,barley
43.7,49.3,47.7,13.3,65.5,6.88,487.8,barley
41.7,37.0,21.9,16.3,65.0,7.17,361.7,barley
50.8,17.1,49.0,17.7,61.2,7.07,356.0,barley
35.3,54.6,26.4,17.2,56.1,7.28,338.9,barley
65.3,10.9,64.6,13.2,57.4,7.04,416.6,barley
69.0,56.6,29.8,15.1,57.5,7.31,313.8,barley
49.2,38.6,30.8,15.5,61.7,7.33,428.4,barley
42.9,36.3,58.7,14.9,55.9,7.33,446.6,barley
74.1,32.9,32.6,15.5,57.0,6.98,422.6,barley
60.0,33.8,31.3,16.6,60.7,7.16,330.0,barley
56.6,27.3,36.4,13.2,58.3,7.31,432.2,barley
81.2,46.1,64.9,14.3,59.1,7.11,467.3,barley
83.0,51.9,54.5,17.1,62.5,7.4,340.9,barley
80.1,36.6,59.4,14.5,59.1,6.88,344.2,barley
84.4,53.3,43.2,12.9,58.8,6.94,472.2,barley
53.8,63.5,80.1,15.1,60.5,7.02,429.3,barley
49.0,33.4,72.3,17.6,59.2,7.02,431.9,barley
56.4,14.2,44.3,18.0,57.6,7.3,449.8,barley
59.5,39.0,11.9,13.6,59.4,7.07,346.1,barley
58.4,57.5,44.0,17.5,57.6,7.1,334.4,barley
31.0,37.0,57.4,15.9,60.6,7.2,418.3,barley
90.7,23.8,49.4,21.6,61.1,7.06,319.7,barley
43.8,48.0,40.3,12.7,59.9,7.32,378.8,barley
51.5,53.2,45.0,15.5,56.8,7.28,463.9,barley
52.0,26.4,50.4,14.7,62.1,7.35,360.7,barley
40.0,16.7,23.0,12.6,57.3,7.08,313.0,barley
59.3,44.1,25.8,16.1,59.1,7.47,315.2,barley
57.3,40.6,35.8,18.6,59.4,7.36,363.9,barley
48.5,32.7,19.0,14.5,61.4,7.05,424.7,barley
24.3,37.1,23.5,12.3,62.3,7.29,419.8,barley
31.6,28.4,40.1,15.2,61.5,7.15,372.1,barley
38.9,20.0,33.3,15.2,56.2,7.16,306.3,barley
49.2,40.8,34.3,14.2,58.2,7.15,341.4,barley
72.6,42.9,33.5,15.3,62.1,7.36,458.5,barley
49.1,39.6,29.8,14.4,60.0,7.26,341.5,barley
67.5,38.8,33.6,15.3,58.2,7.04,363.4,barley
57.2,23.1,34.8,15.4,62.8,6.99,372.4,barley
60.4,29.4,28.0,12.2,61.9,7.28,449.8,barley
80.5,31.7,43.4,17.6,60.3,7.07,495.7,barley
59.4,28.1,29.1,17.3,62.1,7.23,344.2,barley
74.8,23.2,59.7,15.5,60.3,7.24,305.1,barley
59.3,43.2,40.3,17.8,57.4,7.1,427.3,barley
54.9,33.1,68.8,15.5,60.7,7.08,394.0,barley
62.7,21.9,36.1,17.4,63.3,7.28,437.0,barley
64.9,26.0,28.8,14.4,56.3,7.23,324.5,barley
67.6,29.7,41.4,16.9,60.4,7.12,341.5,barley
92.9,70.7,30.4,15.3,60.2,7.21,415.3,barley
64.3,40.7,56.9,11.1,60.5,7.32,439.7,barley
61.5,37.3,46.5,17.1,58.0,7.13,307.6,barley
57.8,39.1,47.7,16.7,61.4,7.01,514.8,barley
95.3,33.0,42.2,15.6,58.8,7.21,536.7,barley
62.2,28.8,52.6,13.4,58.0,7.32,405.5,barley
71.6,34.9,21.1,15.3,57.1,7.21,463.5,barley
40.8,34.8,33.0,14.9,62.8,7.08,481.9,barley
62.1,45.2,14.1,15.7,58.1,7.33,393.0,barley
24.9,59.1,42.6,11.0,58.8,7.24,304.2,barley
72.3,37.2,47.1,17.3,61.3,7.16,340.9,barley
70.5,63.5,21.3,16.8,60.6,6.84,356.6,barley
54.1,34.9,38.7,14.8,60.1,7.18,458.7,barley
53.7,25.2,37.7,15.1,59.8,7.4,321.2,barley
50.6,41.8,17.0,13.8,60.3,7.03,310.8,barley
33.0,34.2,46.4,12.1,55.2,6.99,444.7,barley
42.0,72.5,55.9,15.2,62.7,7.0,559.5,barley
62.4,40.9,26.4,16.0,60.7,6.91,405.0,barley
33.9,33.7,16.8,14.1,59.7,7.49,501.0,barley
49.8,13.3,62.2,13.0,60.8,7.19,344.8,barley
55.2,41.8,22.7,14.5,60.7,7.18,325.6,barley
78.1,59.0,55.8,16.3,58.5,7.26,333.5,barley
49.9,51.1,35.0,14.5,63.5,7.37,297.3,barley
87.0,34.4,46.1,17.5,64.9,7.28,365.7,barley
67.2,25.1,32.9,13.4,62.2,7.54,456.3,barley
54.7,40.8,34.4,15.9,60.3,7.18,374.7,barley
38.1,45.1,48.0,14.4,60.4,7.21,471.8,barley
70.7,46.5,42.6,14.3,54.3,7.28,539.0,barley
57.3,26.9,50.8,15.9,58.2,7.2,457.9,barley
75.4,41.8,60.7,14.1,58.7,7.02,300.1,barley
72.9,48.3,18.7,13.9,67.1,7.21,458.3,barley
70.4,28.3,72.0,16.0,59.4,7.01,420.4,barley
96.2,29.4,38.3,15.2,58.7,7.1,318.4,barley
57.1,36.4,31.1,14.1,58.7,6.96,433.3,barley
53.1,40.7,20.0,14.1,59.2,6.97,479.0,barley
28.6,58.4,27.0,17.7,63.6,7.21,457.8,barley
73.6,36.3,35.1,13.7,63.4,7.32,410.4,barley
68.9,9.7,41.9,15.6,62.2,7.28,391.3,barley
66.9,35.7,48.6,14.8,58.1,6.93,411.2,barley
56.8,50.2,45.9,13.9,62.5,7.2,494.4,barley
44.2,30.6,17.5,15.4,63.6,6.95,469.5,barley
76.9,41.7,45.1,14.9,59.9,7.06,440.0,barley
90.0,28.3,47.8,16.9,65.2,7.08,391.8,barley
50.2,51.2,30.2,13.9,58.8,7.2,474.6,barley
51.1,39.9,35.2,17.8,56.6,7.3,333.6,barley
63.5,53.3,24.1,12.8,63.2,7.31,394.9,barley
42.0,15.0,52.3,14.5,59.7,7.11,426.4,barley
60.1,50.3,36.5,15.4,58.9,7.03,460.1,barley
78.4,42.5,66.2,16.3,59.6,7.14,332.9,barley
47.8,60.2,40.2,12.8,60.4,7.25,408.7,barley
75.7,20.3,38.3,13.2,59.2,7.6,398.9,barley
60.4,24.3,53.2,16.6,52.7,7.25,466.6,barley
47.5,17.7,49.9,18.7,62.8,7.44,437.1,barley
57.8,30.6,36.6,14.6,59.8,7.27,308.4,barley
69.9,21.3,55.2,15.0,59.6,6.93,271.4,barley
64.2,31.2,31.6,14.3,60.7,7.01,363.8,barley
59.6,42.0,44.9,15.7,56.8,7.19,324.1,barley
33.8,63.1,40.0,15.1,60.2,6.82,440.5,barley
97.0,43.0,32.0,16.6,59.9,7.08,377.0,barley
72.8,34.4,50.1,12.2,59.6,7.27,531.6,barley
67.8,44.9,49.6,14.0,62.9,7.12,334.0,barley
66.4,54.2,60.2,12.4,59.2,7.01,361.0,barley
46.8,61.8,53.9,14.4,61.1,7.25,419.5,barley
57.9,20.2,46.2,16.6,61.3,6.98,480.2,barley
56.2,40.3,12.4,14.7,63.0,7.08,397.3,barley
66.7,32.9,40.6,14.6,58.5,7.29,234.3,barley
60.8,41.9,25.3,13.2,67.3,7.45,399.8,barley
83.5,44.0,41.5,13.7,58.7,7.3,424.1,barley
74.4,52.4,33.0,12.2,57.1,7.08,449.8,barley
35.8,48.2,45.9,14.3,57.0,7.05,353.4,barley
61.0,38.2,35.7,15.9,57.0,7.16,336.4,barley
85.5,27.1,48.9,17.9,64.9,7.36,428.4,barley
44.2,35.0,28.1,14.3,63.7,7.1,289.1,barley
84.9,50.2,45.9,13.8,64.3,7.04,385.2,barley
35.0,43.6,51.8,16.2,63.2,7.24,400.9,barley
36.7,21.6,50.0,14.5,58.5,6.93,408.4,barley
32.2,44.8,20.9,10.8,58.1,7.1,355.6,barley
63.7,40.4,33.6,16.9,59.8,7.15,358.5,barley
77.9,48.5,54.0,15.6,58.1,7.22,431.1,barley
74.1,73.4,54.7,15.3,58.0,7.2,337.6,barley
60.7,28.5,63.5,13.0,65.7,7.12,348.8,barley
60.7,50.0,48.2,15.8,57.5,7.2,348.4,barley
58.0,40.2,26.5,14.6,59.6,7.06,363.7,barley
63.6,41.0,46.3,16.1,57.9,7.09,375.3,barley
56.0,27.9,65.5,16.5,60.7,6.98,487.0,barley
65.5,20.8,38.9,18.3,62.1,7.19,443.4,barley
73.7,43.4,36.0,13.5,59.9,7.47,418.8,barley
53.9,40.4,10.6,17.8,60.8,7.16,398.0,barley
49.2,22.7,51.8,12.4,63.9,7.21,423.3,barley
60.5,44.6,38.2,14.1,61.0,7.23,442.9,barley
82.8,48.8,43.4,13.9,54.0,7.12,335.8,barley
45.3,31.0,27.3,13.8,59.7,7.41,466.5,barley
10.0,52.9,14.7,12.5,60.3,7.03,337.5,barley
52.4,31.6,62.5,16.0,65.3,7.31,402.1,barley
65.3,42.3,46.9,12.5,59.7,7.09,412.7,barley
60.1,31.4,28.3,15.2,60.2,7.04,427.8,barley
52.5,42.4,41.8,14.4,60.1,7.3,392.0,barley
63.4,31.5,69.5,14.0,62.5,7.18,404.9,barley
55.5,33.5,68.1,13.9,62.2,7.13,288.8,barley
81.0,37.0,18.1,15.6,60.4,7.19,436.7,barley
54.4,40.2,38.0,16.4,60.3,7.23,433.1,barley
73.2,7.6,36.6,14.0,56.5,7.53,479.3,barley
58.2,31.1,26.8,14.7,57.5,7.16,426.1,barley
56.7,40.6,57.5,16.5,61.2,7.28,286.9,barley
79.4,23.2,55.1,13.8,58.8,7.34,359.9,barley
77.2,48.4,73.7,16.4,61.0,7.14,503.6,barley
38.5,37.4,53.9,16.6,57.1,7.06,410.2,barley
61.3,45.7,42.1,15.0,60.8,7.08,468.1,barley
78.4,9.7,10.0,15.3,58.9,7.52,348.7,barley
60.9,38.0,51.3,15.1,58.7,7.32,459.6,barley
88.6,48.3,49.4,14.1,61.7,7.14,380.9,barley
46.3,52.5,44.4,14.9,59.2,7.2,458.3,barley
45.8,50.9,43.2,18.3,61.9,7.16,559.5,barley
56.5,49.9,48.3,15.9,57.9,7.0,515.3,barley
58.3,33.4,53.3,13.5,57.0,7.01,450.4,barley
78.2,38.9,62.4,15.5,59.4,7.13,517.7,barley
74.3,17.1,30.1,15.9,62.9,7.3,243.1,barley
59.5,46.6,48.5,14.0,64.4,7.15,343.9,barley
55.7,40.2,10.0,9.4,56.5,7.22,356.9,barley
40.0,55.1,50.9,14.5,63.5,7.27,474.3,barley
65.2,40.8,63.1,14.8,62.4,7.05,265.0,barley
72.2,37.6,25.0,14.8,63.9,7.04,399.0,barley
55.6,28.2,35.2,15.0,63.4,7.39,446.1,barley
26.9,31.2,29.1,13.0,59.1,7.27,385.5,barley
75.6,47.1,41.8,17.0,60.6,7.13,325.7,barley
36.4,25.2,43.8,14.1,60.6,7.24,276.5,barley
80.7,24.4,48.1,15.6,58.6,6.85,334.0,barley
34.5,16.7,48.9,14.9,58.0,7.16,486.0,barley
50.0,20.9,47.6,12.0,62.5,7.27,384.8,barley
68.6,54.7,21.4,17.2,58.0,7.06,355.9,barley
49.6,45.9,54.4,12.5,59.6,7.19,556.0,barley
63.5,45.6,43.4,15.5,59.2,7.11,516.1,barley
60.5,28.5,23.0,12.9,59.1,7.06,420.8,barley
50.0,5.5,29.1,10.6,61.4,7.13,516.5,barley
79.6,36.1,56.3,16.2,61.6,7.18,462.8,barley
69.9,31.1,24.5,14.4,57.5,6.98,341.3,barley
48.7,40.9,41.9,16.2,62.4,7.23,421.9,barley
53.8,54.8,33.0,13.5,58.3,7.48,326.4,barley
80.7,44.5,65.7,16.5,62.4,7.21,460.2,barley
68.7,22.1,30.2,12.3,60.7,7.0,423.2,barley
72.0,23.1,31.2,11.7,59.4,7.5,503.9,barley
37.2,28.5,67.3,13.3,59.8,6.93,434.9,barley
46.0,56.5,68.1,18.7,60.4,7.1,413.7,barley
77.8,24.3,47.0,13.5,58.9,7.08,394.5,barley
78.3,21.7,34.8,16.2,62.2,7.17,390.5,barley
74.2,31.5,27.7,14.9,57.3,7.02,221.9,barley
38.3,23.1,48.6,16.4,54.8,7.09,292.1,barley
28.1,45.4,32.1,16.5,62.8,7.35,452.6,barley
69.5,45.9,42.1,13.8,55.7,6.87,437.4,barley
42.3,34.9,52.6,13.5,61.7,7.16,449.6,barley
64.1,33.0,10.0,17.2,59.4,7.12,378.2,barley
57.9,37.7,54.9,17.0,58.5,6.98,519.6,barley
69.0,52.7,25.5,15.1,56.7,7.29,347.2,barley
48.1,58.7,52.5,18.1,61.8,6.84,283.8,barley
78.8,34.5,15.8,14.1,60.3,7.23,365.4,barley
56.8,43.7,26.6,15.3,56.7,7.2,369.5,barley
86.1,49.4,56.2,15.8,57.9,7.11,312.2,barley
75.2,52.0,66.6,17.4,60.1,7.38,640.2,barley
64.8,58.8,32.8,14.3,60.8,7.12,366.8,barley
51.3,48.2,61.6,14.5,59.4,6.84,411.6,barley
53.3,19.2,60.5,13.1,60.1,6.81,322.7,barley
43.9,37.7,38.4,13.7,62.8,7.04,510.2,barley
54.9,31.5,37.2,15.6,61.9,7.19,348.2,barley
86.5,38.4,55.1,13.6,60.2,7.19,403.9,barley
64.2,28.5,18.0,15.4,59.7,7.14,384.1,barley
71.5,48.6,51.8,16.1,61.9,7.18,459.9,barley
56.4,17.5,65.8,13.6,59.0,7.15,326.9,barley
52.3,35.4,35.0,14.5,63.1,6.77,411.5,barley
60.7,23.2,10.0,14.7,61.7,7.31,496.5,barley
54.5,64.1,27.7,12.5,60.1,7.12,424.0,barley
81.9,37.1,52.0,16.5,59.8,7.34,400.1,barley
55.4,33.0,53.5,15.6,60.5,7.04,400.5,barley
52.6,40.5,38.0,14.8,58.2,6.63,313.5,barley
54.5,34.2,28.2,18.3,61.3,6.88,438.3,barley
57.9,33.9,39.9,13.7,56.8,7.29,279.5,barley
50.7,44.2,68.4,16.9,61.4,7.01,400.3,barley
71.9,12.5,24.2,17.4,60.4,7.38,438.9,barley
56.2,36.6,35.7,15.6,57.8,7.04,280.9,barley
75.4,31.9,23.7,16.4,59.0,6.93,382.3,barley
55.1,67.7,38.9,15.4,58.7,7.19,348.9,barley
45.7,45.0,55.5,16.0,57.8,6.97,270.6,barley
91.1,41.6,54.1,15.6,58.4,7.33,384.9,barley
65.9,54.5,27.7,15.6,57.1,7.07,450.4,barley
42.3,41.9,38.3,11.6,62.5,6.89,366.8,barley
42.1,57.7,24.0,16.0,59.2,7.34,318.1,barley
68.2,39.9,56.8,16.4,57.1,7.07,375.1,barley
46.5,53.3,48.4,17.4,56.9,6.94,321.1,barley
63.9,8.1,44.5,14.1,63.5,7.46,399.3,barley
41.5,29.4,35.2,16.6,61.8,7.21,415.0,barley
83.8,39.5,13.7,16.8,61.1,7.2,348.9,barley
43.8,28.6,70.0,16.1,61.8,7.02,542.5,barley
83.5,27.8,57.7,14.5,59.6,7.1,355.8,barley
55.3,40.8,38.6,15.2,64.0,7.16,480.5,barley
29.0,12.1,51.6,12.2,60.6,6.96,503.5,barley
68.2,41.1,38.7,14.0,61.2,7.07,369.7,barley
78.1,68.2,49.8,12.4,61.5,7.04,345.4,barley
90.2,33.7,24.4,17.5,58.7,7.18,448.0,barley
63.2,51.7,35.5,13.1,57.5,7.42,385.5,barley
67.8,47.2,17.7,13.1,57.7,7.21,312.7,barley
42.4,51.6,75.1,15.0,61.0,7.23,331.6,barley
48.6,43.0,22.9,16.4,59.2,7.12,389.1,barley
40.8,43.5,25.1,11.9,60.1,7.06,414.6,barley
40.9,41.8,19.4,14.8,61.6,6.93,517.7,barley
63.9,39.2,30.1,11.7,60.8,7.22,435.5,barley
43.0,29.6,43.0,15.9,58.7,6.98,502.0,barley
45.3,41.0,37.8,11.4,61.6,6.86,429.3,barley
45.3,27.2,51.0,15.9,63.2,7.1,390.6,barley
42.9,27.8,27.8,15.0,61.5,6.82,442.2,barley
56.2,31.5,41.3,14.3,63.0,7.1,466.6,barley
57.7,56.6,33.4,15.3,62.0,6.78,453.8,barley
43.5,48.7,53.2,16.9,60.4,6.97,379.6,barley
86.1,36.2,15.1,15.0,60.1,7.35,318.2,barley
46.7,40.7,59.6,16.4,62.4,7.2,381.6,barley
53.8,49.8,23.2,14.8,56.0,7.02,331.0,barley
62.1,20.2,39.2,17.6,65.8,7.43,310.9,barley
49.3,37.6,31.4,14.4,60.7,7.02,315.0,barley
65.3,45.1,53.2,18.5,61.1,7.17,364.3,barley
46.3,39.3,43.6,15.4,60.1,7.13,415.0,barley
51.7,43.8,36.7,15.7,59.4,7.14,412.0,barley
60.5,64.3,36.8,15.3,58.2,7.25,466.7,barley
73.2,34.8,10.0,16.2,56.5,7.07,401.0,barley
71.5,58.4,31.6,14.9,60.3,7.4,327.2,barley
40.4,56.4,10.0,14.8,58.3,7.0,330.4,barley
36.3,33.4,49.4,17.3,61.2,6.97,483.1,barley
56.6,41.3,17.4,15.0,62.9,7.42,330.4,barley
55.9,34.6,35.8,14.3,60.9,7.07,434.0,barley
51.4,34.2,33.2,15.7,59.8,7.21,268.8,barley
69.8,36.5,69.0,14.2,60.3,6.81,400.4,barley
30.7,30.1,48.9,13.0,59.5,7.22,342.2,barley
69.2,59.3,46.2,13.4,58.9,7.0,491.3,barley
37.1,45.1,38.9,17.1,57.7,7.3,511.8,barley
67.6,40.7,39.1,17.1,61.4,7.2,478.2,barley
61.2,20.7,35.0,17.4,59.6,7.19,504.2,barley
66.0,46.7,26.2,17.7,65.3,7.34,350.0,barley
39.3,25.6,68.5,14.6,58.5,7.32,496.1,barley
73.8,33.2,35.7,15.0,63.4,7.35,364.1,barley
64.0,55.4,51.3,15.5,58.7,7.18,446.3,barley
73.8,41.2,36.0,12.5,57.7,7.24,385.8,barley
29.2,55.2,47.4,15.1,58.4,6.95,413.9,barley
65.8,43.5,14.0,15.6,56.9,6.87,484.3,barley
23.4,32.9,29.4,15.6,58.0,7.1,373.3,barley
47.4,46.7,35.4,15.9,61.6,6.74,389.5,barley
49.0,51.9,57.4,16.4,61.8,7.05,279.7,barley
62.1,35.7,70.4,16.7,63.2,7.02,535.9,barley
63.8,28.7,14.7,16.8,62.2,6.95,387.4,barley
41.0,26.1,25.5,16.3,61.1,7.12,460.6,barley
49.6,31.4,10.0,14.6,62.7,6.88,471.7,barley
61.3,34.8,48.6,15.9,59.7,7.37,383.6,barley
58.8,41.4,28.7,16.8,61.7,7.13,419.8,barley
40.2,23.0,22.1,14.1,65.0,7.41,491.9,barley
74.7,33.9,33.5,15.2,58.5,7.38,212.8,barley
51.5,24.0,36.7,15.9,58.7,7.11,462.4,barley
70.4,30.8,10.2,14.5,61.6,7.23,316.0,barley
55.9,58.9,32.4,15.8,57.8,6.95,355.7,barley
69.9,65.5,10.0,13.2,60.4,6.81,443.5,barley
61.6,56.7,52.5,12.9,59.8,7.31,210.1,barley
47.0,37.2,40.9,17.8,59.0,7.16,477.3,barley
47.0,47.9,19.0,14.9,59.2,7.0,489.5,barley
59.5,27.6,27.1,14.7,60.7,7.14,488.5,barley
80.3,59.3,51.9,14.7,62.4,7.17,418.1,barley
39.9,36.5,51.6,17.0,57.1,7.23,334.0,barley
43.9,37.9,39.9,17.4,58.4,7.2,383.1,barley
48.8,20.6,45.1,15.0,57.9,7.03,405.9,barley
71.2,47.7,43.3,16.5,59.3,7.02,453.1,barley
36.6,47.9,38.4,17.9,59.4,7.09,398.2,barley
67.2,42.0,29.0,15.8,59.0,6.77,522.8,barley
82.2,31.3,41.0,15.7,57.6,7.1,452.4,barley
39.6,40.9,34.4,10.6,60.4,7.35,301.2,barley
63.3,40.8,36.2,16.6,61.1,7.04,318.8,barley
61.2,42.7,25.2,15.8,59.7,7.09,402.9,barley
71.6,48.1,26.2,14.4,59.9,7.05,329.7,barley
43.6,50.3,53.5,15.0,59.6,7.03,442.6,barley
57.6,41.7,35.2,14.7,52.6,7.37,451.1,barley
69.3,36.0,20.4,17.3,63.7,7.21,329.3,barley
53.7,56.7,68.7,16.6,63.4,7.12,420.8,barley
69.0,36.9,63.5,15.0,62.0,7.11,349.8,barley
53.8,48.9,53.8,13.8,58.8,7.1,432.0,barley
73.9,7.7,35.9,15.9,60.4,7.3,392.8,barley
43.8,43.1,53.5,14.6,59.8,7.27,444.6,barley
47.6,37.9,41.3,12.5,63.0,7.15,567.6,barley
40.6,35.0,45.7,15.7,58.8,7.24,500.0,barley
77.4,42.5,10.0,16.2,58.9,7.39,349.8,barley
65.6,44.6,54.3,21.0,64.2,6.43,548.3,oats
57.4,28.7,47.6,14.1,70.1,6.53,524.0,oats
85.1,52.9,28.2,18.1,64.4,6.55,622.9,oats
59.9,36.8,41.6,10.9,67.0,6.36,574.7,oats
73.8,24.8,59.3,14.9,65.4,6.39,657.5,oats
61.3,39.0,30.2,18.0,64.6,6.44,665.8,oats
59.2,36.3,23.3,14.9,62.1,6.58,519.5,oats
62.4,6.7,66.9,13.7,63.4,6.58,711.3,oats
87.4,29.1,32.2,17.4,64.9,6.36,486.0,oats
54.0,44.5,41.2,14.5,68.4,6.72,556.7,oats
83.7,54.5,41.2,14.0,68.4,6.52,751.9,oats
56.6,58.3,39.9,16.7,62.6,6.71,676.0,oats
80.7,12.2,21.4,16.7,63.7,6.47,547.1,oats
68.9,32.3,60.0,14.5,68.8,6.66,460.1,oats
53.6,27.1,68.9,12.8,63.3,6.47,728.5,oats
67.8,43.2,22.6,17.6,61.9,6.52,651.3,oats
69.1,69.4,24.8,18.2,62.6,6.27,560.1,oats
47.1,51.8,59.9,16.3,61.8,6.44,642.5,oats
45.3,38.8,48.6,16.3,63.9,6.42,479.9,oats
40.5,41.9,31.2,17.0,65.1,6.49,549.3,oats
72.7,28.6,41.4,13.3,63.5,6.53,580.9,oats
80.1,37.2,22.0,12.4,61.6,6.44,677.7,oats
53.5,37.5,11.6,17.4,63.4,6.43,607.5,oats
42.2,47.3,58.0,15.6,62.8,6.43,698.7,oats
67.6,45.7,32.9,18.4,66.2,6.68,446.0,oats
53.2,54.5,44.9,16.4,65.8,6.34,653.0,oats
78.9,57.3,34.6,16.2,68.0,6.71,503.8,oats
77.5,46.5,18.5,15.0,65.1,6.68,537.0,oats
88.7,27.0,21.9,12.6,67.2,6.49,570.0,oats
36.8,50.7,13.6,14.7,66.3,6.45,491.5,oats
88.7,51.0,61.6,13.9,65.5,6.52,414.8,oats
70.6,34.3,47.3,16.6,65.3,6.57,468.6,oats
42.3,34.9,53.5,14.1,62.2,6.5,463.1,oats
52.5,49.4,48.9,13.9,65.2,6.53,508.0,oats
64.6,35.5,31.5,18.3,63.7,6.41,543.2,oats
64.5,48.1,31.3,15.1,65.5,6.32,493.0,oats
60.9,45.4,36.1,19.8,61.1,6.46,551.5,oats
43.0,31.2,49.9,14.0,63.4,6.43,458.8,oats
72.5,35.9,42.1,19.3,68.3,6.62,613.0,oats
66.3,38.1,40.8,15.2,65.2,6.59,531.7,oats
76.6,39.3,33.6,16.9,61.2,6.37,605.6,oats
60.4,43.0,45.9,15.5,66.4,6.36,528.0,oats
96.9,36.4,37.2,16.4,63.6,6.38,593.0,oats
41.4,59.1,24.4,17.4,63.6,6.38,683.0,oats
45.9,31.7,70.1,15.9,61.4,6.46,468.6,oats
53.4,43.0,42.5,16.8,67.1,6.49,627.6,oats
55.0,24.8,10.0,14.9,63.2,6.48,560.8,oats
28.1,27.9,19.7,14.1,64.2,6.6,700.3,oats
56.2,56.4,71.1,15.6,66.2,6.71,751.8,oats
61.2,64.4,20.6,15.8,61.7,6.46,505.1,oats
67.7,47.1,46.0,16.1,63.9,6.54,398.8,oats
51.8,38.4,58.8,17.2,62.4,6.27,553.8,oats
72.2,63.8,72.9,15.8,66.0,6.47,533.6,oats
70.2,26.4,35.3,16.2,68.9,6.48,578.1,oats
90.1,55.2,42.8,18.3,64.7,6.3,490.2,oats
71.0,52.9,58.2,17.0,68.5,6.44,583.0,oats
29.8,15.5,72.6,11.5,62.5,6.52,500.1,oats
75.0,32.4,42.8,17.2,65.9,6.52,560.1,oats
75.3,41.4,64.5,16.5,68.2,6.44,462.8,oats
83.1,59.1,10.0,13.9,62.7,6.52,459.6,oats
59.4,41.0,41.1,16.5,67.0,6.64,282.3,oats
58.3,29.7,17.0,14.4,64.4,6.62,586.0,oats
86.7,33.2,30.6,12.3,63.9,6.54,659.4,oats
69.3,57.4,37.3,15.7,69.7,6.7,552.5,oats
68.0,40.2,40.0,16.6,61.8,6.65,524.9,oats
56.7,38.7,29.8,13.0,65.8,6.43,468.5,oats
35.3,39.7,44.2,14.1,64.6,6.58,415.6,oats
57.6,18.8,55.1,14.0,64.0,6.49,668.5,oats
43.8,34.6,60.7,14.1,66.5,6.68,530.3,oats
57.5,29.7,14.9,16.9,62.4,6.45,605.9,oats
62.7,30.8,59.2,15.0,65.1,6.67,662.9,oats
76.0,43.5,27.9,16.4,62.3,6.63,630.2,oats
75.2,32.2,22.7,15.9,65.6,6.58,600.9,oats
75.3,56.2,40.0,15.9,67.0,6.37,522.5,oats
81.6,39.1,20.2,16.1,63.6,6.45,486.0,oats
71.7,27.4,31.7,16.5,64.9,6.68,618.9,oats
75.4,50.9,47.6,16.5,65.8,6.28,411.2,oats
54.9,48.4,40.7,14.6,63.7,6.37,564.2,oats
55.7,27.2,37.3,18.9,66.6,6.3,613.8,oats
75.1,20.8,40.9,14.6,67.7,6.56,518.5,oats
75.5,37.7,26.3,17.9,61.1,6.46,675.5,oats
73.4,24.9,43.9,12.9,60.8,6.51,470.9,oats
59.2,38.1,31.8,17.7,61.0,6.55,549.8,oats
82.7,44.3,38.5,16.2,71.0,6.51,592.5,oats
47.1,41.3,57.9,16.3,65.8,6.25,448.2,oats
40.1,44.9,27.6,18.9,65.4,6.62,530.3,oats
73.4,44.2,42.6,15.7,66.1,6.57,511.7,oats
68.6,36.1,29.5,19.7,69.2,6.46,423.0,oats
114.2,54.4,54.0,17.0,66.2,6.43,636.8,oats
45.1,27.2,48.1,15.3,64.3,6.64,497.9,oats
65.4,23.6,20.6,16.6,62.3,6.68,485.8,oats
37.6,42.7,61.4,15.3,66.5,6.64,611.1,oats
75.6,40.5,28.3,18.7,70.9,6.58,579.9,oats
44.6,36.2,50.9,14.2,64.5,6.28,565.1,oats
79.8,41.9,17.4,16.0,62.5,6.5,544.0,oats
50.8,46.0,35.5,13.5,64.4,6.49,599.1,oats
69.1,25.7,66.0,15.6,67.3,6.47,479.1,oats
40.2,38.4,46.4,18.6,63.0,6.56,390.9,oats
74.7,51.7,77.6,15.6,63.3,6.22,594.9,oats
67.3,28.6,51.7,11.6,60.1,6.72,612.6,oats
87.2,32.8,55.9,14.9,65.5,6.72,575.0,oats
65.4,52.0,36.8,16.7,63.3,6.79,432.3,oats
45.0,48.5,34.3,14.9,64.3,6.31,552.3,oats
43.5,46.8,51.3,16.1,65.8,6.64,569.6,oats
58.5,45.8,51.7,18.0,65.6,6.71,432.3,oats
35.1,49.5,47.6,13.9,66.2,6.56,702.8,oats
52.4,26.6,59.4,19.2,62.5,6.41,524.1,oats
70.4,59.8,30.4,18.7,64.0,6.27,533.7,oats
62.9,42.2,18.6,15.8,69.3,6.52,586.2,oats
52.1,33.4,37.9,13.1,67.5,6.46,482.7,oats
86.3,34.0,22.3,19.4,63.0,6.5,537.4,oats
44.3,28.6,35.2,15.0,66.7,6.63,560.7,oats
74.1,46.3,53.6,17.4,63.5,6.43,445.0,oats
32.4,34.5,34.2,18.7,62.0,6.35,524.5,oats
44.4,52.3,28.2,17.6,63.8,6.49,551.4,oats
72.8,31.1,34.4,13.7,66.4,6.28,618.2,oats
53.6,44.9,38.2,16.4,66.1,6.49,598.9,oats
60.7,55.6,61.2,19.6,62.7,6.44,598.9,oats
94.6,46.5,16.1,15.2,62.3,6.53,472.2,oats
65.5,48.2,56.4,14.5,62.9,6.45,498.0,oats
62.2,50.3,40.6,17.0,62.4,6.48,387.2,oats
76.9,39.0,39.5,16.1,64.4,6.51,569.8,oats
42.4,32.1,51.2,15.9,62.2,6.72,658.1,oats
95.2,55.0,36.3,18.1,62.3,6.53,433.0,oats
47.2,41.9,25.9,11.2,65.9,6.45,556.8,oats
50.1,39.8,64.6,19.7,66.6,6.51,676.4,oats
65.9,51.8,47.8,17.7,67.3,6.57,567.0,oats
50.0,20.7,26.3,17.7,64.4,6.43,563.4,oats
63.6,43.3,63.8,14.1,68.9,6.48,507.7,oats
80.2,45.7,58.5,14.8,64.7,6.64,531.5,oats
49.0,52.0,36.9,16.4,67.9,6.56,535.6,oats
69.9,30.6,45.8,15.3,64.8,6.55,624.4,oats
75.3,52.1,34.7,18.7,66.1,6.4,470.3,oats
74.8,28.1,42.9,20.4,66.8,6.58,642.2,oats
53.7,39.3,27.7,16.8,66.2,6.65,516.7,oats
45.2,37.8,56.4,12.4,64.9,6.51,614.9,oats
69.4,24.9,25.9,16.0,65.5,6.35,552.4,oats
46.4,52.1,52.5,13.9,64.1,6.5,535.4,oats
39.0,28.5,52.9,15.7,63.6,6.46,510.1,oats
53.9,36.2,30.1,16.6,64.3,6.45,686.2,oats
88.4,54.0,48.4,16.5,63.7,6.66,552.4,oats
65.9,47.5,25.1,17.5,66.9,6.43,704.7,oats
57.4,44.2,19.6,15.4,60.4,6.34,641.7,oats
51.1,30.3,52.7,15.7,65.2,6.62,646.1,oats
46.1,51.2,32.8,16.7,63.0,6.7,451.2,oats
61.3,31.3,54.9,16.0,59.7,6.32,574.5,oats
44.0,62.8,19.9,12.8,61.6,6.46,597.1,oats
62.1,57.7,42.2,15.8,69.0,6.55,406.1,oats
56.8,49.7,44.2,16.4,66.4,6.44,561.0,oats
74.8,42.1,20.6,15.8,68.7,6.42,433.3,oats
70.6,18.8,32.5,18.5,68.3,6.48,571.2,oats
73.0,29.7,53.3,13.5,66.2,6.42,518.8,oats
68.7,38.5,25.3,18.6,64.1,6.23,634.5,oats
63.3,35.7,49.7,14.9,62.2,6.56,669.5,oats
73.8,38.5,35.4,19.3,64.4,6.58,525.3,oats
56.3,36.6,39.9,11.6,62.2,6.59,485.2,oats
70.3,39.6,64.2,14.3,68.2,6.7,679.4,oats
48.6,38.1,16.0,14.6,63.5,6.57,477.4,oats
77.7,44.5,44.1,17.0,62.7,6.65,423.6,oats
63.8,40.6,26.0,14.9,64.1,6.31,485.6,oats
60.0,47.5,42.3,19.1,66.7,6.44,600.6,oats
41.0,51.1,20.5,19.2,63.7,6.58,533.0,oats
62.3,25.6,26.5,17.3,66.2,6.61,496.0,oats
43.0,57.5,29.5,14.5,67.8,6.51,392.1,oats
53.3,50.8,45.2,16.5,60.0,6.33,481.2,oats
58.2,53.6,58.7,16.3,68.2,6.53,382.5,oats
39.5,63.4,40.4,18.3,62.5,6.62,529.4,oats
59.9,25.2,34.7,13.9,61.8,6.52,447.3,oats
40.7,36.4,33.8,13.3,64.9,6.45,599.1,oats
32.1,51.9,26.0,16.6,67.0,6.44,563.9,oats
51.9,35.3,61.2,13.8,65.8,6.43,546.4,oats
63.6,45.8,41.9,16.0,62.6,6.47,469.3,oats
53.0,47.2,53.1,14.3,66.8,6.36,514.7,oats
79.8,70.8,45.8,15.6,61.7,6.57,515.7,oats
95.3,55.2,56.7,15.9,60.3,6.52,473.3,oats
51.3,31.6,35.2,16.5,58.9,6.6,580.0,oats
61.5,22.2,36.8,15.3,65.0,6.43,490.2,oats
47.7,46.8,18.8,13.8,65.4,6.3,496.5,oats
63.0,22.6,10.0,19.6,63.8,6.4,650.4,oats
79.1,22.1,22.9,15.1,65.2,6.42,538.8,oats
44.2,38.4,29.5,17.0,62.0,6.52,453.2,oats
57.5,33.9,36.9,14.3,65.3,6.34,374.8,oats
32.3,37.3,52.5,15.7,63.2,6.66,566.1,oats
69.0,31.1,43.8,17.0,63.0,6.37,468.8,oats
38.1,36.7,38.2,16.5,65.8,6.4,747.4,oats
74.5,21.3,50.2,11.6,65.7,6.43,490.5,oats
50.0,23.1,33.8,17.8,61.1,6.54,629.7,oats
49.1,35.4,38.9,14.2,66.3,6.36,626.7,oats
33.4,55.5,33.3,18.0,65.1,6.47,607.6,oats
38.5,32.6,37.5,19.1,70.1,6.58,566.3,oats
63.6,28.0,69.1,14.3,61.6,6.5,518.6,oats
56.1,49.4,37.8,16.1,60.9,6.51,481.9,oats
62.5,45.7,18.6,13.6,66.1,6.47,689.2,oats
50.9,60.0,58.5,16.3,66.3,6.41,512.5,oats
44.9,28.6,29.8,9.4,64.8,6.41,646.4,oats
60.8,46.7,39.0,13.7,62.4,6.54,437.1,oats
42.5,31.8,34.6,13.4,62.5,6.58,591.2,oats
32.4,27.5,23.8,17.3,65.1,6.74,564.7,oats
55.0,19.3,28.1,12.5,66.7,6.43,490.0,oats
76.3,34.7,10.0,15.1,60.8,6.44,603.5,oats
82.7,30.7,32.4,18.6,67.2,6.28,611.2,oats
61.1,38.9,25.8,14.6,64.6,6.56,628.9,oats
77.3,56.7,37.9,19.6,66.0,6.55,428.1,oats
54.2,24.3,45.6,17.1,64.8,6.37,697.1,oats
33.4,21.4,37.3,18.1,60.9,6.63,539.9,oats
61.0,52.4,51.8,16.5,64.8,6.72,585.2,oats
49.9,42.0,33.0,13.4,70.3,6.44,535.9,oats
40.1,21.9,73.1,14.4,68.6,6.48,509.7,oats
81.9,32.2,46.9,15.6,63.1,6.54,586.2,oats
55.5,33.9,33.1,13.2,65.7,6.45,718.6,oats
52.2,30.7,39.9,11.1,64.7,6.56,541.8,oats
70.3,28.9,49.9,12.8,60.3,6.64,562.0,oats
48.1,53.1,40.2,16.2,59.9,6.54,465.9,oats
52.7,23.4,28.0,14.6,66.4,6.04,699.8,oats
69.5,46.9,43.0,15.7,65.7,6.63,579.5,oats
75.8,39.1,84.0,18.6,64.3,6.26,523.6,oats
65.4,40.4,35.4,15.2,66.4,6.36,557.4,oats
49.4,36.4,75.2,18.3,65.7,6.68,474.7,oats
36.5,56.5,23.5,16.9,67.0,6.43,507.8,oats
75.4,46.0,52.6,20.9,70.3,6.33,509.2,oats
63.3,34.3,44.2,17.9,61.7,6.49,508.5,oats
49.5,49.4,28.3,16.7,66.0,6.47,474.2,oats
67.9,36.4,38.8,15.1,68.4,6.52,556.0,oats
54.4,19.5,81.1,15.9,64.3,6.67,574.4,oats
57.0,43.4,20.9,15.3,68.5,6.62,659.4,oats
58.4,32.1,60.9,20.0,64.4,6.51,479.0,oats
53.0,58.8,41.7,17.9,64.0,6.63,576.8,oats
92.9,58.7,53.2,18.5,65.2,6.65,540.5,oats
65.6,45.3,10.6,17.2,65.7,6.39,507.8,oats
39.9,30.7,55.5,16.1,64.8,6.54,584.6,oats
25.5,50.2,67.1,16.0,63.6,6.5,578.3,oats
60.0,25.2,36.9,13.9,66.1,6.68,471.6,oats
48.3,40.9,43.2,13.9,64.2,6.38,494.3,oats
71.7,33.5,49.2,13.2,64.0,6.59,583.0,oats
57.2,27.8,53.5,14.3,63.0,6.54,660.3,oats
80.6,55.1,29.2,14.8,57.8,6.39,408.3,oats
74.7,46.0,44.1,15.3,61.7,6.38,511.3,oats
63.9,23.9,64.2,13.3,59.2,6.61,558.4,oats
59.4,20.4,10.0,12.4,66.4,6.35,594.2,oats
61.4,27.8,32.0,13.9,66.6,6.51,498.6,oats
51.4,36.1,50.4,14.1,63.5,6.51,447.9,oats
64.9,47.5,46.8,15.0,66.4,6.53,438.8,oats
74.5,41.7,51.4,16.1,61.8,6.43,749.3,oats
77.6,25.5,49.5,16.3,62.5,6.67,664.5,oats
70.6,49.8,36.8,15.9,60.3,6.37,499.5,oats
66.6,45.8,50.1,17.6,65.4,6.41,628.8,oats
71.2,37.5,46.5,17.7,63.7,6.26,436.5,oats
61.8,37.7,35.9,13.0,62.0,6.6,666.7,oats
54.2,41.5,53.5,14.7,65.0,6.34,657.9,oats
39.5,46.1,33.0,14.8,65.1,6.61,505.2,oats
70.8,25.8,12.3,15.4,64.5,6.59,716.8,oats
44.7,30.7,69.6,17.6,60.8,6.63,459.7,oats
46.6,26.1,62.6,12.7,63.9,6.47,445.3,oats
74.0,28.0,44.0,16.5,64.7,6.54,598.8,oats
77.1,8.0,63.3,17.4,69.9,6.51,678.7,oats
62.9,59.1,34.2,14.5,66.1,6.48,529.9,oats
73.0,24.1,49.7,13.8,66.3,6.74,701.1,oats
47.8,66.5,43.6,14.0,64.8,6.3,550.6,oats
74.9,35.2,28.8,15.6,64.0,6.49,701.1,oats
50.8,65.9,24.1,11.5,62.6,6.52,472.0,oats
26.7,39.9,36.1,18.8,67.0,6.59,568.3,oats
52.0,25.1,41.1,13.7,69.3,6.17,588.3,oats
99.9,31.1,12.7,15.3,66.7,6.7,499.5,oats
56.6,32.7,41.7,17.1,67.0,6.7,684.2,oats
67.7,42.9,51.9,15.3,67.4,6.63,605.3,oats
58.7,45.2,31.4,12.1,65.1,6.53,567.5,oats
72.2,42.5,28.7,18.3,65.4,6.41,589.5,oats
61.4,52.3,58.6,15.9,66.4,6.56,602.4,oats
89.3,43.4,71.9,17.5,62.4,6.43,501.0,oats
48.4,26.2,47.5,15.8,64.8,6.49,528.4,oats
48.4,53.5,52.2,18.1,63.9,6.46,753.7,oats
71.4,29.4,11.8,14.2,67.4,6.55,474.8,oats
94.1,50.0,19.1,14.3,70.3,6.45,607.3,oats
77.6,44.8,39.1,16.4,58.9,6.58,622.0,oats
53.8,41.4,31.6,15.7,62.1,6.41,530.7,oats
67.6,34.6,40.9,14.3,65.9,6.43,613.3,oats
39.5,36.7,35.8,18.0,62.1,6.48,499.7,oats
63.2,48.8,57.9,11.1,64.5,6.65,594.2,oats
57.8,27.9,51.1,15.7,61.1,6.65,549.9,oats
49.2,35.0,10.0,11.6,67.3,6.45,514.2,oats
60.2,47.8,39.2,17.4,64.3,6.47,539.8,oats
76.1,40.4,56.7,13.3,66.2,6.53,598.0,oats
78.6,22.0,34.1,18.8,63.1,6.48,598.5,oats
49.3,47.3,37.6,15.3,67.2,6.55,477.9,oats
52.7,46.5,63.7,14.2,66.1,6.62,490.6,oats
78.6,66.4,45.2,13.5,67.1,6.49,579.6,oats
60.0,35.3,46.0,15.5,67.1,6.19,631.4,oats
84.8,29.8,19.0,15.6,62.8,6.59,542.9,oats
51.9,14.2,60.6,16.0,67.9,6.35,547.6,oats
66.2,26.7,41.6,16.5,61.7,6.35,511.4,oats
41.6,60.6,61.1,20.1,62.6,6.55,521.0,oats
65.8,52.5,24.5,15.7,63.9,6.46,475.2,oats
61.7,27.3,55.4,18.0,63.7,6.36,601.5,oats
58.5,53.0,22.1,13.8,64.8,6.43,595.6,oats
33.5,27.3,64.6,15.2,64.9,6.41,487.4,oats
53.6,46.3,41.5,16.5,64.3,6.49,567.7,oats
38.9,38.8,22.1,13.7,58.9,6.55,571.1,oats
74.6,41.6,33.2,16.0,68.8,6.31,598.2,oats
50.5,51.3,62.3,17.5,66.8,6.38,530.3,oats
56.5,44.0,32.8,15.9,64.5,6.5,317.7,oats
46.3,29.0,46.2,17.7,68.1,6.69,452.8,oats
89.7,42.0,30.8,13.6,67.8,6.59,508.9,oats
46.0,43.4,18.9,16.1,64.7,6.5,537.5,oats
29.2,48.0,20.6,14.6,59.4,6.6,540.1,oats
30.3,51.4,36.5,15.2,70.5,6.51,593.3,oats
53.9,54.7,50.9,16.1,59.4,6.5,596.5,oats
60.8,52.4,21.8,12.7,66.1,6.31,655.2,oats
80.7,34.1,22.6,18.8,63.0,6.38,423.9,oats
63.8,32.2,65.1,16.9,66.7,6.47,605.1,oats
41.3,47.6,41.7,18.3,67.0,6.56,640.2,oats
58.7,33.3,43.8,18.5,66.4,6.29,617.3,oats
61.8,21.8,27.5,15.2,66.1,6.45,527.0,oats
56.0,76.0,58.6,17.3,68.1,6.62,447.5,oats
44.0,51.9,31.0,14.1,65.2,6.4,612.2,oats
65.8,8.9,40.3,15.8,63.1,6.48,473.2,oats
34.2,41.4,36.9,14.5,72.4,6.46,666.9,oats
70.2,43.2,43.6,19.9,67.2,6.43,688.9,oats
51.0,30.5,44.8,12.9,65.3,6.49,638.5,oats
87.3,29.7,29.2,12.5,62.4,6.24,615.8,oats
46.8,51.2,64.6,18.3,61.2,6.38,704.5,oats
40.9,38.5,38.3,13.8,63.2,6.54,667.9,oats
66.6,56.1,39.7,15.4,62.5,6.39,582.1,oats
48.3,31.7,68.9,17.0,67.1,6.38,613.2,oats
89.1,45.8,50.8,17.0,65.9,6.33,588.6,oats
45.7,24.8,20.8,12.5,64.1,6.33,615.0,oats
58.1,13.1,36.4,16.1,65.8,6.71,517.8,oats
32.4,41.3,44.5,18.4,68.8,6.56,542.8,oats
70.1,38.0,18.1,18.2,67.3,6.56,701.6,oats
75.1,23.5,60.5,16.1,62.0,6.67,580.4,oats
88.5,29.8,14.0,15.4,67.7,6.49,485.1,oats
63.4,22.4,44.6,15.4,62.7,6.33,615.8,oats
57.3,49.2,54.4,15.3,61.5,6.66,591.2,oats
89.5,53.3,71.1,13.7,61.4,6.33,623.5,oats
48.8,29.2,43.2,15.3,66.3,6.5,558.5,oats
74.1,34.9,31.3,13.9,66.0,6.49,458.8,oats
56.9,61.3,19.3,16.8,63.4,6.42,482.3,oats
81.5,51.1,20.3,18.6,68.9,6.89,611.5,oats
28.0,53.8,35.2,13.6,60.8,6.58,580.0,oats
80.0,35.8,49.9,16.3,60.3,6.65,487.6,oats
80.1,46.2,40.4,15.2,66.9,6.57,574.0,oats
76.6,36.6,27.7,14.5,67.0,6.31,510.1,oats
41.1,33.1,38.6,13.8,65.0,6.7,606.2,oats
82.6,24.4,45.1,14.5,65.8,6.56,550.5,oats
46.5,46.1,40.4,14.7,66.1,6.38,585.8,oats
47.2,24.9,40.5,15.6,66.8,6.43,604.8,oats
52.0,64.0,62.6,13.2,68.0,6.46,558.3,oats
87.2,41.0,43.6,14.5,65.8,6.53,561.6,oats
36.6,34.1,52.3,17.4,67.3,6.57,649.2,oats
77.1,36.0,54.0,16.5,69.7,6.35,618.8,oats
66.3,43.9,57.1,15.9,65.3,6.42,727.3,oats
50.9,41.0,43.5,16.9,64.7,6.49,756.3,oats
54.4,53.7,60.4,16.6,63.5,6.39,555.6,oats
75.0,46.6,54.4,15.8,64.8,6.76,471.5,oats
68.8,41.9,51.3,19.1,64.0,6.43,453.9,oats
77.9,53.4,45.4,15.0,64.8,6.59,664.3,oats
68.7,39.6,10.0,17.6,66.3,6.41,695.1,oats
37.4,42.0,45.7,16.9,67.9,6.41,559.7,oats
54.8,52.9,45.7,16.2,62.3,6.48,551.7,oats
57.5,59.6,41.3,15.4,64.3,6.57,693.7,oats
72.7,40.3,65.5,16.2,65.5,6.65,538.3,oats
66.2,47.2,60.4,17.7,61.5,6.45,513.5,oats
50.6,44.4,51.6,13.8,62.1,6.33,513.4,oats
49.0,60.0,46.1,14.1,60.6,6.53,482.6,oats
50.7,31.6,25.0,15.7,61.3,6.33,496.6,oats
33.8,40.7,36.7,16.8,63.9,6.74,592.9,oats
54.1,24.4,15.7,14.9,65.0,6.47,491.9,oats
52.2,37.5,27.2,15.4,64.5,6.49,516.5,oats
48.9,40.3,38.5,19.0,64.1,6.41,483.4,oats
90.8,29.5,45.9,15.1,63.2,6.55,526.4,oats
59.4,34.8,28.5,16.1,66.7,6.53,605.7,oats
61.5,50.7,62.0,15.8,63.5,6.64,443.0,oats
45.7,50.1,43.1,15.6,64.2,6.4,567.3,oats
55.4,54.6,32.7,19.7,63.2,6.61,631.0,oats
51.4,50.3,66.9,13.9,63.1,6.39,483.7,oats
35.2,46.3,10.0,13.3,63.8,6.54,655.3,oats
68.2,44.7,36.9,16.6,65.5,6.41,571.4,oats
63.3,46.9,34.0,17.3,66.3,6.48,542.0,oats
64.8,39.5,51.1,13.5,68.0,6.54,573.0,oats
73.3,53.3,48.5,15.6,67.8,6.43,512.2,oats
62.1,49.2,33.1,13.5,64.5,6.44,552.3,oats
41.5,21.1,45.4,15.7,67.9,6.47,529.9,oats
40.0,45.2,49.7,14.5,61.7,6.43,605.7,oats
34.7,37.1,62.8,16.7,63.1,6.53,459.5,oats
92.1,60.0,51.0,15.6,63.5,6.42,426.0,oats
73.9,38.2,57.1,15.3,62.2,6.63,650.1,oats
69.0,61.9,29.2,15.1,67.4,6.49,444.6,oats
45.7,33.7,28.9,15.7,66.7,6.41,680.8,oats
58.9,15.3,42.2,16.5,65.7,6.39,556.5,oats
72.0,41.9,46.1,18.4,66.2,6.42,431.3,oats
61.5,35.6,42.4,16.1,65.9,6.41,660.7,oats
76.0,35.0,10.3,15.2,65.5,6.51,493.6,oats
45.2,35.7,63.2,15.3,66.0,6.29,414.5,oats
71.7,53.1,53.0,13.9,66.4,6.69,551.0,oats
51.3,30.4,51.6,13.6,67.1,6.38,580.0,oats
51.5,42.9,22.9,15.9,61.8,6.49,523.3,oats
42.3,37.5,41.8,16.4,61.9,6.33,513.4,oats
53.4,45.4,37.5,16.5,63.1,6.63,575.6,oats
72.2,30.2,13.5,16.8,66.0,6.5,532.1,oats
44.2,40.8,24.7,14.1,64.6,6.51,639.1,oats
68.7,20.9,39.9,14.2,66.1,6.57,516.5,oats
67.7,41.0,31.8,15.6,65.0,6.47,422.3,oats
46.3,46.3,20.9,17.9,64.8,6.28,364.9,oats
57.4,33.7,48.5,13.2,61.6,6.71,748.5,oats
64.3,53.2,47.7,18.7,63.7,6.61,454.5,oats
57.9,50.2,43.6,19.6,65.6,6.54,564.9,oats
44.8,33.4,52.7,17.6,66.1,6.56,628.7,oats
46.8,30.1,47.1,18.8,63.6,6.5,388.3,oats
71.7,43.8,66.4,19.2,64.6,6.56,380.7,oats
41.8,50.8,38.2,16.1,63.4,6.51,659.3,oats
45.1,28.8,39.6,16.7,66.5,6.55,523.9,oats
35.8,64.2,49.1,17.3,65.8,6.63,705.2,oats
88.7,28.1,24.9,15.9,62.2,6.4,536.3,oats
50.8,23.5,44.4,14.6,65.0,6.64,450.2,oats
57.8,41.1,34.1,15.9,63.9,6.47,633.6,oats
72.8,34.3,59.5,14.9,63.6,6.59,395.8,oats
54.4,25.4,10.0,15.9,60.9,6.65,438.5,oats
51.8,54.9,19.1,15.2,63.3,6.37,583.7,oats
50.3,40.4,31.9,14.7,66.2,6.52,650.9,oats
64.7,41.8,46.6,14.3,67.0,6.49,460.0,oats
43.2,35.6,16.0,15.5,63.0,6.32,509.9,oats
94.1,20.2,54.6,13.2,65.6,6.44,636.8,oats
61.4,44.0,10.0,15.8,65.3,6.27,615.4,oats
70.4,53.1,43.8,19.9,66.7,6.35,575.9,oats
68.6,29.8,48.5,16.0,64.5,6.44,475.5,oats
69.8,46.6,35.9,14.3,66.5,6.41,528.1,oats
56.4,47.7,30.4,18.3,67.8,6.72,556.5,oats
68.9,33.8,50.7,13.9,61.6,6.38,533.7,oats
66.0,43.7,57.5,16.6,66.3,6.64,704.3,oats
49.9,31.4,61.4,17.3,65.5,6.57,567.5,oats
68.0,48.1,53.4,19.7,63.3,6.64,472.6,oats
64.7,54.9,35.0,15.5,65.6,6.39,577.5,oats
49.8,56.0,49.4,16.3,64.3,6.58,567.2,oats
76.6,45.9,13.4,14.1,65.4,6.41,691.5,oats
62.4,25.8,44.1,14.9,59.6,6.51,573.3,oats
55.7,37.6,50.9,16.0,67.3,6.6,450.7,oats
54.2,57.5,38.0,15.6,66.2,6.4,389.1,oats
59.1,40.4,44.1,16.0,66.3,6.39,592.5,oats
77.8,45.9,30.2,16.6,62.1,6.62,765.6,oats
54.4,59.2,17.3,19.3,63.3,6.65,367.3,oats
52.6,57.0,62.7,13.8,66.0,6.47,505.7,oats
69.8,40.8,38.9,15.2,59.6,6.53,407.5,oats
58.8,28.4,17.6,14.4,69.2,6.22,604.6,oats
60.1,18.9,36.4,13.7,66.0,6.68,581.6,oats
68.8,35.7,51.9,13.2,66.5,6.52,449.4,oats
63.2,39.8,63.9,15.2,65.9,6.47,643.1,oats
70.6,36.7,22.7,16.5,64.4,6.61,549.9,oats
51.1,18.9,62.7,14.2,68.4,6.47,534.7,oats
61.3,57.9,42.7,17.1,67.4,6.48,616.3,oats
59.5,49.3,51.6,17.2,66.6,6.48,622.5,oats
51.3,49.4,31.4,18.3,66.5,6.44,595.9,oats
55.6,38.5,53.0,16.0,68.1,6.54,664.9,oats
51.3,45.7,54.6,15.9,68.0,6.52,503.5,oats
69.5,33.4,17.6,14.0,64.4,6.56,533.3,oats
62.4,59.8,85.6,18.1,65.7,6.48,456.7,oats
74.4,56.9,44.3,12.7,64.6,6.63,632.0,oats
52.9,52.1,64.1,14.2,65.3,6.47,627.3,oats
62.2,30.0,16.3,13.6,64.1,6.32,601.8,oats
54.1,31.4,45.6,14.4,63.4,6.33,464.4,oats
47.4,30.2,50.6,17.2,64.4,6.47,571.7,oats
38.6,40.1,45.1,12.5,64.2,6.57,543.3,oats
62.7,46.7,23.8,12.2,64.8,6.56,460.5,oats
74.0,42.3,31.5,12.8,61.9,6.39,557.0,oats
30.8,62.6,21.7,14.6,65.5,6.35,601.7,oats
38.6,22.7,45.7,17.1,65.4,6.42,675.9,oats
49.7,43.3,40.6,18.9,63.6,6.59,517.0,oats
76.4,29.0,56.4,15.2,69.4,6.58,548.7,oats
36.8,41.6,48.1,17.3,66.3,6.44,425.0,oats
42.3,50.5,40.2,16.3,64.2,6.81,540.9,oats
59.3,21.4,47.6,14.3,61.5,6.43,546.0,oats
30.3,45.2,28.7,14.1,62.3,6.77,429.0,oats
39.6,47.5,48.3,15.3,66.4,6.41,600.3,oats
60.1,46.2,44.6,15.4,63.9,6.4,586.8,oats
58.2,24.2,37.1,17.0,69.0,6.46,486.6,oats
64.2,34.6,30.1,17.1,68.9,6.57,613.5,oats
69.8,26.6,48.1,17.9,62.3,6.59,629.3,oats
58.3,74.4,45.7,13.9,64.6,6.53,347.6,oats
65.4,43.8,30.6,16.3,63.9,6.62,585.8,oats
64.4,37.2,46.5,12.9,65.7,6.44,508.2,oats
57.5,58.4,18.1,14.0,63.4,6.31,566.1,oats
50.5,26.0,57.1,16.2,70.8,6.44,616.5,oats
77.4,50.1,15.9,14.3,60.4,6.61,519.1,oats
64.7,46.4,39.9,17.2,65.1,6.53,410.6,oats
36.5,58.5,58.5,12.1,65.2,6.39,594.6,oats
65.5,35.5,56.9,17.4,58.7,6.6,493.6,oats
70.2,29.7,46.4,17.7,65.1,6.51,564.7,oats
61.2,29.8,62.6,14.2,66.3,6.41,661.4,oats
71.5,54.7,39.9,19.2,68.9,6.52,608.0,oats
27.2,37.9,10.0,16.1,66.6,6.41,627.8,oats
75.6,46.1,49.5,14.0,63.6,6.6,477.1,oats
67.6,14.9,37.3,17.3,65.0,6.28,341.9,oats
65.7,48.4,34.6,17.1,67.4,6.56,456.9,oats
41.4,36.0,34.1,16.3,65.0,6.42,550.8,oats
77.5,50.9,58.2,14.5,62.1,6.48,621.0,oats
57.3,33.1,34.6,14.8,62.3,6.47,615.4,oats
63.0,42.0,40.8,15.0,67.1,6.48,468.1,oats
60.3,34.6,38.2,16.2,68.5,6.6,524.5,oats
76.9,22.2,37.3,16.8,61.6,6.58,675.0,oats
53.8,48.6,43.4,13.9,64.1,6.48,585.9,oats
85.5,25.2,14.1,16.5,66.4,6.47,563.4,oats
78.1,27.3,51.2,12.4,66.7,6.57,376.7,oats
98.8,56.0,32.0,32.6,57.3,6.31,411.1,millet
42.5,43.4,17.1,29.8,55.7,6.77,394.1,millet
80.6,19.6,20.1,33.6,62.3,6.11,392.8,millet
63.0,45.4,40.6,28.3,50.6,6.16,416.7,millet
62.1,26.8,48.2,32.1,55.5,6.7,521.9,millet
35.9,50.9,30.0,30.9,56.1,6.01,393.9,millet
59.2,42.4,29.5,31.0,53.6,6.6,411.1,millet
59.2,48.8,41.9,33.0,52.9,6.73,473.7,millet
67.2,35.6,63.6,32.4,59.6,6.56,423.3,millet
50.9,18.6,41.1,34.1,54.5,6.74,405.2,millet
67.8,36.8,47.7,35.5,54.6,6.51,506.1,millet
56.9,63.1,47.3,32.3,57.7,6.7,467.4,millet
48.2,36.5,37.5,33.1,54.6,6.53,349.3,millet
59.7,52.4,70.8,32.6,54.5,6.41,282.5,millet
67.2,51.8,38.5,34.2,53.7,6.65,317.7,millet
82.1,22.0,10.0,31.6,55.2,6.25,516.8,millet
59.1,36.7,31.9,34.4,56.6,6.17,460.7,millet
65.7,54.9,48.5,36.0,56.2,6.8,330.2,millet
40.5,51.4,57.4,33.6,57.3,6.4,424.5,millet
39.8,22.1,39.7,33.1,49.2,6.52,363.4,millet
34.4,29.8,27.8,30.6,54.4,6.35,423.0,millet
63.6,30.1,46.4,29.4,50.7,6.46,378.1,millet
73.0,59.3,34.4,29.1,54.6,6.67,325.9,millet
48.4,54.8,18.1,32.2,50.3,6.56,331.2,millet
49.9,33.8,27.8,33.7,51.9,6.63,333.0,millet
63.3,32.6,37.0,37.0,55.2,6.45,358.8,millet
69.1,40.8,10.0,33.5,59.1,6.8,342.5,millet
67.4,22.6,41.8,33.6,54.1,6.03,373.9,millet
69.0,24.3,55.5,34.8,59.6,6.31,368.7,millet
54.1,53.3,41.9,34.7,53.5,6.15,431.2,millet
41.5,18.8,30.6,28.6,59.7,6.62,325.0,millet
57.2,55.7,51.2,27.9,64.2,6.1,389.6,millet
63.7,53.3,30.7,32.1,50.7,6.43,390.2,millet
69.4,26.0,42.2,32.0,55.8,6.7,336.7,millet
56.7,45.5,43.7,30.8,54.4,6.12,467.4,millet
47.2,51.6,26.5,31.2,51.3,6.4,361.0,millet
70.4,44.2,24.3,32.8,58.5,6.77,403.6,millet
73.0,52.0,29.1,29.8,57.8,6.52,343.6,millet
77.8,40.6,40.2,32.6,53.8,6.37,399.1,millet
67.2,35.0,44.8,30.5,51.2,6.61,445.0,millet
61.9,40.7,23.4,33.0,55.0,6.52,397.4,millet
69.3,29.6,37.5,32.1,55.4,6.74,417.7,millet
62.7,54.8,43.6,31.7,55.0,6.65,399.7,millet
39.8,40.1,54.3,30.4,57.3,6.1,368.8,millet
37.0,39.9,30.7,35.8,59.0,6.52,385.5,millet
59.7,11.0,32.2,34.8,50.2,6.13,398.3,millet
44.7,36.4,54.9,33.1,58.7,6.8,329.5,millet
76.6,47.3,35.3,32.5,54.5,6.29,307.0,millet
60.8,51.2,43.5,32.9,52.2,6.89,312.8,millet
74.3,55.9,39.9,35.8,54.3,6.91,266.7,millet
67.7,39.2,47.6,31.2,50.9,6.7,331.5,millet
64.1,20.0,42.0,32.9,58.6,6.23,464.1,millet
63.5,36.7,22.4,34.0,53.4,6.5,312.4,millet
58.0,33.3,17.4,32.4,54.1,6.39,289.9,millet
85.4,25.6,33.9,31.6,59.7,7.11,462.1,millet
43.8,31.4,64.7,32.4,55.3,7.1,394.3,millet
62.9,51.3,26.6,31.0,58.9,6.62,426.2,millet
64.6,41.8,15.5,31.3,47.2,6.85,435.7,millet
71.8,22.1,36.6,29.3,58.0,5.98,373.4,millet
25.2,34.6,42.3,33.1,52.3,6.66,418.0,millet
59.0,41.8,40.3,31.6,57.8,6.19,278.2,millet
69.2,56.7,42.1,35.4,56.6,6.49,396.4,millet
75.5,43.0,56.8,34.5,60.1,6.4,497.0,millet
64.4,38.1,36.2,33.9,56.6,6.56,418.4,millet
75.8,31.2,17.8,36.9,52.9,6.43,431.8,millet
80.8,39.4,34.6,29.0,50.1,6.2,284.7,millet
91.0,48.0,36.9,28.9,48.5,6.41,390.5,millet
42.9,35.8,44.6,34.2,52.0,6.93,365.2,millet
68.8,37.1,65.7,30.2,53.9,6.67,443.4,millet
62.6,30.5,71.2,30.8,59.4,6.94,489.9,millet
67.9,32.7,35.7,31.7,54.3,6.25,345.8,millet
60.2,34.8,40.0,34.9,55.1,6.54,441.6,millet
50.9,31.2,31.5,33.7,56.6,6.29,391.6,millet
54.1,31.8,17.7,35.7,51.0,6.61,448.4,millet
71.6,36.0,38.0,34.9,54.8,6.26,309.1,millet
52.2,21.1,23.2,32.2,55.0,6.49,420.2,millet
34.2,31.6,53.3,34.3,52.5,6.15,379.6,millet
54.7,25.2,36.0,31.1,52.7,6.66,426.7,millet
64.6,43.8,39.4,37.1,56.8,6.47,519.3,millet
53.1,49.6,39.5,33.6,53.8,6.2,413.9,millet
44.7,27.0,58.1,33.3,51.0,6.44,381.1,millet
54.4,45.1,36.5,31.4,61.1,6.7,350.6,millet
75.3,50.9,31.7,30.8,53.8,6.52,431.6,millet
65.7,36.4,71.3,33.7,56.7,6.54,324.8,millet
68.6,40.7,32.6,30.2,51.1,6.63,464.8,millet
51.7,43.4,36.2,32.9,61.7,6.28,417.8,millet
33.9,25.7,76.1,32.2,44.4,6.35,471.4,millet
33.5,52.5,27.7,34.0,54.7,6.69,463.4,millet
39.6,41.2,54.4,31.2,56.2,6.52,433.7,millet
83.0,31.8,55.8,31.2,51.7,6.5,487.7,millet
79.6,55.3,61.7,37.4,53.0,6.31,411.4,millet
76.9,59.6,24.7,32.4,54.8,6.28,469.2,millet
63.4,32.9,50.5,29.9,58.6,6.22,402.7,millet
61.0,16.7,31.6,30.5,54.4,6.27,451.5,millet
79.9,24.4,32.0,33.3,45.4,5.92,281.9,millet
52.9,43.5,51.6,34.9,56.0,6.51,373.0,millet
64.2,15.3,49.4,32.0,53.7,5.93,369.3,millet
65.5,43.2,37.2,32.3,57.6,6.27,407.0,millet
43.9,33.7,39.1,30.2,57.6,6.53,439.7,millet
58.8,24.4,36.7,34.2,52.9,6.4,294.4,millet
67.4,29.4,41.3,31.7,54.6,6.36,330.8,millet
53.7,36.8,18.2,30.5,56.1,6.56,360.0,millet
51.1,36.0,11.0,36.0,57.4,6.1,445.8,millet
61.8,55.9,36.2,34.7,62.7,6.24,496.9,millet
49.1,43.4,42.3,31.1,59.2,6.5,275.6,millet
84.3,46.8,45.3,32.9,61.1,6.47,385.5,millet
45.5,45.1,26.4,32.2,55.4,6.27,464.9,millet
81.1,46.6,55.3,32.3,56.1,6.32,470.5,millet
38.0,54.5,64.7,26.8,58.2,6.93,422.1,millet
52.6,48.0,30.8,27.5,57.3,6.42,431.9,millet
62.0,33.8,24.8,32.0,61.6,6.63,454.2,millet
50.3,45.0,38.9,35.3,59.3,6.42,389.8,millet
72.6,24.9,25.0,29.5,52.6,6.73,521.2,millet
73.3,46.2,44.0,31.7,61.5,6.45,342.3,millet
40.7,49.4,18.9,32.6,51.9,6.93,482.5,millet
39.2,28.2,47.5,31.7,53.2,6.45,406.2,millet
54.6,33.9,49.2,32.6,60.0,6.2,354.0,millet
56.7,41.4,28.8,32.6,48.1,6.72,392.8,millet
82.2,47.7,35.1,30.2,48.4,6.24,500.0,millet
67.0,46.1,72.9,35.6,55.9,6.56,429.8,millet
87.9,51.8,31.8,32.0,50.4,6.49,389.1,millet
52.6,27.5,47.3,32.6,51.4,6.54,313.6,millet
36.2,17.6,56.9,32.3,47.2,6.36,295.5,millet
66.2,38.4,28.6,32.3,54.3,6.22,382.3,millet
53.5,40.7,38.8,31.0,53.5,6.44,318.2,millet
47.3,33.9,49.8,33.1,57.2,6.74,462.9,millet
67.2,39.7,19.2,34.2,57.3,6.26,354.8,millet
38.3,49.0,10.0,31.4,55.8,7.08,545.5,millet
75.6,33.6,37.5,32.5,58.1,6.3,442.1,millet
76.3,52.5,25.5,31.4,60.9,6.51,324.2,millet
44.7,59.3,52.2,35.5,51.1,6.61,433.6,millet
56.2,66.8,23.9,32.3,49.1,6.31,484.3,millet
57.6,49.2,37.6,28.2,58.4,6.35,303.7,millet
63.6,50.4,28.1,33.0,53.4,6.46,435.7,millet
64.0,33.2,47.5,24.9,58.5,6.55,445.3,millet
62.4,25.9,53.2,34.6,64.3,6.11,403.8,millet
51.1,33.0,37.3,28.5,52.6,6.57,311.1,millet
91.5,45.9,25.5,31.9,57.6,6.42,499.2,millet
61.3,35.7,62.2,33.1,52.4,6.24,435.7,millet
39.1,27.7,39.8,34.4,56.6,6.82,357.3,millet
65.8,53.6,32.8,32.6,53.8,6.42,396.5,millet
90.1,36.5,27.5,38.6,60.0,6.66,530.7,millet
63.0,39.9,42.0,31.2,55.5,6.57,333.1,millet
35.8,18.2,71.2,36.8,58.5,6.55,441.3,millet
70.2,61.3,62.5,31.2,55.9,6.64,358.9,millet
43.6,19.7,39.5,30.5,53.6,6.47,464.6,millet
80.5,22.2,29.1,30.1,53.9,6.58,461.9,millet
61.5,43.6,45.0,33.0,59.1,6.72,420.8,millet
46.1,24.8,36.5,28.8,55.9,6.61,389.6,millet
60.7,31.8,47.7,37.4,59.4,6.9,345.4,millet
74.0,36.1,39.0,33.0,52.5,6.61,342.7,millet
48.4,72.0,37.1,34.2,53.9,6.31,388.5,millet
61.5,20.7,16.7,35.9,54.3,6.59,512.3,millet
89.3,34.3,68.7,32.6,62.1,6.44,371.7,millet
85.4,38.3,34.9,33.8,53.1,6.64,437.6,millet
64.7,40.5,46.4,31.9,58.2,6.86,508.0,millet
23.9,50.6,20.9,35.2,60.1,6.59,383.5,millet
76.5,34.1,51.9,34.6,56.2,6.64,460.1,millet
45.6,28.0,45.4,35.4,50.9,6.6,517.3,millet
63.2,29.7,29.2,32.7,53.7,6.47,476.3,millet
36.8,46.4,47.8,35.3,59.4,6.65,363.4,millet
58.5,29.4,46.9,33.6,51.5,6.84,390.5,millet
46.3,49.7,38.3,30.6,53.6,6.33,336.7,millet
87.8,46.4,88.2,35.6,48.5,6.54,343.0,millet
62.5,35.1,37.9,33.3,46.9,6.61,415.7,millet
62.5,35.2,51.8,32.3,62.8,6.41,388.0,millet
55.4,39.3,22.3,32.9,47.8,6.56,381.3,millet
68.9,26.3,67.7,36.1,60.4,6.79,457.1,millet
68.6,35.2,30.9,30.2,57.7,6.69,382.1,millet
63.7,42.4,39.8,38.8,54.4,6.32,397.4,millet
50.3,43.5,31.5,33.5,52.8,6.51,517.6,millet
87.9,45.6,33.3,31.2,55.4,6.61,302.7,millet
64.3,33.0,25.6,29.1,50.1,6.97,318.6,millet
38.3,67.7,22.9,30.4,59.9,6.49,359.4,millet
41.5,28.4,26.4,31.0,56.6,6.38,487.3,millet
44.2,43.5,59.2,32.5,54.4,6.49,412.7,millet
46.6,57.4,46.3,32.1,55.3,6.78,387.8,millet
66.5,28.8,46.9,32.6,50.6,6.63,480.9,millet
64.1,38.4,30.8,33.2,58.2,6.36,388.1,millet
71.8,25.4,44.2,33.8,49.5,6.05,386.2,millet
71.3,43.4,36.5,32.6,62.3,6.54,375.4,millet
63.3,29.5,33.4,32.5,59.1,6.99,497.2,millet
97.0,20.4,31.4,29.5,52.8,5.74,451.1,millet
40.1,60.5,53.8,36.7,59.3,6.35,319.4,millet
61.7,28.9,19.2,34.8,57.2,6.19,424.5,millet
42.9,40.1,51.4,33.5,53.6,6.45,477.2,millet
71.9,49.7,37.4,34.5,52.7,6.34,436.3,millet
57.9,27.4,64.2,31.4,53.7,6.69,477.8,millet
54.4,63.1,31.2,32.8,49.8,6.18,352.6,millet
40.8,29.7,26.7,36.1,50.6,6.38,391.3,millet
63.3,30.0,10.0,27.7,55.8,6.33,500.9,millet
37.6,59.9,62.5,39.9,52.8,6.02,412.6,millet
69.8,45.4,17.4,34.4,60.7,6.61,325.7,millet
57.4,37.9,51.9,29.5,57.4,6.15,366.0,millet
76.4,33.4,42.5,34.2,60.4,6.21,332.7,millet
71.8,45.6,21.0,33.1,57.5,6.6,413.2,millet
62.7,43.0,55.8,33.2,50.8,6.43,362.4,millet
71.5,45.8,39.2,35.8,56.9,6.52,422.4,millet
72.2,57.2,11.4,37.9,60.5,6.16,363.6,millet
62.0,26.9,75.5,32.8,55.9,6.59,447.7,millet
46.1,13.4,56.4,31.2,52.6,5.93,428.9,millet
49.3,51.9,44.5,31.0,51.0,6.52,365.7,millet
38.1,39.1,44.8,31.1,55.0,6.51,456.7,millet
37.2,29.9,61.3,35.8,63.5,6.64,349.9,millet
79.8,28.1,52.7,35.6,55.6,6.21,401.2,millet
64.0,37.9,39.0,35.9,58.6,6.96,403.2,millet
64.9,22.1,38.6,30.6,56.7,6.46,349.0,millet
40.4,49.7,35.4,35.1,55.1,6.04,325.4,millet
54.2,31.2,24.0,37.1,57.0,6.23,428.8,millet
65.0,17.0,59.8,34.2,56.5,6.29,457.6,millet
58.9,26.7,57.0,29.3,55.4,6.55,325.3,millet
78.3,25.9,63.4,28.3,54.6,6.18,301.1,millet
44.8,38.8,31.5,35.1,62.1,6.52,482.3,millet
56.3,46.6,54.3,30.7,53.8,6.31,410.1,millet
58.2,41.8,47.8,28.5,54.5,6.2,379.8,millet
68.3,52.1,43.7,32.7,62.5,6.71,341.3,millet
83.6,58.1,48.9,35.7,55.0,6.66,403.8,millet
56.5,55.8,45.1,33.8,58.7,6.82,446.4,millet
54.2,58.0,50.4,34.1,57.8,6.73,492.1,millet
47.9,72.2,46.4,32.8,64.7,6.21,473.4,millet
50.0,38.8,34.7,33.0,59.5,7.15,392.3,millet
97.8,33.1,27.5,34.3,61.1,6.69,481.5,millet
63.8,32.2,24.8,36.2,49.8,6.42,408.2,millet
61.4,46.2,38.6,32.0,57.4,6.01,329.0,millet
70.7,42.6,72.2,35.2,52.4,6.42,308.6,millet
70.2,28.3,10.0,30.5,61.7,6.14,307.0,millet
71.4,24.7,36.6,31.6,50.4,6.64,460.0,millet
49.7,53.4,56.7,36.4,54.0,6.6,443.4,millet
54.4,39.0,55.9,32.8,51.3,6.16,415.4,millet
76.2,30.5,58.6,34.8,59.5,6.26,412.3,millet
53.2,35.5,37.6,32.5,57.7,6.7,266.8,millet
87.8,56.4,63.5,27.7,59.9,6.29,242.4,millet
24.4,34.3,37.0,30.9,50.9,6.39,292.8,millet
46.6,43.5,42.1,29.3,54.2,6.59,330.6,millet
69.5,52.1,38.7,32.6,50.0,6.92,356.5,millet
48.0,34.5,26.8,32.1,48.1,6.22,432.7,millet
41.1,41.8,42.2,33.3,60.2,7.12,405.4,millet
45.8,41.9,36.3,32.5,51.6,6.56,327.7,millet
62.4,56.1,43.9,32.9,55.6,6.28,336.4,millet
44.2,50.6,51.2,33.3,49.7,6.93,454.5,millet
62.9,38.7,32.3,30.2,56.9,6.97,467.3,millet
38.7,37.1,48.6,28.1,54.0,6.57,378.8,millet
57.2,11.6,62.4,34.2,57.6,6.44,276.0,millet
78.3,36.3,40.2,32.9,56.4,6.59,297.9,millet
59.0,25.3,64.0,30.9,52.1,6.28,439.9,millet
52.8,54.1,28.2,37.3,49.8,6.58,369.8,millet
73.2,41.0,41.5,33.9,52.5,6.56,407.6,millet
58.1,57.0,23.0,30.3,58.9,6.4,476.3,millet
78.9,30.9,21.3,34.0,61.7,6.52,362.8,millet
56.9,15.0,48.3,31.9,53.1,6.69,417.5,millet
51.4,46.9,31.7,30.3,60.8,6.94,375.9,millet
64.3,31.9,56.3,31.8,48.5,6.52,359.6,millet
73.6,35.2,54.8,31.4,57.0,6.11,357.5,millet
38.5,53.2,38.0,35.7,52.0,6.19,442.7,millet
66.6,47.7,42.7,31.0,59.1,6.69,391.2,millet
65.4,29.4,47.9,33.3,55.0,6.69,414.7,millet
59.1,48.7,33.2,33.1,54.6,6.7,440.8,millet
68.5,40.3,52.3,31.5,53.8,7.05,440.1,millet
53.4,25.3,30.8,31.3,58.4,6.81,461.5,millet
60.1,35.8,52.4,31.8,63.2,6.59,511.1,millet
72.5,39.4,29.0,38.0,59.3,6.78,519.1,millet
47.6,52.2,31.8,32.4,49.5,6.46,428.2,millet
67.1,24.7,32.4,33.3,61.0,6.07,353.3,millet
50.4,38.0,40.5,33.0,55.9,6.54,417.0,millet
63.0,35.4,24.2,33.0,57.7,6.52,395.6,millet
72.2,36.0,50.7,32.9,56.7,6.3,480.5,millet
36.5,46.1,45.6,31.6,53.1,6.38,423.6,millet
74.9,30.5,48.0,33.6,52.1,6.74,418.4,millet
37.3,26.9,25.2,34.7,53.9,6.63,368.7,millet
72.2,36.5,30.0,28.0,47.5,6.59,472.3,millet
46.2,29.5,40.8,33.1,58.8,5.84,400.1,millet
94.9,58.4,47.4,34.4,54.5,6.42,417.5,millet
48.7,61.4,43.7,32.7,58.1,6.6,435.9,millet
64.5,41.6,22.0,37.5,54.1,6.85,412.5,millet
66.6,21.6,36.8,34.2,53.3,6.38,367.1,millet
53.9,59.9,15.2,35.0,55.6,6.34,317.0,millet
71.3,37.7,35.2,34.4,53.0,6.22,368.1,millet
73.4,21.9,23.7,32.8,47.5,6.38,388.6,millet
54.2,39.4,49.7,31.4,54.9,6.23,351.6,millet
72.4,63.2,42.1,35.6,62.1,6.45,382.6,millet
89.8,25.3,44.5,29.1,52.7,6.43,406.1,millet
56.6,32.2,44.7,30.3,57.8,6.58,379.5,millet
80.5,43.7,57.6,36.8,62.2,6.8,339.9,millet
57.8,10.0,33.5,30.0,57.9,6.57,355.5,millet
99.6,52.5,55.8,29.6,54.3,6.34,432.9,millet
74.5,15.3,38.8,38.0,52.1,6.28,453.5,millet
74.1,63.6,37.8,27.1,58.2,6.57,406.6,millet
84.3,52.5,62.1,39.5,58.6,6.35,414.2,millet
55.0,42.3,75.7,32.6,56.7,6.08,316.3,millet
61.3,41.2,25.5,33.3,54.8,6.16,409.3,millet
44.2,43.5,48.1,29.5,55.2,6.39,367.9,millet
42.2,52.4,45.3,32.8,57.2,6.45,362.5,millet
37.4,37.0,39.8,32.2,52.2,7.0,295.3,millet
61.5,32.2,27.0,33.3,55.7,6.08,300.2,millet
79.0,25.5,53.8,34.6,56.8,6.63,384.3,millet
46.2,46.2,68.9,32.5,50.7,6.65,374.8,millet
42.8,37.2,66.1,34.9,52.3,6.69,492.8,millet
41.0,46.3,37.7,31.0,58.8,6.77,474.1,millet
30.1,29.4,12.5,35.2,56.4,6.56,289.7,millet
44.4,53.4,39.7,30.7,55.7,6.54,436.6,millet
66.4,33.5,49.8,32.6,51.3,6.56,462.7,millet
71.8,40.8,56.8,33.7,54.5,6.63,393.3,millet
56.3,42.0,57.1,34.1,49.7,6.8,280.8,millet
68.8,33.1,26.2,32.5,51.7,6.59,402.5,millet
59.2,27.0,47.2,39.1,52.4,6.68,393.8,millet
61.6,50.8,42.8,30.4,56.9,6.43,505.1,millet
57.8,45.7,27.7,37.8,56.8,6.27,475.7,millet
71.2,30.3,13.0,35.7,52.6,6.36,335.1,millet
85.8,32.1,38.1,35.2,51.0,6.31,370.4,millet
74.3,41.2,77.2,31.4,52.2,6.17,317.8,millet
65.8,26.6,66.2,30.7,60.8,6.76,342.7,millet
42.5,40.5,28.3,32.3,59.3,6.49,371.3,millet
68.6,30.7,47.2,25.0,53.0,6.21,341.2,millet
78.6,18.2,66.4,29.4,50.2,5.91,460.6,millet
61.9,55.4,41.7,33.9,58.9,6.53,452.7,millet
80.1,54.4,57.4,30.7,47.1,6.83,439.1,millet
52.7,44.1,43.8,32.3,50.4,6.94,392.9,millet
58.7,52.8,43.4,29.1,55.0,6.39,283.7,millet
64.0,41.0,53.7,34.4,53.8,6.25,429.7,millet
81.7,53.7,21.8,32.1,54.1,6.27,380.2,millet
65.4,16.8,22.0,34.5,58.7,6.33,277.0,millet
93.2,51.2,23.6,33.7,51.9,6.85,353.3,millet
88.9,51.0,33.0,36.9,53.9,6.51,295.9,millet
39.5,46.8,47.3,30.1,53.0,6.55,466.8,millet
54.3,42.1,41.0,29.4,57.1,6.69,468.8,millet
42.3,51.8,57.9,32.1,59.7,6.77,411.4,millet
54.3,49.0,32.6,32.1,56.9,6.29,433.9,millet
58.6,42.1,44.8,34.9,59.3,6.99,487.0,millet
39.3,28.4,51.0,32.3,48.6,6.55,436.1,millet
56.4,16.5,43.4,32.0,54.2,6.78,446.5,millet
51.8,27.5,18.9,27.1,51.7,6.25,303.2,millet
43.1,29.4,50.7,36.4,46.6,6.41,354.8,millet
68.1,10.6,23.3,31.4,56.7,6.79,323.2,millet
38.9,64.1,40.4,32.6,53.8,6.25,383.7,millet
43.2,21.8,45.8,34.1,55.2,6.48,400.4,millet
77.0,49.2,50.4,33.0,57.8,6.3,462.6,millet
76.2,33.0,31.5,38.1,57.6,6.64,536.3,millet
47.2,40.3,59.6,34.2,57.2,6.54,342.9,millet
55.0,44.2,24.3,32.7,56.2,6.61,405.8,millet
58.0,48.3,45.7,30.5,56.8,6.54,355.3,millet
62.1,29.7,32.6,31.8,51.9,6.13,331.0,millet
79.0,15.9,68.2,32.2,58.5,6.49,469.6,millet
69.1,47.6,50.0,34.2,51.7,6.39,406.9,millet
60.0,57.8,40.5,30.7,55.7,6.69,338.0,millet
43.2,36.2,87.4,32.5,59.6,6.16,444.7,millet
62.5,54.0,22.1,31.8,57.3,6.74,391.9,millet
40.2,30.3,40.0,30.6,55.0,6.18,477.5,millet
78.4,70.6,34.1,33.7,56.4,6.39,378.1,millet
67.2,34.3,59.7,33.7,55.5,6.66,426.6,millet
63.8,42.1,38.1,33.0,64.2,6.47,374.3,millet
40.5,61.9,21.2,33.6,57.2,6.06,343.7,millet
45.7,22.5,35.9,27.6,61.5,6.05,317.9,millet
58.5,44.1,25.3,31.4,62.0,6.2,367.9,millet
29.2,55.7,71.1,33.7,56.4,6.47,373.3,millet
57.5,37.4,38.8,32.1,60.6,6.97,340.1,millet
44.4,46.0,30.0,28.3,61.4,6.46,380.6,millet
61.7,30.7,41.8,32.3,51.1,6.68,315.4,millet
59.7,41.7,39.9,31.0,59.4,6.7,347.7,millet
56.1,34.1,52.6,33.7,58.2,6.59,346.7,millet
35.8,35.7,56.1,32.1,53.6,6.69,353.4,millet
53.4,38.4,53.6,32.1,59.1,6.72,418.2,millet
80.5,52.8,50.4,34.8,54.8,6.57,394.1,millet
56.4,55.0,31.4,29.8,54.2,6.85,381.7,millet
21.6,21.2,44.5,31.3,60.9,6.45,432.1,millet
54.3,15.7,17.5,28.8,55.0,5.89,342.3,millet
54.5,32.8,33.8,30.5,56.8,6.8,328.7,millet
84.5,31.7,10.0,29.7,48.8,6.17,314.1,millet
60.8,39.5,34.4,31.0,55.2,6.49,294.0,millet
56.4,38.4,47.5,28.9,58.8,6.95,395.0,millet
64.9,51.6,20.6,36.2,57.6,6.29,367.6,millet
72.7,35.9,73.0,31.2,57.3,6.76,463.7,millet
71.9,34.6,56.5,32.8,53.9,6.38,196.3,millet
62.8,30.6,41.1,33.9,54.5,6.31,333.3,millet
31.0,52.2,55.1,31.8,62.7,6.41,389.9,millet
59.9,40.2,25.9,27.6,56.6,6.63,353.3,millet
57.6,50.8,41.7,26.5,51.4,6.54,536.6,millet
69.8,28.6,16.3,32.9,51.9,6.69,224.4,millet
81.7,45.8,44.6,32.8,50.7,6.94,206.2,millet
54.7,55.6,31.9,27.6,53.9,6.32,350.6,millet
48.9,40.7,34.8,31.6,49.7,6.29,449.3,millet
54.9,47.4,23.3,31.7,51.0,6.65,355.7,millet
53.5,49.0,45.6,30.8,54.5,6.69,385.3,millet
59.7,39.4,36.9,32.2,57.8,6.27,336.6,millet
52.6,38.5,38.0,31.5,48.9,6.85,345.2,millet
43.1,22.7,13.4,35.2,55.6,6.46,528.9,millet
56.2,53.3,23.9,30.5,59.0,6.61,260.6,millet
60.2,52.0,60.6,30.5,57.9,6.3,271.1,millet
57.5,41.0,33.9,32.4,51.6,6.92,425.6,millet
56.7,51.2,45.2,35.5,57.9,6.59,413.3,millet
84.6,18.7,40.4,30.1,55.6,6.73,334.1,millet
45.2,27.8,44.7,33.7,58.8,6.66,419.7,millet
70.4,35.8,41.8,35.0,49.1,6.24,409.6,millet
65.3,49.3,17.8,35.2,53.4,6.37,319.9,millet
41.8,32.3,10.0,32.5,48.0,6.48,458.0,millet
44.4,26.4,62.7,36.0,52.0,6.58,376.3,millet
38.8,28.9,63.3,37.0,59.0,6.59,360.5,millet
55.4,49.6,60.9,28.9,52.9,6.9,552.1,millet
40.5,42.9,27.7,36.0,51.8,6.48,361.0,millet
62.8,40.3,56.4,35.2,48.5,6.85,362.0,millet
38.0,46.9,45.9,34.7,53.3,6.22,349.2,millet
28.8,36.3,54.5,34.4,57.9,6.72,485.4,millet
65.5,47.2,42.7,29.6,56.9,6.61,406.1,millet
80.7,46.4,19.3,28.8,56.1,6.14,433.8,millet
45.4,53.5,55.7,30.5,52.9,6.57,362.4,millet
49.1,54.3,44.8,34.0,58.5,6.43,402.9,millet
60.1,41.9,50.8,30.8,52.2,7.01,372.2,millet
55.3,52.5,10.0,29.5,52.7,6.96,473.1,millet
64.7,28.1,39.8,29.6,47.4,6.65,380.4,millet
60.4,39.3,53.3,34.5,50.2,6.42,259.8,millet
55.4,57.5,42.6,33.7,49.8,6.54,446.4,millet
54.8,36.0,58.4,30.8,57.1,6.29,456.8,millet
79.6,35.7,41.7,33.0,53.2,6.58,448.5,millet
79.8,29.9,51.8,29.1,53.7,6.23,349.0,millet
57.1,16.4,10.6,33.0,60.6,5.93,402.1,millet
56.8,36.1,35.2,29.5,52.3,6.72,401.1,millet
50.6,35.4,46.4,32.3,51.8,6.75,372.1,millet
62.7,34.8,33.9,33.3,57.8,6.63,340.4,millet
73.1,35.4,56.0,32.0,54.9,6.72,317.9,millet
41.1,25.7,24.9,37.3,57.6,5.93,378.9,millet
45.0,33.8,43.8,37.6,58.6,6.49,439.9,millet
32.6,60.6,36.8,30.9,57.7,6.5,444.7,millet
29.7,52.3,78.5,39.3,54.2,6.61,443.5,millet
91.6,44.6,72.1,27.3,54.6,6.72,380.8,millet
53.7,49.8,21.5,32.9,56.2,6.81,430.1,millet
77.0,29.5,14.0,31.8,55.3,6.42,357.6,millet
55.6,49.9,36.5,29.1,51.4,6.6,466.3,millet
107.0,27.1,39.2,39.4,53.8,6.39,526.5,millet
45.4,57.2,18.2,32.6,48.5,6.62,399.8,millet
49.5,57.6,39.4,32.6,46.9,6.29,252.3,millet
48.1,18.1,45.0,35.7,57.3,6.32,374.7,millet
62.6,51.9,35.1,33.2,55.8,7.01,451.8,millet
65.3,30.5,56.1,30.2,54.7,6.71,447.8,millet
77.3,44.8,52.8,30.3,59.8,6.4,441.7,millet
29.8,35.7,26.0,30.4,49.7,6.93,414.3,millet
39.3,24.4,26.6,34.2,57.5,7.24,528.3,millet
41.4,26.4,34.0,32.8,52.2,6.66,331.5,millet
68.7,49.6,61.4,31.7,51.6,6.32,467.3,millet
55.9,18.7,53.4,33.7,57.2,6.43,408.7,millet
47.2,58.0,49.2,33.0,44.4,6.49,451.8,millet
58.5,33.1,74.0,33.1,56.5,6.27,371.2,millet
62.8,54.7,44.8,36.2,49.4,6.72,470.9,millet
65.6,53.7,31.7,32.5,48.2,6.31,415.6,millet
69.8,44.9,63.3,32.4,60.5,6.78,293.3,millet
42.1,33.6,65.3,30.5,59.0,6.75,339.1,millet
38.7,16.2,50.9,33.5,50.7,6.66,452.5,millet
57.1,39.2,65.4,36.1,53.0,6.93,383.1,millet
57.8,24.2,42.8,31.6,58.1,6.32,356.4,millet
65.9,39.1,49.1,32.7,58.2,6.64,464.5,millet
58.1,52.9,29.0,29.7,59.4,6.67,243.4,millet
48.5,43.5,21.9,30.7,57.1,6.1,343.7,millet
43.5,24.5,33.7,30.8,57.3,6.33,252.6,millet
61.6,30.7,43.2,28.5,46.1,6.39,529.5,millet
40.5,28.1,38.2,30.5,50.8,5.91,502.0,millet
54.2,62.6,50.4,34.4,52.6,6.38,433.4,millet
63.0,39.3,38.6,37.2,54.8,6.25,456.1,millet
38.8,45.8,27.2,32.0,59.7,6.49,263.2,millet
53.8,32.5,29.2,33.9,58.8,6.46,458.8,millet
58.4,34.8,22.9,32.5,51.9,6.21,386.0,millet
59.2,58.5,22.4,34.6,58.6,6.32,518.1,millet
93.4,60.7,38.4,34.5,61.3,6.39,303.5,millet
35.1,33.8,23.3,30.7,54.3,6.4,413.0,millet
47.2,42.5,51.9,33.9,57.8,6.59,466.1,millet
72.8,47.3,14.2,31.0,54.5,6.92,407.9,millet
43.7,39.2,56.7,32.9,54.4,6.11,389.7,millet
58.1,38.6,19.8,31.0,61.7,6.43,373.3,millet
89.1,24.2,53.0,33.9,54.9,6.61,356.5,millet
48.5,42.9,46.1,34.7,57.2,6.91,357.5,millet
46.3,42.0,32.9,33.8,55.6,6.63,451.3,millet
41.0,28.7,50.9,29.4,56.0,6.61,366.1,millet
53.8,41.4,64.9,33.8,60.1,6.63,459.1,millet
60.4,54.0,55.1,39.4,57.0,6.68,430.9,millet
63.2,31.1,23.1,33.4,49.3,6.68,378.8,millet
68.2,35.3,21.3,34.2,56.1,6.71,293.3,millet
83.7,44.1,34.0,34.0,52.9,6.63,480.0,millet
53.9,36.2,30.6,35.1,50.1,6.7,350.8,millet
76.4,45.6,18.5,31.3,61.2,6.95,493.5,millet
60.8,7.9,49.6,32.0,53.4,6.88,543.8,millet
39.2,42.5,47.2,35.7,59.6,6.08,396.7,millet
69.0,17.5,39.3,35.9,50.5,6.55,442.6,millet
66.3,46.7,56.3,31.7,56.9,6.21,356.4,millet
103.5,45.5,40.9,29.7,56.0,6.43,299.7,millet
58.8,41.1,43.3,32.1,57.1,6.48,318.8,millet
79.3,61.4,14.5,28.2,51.8,6.47,455.8,millet
61.7,42.3,26.2,32.6,49.3,6.7,418.2,millet
53.5,42.6,40.7,33.5,55.5,6.37,455.9,millet
52.8,49.4,40.1,34.8,50.4,6.59,368.0,millet
41.7,29.7,31.8,34.1,55.5,6.33,332.4,millet
60.4,34.1,37.6,35.6,50.2,6.53,361.9,millet
103.3,52.6,47.8,34.9,57.2,6.2,444.7,millet
34.8,25.1,46.6,29.6,53.1,6.45,463.2,millet
53.9,43.5,52.3,35.0,57.4,6.48,445.7,millet
59.8,41.3,38.8,32.5,54.2,6.25,480.7,millet
18.9,65.8,35.7,35.7,49.6,6.88,453.7,millet
58.0,55.7,48.5,32.0,56.4,6.5,396.0,millet
71.9,38.1,36.7,30.1,57.0,6.36,449.4,millet
59.7,24.6,54.5,31.9,53.0,6.68,238.1,millet
73.2,30.8,42.0,31.8,63.3,6.24,318.6,millet
77.2,39.6,73.3,30.2,57.0,6.6,317.4,millet
67.8,39.0,42.8,33.2,49.9,6.35,437.8,millet
69.6,19.6,42.8,30.5,55.4,6.2,408.1,millet
86.5,56.5,27.3,32.9,64.6,6.78,645.4,sorghum
44.9,38.3,10.0,29.2,68.1,6.68,683.6,sorghum
51.3,59.7,31.5,30.0,58.0,7.03,679.0,sorghum
57.9,30.5,44.8,32.5,64.9,7.06,560.2,sorghum
69.7,35.3,37.2,29.3,67.1,7.14,554.0,sorghum
48.1,49.1,40.5,29.6,64.5,6.99,622.5,sorghum
66.5,30.7,42.0,27.6,63.4,6.79,457.6,sorghum
60.4,49.9,41.4,29.4,65.5,7.34,716.8,sorghum
85.0,45.7,48.2,32.4,58.1,6.5,595.2,sorghum
71.1,31.7,22.0,32.5,61.4,6.94,489.9,sorghum
69.5,31.6,14.4,28.0,60.2,6.86,676.6,sorghum
66.5,20.6,16.8,27.4,64.1,6.95,596.2,sorghum
56.4,40.0,59.7,33.8,64.9,6.84,682.2,sorghum
64.5,40.5,28.9,30.7,62.0,7.2,635.1,sorghum
23.9,37.2,22.4,29.8,62.4,7.02,528.0,sorghum
68.9,37.2,63.0,30.8,61.2,7.14,642.5,sorghum
54.7,26.8,51.8,28.8,61.8,6.79,698.1,sorghum
60.4,43.2,31.1,27.3,59.6,7.21,692.6,sorghum
51.9,30.9,58.8,30.6,57.9,6.76,609.0,sorghum
55.7,27.1,27.8,30.0,61.0,6.87,548.1,sorghum
59.3,37.5,47.8,31.3,62.0,7.0,612.4,sorghum
69.5,49.2,30.8,30.7,62.1,6.62,495.2,sorghum
77.3,57.8,21.6,29.8,65.5,7.18,459.2,sorghum
54.5,50.3,10.0,31.5,57.8,6.96,698.6,sorghum
67.4,12.1,34.2,33.0,65.4,6.98,592.5,sorghum
47.7,29.1,17.2,31.4,57.4,7.02,619.2,sorghum
71.5,50.0,31.3,31.0,69.1,6.63,674.2,sorghum
80.4,53.3,15.8,28.5,60.9,7.05,527.6,sorghum
34.4,53.8,11.3,28.7,60.2,6.99,686.6,sorghum
59.3,50.9,44.3,27.3,68.5,6.93,670.1,sorghum
58.6,34.7,25.0,29.4,57.6,7.06,567.6,sorghum
53.5,29.8,54.1,28.5,65.3,6.92,641.2,sorghum
42.5,28.0,56.9,30.1,63.6,6.92,624.5,sorghum
48.5,60.3,49.9,28.8,59.0,6.7,572.6,sorghum
93.2,52.3,41.4,29.1,62.0,7.34,672.2,sorghum
45.7,31.9,66.9,31.2,56.8,6.84,601.0,sorghum
70.9,51.3,10.0,31.9,65.0,6.53,629.4,sorghum
44.9,31.4,54.8,31.3,56.3,7.33,505.1,sorghum
56.6,41.4,32.4,29.5,61.9,7.09,588.0,sorghum
57.2,42.9,54.5,30.6,68.4,6.9,620.9,sorghum
76.1,31.3,42.7,28.2,54.7,6.93,606.9,sorghum
64.4,43.7,27.2,29.1,65.5,6.74,542.7,sorghum
54.9,37.0,56.7,30.3,64.1,6.67,537.7,sorghum
55.0,52.3,34.7,30.2,64.2,7.14,663.7,sorghum
46.7,25.2,51.8,27.1,63.9,6.6,585.7,sorghum
83.3,32.2,36.7,32.8,64.2,7.13,586.0,sorghum
47.2,26.1,58.8,29.4,70.3,7.01,605.0,sorghum
69.1,32.4,46.4,28.6,60.4,6.68,644.2,sorghum
46.2,10.6,50.6,30.8,61.7,7.17,636.4,sorghum
60.8,59.8,37.9,30.3,57.9,6.49,559.3,sorghum
46.0,40.3,45.0,29.4,69.3,7.19,598.4,sorghum
61.1,39.0,40.0,28.2,59.9,6.62,650.6,sorghum
45.6,16.6,26.3,28.7,66.0,7.11,558.3,sorghum
58.9,49.4,40.0,30.3,60.3,6.85,557.9,sorghum
71.1,64.5,49.2,30.1,60.9,7.22,585.0,sorghum
72.1,30.9,45.2,29.2,65.5,6.8,539.7,sorghum
57.0,41.2,34.1,28.2,58.6,7.07,652.0,sorghum
54.6,35.2,24.9,29.3,59.4,6.75,610.3,sorghum
91.1,69.1,28.3,31.5,61.8,6.67,577.7,sorghum
61.5,10.0,26.8,32.0,67.5,7.08,593.9,sorghum
68.3,23.4,42.0,30.0,58.7,6.82,613.2,sorghum
47.7,64.7,31.0,32.1,63.5,6.49,625.7,sorghum
61.5,44.6,27.7,32.1,61.6,7.13,559.3,sorghum
75.6,41.0,47.3,28.1,60.8,6.94,540.9,sorghum
71.4,27.2,10.0,30.2,62.6,7.03,525.6,sorghum
73.2,34.5,35.8,30.3,61.9,7.01,623.6,sorghum
84.6,36.4,43.0,30.1,62.0,6.98,518.7,sorghum
59.6,33.5,64.4,31.5,66.8,7.44,544.2,sorghum
55.0,43.0,48.7,31.3,67.0,7.33,605.5,sorghum
67.4,25.8,42.9,30.0,59.6,6.66,507.3,sorghum
48.4,26.0,15.2,33.1,56.8,6.68,695.2,sorghum
55.9,44.3,38.4,30.0,65.5,6.88,647.0,sorghum
82.5,31.8,45.4,31.4,61.3,6.54,628.7,sorghum
105.2,32.4,52.3,26.8,62.8,7.04,599.2,sorghum
73.1,63.5,42.3,30.9,65.0,6.96,554.8,sorghum
53.2,48.1,38.0,29.5,66.9,6.78,670.1,sorghum
60.9,33.1,23.6,28.4,64.6,6.92,636.0,sorghum
61.3,54.3,35.3,29.2,57.9,6.89,604.9,sorghum
54.9,7.5,95.4,27.9,60.7,7.14,586.0,sorghum
58.6,44.0,50.5,30.2,57.7,6.63,605.9,sorghum
52.0,24.8,52.4,30.4,54.7,6.97,520.9,sorghum
74.0,35.9,65.3,27.4,58.1,7.03,641.1,sorghum
68.2,45.2,32.1,33.2,64.2,7.27,615.8,sorghum
56.3,55.2,28.8,27.2,69.9,7.08,507.3,sorghum
45.5,30.1,28.2,31.0,63.9,6.92,605.1,sorghum
58.1,42.3,39.3,30.0,58.6,7.03,496.3,sorghum
75.3,39.4,50.3,34.2,61.3,7.03,608.4,sorghum
63.6,28.2,35.2,30.7,62.8,7.4,580.6,sorghum
62.2,51.8,56.4,26.5,66.6,6.66,609.2,sorghum
45.0,49.9,42.4,32.1,64.1,6.62,475.4,sorghum
73.3,27.0,57.6,31.2,67.1,7.17,538.1,sorghum
47.3,64.7,67.2,29.5,64.5,7.15,559.3,sorghum
61.7,41.2,31.4,31.0,63.5,6.61,628.7,sorghum
86.0,28.7,42.7,29.5,59.1,7.23,441.2,sorghum
77.9,24.6,23.4,31.8,64.6,6.99,565.3,sorghum
46.0,23.6,32.5,30.5,62.3,7.14,606.4,sorghum
68.0,42.7,33.5,29.4,66.5,7.19,581.1,sorghum
42.7,42.0,37.1,28.6,60.3,6.99,520.2,sorghum
24.7,42.9,51.4,29.3,54.8,6.9,677.4,sorghum
54.9,36.7,34.5,27.7,57.2,7.02,518.5,sorghum
49.5,29.5,61.1,28.4,63.4,6.7,675.5,sorghum
56.5,35.1,34.6,31.2,67.8,7.36,591.6,sorghum
70.4,36.3,67.2,28.4,59.4,7.22,715.6,sorghum
65.3,19.3,58.6,27.4,61.0,7.24,594.7,sorghum
57.4,41.8,35.0,30.8,61.4,6.68,531.0,sorghum
60.5,18.4,40.8,29.2,63.6,6.52,492.5,sorghum
35.8,39.3,70.2,30.0,65.2,7.26,626.9,sorghum
42.4,50.4,48.8,30.2,62.3,6.9,544.6,sorghum
38.8,24.8,39.1,27.8,60.7,6.6,593.8,sorghum
65.4,52.0,36.6,29.2,61.3,7.19,536.1,sorghum
41.3,36.3,46.4,32.7,61.0,7.02,623.2,sorghum
34.8,54.6,49.1,31.0,71.0,6.96,572.7,sorghum
63.0,22.4,10.0,30.4,63.7,7.4,569.0,sorghum
46.8,30.8,29.9,30.6,62.2,6.8,534.3,sorghum
65.7,52.6,55.6,31.3,58.7,6.73,638.2,sorghum
67.3,15.1,71.4,28.3,56.9,6.95,666.0,sorghum
71.9,26.5,37.3,32.2,59.5,6.98,643.1,sorghum
45.8,33.9,47.7,31.5,63.5,6.56,500.4,sorghum
78.8,26.2,51.4,28.8,60.4,6.87,608.4,sorghum
48.9,38.2,49.1,30.0,58.7,6.71,561.6,sorghum
69.7,23.4,35.8,29.5,62.2,7.12,584.4,sorghum
51.5,59.1,40.6,32.0,62.7,6.96,512.3,sorghum
51.5,44.9,46.4,32.5,63.9,6.86,600.4,sorghum
72.7,16.5,44.4,31.0,58.3,6.8,625.1,sorghum
49.4,33.7,48.7,29.8,63.8,6.83,656.6,sorghum
65.2,20.1,36.6,26.2,59.7,7.05,610.5,sorghum
44.0,23.5,48.3,30.3,62.1,6.69,605.9,sorghum
69.5,17.9,32.0,29.8,57.2,6.99,596.5,sorghum
62.5,55.5,39.2,27.4,59.7,7.1,572.0,sorghum
78.6,48.5,42.0,30.6,59.1,7.21,562.8,sorghum
42.7,26.0,48.2,28.4,64.3,7.51,676.1,sorghum
58.2,28.6,33.0,29.4,63.8,6.77,690.9,sorghum
65.7,48.7,10.4,31.2,63.2,6.81,666.0,sorghum
67.3,34.2,40.0,30.2,65.5,7.1,587.3,sorghum
59.0,15.9,32.3,31.6,63.0,6.62,595.7,sorghum
82.0,32.3,16.8,30.1,59.4,7.09,651.1,sorghum
88.2,28.0,28.9,30.5,59.9,7.23,520.5,sorghum
54.2,59.4,48.7,29.3,68.5,6.87,563.5,sorghum
72.0,54.7,31.0,31.6,60.8,6.74,539.6,sorghum
71.6,29.5,41.4,29.4,57.7,6.83,578.6,sorghum
71.9,50.2,25.5,27.8,60.7,6.69,590.4,sorghum
79.3,27.2,58.9,29.6,56.8,6.65,603.0,sorghum
87.8,24.9,48.9,27.8,61.5,6.96,643.9,sorghum
72.2,37.6,33.1,30.9,59.1,6.84,823.6,sorghum
65.6,36.2,34.6,31.6,59.7,7.18,582.2,sorghum
40.7,44.7,32.4,28.5,61.4,6.81,648.3,sorghum
56.3,35.4,17.9,26.6,61.8,6.95,519.8,sorghum
67.3,50.9,23.2,28.5,65.7,7.14,678.9,sorghum
74.2,37.7,64.7,30.1,59.1,7.09,525.3,sorghum
61.9,48.1,10.0,30.4,59.1,7.25,548.2,sorghum
76.4,67.2,43.6,30.4,58.1,6.98,565.9,sorghum
69.3,43.5,42.7,28.8,65.5,6.75,548.7,sorghum
73.8,54.8,43.2,27.4,57.9,6.85,576.2,sorghum
70.4,45.5,31.9,29.0,60.7,6.72,705.9,sorghum
52.4,46.3,40.3,30.2,63.1,7.11,629.5,sorghum
50.5,40.8,19.7,29.2,62.2,6.64,583.6,sorghum
47.5,38.6,27.8,29.0,59.0,6.9,759.0,sorghum
45.0,50.1,25.6,29.6,65.8,7.02,552.1,sorghum
40.0,49.0,30.4,27.4,68.5,6.54,599.8,sorghum
42.1,52.3,50.2,31.0,62.9,7.44,544.2,sorghum
65.0,35.8,41.1,27.5,62.7,7.02,637.3,sorghum
42.7,49.1,41.2,30.4,57.7,7.32,649.7,sorghum
49.3,22.1,63.0,27.9,59.5,7.27,635.2,sorghum
85.1,39.9,47.4,30.3,59.8,6.53,657.8,sorghum
59.5,51.3,10.1,31.1,63.2,7.4,577.6,sorghum
58.6,38.8,36.2,31.9,65.7,7.1,498.5,sorghum
46.9,43.2,41.4,28.6,69.4,7.33,586.3,sorghum
47.5,63.5,62.8,29.8,63.9,7.21,533.1,sorghum
67.7,59.1,37.4,30.9,63.8,7.07,517.9,sorghum
72.4,16.8,41.3,33.4,61.6,7.6,627.1,sorghum
34.7,41.3,42.1,31.1,62.9,6.8,589.9,sorghum
75.8,32.0,33.4,30.9,58.3,6.76,561.6,sorghum
81.0,48.2,58.7,29.5,60.3,6.78,558.7,sorghum
76.8,31.1,24.2,32.4,63.6,6.85,443.3,sorghum
42.0,65.8,49.7,27.6,65.4,7.06,579.8,sorghum
72.3,30.3,35.9,31.3,57.4,6.77,685.7,sorghum
70.9,53.4,55.1,29.9,61.4,7.23,514.8,sorghum
44.6,31.7,35.1,30.7,63.3,6.84,621.8,sorghum
65.3,54.3,39.9,28.9,63.1,7.08,627.6,sorghum
68.6,41.2,41.5,31.7,66.0,7.4,634.4,sorghum
84.2,38.2,82.9,29.2,65.3,6.76,566.4,sorghum
76.0,26.7,29.9,28.8,61.4,6.8,616.7,sorghum
61.9,29.0,28.2,31.0,58.2,7.15,649.7,sorghum
72.0,33.1,53.7,26.6,65.7,6.68,714.5,sorghum
81.0,50.8,41.6,29.2,61.6,6.84,575.8,sorghum
71.0,43.4,11.8,31.7,58.7,7.12,491.5,sorghum
83.7,44.1,45.0,28.2,70.1,7.3,627.8,sorghum
60.5,43.3,38.7,28.3,62.3,7.17,663.5,sorghum
66.4,57.3,65.4,30.4,58.5,6.63,666.7,sorghum
76.8,39.8,34.4,28.0,57.9,6.86,573.1,sorghum
54.0,47.0,54.1,30.9,67.5,7.0,547.0,sorghum
50.8,30.7,23.5,32.7,65.9,7.03,586.0,sorghum
33.8,26.7,28.3,28.8,64.7,6.69,674.4,sorghum
34.8,35.8,51.8,29.5,60.8,7.42,678.2,sorghum
49.8,43.8,50.6,31.4,65.6,7.2,577.6,sorghum
41.3,41.2,24.0,29.0,59.9,7.04,713.0,sorghum
76.3,35.8,57.0,29.5,65.0,7.09,494.2,sorghum
78.4,45.8,31.4,30.1,69.1,6.88,607.5,sorghum
61.4,41.7,51.6,27.8,66.0,7.43,531.1,sorghum
49.5,28.7,10.0,30.1,63.4,7.03,673.3,sorghum
50.4,30.7,28.1,32.1,61.2,6.51,590.2,sorghum
40.5,61.7,62.4,30.6,58.2,6.68,608.1,sorghum
64.8,48.9,46.8,28.6,62.9,7.01,468.2,sorghum
64.5,33.4,69.9,28.1,65.2,6.82,619.6,sorghum
42.9,42.3,15.6,27.8,57.3,7.45,677.1,sorghum
71.1,52.5,29.7,27.8,65.7,7.06,659.8,sorghum
68.2,31.8,50.6,27.7,60.7,7.1,599.1,sorghum
67.8,47.7,65.2,31.1,61.2,7.19,648.2,sorghum
65.4,60.0,10.0,30.5,59.0,7.28,559.5,sorghum
73.5,47.4,22.9,31.5,61.4,6.81,582.6,sorghum
55.6,12.9,42.8,30.3,63.1,7.28,647.1,sorghum
56.4,28.9,21.9,30.3,66.0,6.51,620.7,sorghum
57.8,51.2,50.2,29.9,63.4,6.83,646.8,sorghum
34.0,64.8,27.2,29.1,57.1,6.89,558.8,sorghum
40.2,33.9,64.1,31.8,63.2,6.97,721.2,sorghum
57.8,42.6,28.5,30.6,66.6,7.17,601.9,sorghum
61.1,35.3,26.5,29.1,64.2,6.69,586.2,sorghum
55.8,12.6,42.9,29.4,60.1,6.73,445.2,sorghum
36.7,40.0,50.2,31.5,64.1,6.87,592.2,sorghum
63.4,6.7,10.0,27.8,61.7,7.71,569.0,sorghum
66.5,30.4,10.0,31.2,61.6,6.91,765.7,sorghum
61.8,50.3,56.1,31.7,65.8,6.81,559.1,sorghum
40.6,24.7,10.0,30.4,64.4,7.12,612.2,sorghum
45.0,38.6,33.2,31.3,65.1,7.1,573.6,sorghum
59.6,55.1,65.7,29.0,70.3,7.28,661.0,sorghum
72.2,37.3,70.5,27.7,64.9,7.3,681.7,sorghum
61.4,44.7,41.3,30.6,64.1,7.24,571.0,sorghum
56.6,5.0,45.9,28.9,58.1,7.38,545.2,sorghum
48.9,54.6,37.8,30.6,59.9,6.78,475.6,sorghum
50.8,43.9,26.0,29.3,64.0,6.56,674.8,sorghum
73.9,32.2,45.7,33.4,60.1,6.72,607.5,sorghum
48.1,52.3,32.6,28.1,60.5,6.92,604.7,sorghum
71.9,21.1,30.2,29.8,67.5,7.22,593.7,sorghum
45.5,60.2,50.8,32.0,62.8,6.73,521.9,sorghum
54.0,37.7,66.6,31.6,62.1,6.83,652.2,sorghum
87.8,43.7,45.9,27.8,59.6,7.26,563.1,sorghum
67.5,49.3,13.3,30.2,64.9,7.11,629.2,sorghum
62.4,31.4,13.4,30.0,63.8,6.96,620.3,sorghum
83.8,39.0,35.3,31.6,62.0,6.81,524.4,sorghum
70.4,21.1,40.7,31.2,63.8,6.91,743.8,sorghum
54.1,43.8,51.6,33.3,62.8,7.01,610.5,sorghum
54.4,9.7,50.2,29.4,64.0,7.53,433.9,sorghum
70.6,33.8,44.3,32.9,67.9,7.2,635.3,sorghum
40.6,49.7,26.8,30.0,61.7,7.06,595.8,sorghum
54.3,22.8,50.7,29.6,59.6,6.51,622.0,sorghum
30.3,41.7,38.8,28.1,62.5,7.01,699.0,sorghum
60.4,34.3,43.7,27.8,61.3,6.95,605.8,sorghum
49.4,57.3,54.3,29.9,60.8,6.73,631.5,sorghum
61.1,47.9,35.7,32.0,61.0,7.07,685.5,sorghum
61.4,41.5,43.4,30.2,64.2,7.16,604.8,sorghum
64.0,43.2,50.0,32.7,59.5,7.17,484.7,sorghum
53.3,48.3,49.8,30.4,64.5,7.01,562.7,sorghum
98.5,38.2,33.0,30.4,66.6,7.25,714.5,sorghum
69.1,22.3,38.6,31.4,62.5,6.75,583.2,sorghum
48.8,46.5,44.3,30.0,57.0,6.56,570.9,sorghum
24.1,37.1,31.8,30.0,63.6,6.55,541.0,sorghum
67.3,37.0,60.7,31.7,67.7,6.86,610.5,sorghum
58.7,55.2,10.0,29.7,59.1,6.9,657.0,sorghum
36.9,12.0,36.1,29.4,56.0,6.88,575.6,sorghum
86.9,39.6,59.3,29.5,63.3,6.78,583.7,sorghum
43.9,17.9,51.0,27.2,64.6,6.94,544.4,sorghum
59.2,24.2,28.7,31.1,61.0,6.72,616.2,sorghum
72.2,44.8,33.0,32.1,64.6,7.37,476.6,sorghum
49.5,39.8,40.9,28.9,62.6,6.9,450.1,sorghum
58.5,46.1,26.6,28.9,64.8,7.22,707.5,sorghum
55.6,67.9,46.5,31.1,59.3,6.99,586.4,sorghum
33.9,29.5,49.9,32.6,62.6,6.89,675.4,sorghum
76.4,18.7,45.6,29.5,56.2,7.11,625.1,sorghum
81.4,44.8,59.3,32.2,60.9,7.19,712.0,sorghum
66.5,31.6,36.6,29.9,60.6,6.96,626.3,sorghum
56.1,51.6,57.4,31.3,56.1,7.49,736.8,sorghum
54.6,55.8,38.8,32.6,61.8,6.99,551.5,sorghum
70.1,32.1,34.0,27.3,57.6,6.94,557.8,sorghum
93.8,41.5,51.0,29.5,64.1,7.2,609.4,sorghum
52.0,38.7,32.4,27.4,61.7,6.75,574.7,sorghum
50.4,40.5,33.5,34.3,68.8,7.37,634.2,sorghum
65.0,43.0,39.1,29.7,61.1,7.09,534.9,sorghum
69.9,45.9,29.9,31.4,66.8,6.54,582.9,sorghum
69.4,34.5,56.9,29.4,65.4,6.56,631.0,sorghum
59.0,30.2,44.0,26.9,59.7,7.36,763.0,sorghum
68.7,40.1,31.4,31.7,64.7,7.0,496.5,sorghum
66.4,51.3,61.1,28.1,64.6,7.17,644.8,sorghum
43.7,36.5,15.2,26.9,67.9,6.66,443.9,sorghum
54.8,35.3,43.9,29.4,61.8,7.07,536.8,sorghum
73.2,25.2,21.1,31.7,61.8,7.46,706.9,sorghum
56.6,16.2,24.2,29.0,60.9,6.53,696.3,sorghum
42.3,35.5,41.1,29.0,65.7,7.17,610.0,sorghum
54.0,5.0,49.6,29.6,57.1,6.71,582.0,sorghum
75.0,48.9,35.4,27.7,64.4,6.86,645.8,sorghum
24.2,41.2,16.3,29.3,63.2,7.26,673.1,sorghum
52.1,38.9,25.4,30.0,67.9,6.77,647.6,sorghum
58.9,30.2,39.1,31.6,62.9,7.16,595.3,sorghum
37.0,40.6,28.5,28.6,65.6,6.71,607.2,sorghum
42.5,39.7,30.1,30.1,55.8,7.17,621.4,sorghum
62.3,47.4,46.3,29.1,63.5,7.23,712.9,sorghum
74.4,12.0,37.4,30.4,63.0,7.57,673.8,sorghum
39.6,55.4,32.5,30.7,64.6,7.2,603.0,sorghum
50.0,34.9,13.1,29.0,65.0,6.93,560.1,sorghum
68.3,55.1,55.5,28.6,61.7,7.17,517.4,sorghum
41.7,38.0,37.4,29.1,62.4,6.46,601.3,sorghum
62.7,47.5,56.0,30.9,57.0,7.13,630.9,sorghum
66.4,35.6,43.9,29.8,59.7,6.76,683.0,sorghum
34.5,39.1,56.0,33.3,63.2,6.78,626.2,sorghum
66.4,42.0,17.2,29.5,67.0,7.35,626.8,sorghum
88.7,58.2,43.7,28.9,59.8,7.06,581.3,sorghum
73.7,45.9,28.7,31.3,67.1,6.61,551.4,sorghum
71.5,54.5,10.0,29.7,59.1,6.6,524.4,sorghum
79.8,42.4,57.1,33.1,63.4,6.63,599.2,sorghum
50.8,50.7,45.0,32.0,60.5,6.95,689.0,sorghum
74.3,35.6,45.2,31.8,57.1,7.34,674.2,sorghum
61.0,34.8,42.9,29.8,61.3,7.12,641.1,sorghum
51.6,49.8,50.7,34.5,61.7,6.83,554.3,sorghum
37.0,50.0,42.5,30.0,65.0,6.96,668.4,sorghum
56.4,25.3,56.0,30.0,64.8,7.09,568.9,sorghum
56.4,32.6,51.3,31.0,54.2,6.99,617.0,sorghum
53.2,40.9,30.7,31.2,65.7,6.74,629.1,sorghum
92.0,64.4,38.6,31.2,66.6,6.77,565.2,sorghum
40.7,5.0,36.0,31.9,65.7,6.96,573.3,sorghum
53.2,36.0,55.8,30.5,62.6,7.25,688.7,sorghum
52.1,46.2,53.8,25.9,61.3,7.34,600.9,sorghum
70.1,37.2,24.3,27.5,61.2,7.24,590.7,sorghum
66.6,24.7,67.9,31.7,57.4,6.62,595.5,sorghum
26.4,42.3,28.7,28.4,63.0,6.82,600.0,sorghum
51.8,34.4,15.0,30.2,63.3,7.39,591.8,sorghum
57.3,24.4,44.7,29.7,61.0,7.1,627.3,sorghum
62.4,37.2,65.9,29.7,60.7,6.84,608.2,sorghum
47.9,32.2,35.9,31.3,61.9,6.49,636.3,sorghum
55.3,43.1,45.2,29.9,63.4,7.29,643.7,sorghum
58.3,39.8,72.3,30.4,65.0,6.67,685.5,sorghum
58.9,37.4,54.2,29.5,63.9,7.12,534.5,sorghum
64.3,27.2,25.5,28.6,60.9,7.27,577.3,sorghum
82.6,26.8,51.3,33.1,65.1,7.0,672.2,sorghum
53.5,34.1,10.2,29.3,64.8,6.96,583.4,sorghum
79.6,18.3,51.0,31.3,68.3,6.93,532.9,sorghum
68.6,41.8,44.4,31.6,57.7,6.82,686.9,sorghum
66.8,40.7,59.3,29.4,70.7,7.03,703.4,sorghum
100.4,47.6,31.1,31.4,60.6,6.75,528.9,sorghum
53.6,43.7,41.7,28.9,65.3,7.2,653.7,sorghum
68.3,49.5,62.5,28.4,63.8,7.05,538.2,sorghum
61.8,36.6,71.6,28.7,64.8,6.92,642.0,sorghum
40.5,53.2,51.5,30.2,61.7,6.88,630.1,sorghum
56.7,24.8,43.3,29.5,63.1,6.88,540.0,sorghum
36.6,53.2,53.4,30.4,62.0,6.92,673.0,sorghum
74.5,43.5,17.6,30.0,58.7,6.86,511.4,sorghum
71.5,53.1,39.7,30.7,60.9,7.24,544.1,sorghum
60.4,24.6,36.6,31.5,61.7,6.92,560.9,sorghum
99.9,45.6,35.9,32.4,58.3,6.69,527.2,sorghum
57.6,31.3,34.0,30.1,60.5,6.87,615.2,sorghum
40.9,10.3,29.7,30.6,70.7,7.19,533.5,sorghum
46.4,35.2,24.8,31.1,62.2,6.85,632.7,sorghum
71.5,27.0,27.3,29.3,60.1,7.15,688.7,sorghum
74.7,20.6,52.6,31.8,62.3,7.51,538.3,sorghum
28.7,41.9,36.5,29.9,56.1,6.97,667.9,sorghum
65.7,33.1,39.5,32.3,60.9,6.9,647.5,sorghum
107.4,47.3,57.0,32.2,61.1,6.92,544.7,sorghum
38.2,44.3,38.4,31.3,64.0,7.09,655.7,sorghum
16.3,34.8,12.1,30.9,64.9,7.23,595.3,sorghum
52.7,51.3,35.2,30.4,66.7,7.05,580.0,sorghum
68.5,73.0,29.0,29.2,67.5,7.21,626.2,sorghum
86.3,22.7,38.2,28.7,67.2,6.76,609.7,sorghum
81.6,14.6,42.7,30.3,60.6,7.2,541.2,sorghum
83.1,53.9,38.4,29.8,61.5,6.68,607.2,sorghum
71.7,41.7,38.7,29.2,54.4,7.09,559.4,sorghum
70.5,56.5,36.6,30.2,60.9,6.96,543.1,sorghum
73.3,56.0,34.6,28.3,68.8,6.76,602.4,sorghum
91.1,42.0,22.1,28.8,63.6,7.17,638.3,sorghum
53.9,23.5,48.2,30.1,66.5,6.95,616.1,sorghum
40.8,45.2,40.4,35.6,63.9,6.86,585.2,sorghum
53.7,44.9,46.8,26.0,63.8,7.02,707.3,sorghum
47.4,16.0,45.4,30.7,66.5,7.5,671.2,sorghum
79.1,37.7,46.9,28.7,64.0,7.23,558.8,sorghum
70.0,30.0,13.3,30.4,59.9,6.76,601.2,sorghum
70.1,18.1,36.8,29.9,53.8,6.93,697.0,sorghum
41.9,39.3,73.4,28.1,61.2,6.72,532.9,sorghum
64.7,53.2,52.4,31.3,65.0,6.83,667.4,sorghum
55.3,39.1,24.2,30.3,70.2,7.21,634.7,sorghum
69.5,17.0,53.6,33.9,62.8,7.55,706.9,sorghum
82.3,60.3,61.2,30.7,58.2,6.8,655.9,sorghum
51.3,16.1,35.2,33.7,64.1,6.77,638.5,sorghum
57.2,63.6,38.1,26.6,63.7,6.49,672.1,sorghum
53.5,35.8,33.6,28.3,57.0,7.13,481.0,sorghum
48.7,52.1,45.6,29.8,63.5,6.64,518.2,sorghum
56.0,34.7,24.8,31.1,62.3,7.01,743.4,sorghum
73.9,40.4,33.9,30.1,63.8,7.02,623.7,sorghum
46.1,35.0,35.8,28.5,67.1,6.83,496.7,sorghum
90.9,50.7,45.4,32.7,70.7,7.02,578.1,sorghum
52.5,13.0,29.9,32.6,64.5,7.58,674.8,sorghum
56.9,27.8,32.6,32.9,60.9,6.41,696.7,sorghum
81.2,37.3,23.0,28.2,68.4,6.83,492.7,sorghum
47.8,20.5,39.2,30.8,61.9,7.04,573.9,sorghum
58.7,41.0,40.8,31.6,63.0,7.38,539.9,sorghum
71.4,49.7,34.3,28.9,59.4,7.09,533.8,sorghum
47.7,21.7,49.4,31.8,62.7,6.17,620.5,sorghum
44.3,31.5,48.1,30.2,63.5,6.64,528.5,sorghum
63.5,39.2,37.0,32.3,66.6,7.01,560.9,sorghum
85.0,42.1,44.3,30.7,59.7,6.95,649.4,sorghum
78.6,11.6,28.9,31.9,62.4,7.2,566.6,sorghum
62.6,50.7,54.3,28.3,59.6,7.17,591.7,sorghum
39.5,51.4,38.7,31.1,62.8,6.88,577.6,sorghum
39.4,31.6,43.2,27.5,61.8,6.49,635.8,sorghum
85.8,48.4,43.3,31.3,64.4,6.99,650.3,sorghum
54.2,61.1,42.2,30.9,62.3,6.48,573.4,sorghum
60.4,26.4,42.8,30.2,63.6,6.8,666.6,sorghum
58.3,44.4,21.9,28.6,60.9,6.79,661.9,sorghum
69.2,35.4,32.6,29.1,66.7,6.37,607.0,sorghum
84.9,47.5,43.0,28.9,64.4,6.87,575.7,sorghum
49.5,47.6,54.1,29.7,66.7,6.71,679.3,sorghum
60.6,24.8,41.6,29.5,62.7,7.37,550.5,sorghum
59.1,40.5,12.4,31.3,66.4,7.22,593.2,sorghum
66.9,26.5,25.2,32.0,61.3,6.86,578.0,sorghum
83.9,48.3,50.2,29.9,63.5,6.85,558.2,sorghum
70.6,42.3,27.7,29.0,61.1,6.82,760.4,sorghum
72.2,19.9,74.2,33.7,62.5,7.6,665.0,sorghum
53.8,57.3,15.9,31.1,61.3,7.01,641.0,sorghum
52.2,48.3,39.9,32.3,62.3,6.93,541.5,sorghum
37.5,34.6,47.4,28.9,60.3,6.87,610.3,sorghum
47.5,53.6,45.0,30.1,70.7,6.88,721.0,sorghum
66.5,37.5,58.3,31.9,61.9,6.95,626.6,sorghum
55.0,21.8,10.0,27.8,56.6,7.04,680.9,sorghum
80.3,25.2,50.2,28.2,60.6,6.74,603.0,sorghum
39.4,43.4,25.6,28.5,60.6,7.15,525.1,sorghum
70.8,36.2,32.9,28.7,69.3,6.77,626.7,sorghum
83.9,49.0,18.9,31.8,58.9,7.12,543.8,sorghum
51.3,59.8,38.9,29.0,67.4,7.06,665.3,sorghum
81.3,15.4,66.0,29.0,58.8,7.71,548.3,sorghum
59.4,16.4,32.7,30.9,60.3,6.87,631.6,sorghum
29.1,54.0,26.5,30.0,60.6,7.2,687.3,sorghum
41.4,29.3,54.9,30.2,63.2,6.97,627.1,sorghum
40.2,51.0,24.1,29.0,57.8,7.21,593.1,sorghum
59.0,35.7,53.6,31.7,60.8,7.4,600.7,sorghum
73.0,40.6,22.5,27.5,66.1,6.79,431.5,sorghum
34.0,44.8,26.0,31.0,59.1,6.74,572.7,sorghum
98.0,39.4,67.4,29.9,59.6,6.62,587.9,sorghum
87.7,50.0,27.9,31.9,63.1,7.04,578.6,sorghum
80.2,29.7,29.2,30.6,58.8,7.12,653.6,sorghum
68.7,41.1,56.9,31.9,59.4,7.22,576.4,sorghum
30.2,27.6,10.0,32.0,68.7,7.4,594.5,sorghum
33.7,41.6,41.9,29.5,60.0,7.27,519.3,sorghum
83.1,25.6,65.0,29.9,55.5,6.8,608.7,sorghum
51.8,44.1,41.1,27.7,59.5,7.28,498.2,sorghum
55.9,60.9,44.8,29.9,64.9,6.71,684.9,sorghum
46.2,49.0,64.0,27.5,65.3,7.18,504.2,sorghum
54.0,39.8,26.9,32.4,64.2,6.96,707.0,sorghum
72.5,35.8,11.1,29.4,57.5,6.61,685.0,sorghum
40.0,40.2,36.8,29.9,61.2,7.17,586.4,sorghum
68.1,62.2,52.1,30.1,60.9,7.0,484.5,sorghum
76.8,34.6,68.9,30.8,61.6,7.39,684.8,sorghum
48.5,35.7,31.4,30.7,63.4,6.86,746.2,sorghum
61.9,34.4,44.0,32.1,57.5,7.05,598.1,sorghum
40.5,65.4,16.7,29.9,64.3,7.09,642.3,sorghum
57.5,58.2,56.6,29.8,63.7,7.03,527.0,sorghum
58.0,20.9,44.9,29.5,67.4,7.28,653.6,sorghum
80.8,62.2,57.6,31.1,62.6,6.98,548.7,sorghum
91.4,31.1,49.1,29.9,64.5,6.98,676.5,sorghum
63.7,45.7,41.6,31.4,64.2,7.24,580.8,sorghum
77.8,19.0,26.4,31.3,61.5,7.01,584.7,sorghum
48.2,14.8,45.3,33.8,61.2,7.2,618.3,sorghum
34.4,40.3,46.7,28.8,63.5,7.04,606.8,sorghum
30.0,50.0,45.9,27.7,59.2,7.19,498.7,sorghum
78.9,27.6,57.1,29.6,60.0,7.2,501.3,sorghum
87.3,42.1,59.9,31.1,60.2,6.85,599.5,sorghum
50.3,26.4,42.9,30.4,64.3,7.54,569.8,sorghum
73.2,21.1,49.8,27.6,61.1,7.09,501.9,sorghum
64.6,23.7,37.2,29.8,64.3,7.44,600.2,sorghum
39.5,47.1,21.8,31.4,64.6,6.87,659.0,sorghum
63.0,32.6,19.3,31.2,61.0,6.97,646.2,sorghum
76.0,26.2,19.8,29.9,66.8,6.8,604.3,sorghum
53.2,67.7,25.1,29.5,58.3,7.49,537.3,sorghum
39.7,39.5,19.4,27.2,60.2,7.03,686.1,sorghum
63.6,45.4,38.4,29.9,63.2,7.16,568.4,sorghum
66.0,27.6,61.4,29.3,62.2,6.98,631.3,sorghum
65.1,39.4,61.7,29.6,62.4,7.16,608.3,sorghum
73.9,52.7,48.4,24.7,65.4,6.54,682.8,sorghum
66.6,35.8,53.3,27.4,65.6,6.86,645.5,sorghum
57.9,44.3,53.0,29.5,62.4,6.66,561.3,sorghum
61.7,31.0,32.0,30.4,66.7,7.36,504.5,sorghum
75.3,43.1,24.2,29.7,61.5,6.79,618.6,sorghum
62.0,37.4,38.7,30.5,60.3,7.3,610.8,sorghum
38.7,25.0,51.7,30.7,62.2,7.27,595.2,sorghum
50.4,45.5,54.3,34.0,68.3,6.89,658.4,sorghum
51.6,50.1,47.0,27.8,62.4,6.83,585.8,sorghum
45.7,36.3,24.5,31.3,59.8,7.11,622.5,sorghum
77.1,38.6,32.1,29.0,61.1,6.78,606.0,sorghum
70.7,40.4,63.4,28.2,61.8,6.66,475.2,sorghum
40.5,35.1,65.1,30.4,56.6,7.2,551.6,sorghum
83.7,32.8,34.3,31.0,65.5,7.23,626.0,sorghum
50.2,57.3,43.7,28.5,62.1,6.56,597.8,sorghum
75.6,25.8,51.2,31.2,56.6,6.97,592.0,sorghum
97.1,34.1,31.3,27.2,64.2,6.92,601.3,sorghum
71.4,36.3,65.5,30.3,58.0,6.73,549.7,sorghum
46.8,19.2,48.3,29.3,64.1,6.89,647.4,sorghum
68.3,36.1,59.8,32.0,61.3,6.83,494.0,sorghum
67.9,35.5,46.6,29.4,61.0,6.91,517.6,sorghum
79.1,31.4,34.8,28.7,60.0,6.79,580.4,sorghum
51.0,64.7,48.7,31.7,67.6,7.12,650.0,sorghum
39.4,59.5,39.7,29.7,63.1,6.94,603.8,sorghum
48.1,43.9,43.0,30.3,60.4,7.16,738.5,sorghum
82.3,37.0,39.9,31.3,60.7,7.35,680.5,sorghum
29.2,31.6,39.3,29.2,58.7,7.19,579.6,sorghum
74.2,44.5,52.5,32.2,63.8,6.98,563.7,sorghum
100.6,43.8,237.3,26.1,78.2,6.79,1630.3,sugarcane
68.3,34.6,219.4,29.5,75.4,7.28,1702.4,sugarcane
102.5,26.2,177.5,31.6,77.6,6.7,1808.9,sugarcane
72.6,54.0,160.5,29.4,79.2,6.87,1756.1,sugarcane
81.5,42.0,193.6,26.0,79.4,6.78,1806.7,sugarcane
140.0,41.3,205.2,26.3,75.2,6.51,1896.9,sugarcane
88.7,36.6,194.9,25.5,76.5,6.27,2044.5,sugarcane
67.1,16.5,202.9,27.0,76.1,6.83,1710.3,sugarcane
61.2,29.3,212.7,27.8,77.0,6.63,2040.5,sugarcane
83.0,35.1,233.6,31.1,75.2,6.7,1861.7,sugarcane
65.8,61.5,130.3,30.5,77.8,6.72,1812.7,sugarcane
113.7,49.3,160.0,22.9,77.5,6.65,2239.2,sugarcane
128.5,11.3,189.8,26.2,76.0,6.96,2039.9,sugarcane
85.9,22.2,233.9,28.2,76.5,7.14,1461.7,sugarcane
105.9,47.7,179.2,28.6,77.3,7.13,1835.1,sugarcane
117.8,36.0,197.3,22.7,79.6,6.85,1984.7,sugarcane
113.8,31.5,204.4,31.9,76.8,6.48,1786.8,sugarcane
123.5,58.2,219.5,26.7,77.3,6.89,1753.4,sugarcane
73.8,31.8,175.4,30.7,78.4,7.23,2035.1,sugarcane
88.3,35.8,206.0,26.7,75.4,7.01,1998.6,sugarcane
85.6,27.0,207.3,31.7,77.3,6.66,1695.7,sugarcane
102.3,39.3,162.8,28.6,76.1,7.01,1998.9,sugarcane
113.9,26.8,193.5,27.9,77.7,6.99,1890.1,sugarcane
60.9,50.1,196.5,28.8,79.3,6.92,1791.8,sugarcane
99.3,28.9,224.3,23.1,75.1,7.07,1795.3,sugarcane
82.9,49.0,149.6,28.6,75.2,6.71,1798.9,sugarcane
110.7,33.7,163.1,27.4,79.4,6.95,1795.8,sugarcane
82.8,27.3,195.9,26.7,79.0,6.8,2018.4,sugarcane
84.4,40.5,204.2,27.8,77.7,7.04,2169.2,sugarcane
123.4,12.8,233.4,27.1,77.7,7.01,1845.3,sugarcane
103.6,36.3,220.0,23.2,81.9,6.89,1916.9,sugarcane
97.6,35.0,204.1,28.4,77.3,6.65,1703.5,sugarcane
105.5,37.9,176.4,25.7,77.5,6.92,1803.5,sugarcane
72.6,47.4,224.5,27.7,79.4,7.16,1811.2,sugarcane
95.3,42.2,217.1,24.1,79.2,6.69,1975.6,sugarcane
111.0,32.5,225.9,25.0,73.7,7.2,2100.7,sugarcane
83.2,34.0,203.8,24.9,77.9,6.95,1874.9,sugarcane
131.3,36.4,227.6,25.7,76.3,7.13,1908.8,sugarcane
64.3,47.5,202.6,27.0,76.7,6.92,1647.1,sugarcane
130.5,66.0,189.8,30.0,77.7,6.82,1981.8,sugarcane
113.7,27.1,246.5,30.1,76.4,6.81,1696.9,sugarcane
41.7,45.3,204.8,29.8,76.9,7.09,1993.3,sugarcane
76.3,64.8,194.4,22.8,78.6,6.48,1938.0,sugarcane
57.7,37.2,107.6,29.9,78.2,7.13,2094.1,sugarcane
99.6,41.6,205.2,23.1,76.3,6.91,1731.7,sugarcane
99.6,27.0,232.4,28.3,76.1,6.89,1642.2,sugarcane
103.2,44.7,181.7,29.3,77.1,7.35,1663.7,sugarcane
100.2,70.5,201.2,26.7,77.7,6.88,2177.5,sugarcane
109.0,31.3,144.2,25.4,79.0,6.58,1708.0,sugarcane
94.1,51.7,189.3,25.0,80.1,7.11,1856.0,sugarcane
116.1,29.4,204.4,23.8,74.7,7.08,1854.6,sugarcane
73.7,49.3,231.9,27.8,75.2,7.03,2038.9,sugarcane
128.8,44.1,194.1,25.8,74.5,7.15,2114.1,sugarcane
126.3,31.1,247.9,28.3,82.4,6.77,1719.2,sugarcane
78.5,43.6,243.7,32.5,78.0,6.68,1933.6,sugarcane
104.6,38.8,138.7,26.1,76.4,6.95,2328.4,sugarcane
115.1,37.1,171.1,26.0,77.3,7.04,1893.3,sugarcane
114.9,55.8,194.8,31.4,76.4,6.71,1556.3,sugarcane
114.9,44.5,188.9,28.1,80.9,6.5,1942.9,sugarcane
102.5,40.3,194.6,28.3,78.6,7.39,2010.5,sugarcane
97.3,32.7,212.5,28.9,77.5,6.9,1843.1,sugarcane
131.3,38.8,218.7,26.8,77.7,6.81,1983.0,sugarcane
95.3,57.6,172.8,25.8,76.4,6.42,1411.1,sugarcane
115.8,46.3,222.5,22.2,76.6,6.9,2175.1,sugarcane
84.4,31.9,162.1,29.8,74.8,7.16,1471.7,sugarcane
106.4,30.3,181.8,26.5,75.7,6.66,1774.3,sugarcane
82.0,40.1,199.5,22.0,79.3,6.79,2269.9,sugarcane
103.4,42.1,170.8,24.3,76.5,6.55,1297.4,sugarcane
140.0,25.6,175.6,26.2,79.0,6.8,2232.0,sugarcane
84.2,45.4,204.4,27.2,80.9,6.94,1518.3,sugarcane
72.9,60.4,174.7,26.7,74.8,7.39,1588.2,sugarcane
67.8,31.9,159.0,29.5,78.7,7.06,1950.8,sugarcane
55.8,43.1,162.3,28.0,73.8,6.85,1563.3,sugarcane
92.7,18.5,174.9,25.4,80.6,6.57,1355.9,sugarcane
88.8,38.9,222.3,31.9,76.1,6.89,1914.5,sugarcane
85.3,33.7,221.0,26.7,77.9,6.83,1897.7,sugarcane
116.0,34.3,250.0,29.5,77.0,6.73,1603.5,sugarcane
112.3,27.6,200.6,28.0,75.6,6.9,2106.1,sugarcane
76.6,41.9,178.8,30.1,75.9,7.31,1779.1,sugarcane
54.9,46.0,178.4,25.2,77.1,6.99,2010.7,sugarcane
125.0,43.0,176.0,22.8,78.6,6.95,2258.4,sugarcane
80.6,50.7,210.0,27.1,76.6,6.62,1703.0,sugarcane
102.5,51.3,250.0,26.2,76.7,6.52,1627.3,sugarcane
77.4,41.7,172.1,24.7,76.2,6.65,2045.8,sugarcane
51.4,41.0,202.0,26.0,76.1,6.72,1754.6,sugarcane
126.6,66.9,250.0,25.5,80.1,6.91,1928.1,sugarcane
131.7,47.5,163.9,24.5,76.7,6.93,1593.7,sugarcane
76.2,20.2,171.6,26.0,74.7,6.9,1840.9,sugarcane
117.7,42.5,202.0,28.5,77.7,7.12,1937.6,sugarcane
108.0,25.4,242.8,27.8,73.4,7.16,1818.0,sugarcane
126.7,35.8,250.0,26.0,79.4,6.95,1826.7,sugarcane
106.0,35.2,197.8,25.6,73.3,6.65,2135.5,sugarcane
86.7,56.1,194.2,27.6,75.4,6.95,1592.0,sugarcane
123.7,28.3,187.9,29.3,76.4,6.45,1946.0,sugarcane
97.5,52.2,218.0,27.1,79.3,6.9,1838.9,sugarcane
75.1,41.1,196.1,25.7,76.0,6.89,1601.4,sugarcane
121.5,17.3,160.3,21.1,72.1,6.82,1545.3,sugarcane
90.1,22.2,137.4,27.1,75.5,7.02,1619.5,sugarcane
90.2,46.1,174.4,33.0,76.7,6.92,2094.5,sugarcane
124.7,36.3,181.3,26.1,80.2,7.07,1948.7,sugarcane
84.5,54.9,219.0,22.7,78.2,6.83,1865.6,sugarcane
99.1,33.2,185.0,30.8,76.2,7.17,1643.4,sugarcane
109.3,29.5,173.6,27.5,77.2,7.08,2067.3,sugarcane
99.4,30.8,250.0,26.4,76.5,7.24,1560.4,sugarcane
97.4,50.0,209.0,25.2,79.8,7.05,1641.6,sugarcane
91.4,45.5,205.5,24.5,76.4,7.14,1330.5,sugarcane
92.7,44.7,202.2,23.3,78.2,6.72,1761.9,sugarcane
100.4,56.1,185.8,30.1,75.7,6.79,1933.1,sugarcane
100.4,51.7,182.8,23.2,76.1,6.61,1945.5,sugarcane
77.6,28.2,223.7,28.7,79.0,6.74,1997.7,sugarcane
120.0,58.2,203.3,29.2,81.5,6.66,1642.6,sugarcane
76.0,17.9,210.9,25.6,77.0,7.14,1688.0,sugarcane
123.2,41.5,194.1,29.0,74.9,6.87,2276.4,sugarcane
69.6,36.7,123.1,29.5,79.1,6.62,1720.1,sugarcane
98.6,45.2,206.1,27.7,78.0,6.94,1474.6,sugarcane
121.5,48.0,250.0,26.8,78.2,7.07,2246.7,sugarcane
85.4,48.1,172.6,27.9,76.3,6.84,1848.5,sugarcane
114.0,39.0,113.8,27.7,77.8,6.7,1971.2,sugarcane
115.7,30.7,192.2,25.0,80.3,7.02,2153.6,sugarcane
123.5,53.5,219.5,30.6,77.6,6.86,1942.3,sugarcane
82.1,22.6,237.1,27.7,78.8,6.65,1772.7,sugarcane
108.8,7.0,235.3,25.7,77.3,7.55,1937.5,sugarcane
103.7,32.3,184.8,26.5,76.2,6.94,1806.5,sugarcane
106.6,33.7,149.1,27.8,74.8,7.28,1342.4,sugarcane
82.3,34.1,155.9,27.4,82.4,7.33,2063.5,sugarcane
73.7,39.5,138.1,25.4,76.8,7.36,1803.9,sugarcane
72.0,14.8,170.6,28.3,79.6,6.83,1559.3,sugarcane
77.3,5.0,208.5,28.1,76.6,7.11,1941.3,sugarcane
114.5,32.5,203.2,30.7,75.1,6.78,2131.5,sugarcane
100.3,55.3,215.6,25.7,75.8,7.12,1614.0,sugarcane
140.0,41.4,140.8,31.5,78.9,6.87,2027.2,sugarcane
96.2,29.3,204.4,28.2,79.4,7.06,1637.2,sugarcane
91.1,17.9,195.4,25.9,78.5,7.56,2020.7,sugarcane
111.6,34.2,177.8,27.2,77.0,7.34,2072.5,sugarcane
98.8,32.3,240.9,30.1,77.5,6.77,1856.2,sugarcane
99.9,28.5,143.0,29.3,77.1,6.92,1812.1,sugarcane
95.4,62.5,183.2,25.5,76.1,7.08,1822.2,sugarcane
112.2,15.6,215.0,27.9,78.3,7.14,1787.4,sugarcane
123.1,35.8,250.0,25.0,78.8,6.65,1782.9,sugarcane
74.0,41.4,182.5,27.7,79.7,6.76,2219.5,sugarcane
108.4,25.9,213.3,31.4,76.9,6.59,1796.5,sugarcane
70.6,58.5,172.3,29.0,79.3,6.84,1687.6,sugarcane
80.6,60.3,228.7,28.8,78.2,6.98,1942.3,sugarcane
59.9,44.1,160.1,28.7,75.7,7.05,1561.2,sugarcane
107.0,45.5,205.0,25.3,78.0,7.15,1544.3,sugarcane
116.0,35.7,140.8,29.2,72.4,7.1,1951.2,sugarcane
121.4,68.8,204.4,28.1,76.7,6.94,1920.8,sugarcane
123.6,49.8,250.0,28.3,76.6,6.87,1671.5,sugarcane
100.7,5.0,177.7,23.8,79.6,7.23,1563.2,sugarcane
128.5,49.7,198.1,28.3,77.8,7.33,1655.1,sugarcane
69.0,31.4,222.6,26.3,77.5,6.91,2014.2,sugarcane
111.2,47.5,181.3,24.7,78.3,7.01,1907.6,sugarcane
79.2,27.4,144.6,23.8,78.9,6.63,1660.7,sugarcane
89.8,46.1,145.1,24.6,76.2,6.51,2066.8,sugarcane
88.8,39.2,223.4,29.9,76.8,6.81,1537.8,sugarcane
86.6,40.5,177.4,27.4,78.4,6.95,1718.8,sugarcane
112.7,29.4,230.0,25.3,78.3,7.07,2024.6,sugarcane
106.9,49.8,151.0,26.8,77.3,6.97,2051.3,sugarcane
107.3,23.1,250.0,23.6,78.2,6.73,1995.5,sugarcane
73.8,38.6,174.2,30.8,77.6,6.76,1984.8,sugarcane
110.7,45.5,206.9,25.5,78.0,6.82,1543.0,sugarcane
98.9,23.9,157.4,34.1,75.1,7.0,2028.5,sugarcane
105.7,54.4,232.7,28.6,75.5,7.12,2001.1,sugarcane
82.4,39.4,183.0,27.1,75.4,7.44,2204.4,sugarcane
95.3,51.2,183.7,26.6,76.6,7.09,2483.4,sugarcane
113.6,18.4,179.1,28.1,76.1,7.52,1986.2,sugarcane
98.2,52.6,178.4,27.7,80.8,7.0,1586.5,sugarcane
70.5,34.5,107.5,24.6,77.7,7.02,1821.8,sugarcane
93.5,40.3,232.3,24.5,79.3,6.64,2005.0,sugarcane
102.2,64.9,238.7,31.3,77.0,6.58,1883.2,sugarcane
103.0,41.8,230.3,27.9,76.2,6.82,1915.7,sugarcane
82.2,42.8,139.2,29.9,75.6,6.68,1962.8,sugarcane
86.0,49.7,209.2,27.5,78.8,6.82,2155.2,sugarcane
115.7,54.9,159.0,26.9,77.6,6.83,1722.4,sugarcane
119.7,44.1,250.0,24.4,77.8,6.65,2142.1,sugarcane
118.9,59.3,233.3,26.9,74.8,7.21,2090.2,sugarcane
81.6,45.1,198.6,27.3,76.4,6.5,1596.3,sugarcane
107.6,28.1,184.0,26.9,74.2,6.94,1678.2,sugarcane
129.1,37.4,191.9,31.4,74.7,6.88,2101.2,sugarcane
113.3,57.9,198.5,30.2,79.3,6.84,2063.9,sugarcane
92.5,36.7,169.1,26.5,81.3,7.38,2116.5,sugarcane
107.8,18.3,247.1,27.8,76.5,7.06,1617.3,sugarcane
82.1,29.5,126.1,24.8,75.2,6.75,1641.8,sugarcane
90.1,25.6,197.1,27.8,81.7,7.01,1900.3,sugarcane
92.3,17.4,226.2,28.6,77.6,7.33,1740.9,sugarcane
108.8,62.9,194.7,28.3,78.3,6.68,1479.7,sugarcane
106.2,47.6,234.6,30.2,74.7,7.35,1583.8,sugarcane
130.3,55.7,161.5,26.2,78.8,6.61,2028.8,sugarcane
140.0,37.9,222.2,28.0,80.2,6.58,1799.9,sugarcane
82.3,43.3,195.9,31.0,77.3,6.79,1807.5,sugarcane
95.1,50.8,207.4,26.2,78.6,6.72,1752.3,sugarcane
84.9,33.3,179.1,24.9,78.3,7.12,1844.8,sugarcane
98.2,23.1,220.1,25.9,78.6,7.14,1937.8,sugarcane
76.1,45.8,187.1,27.9,75.1,6.86,1863.0,sugarcane
101.7,31.2,150.5,26.2,79.4,6.84,1516.9,sugarcane
85.6,22.0,201.5,26.2,78.0,6.82,1769.5,sugarcane
95.0,42.4,173.3,25.5,77.8,7.03,2136.2,sugarcane
90.0,62.1,214.4,24.6,78.6,6.46,1853.3,sugarcane
112.5,38.9,162.1,31.3,76.6,7.12,1712.6,sugarcane
90.6,36.0,208.1,30.4,74.6,7.22,2393.9,sugarcane
140.0,32.3,194.9,24.5,74.5,7.01,1842.0,sugarcane
89.9,45.2,99.0,27.2,78.3,7.11,2063.7,sugarcane
69.3,53.1,196.3,29.2,76.9,7.07,1586.1,sugarcane
111.7,48.1,165.9,31.1,74.1,6.89,1654.4,sugarcane
131.4,35.5,144.7,23.4,78.5,7.0,1782.3,sugarcane
125.3,39.7,235.3,30.5,78.0,7.07,1892.3,sugarcane
85.8,50.6,204.7,28.9,77.1,7.04,1708.0,sugarcane
98.3,38.4,209.4,28.5,78.2,6.92,2162.1,sugarcane
88.7,42.6,182.2,30.9,76.2,7.19,1717.4,sugarcane
70.4,41.3,177.3,23.3,79.6,6.89,1892.9,sugarcane
135.1,47.8,228.0,21.0,78.5,7.16,1832.5,sugarcane
113.6,47.0,244.1,24.3,79.9,6.82,2201.4,sugarcane
61.6,5.0,226.8,27.1,76.6,7.1,1688.3,sugarcane
87.3,44.3,182.4,28.2,75.1,6.52,1854.0,sugarcane
92.5,36.1,180.7,29.8,76.5,7.06,1643.3,sugarcane
87.7,37.6,247.9,25.4,78.4,6.95,1926.7,sugarcane
119.1,15.2,241.4,23.9,77.7,6.86,2258.6,sugarcane
132.9,58.5,157.8,32.1,73.6,7.07,2085.7,sugarcane
116.6,52.6,195.8,30.0,77.6,6.57,2239.0,sugarcane
131.2,20.1,227.2,24.5,76.1,6.99,2062.7,sugarcane
76.5,18.6,237.0,27.0,78.5,6.73,1810.9,sugarcane
113.0,43.9,192.9,26.6,76.6,6.64,1973.5,sugarcane
115.2,35.5,201.8,28.3,79.5,7.19,1641.9,sugarcane
82.6,41.6,212.2,31.4,81.2,6.72,2127.6,sugarcane
75.7,26.8,207.4,27.1,79.9,6.88,1765.6,sugarcane
90.3,45.5,250.0,35.0,76.9,7.44,1638.5,sugarcane
131.4,33.0,173.7,25.1,76.6,6.56,1783.0,sugarcane
108.2,49.8,199.3,26.4,77.7,6.72,2051.2,sugarcane
84.8,30.6,172.9,26.9,77.2,7.26,2070.1,sugarcane
111.3,22.4,184.4,26.9,75.0,6.92,1850.5,sugarcane
135.9,45.3,194.9,28.9,76.9,7.14,1614.0,sugarcane
118.2,32.7,174.2,26.2,79.6,6.64,2047.3,sugarcane
107.0,45.6,196.6,27.1,78.1,6.96,2064.8,sugarcane
114.0,49.0,213.9,29.1,78.7,7.09,1707.1,sugarcane
87.6,31.2,238.6,30.4,79.1,7.34,1357.8,sugarcane
117.5,30.5,210.8,25.2,77.8,6.72,1705.5,sugarcane
74.7,50.1,180.4,28.2,79.7,6.78,2210.5,sugarcane
99.3,39.8,205.5,26.7,78.8,6.75,1620.4,sugarcane
102.1,38.1,178.7,29.2,76.1,6.48,1797.4,sugarcane
92.8,51.5,247.9,27.7,79.6,6.55,2035.5,sugarcane
94.4,58.8,186.1,25.5,75.0,7.16,2148.6,sugarcane
110.2,51.9,218.2,26.7,74.6,6.5,1821.1,sugarcane
122.6,44.4,244.1,24.4,75.6,6.99,1954.0,sugarcane
91.9,36.2,191.5,27.1,77.6,6.6,1803.1,sugarcane
59.9,47.4,188.8,28.2,75.4,7.15,1529.3,sugarcane
101.2,38.7,193.0,27.9,77.3,7.04,2187.6,sugarcane
103.9,18.1,199.7,29.3,75.4,6.92,1691.5,sugarcane
93.2,29.6,191.5,24.4,74.1,7.33,1985.8,sugarcane
75.8,43.4,229.6,28.9,77.0,6.58,2042.9,sugarcane
123.8,51.1,175.8,30.3,79.3,7.33,1886.4,sugarcane
107.2,38.8,167.9,29.9,78.7,7.18,1949.9,sugarcane
119.2,50.4,198.1,26.8,78.0,6.95,1896.1,sugarcane
94.1,46.4,217.9,25.4,81.7,6.97,1933.1,sugarcane
104.6,58.1,236.2,29.0,78.2,7.2,2147.5,sugarcane
83.0,43.0,192.1,29.8,81.8,7.14,2021.0,sugarcane
122.0,23.6,152.2,32.7,81.3,6.73,2121.1,sugarcane
123.8,50.2,250.0,26.5,75.6,6.9,2177.7,sugarcane
77.9,18.4,250.0,27.5,75.4,6.82,1754.3,sugarcane
84.5,32.3,226.2,27.6,75.9,6.8,2411.5,sugarcane
79.8,33.7,203.6,28.9,80.0,7.15,2039.7,sugarcane
87.9,43.1,228.6,36.8,77.7,7.05,2017.4,sugarcane
72.9,33.1,158.2,27.4,77.4,6.83,1686.1,sugarcane
69.3,59.0,166.2,24.4,79.3,7.24,1602.8,sugarcane
63.8,30.4,212.8,29.4,78.7,6.64,1906.0,sugarcane
99.7,16.8,244.9,32.4,77.3,6.73,1626.9,sugarcane
122.6,41.6,205.0,27.6,77.1,6.94,2048.7,sugarcane
125.0,61.7,162.6,25.5,75.6,6.73,1734.2,sugarcane
99.9,31.1,154.0,28.5,80.1,6.93,1781.2,sugarcane
97.1,49.5,229.5,29.4,78.2,6.77,1926.5,sugarcane
117.7,36.7,180.1,24.6,74.9,6.95,1712.8,sugarcane
106.4,39.8,172.8,26.7,79.7,7.06,2349.7,sugarcane
98.0,39.7,181.4,24.8,75.7,6.76,1727.0,sugarcane
113.9,33.6,248.3,28.7,77.9,6.73,1809.0,sugarcane
118.4,61.3,219.9,26.9,78.6,7.08,1829.5,sugarcane
72.3,30.2,193.4,27.3,77.2,7.23,1735.2,sugarcane
108.2,20.1,166.9,25.4,80.9,6.83,1761.4,sugarcane
109.9,8.8,206.9,29.8,77.9,6.83,2211.4,sugarcane
99.2,30.9,188.7,24.9,73.4,6.76,2022.1,sugarcane
105.0,43.5,173.2,29.8,75.8,7.11,1844.7,sugarcane
83.2,41.4,226.4,21.1,75.6,6.76,1653.7,sugarcane
131.3,21.0,240.4,30.2,75.8,6.91,2031.4,sugarcane
140.0,36.4,150.8,25.0,78.3,6.94,1913.6,sugarcane
99.3,45.2,204.3,28.4,78.5,7.1,1813.2,sugarcane
81.4,44.7,194.9,32.0,76.2,7.1,1769.7,sugarcane
110.6,31.7,207.8,27.2,79.8,7.13,2378.1,sugarcane
105.5,33.7,221.1,29.0,77.7,6.81,1893.1,sugarcane
108.2,46.5,250.0,22.5,75.0,6.66,2144.4,sugarcane
140.0,37.8,216.3,28.2,77.9,7.26,1841.2,sugarcane
53.3,43.8,236.0,27.3,81.0,6.69,1829.6,sugarcane
111.1,46.5,141.2,28.0,78.9,6.92,1958.8,sugarcane
120.7,42.9,214.2,27.8,77.4,6.79,1509.2,sugarcane
125.7,34.8,135.6,27.0,74.5,6.7,2078.0,sugarcane
133.2,55.1,246.4,31.1,78.8,6.92,2083.3,sugarcane
110.0,47.0,189.5,29.2,76.8,6.61,1876.6,sugarcane
78.9,37.1,224.9,29.0,79.1,6.7,1778.0,sugarcane
71.7,8.7,211.0,24.6,74.4,6.84,2077.4,sugarcane
92.6,37.6,188.0,27.1,76.5,7.0,1547.3,sugarcane
79.7,35.4,180.8,26.0,76.3,6.73,1721.0,sugarcane
101.3,31.7,232.0,24.8,79.8,6.9,2016.0,sugarcane
102.6,34.0,214.1,31.8,76.5,6.98,1814.5,sugarcane
83.0,42.8,250.0,29.8,82.3,6.56,1679.7,sugarcane
113.3,39.2,174.3,26.1,78.5,6.84,1619.1,sugarcane
85.1,62.5,158.9,33.4,80.9,7.11,1209.9,sugarcane
85.0,40.1,175.2,30.0,75.4,6.64,1398.8,sugarcane
103.4,51.5,197.7,22.4,77.6,6.99,1950.4,sugarcane
127.1,46.9,173.3,30.0,76.2,7.21,1681.9,sugarcane
140.0,45.5,166.8,25.1,79.9,6.89,2137.7,sugarcane
80.9,24.0,218.1,26.8,77.7,7.18,1851.2,sugarcane
124.3,48.8,219.0,26.2,79.3,6.78,2375.1,sugarcane
31.3,34.7,152.1,27.2,73.6,7.2,1941.1,sugarcane
104.1,65.0,189.5,26.2,75.3,6.28,1833.9,sugarcane
74.5,30.3,250.0,29.9,73.9,6.8,2176.0,sugarcane
113.6,55.0,209.5,28.1,77.4,6.63,2020.9,sugarcane
108.1,18.4,249.1,28.7,78.8,7.2,1582.5,sugarcane
64.0,41.4,201.5,25.1,79.3,7.14,1934.0,sugarcane
98.5,42.3,245.7,31.1,80.2,7.02,1949.4,sugarcane
120.5,29.4,211.3,24.3,76.3,6.71,2046.3,sugarcane
61.8,31.6,145.8,26.3,78.4,6.93,1339.3,sugarcane
89.6,46.6,199.7,29.3,79.1,7.12,2150.7,sugarcane
71.8,37.8,193.4,28.0,79.7,6.81,2057.4,sugarcane
80.7,55.0,193.7,28.2,73.9,6.75,2030.5,sugarcane
136.3,61.4,187.8,26.2,76.4,6.9,1966.6,sugarcane
140.0,34.7,175.5,27.0,73.9,7.13,1715.9,sugarcane
120.3,41.5,238.1,26.8,75.4,6.8,1868.4,sugarcane
77.5,25.0,164.2,28.4,76.4,6.96,1614.1,sugarcane
50.9,38.4,249.4,28.8,79.7,6.7,1770.6,sugarcane
83.9,58.5,219.6,27.6,74.5,7.17,1552.7,sugarcane
82.7,49.2,234.1,25.6,75.8,6.57,2102.9,sugarcane
74.1,43.2,250.0,26.5,74.6,6.66,1445.2,sugarcane
107.8,58.9,186.0,29.5,76.2,6.79,1605.5,sugarcane
92.8,40.7,189.3,31.3,76.8,6.82,2305.8,sugarcane
117.4,66.3,161.3,29.7,76.5,6.97,1514.4,sugarcane
89.6,37.3,214.1,25.9,75.4,6.5,1358.9,sugarcane
66.3,47.0,249.4,26.8,77.7,6.67,1951.8,sugarcane
106.0,41.3,196.8,33.8,80.2,7.0,2052.7,sugarcane
109.5,28.5,201.0,29.0,77.2,6.63,1737.2,sugarcane
109.7,34.2,140.9,28.8,78.9,6.85,1976.9,sugarcane
67.9,38.9,226.6,28.8,79.4,6.89,1914.7,sugarcane
109.5,20.0,190.5,28.7,74.4,6.67,1818.2,sugarcane
106.0,29.9,181.6,27.6,78.7,7.12,2099.2,sugarcane
100.4,59.7,219.7,25.2,76.2,6.81,1978.0,sugarcane
68.0,29.0,170.2,25.6,80.6,7.04,1882.9,sugarcane
100.9,40.9,171.1,31.1,76.3,6.75,2122.2,sugarcane
64.6,45.2,162.9,26.9,79.9,6.5,1535.1,sugarcane
135.6,40.0,235.7,26.2,78.8,6.85,1863.7,sugarcane
112.6,36.9,191.9,28.2,79.5,6.91,2311.8,sugarcane
86.9,38.9,198.2,24.2,81.4,6.63,1674.9,sugarcane
125.3,36.8,218.3,28.5,78.3,7.16,1748.4,sugarcane
82.8,21.8,188.4,24.6,75.3,6.89,1693.6,sugarcane
90.2,25.7,235.3,23.2,76.5,7.12,2137.6,sugarcane
120.1,52.1,204.6,27.7,76.6,6.8,2258.8,sugarcane
94.5,58.2,194.4,35.8,75.1,6.67,1789.2,sugarcane
107.6,49.0,183.0,31.4,79.5,6.99,1944.1,sugarcane
59.4,36.8,230.9,26.1,81.1,6.55,1925.7,sugarcane
112.6,36.3,197.5,27.6,77.6,6.51,1596.6,sugarcane
115.9,18.7,193.1,28.6,76.5,7.13,1894.6,sugarcane
97.1,32.0,211.1,24.8,78.5,6.81,1575.3,sugarcane
89.9,50.2,176.8,29.2,77.2,6.57,2320.2,sugarcane
104.3,39.1,223.7,23.8,76.5,6.66,1687.1,sugarcane
89.1,20.6,250.0,26.4,76.6,6.65,1970.9,sugarcane
128.7,56.0,203.2,27.9,76.8,6.35,1677.7,sugarcane
96.8,52.7,188.5,28.3,75.3,6.52,1575.3,sugarcane
123.1,46.2,227.7,28.4,74.5,7.32,2062.1,sugarcane
109.2,55.9,119.3,29.9,80.2,6.8,1913.4,sugarcane
84.1,44.8,197.2,28.6,74.3,6.96,2007.0,sugarcane
126.3,29.0,200.2,25.1,76.7,6.96,2090.4,sugarcane
106.3,46.3,212.9,26.3,81.5,7.0,1791.0,sugarcane
112.4,42.2,190.8,22.9,74.8,7.29,2347.6,sugarcane
86.9,40.6,172.1,34.0,77.5,6.78,1981.0,sugarcane
98.9,47.0,218.9,29.2,79.4,7.12,1710.1,sugarcane
114.5,10.1,180.3,23.8,77.0,7.06,2225.2,sugarcane
124.6,41.4,242.7,29.6,78.8,6.92,1863.5,sugarcane
94.4,37.2,178.9,25.0,76.4,6.99,1822.3,sugarcane
101.2,6.8,194.2,26.3,73.7,6.38,1847.8,sugarcane
117.0,21.9,191.5,26.6,76.2,7.25,1967.4,sugarcane
89.2,53.5,172.7,31.3,77.4,7.22,1698.8,sugarcane
78.1,27.8,234.5,20.3,78.3,7.01,2116.2,sugarcane
114.5,34.3,157.9,28.1,77.9,7.24,1824.6,sugarcane
117.4,44.6,162.8,29.0,75.3,7.2,1649.8,sugarcane
101.6,34.3,250.0,32.0,76.9,6.78,2072.9,sugarcane
115.7,48.1,198.2,26.5,80.5,6.77,1618.6,sugarcane
115.5,60.6,167.4,25.1,75.3,6.89,1839.6,sugarcane
81.4,19.7,156.9,26.9,78.0,6.56,1736.3,sugarcane
126.9,44.6,214.3,25.8,78.2,6.91,2212.0,sugarcane
94.4,44.1,198.9,26.3,75.0,6.76,1711.9,sugarcane
107.1,17.0,210.1,26.6,78.2,6.79,1652.5,sugarcane
74.5,38.9,194.2,29.4,77.1,7.11,1984.2,sugarcane
51.4,49.8,179.0,30.1,75.5,7.29,1412.2,sugarcane
90.2,35.7,223.6,28.1,78.0,7.22,2156.3,sugarcane
68.4,35.9,208.5,26.4,79.7,7.1,1979.4,sugarcane
96.1,25.8,185.7,26.9,78.1,6.78,1867.2,sugarcane
135.7,37.1,208.6,23.7,77.1,6.69,1875.2,sugarcane
100.1,49.7,184.5,25.9,78.1,6.83,1760.2,sugarcane
113.1,34.8,160.0,24.2,80.2,7.11,1519.3,sugarcane
65.4,47.9,163.8,26.8,75.4,6.57,1829.8,sugarcane
95.4,41.6,196.7,28.3,78.6,6.98,1763.8,sugarcane
71.7,43.3,181.7,26.0,76.7,6.88,2062.4,sugarcane
113.6,39.5,186.0,26.3,77.3,6.45,1668.1,sugarcane
109.7,58.4,204.1,23.6,76.3,7.19,1943.8,sugarcane
83.3,64.8,197.0,30.2,76.7,6.94,1950.3,sugarcane
79.5,25.0,195.0,27.6,75.5,7.2,1934.5,sugarcane
104.0,46.6,187.4,24.3,77.1,6.18,2188.4,sugarcane
78.7,41.9,227.1,24.1,76.6,6.68,1827.6,sugarcane
127.9,28.6,198.3,28.7,78.7,7.07,1475.6,sugarcane
83.1,30.9,237.5,28.9,78.5,6.89,1735.7,sugarcane
73.8,33.8,175.5,25.0,78.1,6.89,1596.9,sugarcane
140.0,50.7,221.7,25.9,76.9,6.7,2397.1,sugarcane
65.7,39.8,250.0,25.4,79.0,6.93,2108.2,sugarcane
84.0,39.5,243.3,28.1,77.1,6.86,1768.4,sugarcane
112.7,45.2,172.1,30.8,79.9,7.07,1686.6,sugarcane
106.1,30.5,224.7,26.5,75.2,6.67,2030.5,sugarcane
95.2,31.8,199.4,25.6,78.1,6.79,1902.9,sugarcane
90.3,46.2,137.7,25.1,78.9,6.64,1801.6,sugarcane
100.6,26.6,228.8,32.1,74.6,6.43,2076.5,sugarcane
115.1,47.2,236.0,28.5,76.4,7.26,1876.7,sugarcane
96.9,17.5,228.7,25.0,77.0,6.98,2128.4,sugarcane
78.0,42.9,189.6,22.9,76.7,6.46,1640.6,sugarcane
67.2,37.6,162.7,26.8,77.6,6.83,1651.7,sugarcane
97.4,47.0,137.3,29.7,82.2,7.12,1765.2,sugarcane
87.6,37.8,202.3,29.9,77.7,6.74,1672.3,sugarcane
104.6,45.3,189.8,27.4,74.5,7.42,1849.6,sugarcane
140.0,57.7,147.0,25.3,78.0,7.19,1882.7,sugarcane
57.1,51.0,143.7,26.3,76.7,6.89,1922.8,sugarcane
78.8,53.8,196.6,23.6,77.3,6.53,1630.2,sugarcane
84.1,39.4,143.2,28.6,77.4,6.87,1582.1,sugarcane
108.6,36.2,166.5,28.6,77.0,7.09,1763.4,sugarcane
118.4,52.1,142.6,30.8,78.7,6.54,1559.6,sugarcane
80.8,37.4,249.9,28.6,78.8,6.98,1929.4,sugarcane
71.7,24.8,211.8,24.7,79.7,6.68,1920.0,sugarcane
84.4,41.5,197.9,24.3,80.1,6.89,1820.7,sugarcane
109.1,30.8,250.0,28.6,78.2,7.36,2200.8,sugarcane
84.6,33.4,204.9,27.2,81.9,6.74,1621.4,sugarcane
91.7,60.6,206.4,29.8,79.2,6.78,1276.1,sugarcane
50.5,53.0,246.4,28.6,78.9,7.26,1839.5,sugarcane
81.9,58.2,211.7,28.8,75.3,7.43,1703.2,sugarcane
70.3,72.1,218.9,32.6,74.5,6.9,1781.0,sugarcane
102.2,63.3,165.3,29.4,76.2,6.87,2018.7,sugarcane
45.9,18.1,233.0,25.7,76.2,6.57,1771.4,sugarcane
132.3,58.6,228.3,27.5,76.4,6.88,2031.0,sugarcane
91.9,53.5,161.1,28.0,78.2,6.86,1962.2,sugarcane
82.5,33.1,182.2,31.2,75.0,6.78,1790.3,sugarcane
95.1,43.9,200.2,25.9,77.4,7.07,1783.3,sugarcane
104.2,55.3,193.1,28.9,76.3,6.69,1860.1,sugarcane
71.1,37.1,207.1,25.7,76.4,6.75,1794.5,sugarcane
80.9,37.6,159.7,24.8,75.7,6.59,1659.7,sugarcane
87.2,34.4,238.9,27.2,75.8,6.98,1697.6,sugarcane
88.9,40.8,237.6,25.2,76.8,6.64,2189.3,sugarcane
105.0,43.7,209.7,29.5,79.9,6.48,1863.8,sugarcane
138.3,32.0,160.7,23.5,77.2,7.15,1629.7,sugarcane
140.0,48.2,176.3,29.5,79.6,6.73,2416.4,sugarcane
99.5,40.4,201.2,32.3,76.3,7.06,1661.5,sugarcane
85.0,30.9,120.9,30.3,78.0,6.83,1346.4,sugarcane
71.8,49.9,239.3,25.5,79.1,6.86,2129.6,sugarcane
75.8,45.7,146.7,30.1,75.9,7.27,1640.1,sugarcane
75.5,30.2,214.5,26.7,77.4,7.02,1976.8,sugarcane
90.7,61.9,238.5,29.2,79.3,6.53,1897.6,sugarcane
69.7,51.9,174.0,29.1,79.4,7.0,1816.3,sugarcane
77.8,31.7,189.9,29.4,80.5,6.84,1499.9,sugarcane
75.4,73.1,204.1,27.5,77.6,6.41,2135.6,sugarcane
102.6,34.5,250.0,29.9,75.6,6.79,1783.2,sugarcane
100.6,32.8,143.0,26.0,79.0,7.11,1621.5,sugarcane
95.5,59.5,168.9,30.6,76.7,6.91,2038.2,sugarcane
104.0,29.4,244.5,25.9,78.1,6.91,1694.7,sugarcane
106.8,38.4,250.0,26.4,83.4,6.7,2107.3,sugarcane
115.1,41.1,214.5,26.8,77.9,6.88,1903.9,sugarcane
111.0,54.9,250.0,28.0,77.0,7.02,1719.0,sugarcane
111.3,49.3,167.7,26.2,77.1,6.65,1879.2,sugarcane
77.1,41.9,208.1,26.6,74.7,6.89,1747.7,sugarcane
84.8,47.9,196.0,28.5,80.4,6.72,1945.6,sugarcane
70.4,44.1,197.8,30.3,81.1,6.88,1971.7,sugarcane
97.1,11.4,202.4,28.8,76.5,6.67,1993.6,sugarcane
131.5,48.1,229.4,26.5,73.8,6.9,2036.7,sugarcane
78.4,38.5,113.0,28.3,77.8,6.99,1490.0,sugarcane
94.7,39.0,182.3,26.7,80.1,6.76,1755.5,sugarcane
126.0,7.0,126.9,29.3,79.6,6.9,1418.3,sugarcane
119.6,48.0,203.1,26.8,76.5,7.03,1959.6,sugarcane
84.3,46.2,186.1,27.7,77.4,6.67,1716.8,sugarcane
97.0,45.0,229.1,25.7,78.2,6.85,1947.3,sugarcane
78.9,46.0,217.2,28.0,77.1,6.81,1591.7,sugarcane
106.1,41.6,199.6,29.3,77.8,6.9,1635.3,sugarcane
121.6,30.3,177.2,27.2,75.9,6.86,2089.8,sugarcane
108.2,25.4,235.6,29.3,78.7,6.79,1541.5,sugarcane
98.6,63.4,175.4,24.5,75.3,7.31,2007.1,sugarcane
109.9,27.8,215.7,26.4,74.8,6.74,2112.3,sugarcane
115.4,41.5,186.3,27.9,79.3,6.62,1522.0,sugarcane
124.9,59.7,208.4,24.7,75.9,7.17,1921.3,sugarcane
108.7,54.8,200.6,26.5,76.8,6.96,1785.7,sugarcane
114.8,35.3,173.5,24.0,80.4,6.55,1761.7,sugarcane
74.1,38.8,160.0,28.5,78.1,6.84,2188.2,sugarcane
75.2,37.8,216.0,26.7,73.1,7.21,1836.3,sugarcane
75.0,44.3,212.6,30.8,72.8,7.14,1678.4,sugarcane
73.2,41.5,197.3,19.4,76.6,6.32,1500.1,sugarcane
115.2,58.3,171.0,28.3,74.3,6.61,1947.3,sugarcane
87.2,63.8,202.9,28.1,77.9,6.84,2024.9,sugarcane
93.6,35.9,209.5,28.5,76.0,6.91,1920.3,sugarcane
93.1,16.9,228.9,25.2,78.4,6.78,1589.0,sugarcane
104.6,32.7,171.1,28.8,78.2,6.56,2003.4,sugarcane
99.4,37.4,172.9,28.8,80.3,7.04,2209.3,sugarcane
60.1,33.6,227.1,26.8,80.9,6.72,2046.8,sugarcane
83.6,24.1,180.0,32.7,79.9,6.71,2133.8,sugarcane
44.0,38.6,43.0,25.2,68.1,6.47,708.3,tomato
59.8,43.6,29.5,20.8,66.7,6.61,661.4,tomato
61.7,44.6,60.6,22.9,67.3,6.36,642.8,tomato
52.1,46.1,55.6,25.6,66.5,6.47,595.7,tomato
31.0,25.6,39.5,25.8,66.5,6.45,572.5,tomato
56.0,35.4,50.3,24.2,66.0,6.44,632.7,tomato
31.5,22.1,36.4,21.1,66.9,6.33,523.4,tomato
63.5,37.0,37.0,24.7,70.5,6.51,643.4,tomato
66.2,47.9,56.7,27.3,68.2,6.36,617.4,tomato
61.6,55.2,56.1,24.7,67.2,6.49,591.6,tomato
59.8,31.9,26.1,24.9,62.5,6.44,735.3,tomato
48.7,42.6,60.4,20.4,69.2,6.6,579.2,tomato
72.8,22.0,24.9,20.7,68.0,6.5,589.4,tomato
71.1,34.4,47.6,24.8,69.0,6.56,486.5,tomato
63.3,26.3,44.0,21.4,67.6,6.39,572.4,tomato
47.5,48.4,33.5,26.7,67.5,6.3,516.2,tomato
70.3,43.6,17.1,24.9,67.4,6.37,623.7,tomato
44.2,30.0,60.9,21.7,64.9,6.46,415.4,tomato
69.3,43.6,56.5,25.4,69.0,6.65,553.7,tomato
77.3,33.0,28.7,24.9,67.1,6.43,519.1,tomato
52.2,53.5,20.8,25.4,71.5,6.39,617.3,tomato
60.7,23.6,68.9,25.9,68.6,6.27,519.5,tomato
70.5,31.5,28.2,21.5,68.5,6.42,544.7,tomato
68.3,47.7,11.1,23.4,68.2,6.61,518.9,tomato
25.5,28.0,30.1,22.7,70.2,6.43,584.9,tomato
43.6,58.1,35.9,19.5,64.6,6.56,664.6,tomato
52.8,32.9,38.7,22.6,65.6,6.57,635.2,tomato
76.4,49.8,12.2,21.5,68.1,6.21,587.3,tomato
38.6,61.9,28.7,19.8,68.9,6.58,656.1,tomato
66.2,39.1,22.1,23.9,70.5,6.52,616.8,tomato
62.2,41.5,24.2,19.2,64.9,6.54,602.2,tomato
56.8,24.0,28.6,25.4,65.3,6.76,631.7,tomato
68.3,55.0,36.4,20.7,69.5,6.59,690.6,tomato
13.8,32.6,42.5,24.3,67.2,6.56,545.9,tomato
41.7,54.2,55.6,23.4,68.6,6.41,569.8,tomato
68.0,45.7,35.2,22.4,69.1,6.51,595.4,tomato
54.6,25.0,42.0,24.4,68.2,6.49,535.7,tomato
56.2,43.7,67.7,23.6,64.5,6.29,544.0,tomato
49.8,53.4,42.6,23.4,67.1,6.66,491.6,tomato
58.6,28.6,38.5,24.7,64.1,6.61,723.9,tomato
74.1,39.7,39.7,26.6,63.7,6.4,689.0,tomato
41.1,28.9,28.6,20.6,65.0,6.29,550.3,tomato
52.7,45.3,47.1,22.0,65.8,6.68,668.0,tomato
58.1,31.0,41.8,21.9,66.6,6.55,578.1,tomato
66.4,28.6,14.1,24.1,67.6,6.5,723.3,tomato
70.0,13.8,46.9,22.9,69.8,6.27,671.5,tomato
59.1,41.7,62.2,24.2,69.4,6.72,485.1,tomato
60.5,33.4,35.5,21.4,65.9,6.5,526.6,tomato
30.0,37.3,10.7,22.5,66.1,6.4,567.2,tomato
56.3,55.2,19.7,24.9,67.3,6.45,562.7,tomato
70.7,26.7,49.1,20.5,66.6,6.54,608.0,tomato
59.7,26.8,19.6,21.6,65.2,6.52,605.0,tomato
79.5,28.6,62.1,24.9,69.4,6.43,569.8,tomato
71.5,36.1,10.0,23.8,65.6,6.59,626.7,tomato
53.3,33.2,62.0,21.5,68.3,6.44,525.8,tomato
45.4,44.1,22.8,23.6,66.3,6.5,613.2,tomato
60.0,55.7,51.3,24.9,69.3,6.74,551.0,tomato
62.7,42.0,40.1,20.9,68.4,6.57,607.4,tomato
52.5,32.9,30.2,23.7,67.1,6.32,518.4,tomato
38.9,36.4,57.2,21.6,66.9,6.45,618.0,tomato
50.0,36.4,28.9,25.6,66.9,6.57,624.9,tomato
66.2,44.3,43.7,25.2,67.4,6.72,652.0,tomato
68.8,32.0,41.1,21.2,67.4,6.49,540.4,tomato
26.1,28.7,32.0,23.7,67.5,6.32,608.5,tomato
67.0,51.8,26.1,21.3,69.5,6.59,596.3,tomato
87.9,41.1,66.5,22.7,66.6,6.45,641.0,tomato
29.2,37.2,77.1,20.2,68.3,6.51,557.9,tomato
59.8,53.4,56.3,24.0,66.3,6.53,640.3,tomato
61.2,50.5,60.0,24.2,64.4,6.29,604.7,tomato
36.3,34.1,32.3,21.9,69.2,6.4,499.4,tomato
61.9,52.7,59.9,25.9,66.1,6.67,657.7,tomato
61.4,51.5,62.9,23.0,66.7,6.62,638.1,tomato
49.3,51.2,54.5,24.5,67.4,6.13,593.8,tomato
93.1,48.5,29.9,22.2,67.1,6.59,611.0,tomato
70.6,55.5,49.1,23.4,64.9,6.42,693.5,tomato
58.5,40.6,26.4,22.4,68.3,6.54,635.8,tomato
72.7,24.4,13.8,28.0,68.5,6.47,610.5,tomato
67.7,32.4,46.4,23.4,69.8,6.4,736.9,tomato
58.9,27.6,23.4,24.4,64.6,6.34,661.8,tomato
55.9,43.6,17.4,24.0,71.7,6.43,538.9,tomato
66.4,57.2,77.5,24.4,66.8,6.53,622.8,tomato
69.7,41.4,45.5,21.6,67.7,6.24,513.5,tomato
39.8,42.1,67.8,22.9,68.4,6.53,617.0,tomato
73.3,33.6,56.3,23.9,70.4,6.41,609.1,tomato
32.2,34.7,49.3,25.0,67.0,6.62,572.5,tomato
70.2,31.0,20.5,22.9,63.7,6.39,609.0,tomato
44.2,38.2,42.6,25.4,65.5,6.52,634.4,tomato
66.2,22.6,60.4,22.0,69.2,6.53,649.5,tomato
67.7,27.0,51.4,23.3,67.8,6.59,537.6,tomato
62.7,54.3,17.0,23.4,66.0,6.63,633.4,tomato
46.7,40.6,42.3,20.9,70.3,6.75,584.0,tomato
29.9,49.7,34.9,24.8,65.4,6.51,659.0,tomato
46.6,66.7,52.8,21.3,66.8,6.66,622.2,tomato
56.9,55.7,47.6,25.9,70.9,6.35,531.4,tomato
36.9,45.2,37.5,21.2,68.1,6.45,675.7,tomato
88.1,37.5,61.6,23.8,66.7,6.56,494.3,tomato
69.3,33.7,30.8,24.9,65.6,6.38,615.6,tomato
72.0,45.3,14.9,23.2,69.2,6.44,589.1,tomato
59.8,18.8,23.2,24.0,65.8,6.56,422.1,tomato
62.5,40.2,40.5,18.7,68.6,6.43,510.5,tomato
76.7,24.5,23.9,25.4,69.2,6.19,586.5,tomato
45.6,43.1,51.2,22.2,65.8,6.42,672.3,tomato
41.7,62.9,43.2,26.6,68.7,6.55,760.0,tomato
68.6,56.1,48.4,23.0,66.3,6.21,625.8,tomato
59.1,40.3,63.3,23.5,67.8,6.52,600.9,tomato
74.2,30.9,32.8,24.4,68.7,6.58,607.0,tomato
65.9,56.5,36.5,22.0,68.8,6.34,651.1,tomato
79.1,32.9,52.5,24.1,65.0,6.52,648.7,tomato
46.7,36.9,41.0,23.5,67.3,6.43,555.0,tomato
42.8,37.0,10.4,23.2,67.9,6.57,582.3,tomato
68.2,40.8,29.9,23.2,68.6,6.52,610.0,tomato
52.6,45.0,40.7,21.5,66.1,6.49,582.5,tomato
67.5,69.4,25.2,24.3,67.2,6.49,629.5,tomato
58.2,41.9,32.7,23.6,67.5,6.42,520.3,tomato
46.6,41.0,45.4,20.2,69.1,6.48,695.0,tomato
55.4,51.9,26.1,24.9,69.5,6.28,657.5,tomato
53.3,43.4,19.8,25.7,69.7,6.58,720.7,tomato
63.9,50.5,29.4,22.1,67.6,6.45,552.6,tomato
73.8,48.0,46.2,23.8,67.9,6.59,572.3,tomato
40.6,44.1,44.0,20.9,66.0,6.54,527.9,tomato
47.2,27.6,10.0,20.0,69.5,6.59,527.5,tomato
64.2,50.7,64.6,26.2,71.0,6.48,602.7,tomato
54.3,40.6,60.7,24.4,67.6,6.37,600.2,tomato
70.2,47.3,54.7,22.7,67.3,6.66,670.8,tomato
67.0,34.7,45.5,25.0,71.5,6.7,670.9,tomato
89.7,22.6,39.2,20.0,65.5,6.64,655.3,tomato
71.3,41.8,15.0,21.5,67.3,6.58,484.8,tomato
75.7,46.5,44.8,23.7,64.8,6.38,500.5,tomato
93.0,46.7,51.0,21.9,64.9,6.67,574.1,tomato
54.2,32.6,40.7,23.2,65.9,6.44,492.0,tomato
56.1,45.6,47.6,21.9,64.9,6.61,744.5,tomato
61.6,27.7,59.4,23.8,66.9,6.52,524.4,tomato
75.3,23.1,75.3,18.9,65.8,6.52,583.3,tomato
74.6,42.5,42.1,23.9,64.8,6.49,625.4,tomato
73.2,52.4,27.7,23.4,64.9,6.65,508.1,tomato
51.2,29.7,39.5,23.2,65.2,6.64,682.1,tomato
78.2,47.3,69.5,21.5,67.6,6.57,473.5,tomato
26.8,34.2,12.1,26.0,68.4,6.65,649.2,tomato
61.6,35.2,32.7,24.7,73.2,6.44,550.5,tomato
53.6,63.2,21.3,21.2,63.4,6.57,514.7,tomato
54.9,55.3,28.1,26.2,69.9,6.53,704.8,tomato
71.1,28.8,46.9,24.0,65.8,6.53,597.1,tomato
73.0,41.0,48.5,19.4,66.6,6.54,530.1,tomato
54.7,47.2,67.2,23.2,68.2,6.44,627.0,tomato
61.5,40.6,58.6,25.7,65.4,6.43,524.7,tomato
75.9,46.6,33.5,25.9,67.1,6.56,600.4,tomato
71.0,53.8,62.2,22.4,67.9,6.58,526.0,tomato
47.6,57.3,31.2,21.0,68.3,6.49,627.0,tomato
67.3,36.3,37.0,19.5,67.1,6.73,601.3,tomato
56.3,39.7,23.4,23.1,68.8,6.32,747.8,tomato
60.1,34.3,10.0,20.2,66.0,6.66,639.7,tomato
84.0,27.2,34.5,25.7,66.7,6.39,619.6,tomato
58.4,50.9,56.9,24.5,67.1,6.41,696.7,tomato
66.3,28.9,63.0,21.0,64.8,6.61,607.7,tomato
54.3,31.1,58.4,24.1,67.2,6.5,615.0,tomato
77.0,35.3,58.4,22.6,67.3,6.68,564.9,tomato
91.2,43.8,31.5,23.7,66.6,6.67,543.8,tomato
58.8,41.4,37.8,23.3,66.3,6.41,549.2,tomato
57.4,58.5,32.6,23.1,67.1,6.48,650.7,tomato
76.3,35.4,23.3,24.6,68.2,6.57,550.1,tomato
41.1,49.6,25.8,22.1,71.4,6.6,664.3,tomato
51.0,52.7,32.1,22.9,68.2,6.51,612.5,tomato
47.5,33.8,62.8,25.8,67.9,6.35,509.4,tomato
79.0,48.4,40.3,25.9,67.6,6.52,658.3,tomato
51.8,36.0,46.9,26.2,68.0,6.44,654.3,tomato
53.9,54.4,35.8,25.0,63.9,6.38,503.7,tomato
50.0,58.7,38.1,24.0,65.6,6.68,627.9,tomato
66.2,43.2,30.0,22.9,67.9,6.78,525.9,tomato
32.8,38.8,22.0,24.6,67.4,6.56,610.5,tomato
76.7,31.9,30.6,23.6,66.3,6.33,551.7,tomato
84.7,58.7,50.0,26.3,63.7,6.67,637.9,tomato
43.3,32.5,42.5,21.5,64.8,6.39,596.7,tomato
92.5,34.6,45.0,22.7,67.0,6.69,567.5,tomato
90.0,23.7,10.0,22.0,66.6,6.41,651.2,tomato
71.0,39.3,29.4,24.8,66.3,6.84,575.5,tomato
63.2,38.3,29.6,24.3,66.5,6.5,484.5,tomato
75.2,34.5,46.6,25.2,67.0,6.44,489.9,tomato
65.3,31.2,57.8,24.1,67.4,6.28,477.7,tomato
73.4,45.6,34.5,23.2,69.7,6.39,548.7,tomato
63.7,52.1,41.7,21.1,68.4,6.4,682.8,tomato
39.9,24.4,29.6,23.9,70.4,6.49,668.8,tomato
52.1,39.6,13.2,21.8,71.0,6.57,487.8,tomato
53.8,54.9,15.5,25.6,68.5,6.27,470.0,tomato
67.4,32.7,69.0,23.2,68.4,6.51,641.9,tomato
71.9,46.7,27.8,20.5,67.9,6.58,677.5,tomato
69.1,44.7,13.7,23.0,66.9,6.54,503.2,tomato
60.0,57.0,25.7,22.5,65.0,6.4,555.9,tomato
58.7,22.6,21.5,21.4,68.1,6.65,560.0,tomato
62.1,27.6,26.5,23.8,70.9,6.35,666.4,tomato
53.1,51.9,30.1,21.7,65.8,6.81,577.7,tomato
74.6,44.0,34.3,27.6,69.1,6.43,622.6,tomato
56.5,16.9,49.7,21.5,66.9,6.61,584.2,tomato
50.5,26.6,55.8,25.9,70.9,6.67,488.9,tomato
82.0,44.5,55.3,21.0,65.0,6.5,555.4,tomato
48.8,38.1,36.6,22.9,65.2,6.49,606.5,tomato
86.9,57.0,39.7,22.9,70.8,6.68,740.5,tomato
64.4,21.2,42.1,23.3,67.1,6.37,615.7,tomato
35.4,25.7,46.9,21.7,67.9,6.46,594.6,tomato
65.2,31.9,46.0,22.5,67.5,6.48,637.4,tomato
55.2,23.8,50.9,22.7,65.4,6.46,769.1,tomato
58.4,48.1,34.5,22.7,68.8,6.42,441.3,tomato
43.6,61.5,30.3,22.8,63.5,6.34,764.3,tomato
63.8,55.4,46.6,23.9,68.6,6.5,568.4,tomato
62.3,23.6,50.9,22.2,72.0,6.57,620.8,tomato
72.8,54.9,41.0,25.1,67.7,6.85,620.8,tomato
66.9,33.8,43.3,23.3,67.3,6.49,642.1,tomato
55.3,44.8,54.5,23.6,66.4,6.25,664.5,tomato
48.1,31.8,46.5,22.2,69.6,6.59,636.1,tomato
54.5,31.4,40.4,26.5,67.2,6.33,600.9,tomato
47.1,33.1,44.2,20.7,65.6,6.62,578.1,tomato
65.5,11.7,58.5,22.7,69.2,6.5,757.3,tomato
53.8,44.6,55.7,24.4,68.6,6.59,595.1,tomato
71.8,26.0,48.8,24.3,68.1,6.67,583.2,tomato
39.5,31.7,58.1,24.3,67.6,6.45,677.6,tomato
49.0,54.4,15.1,23.9,69.9,6.64,593.3,tomato
56.3,38.0,80.4,24.3,69.7,6.55,622.8,tomato
67.8,20.6,48.2,23.7,63.7,6.4,639.8,tomato
65.0,29.1,51.6,22.2,66.1,6.69,531.1,tomato
72.8,31.9,22.3,25.0,69.3,6.63,574.6,tomato
59.3,60.8,34.9,20.4,66.8,6.46,556.3,tomato
49.4,48.3,43.7,23.4,71.7,6.34,478.8,tomato
77.4,32.1,54.4,26.5,67.3,6.63,648.0,tomato
53.5,51.8,17.1,23.1,67.8,6.45,593.1,tomato
65.4,24.0,40.9,21.6,67.4,6.62,645.0,tomato
51.6,24.1,18.1,24.5,66.6,6.47,615.6,tomato
40.3,35.1,71.4,24.2,68.6,6.43,541.9,tomato
81.7,37.0,20.3,23.3,67.8,6.32,643.1,tomato
99.3,28.8,49.2,22.6,68.9,6.41,586.3,tomato
82.5,45.2,35.2,19.9,68.2,6.36,591.8,tomato
65.6,47.3,17.8,24.3,69.8,6.63,560.4,tomato
75.1,27.4,26.2,26.2,69.4,6.59,593.4,tomato
60.7,33.5,49.2,27.6,65.4,6.51,498.7,tomato
52.5,19.6,44.5,25.2,67.0,6.5,598.8,tomato
73.6,22.7,50.4,24.9,63.3,6.43,589.7,tomato
81.5,49.8,49.7,22.7,66.2,6.36,598.7,tomato
80.7,55.5,45.7,25.2,69.3,6.42,633.5,tomato
42.6,52.2,32.9,23.0,67.9,6.71,518.4,tomato
71.6,42.8,32.5,22.8,66.1,6.58,521.6,tomato
55.2,36.5,42.4,21.5,66.8,6.53,604.1,tomato
87.1,46.9,57.5,24.1,66.9,6.57,681.6,tomato
76.1,31.2,38.7,22.4,67.2,6.49,552.0,tomato
43.1,26.3,16.2,25.5,67.5,6.53,614.4,tomato
81.8,41.7,39.0,23.9,68.9,6.64,661.3,tomato
53.2,40.6,27.2,26.2,65.3,6.46,553.3,tomato
57.9,36.0,43.5,24.2,69.8,6.35,562.1,tomato
72.6,43.2,45.8,25.2,67.3,6.59,617.7,tomato
55.6,36.5,45.6,24.7,66.8,6.55,490.4,tomato
72.1,31.1,27.8,24.2,66.0,6.32,631.1,tomato
70.3,39.5,55.2,21.8,67.9,6.54,676.7,tomato
67.6,34.3,36.5,21.3,65.4,6.55,527.6,tomato
76.4,47.5,19.0,25.8,68.1,6.41,553.7,tomato
27.3,22.9,42.5,23.0,69.2,6.76,461.4,tomato
73.3,74.2,59.6,23.5,64.2,6.54,572.6,tomato
71.7,48.4,58.6,21.1,68.6,6.41,599.2,tomato
63.3,35.2,35.4,25.0,66.3,6.34,619.0,tomato
53.5,43.8,10.0,25.6,65.2,6.47,691.3,tomato
70.1,42.4,59.1,20.8,69.0,6.51,592.2,tomato
97.6,30.4,38.2,26.2,69.2,6.56,549.3,tomato
68.1,46.2,36.5,21.6,68.2,6.53,535.1,tomato
63.0,48.5,49.1,23.1,66.2,6.49,535.3,tomato
79.2,34.0,57.3,26.4,67.1,6.39,535.2,tomato
55.2,34.8,37.8,26.2,68.0,6.5,627.6,tomato
55.7,45.0,17.4,26.8,67.9,6.59,530.5,tomato
71.9,26.2,24.9,25.9,67.3,6.39,675.4,tomato
34.8,40.5,43.8,23.4,68.7,6.42,701.2,tomato
53.9,45.5,45.8,23.4,67.3,6.21,720.4,tomato
54.9,43.0,47.4,23.2,63.8,6.51,577.2,tomato
49.0,30.1,61.7,25.8,65.1,6.43,536.3,tomato
47.9,52.3,23.0,23.8,67.5,6.35,731.5,tomato
51.2,30.1,38.8,24.5,65.8,6.67,576.2,tomato
52.9,15.8,42.1,22.6,69.5,6.43,747.7,tomato
85.5,40.6,28.4,22.1,63.8,6.5,605.9,tomato
42.0,40.3,42.9,23.5,71.6,6.46,595.7,tomato
49.7,17.8,49.9,24.5,71.2,6.43,650.4,tomato
38.5,52.3,53.6,21.9,66.6,6.72,659.5,tomato
32.5,58.7,34.8,24.5,68.5,6.52,525.5,tomato
63.2,41.7,35.1,26.2,69.3,6.39,595.5,tomato
39.1,25.7,18.5,21.9,65.9,6.59,395.5,tomato
63.0,43.6,28.6,23.9,69.8,6.59,540.4,tomato
52.9,35.3,26.0,22.1,69.2,6.59,647.4,tomato
27.9,56.3,51.8,24.9,63.4,6.25,469.2,tomato
91.7,38.6,30.2,21.3,70.2,6.56,592.9,tomato
54.6,55.1,47.9,21.5,69.3,6.51,601.6,tomato
48.3,25.2,32.8,23.3,67.0,6.56,548.9,tomato
55.8,37.3,63.1,23.4,65.3,6.53,690.9,tomato
45.0,25.7,46.2,23.6,69.2,6.6,539.1,tomato
66.3,54.1,34.9,23.4,69.5,6.43,568.6,tomato
52.2,60.7,20.5,20.1,67.9,6.63,573.1,tomato
66.4,37.1,62.9,23.8,70.0,6.32,584.1,tomato
54.5,35.4,10.2,22.0,65.9,6.52,627.7,tomato
44.2,46.0,46.8,24.3,65.4,6.31,527.9,tomato
74.3,45.1,30.2,24.7,67.9,6.42,531.5,tomato
39.8,59.8,24.8,25.4,64.9,6.29,633.8,tomato
73.9,46.7,50.1,26.9,65.3,6.61,528.8,tomato
61.4,52.7,45.9,22.0,67.9,6.45,655.5,tomato
61.8,41.4,10.3,19.5,69.0,6.45,659.4,tomato
69.9,30.3,53.7,22.8,67.2,6.43,575.8,tomato
42.2,44.1,29.2,24.6,70.8,6.72,690.7,tomato
20.5,30.6,29.7,29.5,70.2,6.55,640.9,tomato
56.4,34.2,60.7,22.8,68.4,6.17,624.0,tomato
69.9,35.3,27.9,24.6,67.9,6.29,587.8,tomato
65.5,43.5,40.4,25.9,66.3,6.42,618.2,tomato
59.4,38.1,38.3,21.3,66.1,6.48,529.6,tomato
61.1,44.9,43.4,26.9,69.7,6.56,656.6,tomato
32.9,41.0,20.4,25.0,68.9,6.52,535.0,tomato
61.0,49.1,33.2,22.5,64.7,6.49,589.4,tomato
58.3,48.9,26.0,24.0,66.7,6.29,593.6,tomato
64.3,39.9,32.6,23.1,69.6,6.5,595.3,tomato
82.2,51.4,58.6,21.4,68.2,6.52,581.0,tomato
73.4,40.3,23.9,19.8,68.0,6.55,705.3,tomato
54.2,40.0,38.5,26.2,65.7,6.47,548.8,tomato
54.2,35.4,32.3,26.0,65.9,6.41,630.6,tomato
67.3,50.2,36.3,21.5,66.6,6.38,619.4,tomato
64.0,25.3,26.9,26.8,68.4,6.44,747.7,tomato
48.8,43.3,51.2,20.4,65.2,6.58,558.1,tomato
79.1,49.4,59.6,25.6,68.1,6.54,576.4,tomato
58.1,34.3,51.8,20.4,69.4,6.57,555.7,tomato
67.5,35.4,40.4,19.9,67.7,6.44,652.8,tomato
39.1,27.0,46.8,23.4,67.8,6.26,649.6,tomato
30.9,40.2,43.7,24.5,65.6,6.66,711.4,tomato
73.0,43.0,45.4,23.9,67.7,6.35,579.4,tomato
39.1,22.7,44.0,23.0,68.5,6.7,578.1,tomato
55.7,25.5,28.2,22.9,67.5,6.58,608.3,tomato
54.6,42.5,15.8,23.2,67.4,6.51,516.3,tomato
46.8,37.2,29.6,21.8,69.1,6.79,523.8,tomato
41.6,43.3,13.1,23.9,68.0,6.58,559.4,tomato
52.6,36.8,43.6,23.0,67.1,6.46,578.4,tomato
82.9,24.5,42.5,24.0,66.4,6.64,607.7,tomato
67.4,36.4,65.2,22.6,67.5,6.51,661.7,tomato
72.2,48.5,21.3,24.4,67.1,6.48,662.1,tomato
58.7,13.0,20.3,23.7,67.3,6.55,631.6,tomato
47.6,34.4,44.9,25.3,67.9,6.5,583.7,tomato
47.1,45.9,42.7,24.3,66.6,6.71,745.9,tomato
47.4,43.8,51.3,23.3,66.3,6.61,599.6,tomato
48.2,26.3,21.5,26.0,68.6,6.42,664.8,tomato
61.4,36.8,18.9,23.5,69.7,6.43,551.5,tomato
48.6,31.1,46.8,25.5,69.0,6.57,646.4,tomato
76.5,35.0,43.6,26.3,69.3,6.43,625.7,tomato
79.9,68.5,34.7,22.8,69.2,6.32,659.3,tomato
88.5,23.7,28.2,23.3,67.6,6.5,682.6,tomato
74.4,48.3,14.8,24.3,66.8,6.45,492.0,tomato
66.8,31.7,48.8,22.2,67.1,6.36,554.0,tomato
64.4,37.1,24.2,23.5,70.1,6.68,535.1,tomato
66.9,25.9,30.6,25.5,66.0,6.41,654.8,tomato
33.7,45.2,43.9,21.6,66.1,6.61,532.8,tomato
74.9,46.0,32.6,25.3,66.8,6.4,617.1,tomato
68.0,28.1,35.5,25.2,67.5,6.42,570.3,tomato
66.1,22.3,72.9,22.3,68.2,6.36,617.6,tomato
42.5,50.1,40.7,22.6,67.9,6.53,670.0,tomato
57.7,35.0,29.4,24.4,67.7,6.39,594.0,tomato
66.2,42.9,41.5,23.7,68.0,6.49,624.2,tomato
65.1,21.0,60.7,23.8,65.2,6.46,678.9,tomato
26.5,41.8,43.2,24.0,69.6,6.55,663.8,tomato
90.9,43.2,60.3,21.5,68.4,6.34,480.7,tomato
29.4,50.7,50.0,23.6,67.6,6.63,650.1,tomato
78.2,33.6,14.5,23.2,66.9,6.54,572.7,tomato
74.0,45.9,32.8,28.1,66.8,6.65,644.8,tomato
64.5,43.2,40.7,24.7,64.3,6.53,672.6,tomato
57.3,23.4,43.2,25.7,67.5,6.54,585.9,tomato
78.1,50.8,19.9,23.9,67.3,6.1,575.7,tomato
52.6,44.9,40.8,22.3,65.3,6.56,696.6,tomato
46.1,27.4,15.9,23.0,66.6,6.28,625.9,tomato
71.3,44.9,25.3,24.2,68.2,6.57,588.5,tomato
65.7,38.9,40.7,24.6,71.6,6.5,614.8,tomato
53.7,50.0,50.7,23.5,67.8,6.58,571.0,tomato
44.3,60.6,25.5,21.9,68.3,6.43,535.8,tomato
88.3,30.8,43.5,20.7,67.9,6.51,547.8,tomato
86.4,51.9,29.8,25.6,68.8,6.27,556.1,tomato
80.2,40.8,46.5,25.0,65.1,6.43,687.5,tomato
28.5,47.7,50.9,23.6,68.5,6.51,659.4,tomato
30.4,30.1,44.7,21.2,68.5,6.52,521.9,tomato
79.9,42.1,30.0,24.7,67.2,6.39,561.0,tomato
54.0,37.4,30.5,21.4,70.9,6.48,515.5,tomato
73.4,33.4,30.1,23.3,67.5,6.34,602.3,tomato
49.2,17.9,24.6,22.2,68.0,6.61,529.8,tomato
59.8,22.5,48.7,22.7,66.4,6.43,517.9,tomato
68.3,39.5,42.7,26.5,66.4,6.58,695.3,tomato
85.0,50.6,63.0,24.8,66.0,6.59,658.9,tomato
43.1,33.9,53.5,18.8,68.0,6.63,639.7,tomato
68.6,26.6,28.3,21.6,67.5,6.48,616.2,tomato
71.8,29.5,50.6,23.2,69.8,6.4,519.9,tomato
47.6,45.5,17.1,20.6,69.6,6.43,693.9,tomato
48.0,60.5,51.7,23.6,67.0,6.42,546.2,tomato
39.2,48.4,44.0,20.8,69.1,6.62,541.6,tomato
40.2,30.8,30.7,19.9,67.2,6.51,573.1,tomato
86.6,50.5,59.8,22.5,67.3,6.54,565.4,tomato
71.0,29.4,49.7,22.6,69.0,6.5,533.1,tomato
71.6,35.6,45.2,23.2,66.8,6.56,569.3,tomato
53.0,57.5,41.8,24.1,69.4,6.73,649.2,tomato
44.8,30.8,32.0,21.5,68.4,6.59,556.6,tomato
63.8,47.9,19.6,21.9,63.3,6.45,474.7,tomato
70.8,35.6,45.4,21.0,67.5,6.63,564.8,tomato
67.4,30.8,28.6,22.0,67.4,6.68,605.0,tomato
67.0,47.3,41.5,22.9,67.1,6.48,495.7,tomato
69.3,37.0,75.4,20.5,66.4,6.58,518.6,tomato
65.8,18.3,24.2,26.4,68.8,6.56,682.7,tomato
28.5,46.1,40.9,23.1,67.3,6.53,608.5,tomato
64.3,29.8,10.0,23.2,65.5,6.47,661.8,tomato
50.1,24.3,42.1,21.4,67.0,6.5,595.7,tomato
20.9,35.2,41.9,23.2,66.1,6.25,642.5,tomato
65.5,37.3,34.5,23.1,64.5,6.26,562.3,tomato
57.5,56.6,31.4,20.7,67.6,6.54,535.6,tomato
50.6,36.0,21.6,25.9,67.7,6.62,614.5,tomato
76.5,31.0,54.8,25.2,69.6,6.53,622.4,tomato
72.3,51.0,31.8,22.8,68.9,6.79,600.2,tomato
79.9,24.4,61.0,23.8,70.1,6.48,593.6,tomato
45.6,52.4,52.7,21.9,65.9,6.58,656.9,tomato
44.5,27.1,21.8,22.4,69.3,6.38,638.5,tomato
52.3,26.1,52.9,21.5,68.5,6.29,661.7,tomato
45.7,36.8,26.5,22.7,67.8,6.58,497.0,tomato
56.9,48.3,58.2,25.8,66.1,6.49,571.2,tomato
82.9,29.5,48.9,25.7,68.1,6.69,574.5,tomato
49.6,50.9,42.2,24.3,69.8,6.37,661.8,tomato
39.8,53.2,37.0,19.4,68.7,6.6,488.9,tomato
32.0,39.1,48.8,21.6,65.2,6.42,562.6,tomato
25.3,48.5,12.7,21.0,66.0,6.58,601.1,tomato
84.9,24.6,21.9,23.1,66.8,6.31,552.7,tomato
56.5,19.7,28.6,26.8,65.1,6.48,621.5,tomato
47.8,53.2,53.5,23.5,67.1,6.49,684.4,tomato
60.9,36.3,46.7,24.9,64.5,6.64,607.5,tomato
61.3,56.0,13.1,23.9,66.9,6.26,528.7,tomato
43.5,33.0,57.9,23.7,69.0,6.41,644.6,tomato
59.4,57.0,21.9,20.4,66.6,6.38,518.9,tomato
50.4,32.4,49.5,23.2,66.9,6.3,599.4,tomato
89.3,43.5,23.8,24.3,66.8,6.44,496.5,tomato
63.0,37.5,38.0,22.1,68.2,6.56,574.8,tomato
35.2,69.0,44.7,23.3,67.4,6.43,481.1,tomato
55.3,28.6,50.8,23.5,68.9,6.35,575.3,tomato
66.0,52.7,26.0,22.0,67.3,6.6,673.4,tomato
38.9,29.3,30.4,25.2,67.6,6.43,475.8,tomato
52.8,36.5,42.7,23.1,67.7,6.4,565.0,tomato
64.7,36.2,53.5,25.1,67.9,6.55,656.9,tomato
55.6,43.3,35.9,21.8,65.5,6.68,463.5,tomato
53.0,44.5,37.4,24.5,67.4,6.58,604.7,tomato
76.9,19.8,53.3,23.3,67.1,6.43,545.4,tomato
58.2,22.8,60.4,20.3,65.9,6.57,635.8,tomato
40.8,13.3,16.6,24.9,66.3,6.6,633.5,tomato
50.3,14.6,42.9,21.8,66.7,6.45,549.7,tomato
60.9,49.6,17.7,23.0,70.1,6.47,553.6,tomato
52.8,42.3,10.0,23.5,67.3,6.34,652.8,tomato
73.0,44.7,35.4,21.0,68.4,6.69,731.6,tomato
57.4,46.0,32.0,24.2,69.0,6.52,696.7,tomato
53.4,31.8,65.4,24.4,66.8,6.37,553.5,tomato
64.3,17.8,19.0,21.9,65.7,6.51,625.7,tomato
44.1,41.5,33.6,21.7,67.7,6.53,513.1,tomato
71.6,56.7,19.0,23.3,68.4,6.7,558.1,tomato
44.6,34.8,45.0,22.3,70.3,6.58,637.7,tomato
43.7,51.8,33.4,23.2,67.0,6.5,546.7,tomato
44.6,45.2,52.6,23.4,67.3,6.62,669.0,tomato
67.1,29.1,39.1,22.0,67.2,6.53,588.1,tomato
91.9,52.4,40.6,26.4,69.0,6.48,670.3,tomato
70.5,37.8,17.9,23.9,68.2,6.57,569.4,tomato
80.1,25.6,35.7,23.9,65.7,6.49,647.1,tomato
72.4,37.6,49.0,26.2,66.5,6.5,610.5,tomato
45.8,45.7,38.0,23.9,68.7,6.46,621.1,tomato
60.1,25.8,36.7,22.7,69.9,6.48,635.1,tomato
60.9,71.1,43.1,23.9,66.8,6.59,598.6,tomato
51.3,25.1,32.8,18.5,68.5,6.42,525.9,tomato
42.1,45.3,45.1,23.9,65.6,6.6,625.7,tomato
57.1,48.2,47.2,21.8,68.2,6.43,529.8,tomato
83.0,29.9,39.5,21.8,65.7,6.61,596.4,tomato
44.1,41.4,56.9,25.2,68.6,6.51,601.6,tomato
50.3,29.5,60.0,24.1,64.2,6.55,708.2,tomato
80.3,62.9,53.7,23.0,68.1,6.23,576.6,tomato
73.7,45.4,45.0,24.3,65.5,6.65,585.6,tomato
53.6,53.4,39.6,24.1,72.2,6.46,564.9,tomato
38.7,44.8,24.9,23.5,68.8,6.59,694.3,tomato
71.6,50.1,19.8,22.7,67.4,6.58,611.7,tomato
56.0,22.5,27.1,27.8,69.8,6.19,598.4,tomato
45.5,34.1,24.5,23.6,70.0,6.72,577.7,tomato
55.3,29.7,40.8,25.6,67.6,6.54,610.6,tomato
49.7,41.8,53.6,23.0,64.4,6.52,623.1,tomato
78.6,29.4,26.8,22.5,64.2,6.69,679.8,tomato
43.2,61.7,25.4,20.8,66.9,6.45,661.4,tomato
54.5,46.8,34.8,23.5,66.8,6.42,614.4,tomato
48.3,30.2,23.4,26.5,68.9,6.28,548.2,tomato
62.6,40.0,59.7,24.0,63.2,6.75,592.7,tomato
45.6,54.9,28.4,25.3,63.8,6.57,580.1,tomato
57.0,34.3,70.8,22.7,65.1,6.49,510.5,tomato
104.9,37.7,27.8,24.6,62.3,6.6,600.7,tomato
49.9,32.3,38.8,23.8,68.4,6.69,504.6,tomato
80.5,53.9,61.0,22.6,66.8,6.43,499.2,tomato
65.2,25.0,26.3,25.0,65.9,6.67,613.7,tomato
48.7,40.5,37.2,21.2,68.2,6.35,463.2,tomato
66.9,32.5,30.0,22.2,64.6,6.31,701.3,tomato
51.3,31.0,37.6,21.5,67.9,6.51,622.5,tomato
74.7,25.8,29.3,25.3,69.6,6.56,704.5,tomato
72.4,26.9,40.2,24.5,68.1,6.62,592.1,tomato
33.2,44.7,60.4,21.8,64.3,6.52,548.2,tomato
47.1,41.5,69.4,24.5,70.4,6.54,603.5,tomato
52.0,24.9,10.7,21.5,68.7,6.47,508.0,tomato
77.8,54.8,58.4,20.8,67.5,6.25,707.7,tomato
51.7,30.9,50.4,22.7,67.8,6.68,582.1,tomato
56.2,30.0,22.7,25.7,68.8,6.51,596.5,tomato
63.1,29.0,52.8,22.4,68.0,6.65,534.9,tomato
76.9,37.8,50.8,24.0,66.5,6.64,633.0,tomato
43.5,45.3,55.3,25.5,67.3,6.51,569.0,tomato
65.4,33.2,31.0,23.2,70.1,6.45,622.7,tomato
67.0,60.0,55.9,24.1,68.5,6.51,616.1,tomato
67.4,41.1,51.9,24.1,66.9,6.48,633.7,tomato
50.2,42.3,221.8,22.1,70.0,6.08,544.9,potato
63.0,46.9,233.0,22.3,74.1,5.9,640.3,potato
75.1,31.0,129.4,19.7,68.4,5.79,510.3,potato
76.4,16.7,206.2,17.9,79.5,5.64,574.0,potato
55.4,27.2,168.9,19.5,73.7,6.01,609.4,potato
73.3,5.0,187.1,19.0,73.5,5.48,568.5,potato
55.6,34.5,199.6,17.8,75.6,5.61,506.6,potato
64.2,62.5,192.0,23.0,72.6,6.06,585.6,potato
89.0,6.7,224.4,20.5,74.6,5.92,571.6,potato
70.2,28.0,226.3,18.5,76.3,5.76,420.4,potato
60.7,23.3,198.3,19.0,76.7,5.94,563.2,potato
61.3,12.6,155.2,18.0,71.4,5.73,588.5,potato
68.2,35.1,232.2,18.6,78.7,5.63,532.8,potato
87.2,31.9,206.3,20.0,76.2,5.5,514.7,potato
56.4,40.5,179.2,20.9,74.1,5.76,558.9,potato
66.2,20.7,232.5,20.8,73.0,5.27,510.9,potato
50.1,13.5,212.9,20.7,71.5,5.77,557.4,potato
33.8,17.3,178.4,17.9,78.2,5.53,445.4,potato
53.3,26.8,185.3,21.9,71.7,5.86,466.9,potato
54.4,19.0,223.0,23.4,75.7,5.97,485.5,potato
67.6,36.9,223.1,21.7,78.7,5.66,510.0,potato
64.8,29.1,216.7,20.0,81.8,5.48,516.4,potato
58.0,32.0,205.8,23.5,74.8,5.98,552.4,potato
34.9,10.3,197.3,21.5,74.0,5.26,586.3,potato
67.6,32.2,212.4,16.1,75.3,5.83,542.0,potato
36.2,33.5,171.3,19.5,72.9,5.7,544.7,potato
55.1,29.4,250.0,20.3,77.9,5.29,566.1,potato
80.6,15.3,215.6,19.9,80.1,5.82,520.3,potato
52.8,36.5,188.9,18.2,76.5,5.79,484.7,potato
44.4,19.0,164.3,19.6,74.4,5.92,548.2,potato
72.7,30.3,182.7,23.1,73.1,5.59,533.8,potato
51.3,30.1,182.5,19.3,75.3,5.92,477.2,potato
53.8,22.2,250.0,18.2,80.9,5.77,584.0,potato
67.0,37.1,238.3,20.5,74.8,5.7,511.7,potato
74.7,23.4,214.7,20.3,76.0,5.52,547.9,potato
58.8,15.9,216.0,22.9,75.6,5.54,577.6,potato
52.0,24.9,146.8,16.4,76.8,5.67,598.4,potato
63.5,28.2,170.7,21.4,78.8,5.73,541.8,potato
55.8,25.4,250.0,19.2,74.2,5.53,556.6,potato
83.6,40.6,201.8,19.5,74.6,5.97,516.1,potato
67.1,25.3,206.8,21.1,74.1,5.41,497.5,potato
58.4,8.8,211.5,18.6,69.0,5.6,592.5,potato
74.6,36.0,214.8,19.7,80.0,5.72,578.1,potato
79.3,21.2,199.6,18.6,75.9,5.56,468.0,potato
59.2,20.1,250.0,18.1,72.6,5.47,532.8,potato
53.6,46.0,196.7,21.4,74.7,5.67,604.2,potato
76.3,18.9,176.6,19.0,75.8,5.95,512.3,potato
38.0,18.3,169.7,22.1,74.6,5.91,655.1,potato
50.2,25.8,159.9,20.7,75.6,5.91,541.1,potato
52.4,13.8,209.2,21.9,75.9,5.68,604.8,potato
76.7,34.2,181.3,21.3,74.0,5.71,651.0,potato
60.9,24.4,207.4,19.5,72.7,5.96,523.7,potato
51.4,17.6,197.6,20.1,73.1,5.98,539.0,potato
63.7,32.4,148.4,23.6,76.8,5.6,508.9,potato
70.7,17.9,231.7,18.5,75.2,5.7,595.4,potato
51.1,30.3,250.0,21.4,76.2,5.9,561.9,potato
81.0,21.6,232.0,21.1,80.8,5.7,538.9,potato
56.7,26.7,202.9,19.1,73.5,6.05,566.2,potato
78.9,11.8,173.7,20.9,73.0,5.87,548.7,potato
54.3,58.9,156.0,19.7,76.3,6.04,523.5,potato
40.7,28.8,181.1,20.8,76.2,5.28,520.3,potato
48.6,14.3,197.6,19.5,75.3,5.84,641.8,potato
65.0,29.8,164.1,17.5,75.6,5.63,515.1,potato
82.4,26.5,241.2,18.4,74.1,5.81,441.1,potato
78.3,24.6,241.6,20.6,73.5,5.14,555.4,potato
56.8,26.4,197.9,18.4,74.4,5.5,671.4,potato
46.8,11.3,168.3,19.1,73.0,5.88,459.8,potato
75.1,28.9,250.0,19.9,74.3,5.48,512.0,potato
45.9,29.5,211.9,19.4,78.0,5.73,535.8,potato
70.5,20.5,178.8,17.0,75.5,5.96,517.4,potato
64.5,18.9,163.9,21.3,73.0,5.95,428.7,potato
62.5,25.7,160.3,21.4,74.5,5.73,553.9,potato
51.2,31.1,188.9,18.3,76.4,5.73,587.4,potato
72.7,24.7,201.1,22.2,73.7,5.62,512.7,potato
61.9,26.2,250.0,19.3,74.8,5.48,563.4,potato
43.9,13.5,176.8,19.0,75.7,5.44,508.0,potato
67.4,20.5,187.7,18.8,74.4,5.15,485.8,potato
83.2,16.9,222.6,21.0,73.4,5.75,568.6,potato
77.2,30.8,179.6,18.1,73.2,5.49,608.8,potato
54.7,17.4,239.1,20.2,71.0,5.69,514.5,potato
49.0,27.4,213.7,18.5,77.7,5.6,557.2,potato
41.0,30.3,205.5,21.5,73.9,5.69,643.6,potato
45.5,22.5,200.5,19.7,74.1,5.7,519.1,potato
47.5,24.6,168.8,17.4,73.3,5.98,497.4,potato
73.6,28.7,197.7,18.7,76.7,5.37,477.9,potato
82.3,26.5,250.0,21.6,76.2,5.41,705.2,potato
55.8,76.0,213.2,19.2,75.0,6.21,614.1,potato
55.6,26.2,202.5,21.4,73.0,5.86,635.0,potato
25.0,32.9,250.0,21.0,73.6,5.68,576.5,potato
62.7,30.5,216.4,20.3,76.9,5.49,469.7,potato
58.9,19.5,213.6,21.8,75.4,5.81,557.3,potato
52.3,17.1,233.0,18.1,71.6,5.53,546.0,potato
72.1,26.0,203.7,21.7,74.5,5.56,615.7,potato
72.2,29.8,179.1,15.8,76.6,5.65,587.8,potato
47.8,30.0,208.4,19.6,78.7,5.86,499.6,potato
95.0,25.8,192.9,18.9,77.1,5.85,556.2,potato
10.0,30.9,150.9,20.9,73.5,5.45,540.9,potato
37.4,66.9,241.4,18.5,74.2,6.11,564.6,potato
67.7,13.2,184.1,21.5,76.0,5.29,622.0,potato
66.1,24.9,203.8,19.9,77.4,5.6,504.4,potato
80.9,14.0,250.0,18.5,74.6,5.44,491.3,potato
56.9,27.4,225.3,20.5,73.6,5.79,553.5,potato
28.8,26.7,206.8,21.1,76.3,5.45,612.0,potato
67.7,31.8,175.5,23.2,75.9,5.82,544.2,potato
50.1,27.6,192.0,18.4,69.6,5.64,536.0,potato
62.8,28.7,159.2,18.3,75.2,5.83,615.5,potato
75.0,22.0,152.5,22.1,75.0,5.71,593.9,potato
45.6,18.3,168.3,19.4,74.9,5.93,557.6,potato
48.4,39.2,237.0,20.7,76.9,5.45,473.7,potato
63.7,32.3,141.1,20.2,80.0,5.61,484.4,potato
64.9,25.3,250.0,18.9,75.3,5.37,546.6,potato
64.3,14.0,250.0,21.7,74.5,5.87,536.5,potato
24.5,31.2,153.5,18.4,76.1,5.51,673.9,potato
47.8,34.1,202.0,20.6,72.2,5.81,646.7,potato
86.8,12.7,208.3,20.0,76.6,5.48,610.4,potato
65.2,33.5,244.3,18.6,72.2,5.64,475.6,potato
36.1,32.5,239.7,20.5,77.6,5.52,527.8,potato
52.2,33.1,154.3,18.6,76.5,5.74,648.0,potato
65.1,31.4,191.7,19.4,71.7,5.83,513.3,potato
30.3,34.3,231.5,21.6,73.8,5.51,553.9,potato
74.4,30.8,246.6,24.9,73.3,5.29,533.3,potato
68.0,12.6,196.1,18.5,73.7,5.94,585.8,potato
56.1,26.3,203.4,16.8,72.2,5.51,491.8,potato
81.5,23.7,214.8,20.0,71.9,5.67,566.6,potato
67.6,30.3,213.3,20.7,75.7,5.83,593.1,potato
57.4,27.5,141.0,18.3,74.1,5.98,491.5,potato
35.2,19.2,229.8,20.3,68.3,5.71,554.3,potato
62.4,15.4,233.7,20.3,73.7,5.56,527.6,potato
61.1,30.2,178.4,18.1,77.5,5.56,463.6,potato
53.1,29.5,206.3,20.2,79.1,5.54,582.4,potato
34.9,34.6,215.4,19.8,70.8,5.35,629.6,potato
62.8,15.6,221.2,17.7,74.9,5.18,543.8,potato
67.6,24.3,155.0,18.1,78.2,5.86,561.0,potato
66.5,15.6,246.4,19.3,74.3,5.32,538.7,potato
62.7,35.3,188.9,20.2,77.4,6.09,599.0,potato
57.7,32.7,159.8,22.5,72.8,5.7,484.0,potato
58.6,23.9,175.3,19.9,72.3,5.84,540.6,potato
85.2,28.5,189.8,19.4,77.2,5.87,498.9,potato
56.1,34.4,187.0,19.2,75.5,5.61,574.5,potato
57.7,29.0,188.7,22.2,74.1,5.48,559.1,potato
68.4,22.9,247.4,21.4,74.7,5.38,528.7,potato
75.1,18.1,213.8,21.2,78.1,5.74,554.2,potato
40.5,5.0,214.2,20.8,78.8,5.4,472.8,potato
50.6,12.3,196.8,17.3,77.1,5.69,524.2,potato
40.2,27.5,206.3,21.4,79.5,5.51,585.0,potato
68.4,27.3,229.0,20.0,68.4,5.44,512.7,potato
60.4,5.0,180.3,20.6,76.9,5.65,586.8,potato
46.8,33.8,171.2,19.0,72.7,5.85,544.6,potato
55.1,22.6,177.7,19.0,73.8,5.9,516.0,potato
75.2,27.2,165.5,19.6,74.5,5.62,560.8,potato
77.0,19.1,194.2,19.9,76.3,5.67,523.1,potato
59.2,26.2,223.6,18.2,71.2,5.72,547.9,potato
55.1,23.4,248.6,20.4,73.6,5.63,486.2,potato
102.8,35.8,186.8,20.2,70.0,5.81,569.1,potato
55.6,7.0,223.6,23.8,75.8,5.59,551.4,potato
64.0,34.6,212.1,19.5,75.7,5.56,540.6,potato
63.1,30.5,202.6,19.7,75.5,5.47,543.8,potato
47.8,12.1,201.0,19.3,76.6,5.42,535.6,potato
63.8,21.8,249.4,21.4,78.9,5.5,616.6,potato
38.5,10.2,156.6,22.2,73.5,4.92,558.4,potato
99.0,24.5,229.8,23.1,72.3,5.45,485.2,potato
58.2,39.1,189.6,20.3,78.8,5.74,450.8,potato
64.2,16.6,188.9,19.8,77.7,5.82,532.7,potato
79.3,17.7,187.5,18.2,71.1,5.99,608.0,potato
53.5,35.0,235.2,18.8,78.5,5.9,571.5,potato
78.4,45.7,216.4,19.7,78.9,5.87,549.5,potato
57.0,16.9,210.3,20.5,80.0,5.52,617.9,potato
52.0,34.0,181.2,21.5,77.8,5.55,502.6,potato
72.5,11.0,239.5,17.7,74.7,5.9,587.2,potato
52.8,26.7,227.6,23.2,77.7,5.6,601.7,potato
69.7,21.9,191.0,21.5,73.7,5.33,528.1,potato
81.3,12.1,183.0,22.9,75.8,5.83,579.9,potato
73.8,20.9,206.0,19.6,74.3,5.32,501.1,potato
55.9,28.3,164.6,20.1,68.8,5.75,577.9,potato
49.9,29.6,217.1,20.7,75.5,5.5,614.9,potato
54.3,31.1,209.3,20.6,75.5,5.64,548.1,potato
45.6,24.4,210.3,22.2,75.7,5.78,605.8,potato
52.1,24.8,160.2,17.4,72.6,5.47,571.5,potato
68.6,18.2,164.5,21.4,79.8,5.71,558.9,potato
74.2,46.8,208.1,21.0,76.6,6.01,495.3,potato
60.5,33.9,161.3,19.4,73.6,5.37,544.3,potato
57.2,25.3,186.1,22.3,76.0,5.74,610.9,potato
56.9,24.2,178.6,20.1,79.7,5.77,557.0,potato
51.1,19.2,233.8,19.1,73.8,5.52,595.5,potato
48.8,13.9,240.2,20.2,75.1,5.7,535.9,potato
52.0,26.6,219.8,21.6,77.3,6.06,568.9,potato
52.8,34.6,177.6,17.6,74.3,5.79,551.9,potato
59.6,35.6,203.5,21.2,76.4,5.43,516.7,potato
69.3,9.8,215.7,22.0,73.7,5.69,548.7,potato
63.2,14.2,179.9,18.4,76.3,5.93,490.6,potato
75.0,27.8,226.9,19.3,74.8,5.76,559.8,potato
86.4,25.7,180.6,19.6,76.4,5.8,714.8,potato
58.8,51.2,245.5,22.2,75.4,6.02,618.3,potato
47.8,35.7,209.2,20.2,77.6,5.57,572.8,potato
70.7,28.3,249.7,19.2,76.3,5.32,554.7,potato
64.2,41.7,162.8,19.6,74.9,5.68,618.9,potato
76.6,29.3,237.1,20.8,74.9,5.77,552.1,potato
57.2,36.4,218.2,19.6,72.5,6.07,547.6,potato
81.5,20.7,222.1,21.8,78.0,5.59,515.4,potato
74.9,9.5,210.0,20.1,71.5,5.49,493.7,potato
60.8,36.7,232.2,20.4,73.0,5.48,465.9,potato
46.5,24.7,200.1,19.4,71.1,5.57,508.5,potato
81.5,29.1,215.9,19.2,73.3,5.54,527.3,potato
63.1,20.3,175.3,21.7,78.6,5.78,596.2,potato
92.2,17.1,179.4,21.5,71.6,5.21,544.4,potato
91.7,34.6,199.6,22.0,76.3,6.04,489.6,potato
69.7,23.4,241.1,19.3,78.2,5.35,549.1,potato
74.7,5.2,226.7,22.2,74.7,5.84,529.6,potato
63.3,31.5,200.4,22.7,77.4,5.92,562.8,potato
46.5,47.4,209.6,19.9,75.4,6.05,516.9,potato
52.2,21.1,188.0,22.5,72.7,5.53,633.1,potato
67.4,24.5,192.8,20.6,73.2,5.48,507.4,potato
100.7,31.2,250.0,18.6,79.1,5.59,469.8,potato
76.8,27.1,218.5,21.7,73.5,5.44,557.9,potato
57.0,25.7,221.5,21.4,73.8,5.87,567.8,potato
32.5,16.7,250.0,19.9,77.6,5.92,459.1,potato
57.1,32.8,199.5,20.4,73.9,5.43,550.2,potato
75.1,17.5,205.3,21.0,73.5,5.71,638.3,potato
87.0,11.8,201.9,23.1,77.7,5.62,533.0,potato
42.2,24.4,213.8,17.5,73.2,5.59,515.0,potato
32.7,13.8,206.8,17.4,81.4,5.72,518.3,potato
56.0,50.5,227.7,20.2,80.5,6.21,520.6,potato
66.3,25.0,195.8,21.8,79.8,5.64,518.0,potato
46.8,29.4,213.0,20.5,70.1,5.6,490.7,potato
56.6,34.4,143.5,20.0,75.0,5.34,624.1,potato
62.0,29.2,143.1,19.8,81.6,5.91,578.8,potato
60.5,25.0,203.1,18.3,75.4,5.71,582.5,potato
77.9,23.6,217.9,18.2,71.9,5.52,538.6,potato
62.7,29.6,203.7,20.2,72.5,5.56,530.8,potato
74.8,29.0,143.9,21.1,77.2,5.41,474.0,potato
62.7,30.6,222.1,21.2,78.1,5.49,599.8,potato
57.7,18.7,178.2,20.7,77.5,5.86,528.7,potato
33.5,24.3,164.3,22.3,74.9,5.61,597.5,potato
75.0,26.8,184.3,20.3,72.5,5.7,609.3,potato
77.3,29.1,163.9,20.0,75.7,5.65,597.9,potato
44.4,24.2,230.3,21.1,71.9,5.17,597.5,potato
53.9,41.8,143.2,18.5,67.8,5.69,577.8,potato
94.5,22.2,193.7,20.0,73.6,5.29,455.1,potato
73.8,15.3,234.1,19.9,77.6,5.79,493.4,potato
36.1,23.5,185.6,21.7,77.2,5.71,538.4,potato
47.7,18.8,175.3,20.1,70.9,5.56,601.1,potato
69.3,44.0,204.1,20.1,75.9,5.69,576.2,potato
47.3,27.4,207.5,21.7,79.4,5.77,598.2,potato
72.6,27.5,203.7,21.4,78.2,5.65,506.3,potato
68.1,25.4,194.7,20.4,79.9,5.22,583.6,potato
60.6,22.7,147.7,16.1,74.7,5.47,579.0,potato
61.6,33.4,196.9,20.1,73.6,5.71,579.0,potato
49.7,24.2,178.2,21.3,79.9,5.56,534.3,potato
39.9,26.1,134.3,17.9,67.3,5.5,586.4,potato
67.7,32.5,155.9,20.9,70.9,5.69,582.8,potato
69.5,15.6,192.0,17.3,72.9,5.54,625.1,potato
48.4,34.5,242.2,21.5,73.7,5.41,478.9,potato
63.6,14.6,171.2,20.4,76.3,5.51,576.6,potato
77.2,37.5,199.0,19.9,71.8,5.5,497.0,potato
55.4,26.1,197.0,21.0,69.8,5.46,521.8,potato
72.0,20.3,250.0,19.5,75.9,5.36,521.3,potato
69.1,24.7,229.6,19.5,73.6,5.55,526.0,potato
69.9,27.2,212.7,20.8,75.9,5.9,551.6,potato
59.6,6.6,192.0,18.1,76.3,5.78,678.6,potato
71.6,35.0,205.1,20.1,72.9,5.58,508.9,potato
66.5,21.5,215.9,19.1,75.2,5.7,531.9,potato
83.5,11.5,239.5,20.8,70.7,5.46,530.2,potato
60.4,37.4,171.9,17.1,74.1,6.03,511.3,potato
70.8,31.1,173.3,20.9,74.4,5.57,524.4,potato
62.9,7.5,222.8,19.0,75.5,5.84,513.7,potato
73.1,20.1,171.0,17.8,75.5,5.63,514.2,potato
79.9,34.2,223.7,19.5,76.6,5.67,598.9,potato
49.8,23.6,181.2,18.0,74.5,5.57,589.2,potato
55.6,19.1,139.8,20.3,75.6,5.77,541.4,potato
40.7,25.4,171.1,21.3,74.6,5.9,553.9,potato
46.2,25.5,173.0,21.1,77.0,5.81,438.7,potato
76.4,40.5,214.8,20.7,72.5,5.37,591.0,potato
57.3,35.8,205.3,20.9,75.5,5.72,533.4,potato
62.2,26.4,205.5,20.5,74.8,5.91,541.9,potato
78.7,16.4,243.3,19.4,78.9,5.88,479.6,potato
47.3,29.1,169.4,23.3,79.1,5.82,602.2,potato
33.1,23.8,216.5,19.0,75.5,5.75,565.8,potato
67.5,22.6,227.0,21.2,75.6,5.57,590.7,potato
68.4,41.8,215.8,20.7,73.1,5.89,546.9,potato
72.4,27.7,229.6,21.0,75.8,5.58,476.7,potato
89.7,30.6,218.0,23.6,77.4,5.8,510.1,potato
54.1,38.9,141.2,21.4,78.6,5.48,596.1,potato
67.1,21.9,181.0,19.9,74.6,5.99,557.5,potato
49.6,28.0,209.6,20.5,75.3,5.62,608.3,potato
64.5,16.2,222.1,18.8,79.3,5.66,601.3,potato
65.7,29.0,225.7,20.8,73.1,6.04,533.7,potato
32.9,36.0,196.1,20.4,77.4,5.09,552.9,potato
81.6,28.0,190.9,19.3,75.5,5.72,483.1,potato
64.1,20.3,169.0,20.7,77.2,5.78,605.5,potato
68.4,33.4,196.1,18.0,76.2,5.88,569.7,potato
60.5,34.8,202.1,21.3,74.8,5.26,499.9,potato
77.7,30.7,181.5,21.2,73.6,5.61,563.7,potato
38.2,33.3,197.1,17.7,73.5,5.61,560.3,potato
50.8,23.3,241.6,20.1,74.3,5.68,508.4,potato
57.3,16.6,193.5,17.1,73.0,5.93,559.2,potato
79.6,12.9,200.3,20.6,69.7,5.4,688.8,potato
75.9,35.6,212.8,19.2,74.6,5.58,518.0,potato
65.6,37.2,181.5,19.6,77.0,5.86,562.9,potato
64.5,23.9,195.4,21.9,73.5,5.7,585.2,potato
47.2,33.5,196.9,17.5,74.4,5.53,515.5,potato
50.1,27.1,238.9,23.6,77.6,5.61,561.1,potato
59.3,17.0,199.7,19.9,75.6,5.63,572.3,potato
62.9,25.1,222.1,21.1,75.5,5.8,564.8,potato
55.8,26.2,205.0,20.2,76.2,5.64,538.2,potato
52.5,47.2,175.3,18.2,79.6,5.44,566.7,potato
66.4,12.4,205.6,22.1,75.2,5.62,538.6,potato
92.2,29.9,159.2,19.3,77.8,5.2,456.8,potato
47.0,19.0,224.5,22.2,73.2,5.27,512.5,potato
64.1,42.3,146.6,21.9,75.7,5.26,488.0,potato
82.1,18.5,250.0,18.3,77.1,5.45,586.4,potato
70.7,34.2,199.0,20.8,75.9,5.79,613.6,potato
84.8,30.0,217.3,18.5,73.3,5.52,546.1,potato
45.0,19.4,158.7,21.8,79.7,5.2,580.9,potato
52.4,29.0,145.2,20.2,79.9,5.84,558.0,potato
49.6,17.5,220.2,20.2,72.7,5.61,554.4,potato
53.9,23.2,173.8,21.7,73.9,5.51,575.5,potato
49.7,31.9,226.2,21.8,76.9,5.35,539.9,potato
65.4,12.4,172.2,18.0,75.8,5.5,565.2,potato
68.1,29.7,223.7,21.0,75.2,5.61,551.5,potato
54.0,20.1,248.0,20.2,73.6,5.43,530.6,potato
66.0,13.7,176.0,18.3,74.3,5.61,601.9,potato
51.2,6.0,190.0,17.9,72.7,5.93,531.0,potato
59.8,28.3,166.1,21.3,74.4,5.54,631.5,potato
46.0,27.7,198.7,19.6,75.1,5.62,547.5,potato
84.2,15.6,222.9,19.9,76.6,5.45,495.9,potato
70.9,24.8,242.0,16.8,73.6,5.17,437.1,potato
53.9,15.4,211.6,19.7,74.3,5.46,562.2,potato
64.7,24.6,234.7,19.5,82.1,5.56,545.0,potato
57.1,32.3,175.5,20.4,80.7,5.47,536.4,potato
58.6,17.0,188.3,21.3,77.5,5.86,526.0,potato
65.2,31.8,194.0,20.0,75.8,5.76,594.4,potato
74.9,34.6,177.1,20.3,73.9,5.86,551.4,potato
60.0,23.5,247.7,20.6,78.8,5.33,604.6,potato
40.5,37.1,157.0,16.3,78.6,5.55,497.6,potato
47.3,27.2,250.0,21.7,71.4,5.69,472.0,potato
24.7,30.1,214.5,19.7,75.8,5.85,631.4,potato
71.7,13.6,202.3,19.4,73.8,5.31,644.8,potato
79.0,15.2,223.3,22.2,74.4,5.58,574.9,potato
52.8,19.8,203.5,23.7,74.4,5.62,577.2,potato
84.5,25.5,203.3,21.1,70.1,5.13,630.5,potato
53.3,22.1,195.7,20.8,79.9,5.75,540.7,potato
66.1,36.5,231.8,18.7,75.3,5.4,634.5,potato
65.6,20.5,239.4,18.7,78.6,5.3,494.5,potato
80.4,28.8,210.5,18.2,76.5,5.82,510.2,potato
19.7,31.7,242.9,21.7,72.8,5.38,481.5,potato
85.4,37.4,182.4,20.9,75.2,5.66,569.0,potato
65.3,13.1,152.9,21.8,76.6,5.73,611.5,potato
52.9,28.0,213.6,21.3,71.5,5.21,495.0,potato
67.0,20.3,209.0,21.4,75.3,5.83,530.4,potato
45.3,25.9,187.1,16.7,73.5,5.97,550.0,potato
30.4,47.6,197.5,19.1,74.0,6.04,568.9,potato
75.0,25.4,169.0,19.9,77.5,5.71,565.1,potato
69.3,27.7,176.9,19.9,74.0,5.42,607.6,potato
53.9,30.6,184.0,19.6,75.0,5.79,540.9,potato
74.7,27.1,216.6,22.8,72.9,5.39,634.4,potato
41.3,24.2,162.3,18.9,74.1,5.71,543.4,potato
71.4,13.1,237.9,19.1,76.3,5.78,545.1,potato
65.4,29.4,177.1,18.9,75.7,5.58,521.4,potato
52.4,16.8,172.7,19.7,77.4,5.55,542.3,potato
79.2,17.4,141.6,17.7,79.0,5.8,514.8,potato
36.5,25.2,196.3,20.5,73.8,5.67,642.7,potato
49.1,29.1,181.0,16.5,72.2,5.31,498.1,potato
83.0,19.3,213.3,21.9,75.8,5.76,531.9,potato
83.4,15.4,217.9,18.4,72.4,5.73,636.1,potato
43.2,16.3,215.6,18.3,70.3,5.33,666.4,potato
50.9,28.1,193.7,23.0,75.6,5.65,607.8,potato
60.1,20.2,177.0,20.3,72.0,5.66,513.0,potato
42.1,23.5,159.1,20.9,79.7,5.94,572.7,potato
78.7,36.1,142.4,16.9,78.7,5.52,659.8,potato
83.8,38.5,242.7,21.4,76.0,6.29,525.4,potato
52.4,28.1,225.7,16.8,76.3,5.8,575.2,potato
80.7,20.1,167.3,16.1,72.7,5.79,534.2,potato
68.7,27.5,204.8,20.2,74.4,5.58,492.3,potato
48.5,16.9,158.3,22.7,74.0,5.59,563.5,potato
59.6,34.2,205.3,21.9,75.8,5.59,514.1,potato
73.8,23.1,158.1,18.5,77.1,5.75,521.8,potato
50.4,17.5,212.0,20.8,75.7,5.36,562.6,potato
65.3,30.4,183.8,20.7,77.4,5.97,547.8,potato
85.8,30.2,197.6,18.8,72.8,5.8,600.5,potato
75.3,27.9,208.7,17.8,77.5,5.61,558.2,potato
68.6,24.9,232.5,19.5,73.9,5.56,477.2,potato
62.4,22.0,167.7,20.5,73.0,5.52,524.8,potato
44.4,23.7,139.2,21.7,75.7,5.48,557.6,potato
56.6,15.7,245.2,21.3,74.3,5.74,514.8,potato
78.8,28.0,208.5,17.4,77.2,5.34,438.2,potato
78.1,19.1,215.2,19.1,74.1,5.46,508.7,potato
57.4,21.3,179.1,21.7,75.9,5.46,505.9,potato
41.0,23.0,188.8,20.3,77.3,5.42,489.3,potato
55.8,26.9,250.0,20.6,70.9,5.86,554.2,potato
77.4,21.8,194.9,22.1,71.6,5.36,560.5,potato
53.3,30.2,197.1,18.1,77.9,5.97,572.3,potato
61.5,22.2,205.3,21.5,72.9,5.93,549.8,potato
95.7,16.9,210.6,18.8,74.5,5.48,570.8,potato
91.0,22.9,194.5,20.1,74.2,5.36,498.7,potato
30.3,22.0,213.1,23.2,78.2,5.78,508.8,potato
55.4,40.7,172.8,20.1,73.5,5.5,551.9,potato
40.7,16.3,165.9,19.2,71.3,5.74,551.4,potato
72.5,23.7,199.1,17.3,76.3,5.85,613.4,potato
40.3,34.5,202.2,21.7,71.9,6.19,631.9,potato
75.5,27.8,179.7,20.3,77.5,5.74,648.2,potato
59.2,16.0,171.1,20.8,72.9,5.92,553.4,potato
47.8,25.7,190.1,20.9,76.2,5.75,602.5,potato
44.9,14.6,176.4,19.7,73.4,5.81,544.4,potato
59.3,21.7,192.7,21.5,70.5,5.78,567.0,potato
54.8,31.2,201.2,17.8,71.8,5.58,558.7,potato
78.6,15.9,174.8,21.2,74.7,5.76,490.2,potato
43.6,26.1,210.7,20.8,75.7,5.41,630.6,potato
67.9,10.8,236.0,19.6,77.8,5.58,496.0,potato
63.7,38.3,182.1,18.9,76.5,5.35,617.2,potato
58.1,39.7,221.6,22.8,78.4,5.68,569.3,potato
77.9,23.7,173.8,19.6,73.6,5.67,571.2,potato
42.0,34.4,195.7,18.4,73.0,5.35,553.7,potato
55.8,11.7,232.7,20.1,73.5,5.52,501.7,potato
51.4,29.8,217.8,20.0,77.3,5.83,560.1,potato
80.5,25.2,201.7,20.5,77.0,5.8,603.1,potato
25.8,29.8,153.5,21.4,76.2,5.53,541.1,potato
29.7,27.4,192.3,18.8,77.1,5.9,591.0,potato
72.5,22.3,250.0,21.6,71.7,5.65,623.8,potato
14.7,23.0,238.1,19.3,72.3,5.68,535.0,potato
39.7,38.9,213.0,17.7,77.8,5.92,469.1,potato
55.3,28.9,188.2,21.7,78.7,5.59,510.4,potato
78.6,44.1,172.4,17.5,74.2,5.49,556.6,potato
73.9,34.5,203.9,20.3,80.7,5.75,530.1,potato
49.1,21.9,234.8,19.7,76.9,5.47,625.9,potato
54.0,23.5,227.9,22.5,73.2,5.68,657.6,potato
53.4,10.3,169.4,19.9,73.7,5.81,615.8,potato
67.3,20.2,185.5,20.2,73.9,5.61,646.1,potato
69.2,30.2,240.1,20.1,70.5,5.51,528.2,potato
57.7,20.0,194.8,22.1,73.1,5.5,505.0,potato
67.8,30.8,193.2,18.5,72.6,5.44,589.2,potato
85.6,25.5,242.0,21.4,79.7,5.81,589.8,potato
66.2,15.8,186.4,22.4,73.3,5.54,542.9,potato
92.4,34.4,182.5,22.0,69.1,5.37,583.3,potato
88.7,21.1,191.1,17.5,76.3,6.07,487.5,potato
47.0,29.2,184.6,18.6,71.7,5.53,556.8,potato
66.8,38.9,239.5,19.4,79.1,6.1,575.5,potato
65.4,17.9,179.8,21.9,71.1,5.91,594.1,potato
48.6,21.3,155.6,21.0,74.7,5.51,424.4,potato
89.8,25.2,136.3,21.8,75.4,5.47,443.6,potato
82.1,26.5,224.6,20.9,77.5,5.78,495.4,potato
59.5,20.5,225.3,20.1,77.7,5.39,520.5,potato
52.0,21.8,159.6,18.4,75.1,5.97,529.6,potato
86.1,11.6,250.0,18.4,75.1,5.66,570.6,potato
64.8,42.2,180.6,22.0,76.0,5.5,533.7,potato
43.6,22.9,201.6,19.6,73.5,5.56,512.2,potato
88.5,25.2,228.1,19.3,74.6,5.64,435.0,potato
72.6,30.5,250.0,19.3,72.6,5.76,614.9,potato
87.6,23.8,200.7,19.0,77.9,5.66,620.7,potato
58.4,39.1,186.9,20.0,76.9,5.78,486.3,potato
54.9,27.7,162.2,17.1,77.5,5.78,645.1,potato
44.3,30.8,206.0,19.6,75.7,5.85,504.8,potato
34.8,13.4,184.9,21.1,76.8,5.5,537.9,potato
71.8,25.1,250.0,17.3,74.8,5.85,627.5,potato
33.8,36.2,123.3,24.9,72.7,5.95,619.6,potato
62.6,28.1,206.1,19.5,76.0,5.34,610.5,potato
82.8,23.7,185.3,19.3,77.9,5.62,592.8,potato
86.5,24.2,200.1,22.3,73.4,5.49,616.0,potato
96.3,20.6,191.5,19.6,80.4,5.66,616.1,potato
36.8,11.1,190.3,21.1,76.7,5.54,509.2,potato
57.5,17.6,207.2,20.7,75.4,5.69,481.9,potato
40.9,23.1,167.1,19.8,71.8,5.67,599.1,potato
77.7,31.4,223.5,18.5,73.6,5.96,549.8,potato
45.9,26.5,158.2,20.2,74.3,6.1,615.2,potato
60.5,13.9,185.9,18.0,75.5,5.83,468.5,potato
53.7,19.4,197.4,21.4,73.0,5.33,532.9,potato
41.6,40.1,177.8,20.8,75.5,5.75,535.9,potato
84.9,23.1,239.0,20.9,75.3,5.68,493.2,potato
19.9,24.5,230.6,20.5,70.5,5.75,642.6,potato
97.7,25.6,228.8,22.4,74.3,5.77,586.9,potato
71.7,31.6,222.2,19.3,77.3,5.52,603.5,potato
61.7,34.4,171.0,19.9,72.7,5.65,611.5,potato
40.8,35.1,212.8,20.4,75.3,5.73,525.4,potato
45.5,18.7,218.7,18.6,78.7,5.74,532.9,potato
55.3,18.2,247.6,21.2,74.3,5.82,568.1,potato
54.8,26.9,172.1,20.8,75.3,5.66,510.8,potato
50.8,5.0,195.3,21.5,71.0,5.6,549.7,potato
53.2,19.1,161.5,21.7,76.8,5.65,544.6,potato
67.1,17.8,204.3,21.5,74.3,5.22,586.5,potato
84.3,22.4,192.2,17.4,74.7,5.14,554.6,potato
57.9,9.7,192.9,20.9,75.9,5.41,547.5,potato
60.1,28.7,211.5,22.4,74.1,5.2,474.7,potato
73.2,24.3,204.9,19.0,71.9,5.92,442.8,potato
40.1,23.6,237.5,18.3,73.2,5.74,614.5,potato
59.9,32.8,191.1,18.4,72.3,5.46,587.5,potato
54.7,35.2,175.6,21.0,73.1,5.33,607.2,potato
75.5,20.2,127.9,21.7,79.4,6.13,536.9,potato
37.7,32.4,250.0,20.1,76.3,5.5,595.3,potato
57.5,29.5,191.5,18.9,81.5,5.61,591.3,potato
56.5,16.9,210.4,22.2,74.9,5.34,529.8,potato
80.6,46.4,153.9,17.2,72.8,6.03,599.0,potato
57.7,19.7,177.6,19.0,73.1,5.99,505.2,potato
66.4,11.1,157.5,19.1,70.9,5.67,576.6,potato
81.1,22.4,190.2,19.9,78.0,5.52,622.0,potato
41.3,27.8,228.0,20.2,73.5,5.57,592.0,potato
63.5,25.3,200.3,21.7,74.0,5.91,481.7,potato
42.0,35.6,173.1,20.9,73.6,5.84,564.3,potato
71.1,24.5,250.0,20.9,73.8,5.94,541.8,potato
80.8,29.9,247.2,21.6,69.3,5.67,509.7,potato
71.5,38.1,250.0,19.0,74.8,5.7,544.1,potato
69.8,26.1,172.6,22.8,74.1,5.7,583.5,potato
58.8,29.3,37.4,17.7,69.7,6.75,511.2,onion
69.3,53.4,19.1,17.7,68.7,6.73,446.2,onion
31.8,20.5,65.8,21.4,68.6,6.67,487.2,onion
65.5,15.0,59.8,17.2,69.9,6.75,497.4,onion
63.1,38.0,50.7,18.3,70.6,6.61,454.0,onion
32.7,42.4,31.9,18.1,70.5,6.7,432.1,onion
72.6,39.9,46.6,19.1,68.5,6.97,439.4,onion
75.0,47.1,40.9,20.0,68.5,6.81,474.6,onion
40.6,53.4,73.6,19.5,71.3,7.0,465.7,onion
56.9,35.2,20.3,19.5,69.2,6.66,516.0,onion
62.2,36.4,47.4,18.2,68.4,6.78,509.8,onion
83.6,39.2,35.2,19.2,71.3,6.86,459.5,onion
89.4,23.9,45.4,18.1,69.8,6.73,524.1,onion
53.9,45.9,52.8,18.4,68.8,6.63,464.6,onion
38.0,50.5,39.8,15.2,70.7,6.87,424.9,onion
56.0,36.2,34.1,19.9,68.3,6.69,439.5,onion
60.4,48.5,53.0,21.6,68.9,6.67,404.2,onion
77.2,53.0,49.5,20.5,67.8,6.44,495.1,onion
63.9,65.9,32.6,17.0,69.5,6.56,461.6,onion
56.7,55.3,62.1,20.9,68.1,6.94,438.1,onion
76.1,21.4,40.0,18.0,68.9,6.58,531.0,onion
43.2,32.0,43.5,20.8,69.5,6.94,529.9,onion
60.8,42.4,13.8,19.2,72.3,6.4,431.3,onion
38.2,27.1,63.4,20.9,70.1,6.81,444.1,onion
63.3,16.0,39.6,18.4,69.6,6.74,362.6,onion
81.1,66.3,23.0,17.0,70.6,6.82,484.2,onion
57.1,54.8,19.1,17.8,69.8,6.24,506.0,onion
51.5,35.0,17.5,18.9,71.1,6.8,395.5,onion
93.0,58.7,71.1,20.3,70.6,6.57,441.7,onion
57.9,50.0,30.7,22.5,68.9,7.13,448.6,onion
67.9,33.6,40.4,17.4,67.5,6.9,509.6,onion
100.5,37.5,38.0,18.8,70.9,6.6,484.9,onion
52.0,26.6,21.0,22.1,72.4,6.77,398.8,onion
52.3,56.1,80.1,17.9,70.8,6.8,486.6,onion
84.1,35.9,25.5,21.2,70.6,6.86,460.0,onion
87.6,31.7,26.6,20.6,68.6,6.88,491.9,onion
63.9,52.1,29.2,18.6,69.9,6.96,503.3,onion
29.7,34.6,35.7,16.2,68.3,6.83,460.8,onion
44.4,44.3,48.3,16.6,70.0,6.99,462.2,onion
61.1,36.2,71.8,18.5,68.6,7.11,454.2,onion
39.4,38.5,38.1,18.9,68.2,6.71,581.0,onion
48.7,57.3,23.4,17.7,69.5,6.73,477.2,onion
58.0,42.1,23.4,18.9,69.0,6.61,425.3,onion
39.1,40.9,65.5,17.7,68.7,6.96,433.7,onion
65.5,57.1,38.0,20.7,70.0,6.89,492.7,onion
35.7,40.9,51.5,20.3,72.4,6.72,461.4,onion
67.0,23.1,35.1,21.5,67.8,6.84,433.5,onion
61.7,23.5,68.5,18.0,69.5,6.67,509.3,onion
68.8,27.9,36.3,20.2,68.6,6.55,445.8,onion
62.9,49.5,42.5,15.4,70.7,6.72,497.6,onion
78.0,40.4,38.5,19.9,70.5,6.79,426.3,onion
59.7,37.8,35.1,17.5,67.1,6.85,537.1,onion
65.3,28.6,47.6,18.4,69.0,6.78,494.9,onion
62.0,39.1,60.9,19.2,68.5,6.6,441.7,onion
48.1,30.7,10.0,17.8,70.8,6.57,438.0,onion
82.6,36.0,56.6,19.5,71.1,7.1,514.2,onion
64.9,59.0,50.9,18.3,69.1,6.7,457.3,onion
78.4,36.8,47.0,17.1,70.7,6.92,431.5,onion
67.7,39.0,79.1,20.1,70.3,6.92,418.7,onion
59.1,55.3,21.0,22.0,69.8,6.88,475.4,onion
45.7,19.9,26.9,18.1,71.3,6.47,503.6,onion
60.4,54.3,24.4,16.2,70.3,6.72,497.5,onion
68.3,16.4,27.1,15.0,69.5,6.56,504.6,onion
48.1,61.4,49.4,14.1,72.0,6.64,485.8,onion
57.8,43.0,10.0,22.9,70.3,7.02,481.7,onion
42.3,33.4,48.3,21.7,69.9,6.92,491.3,onion
40.2,55.3,32.7,18.6,70.3,6.87,493.6,onion
71.0,50.8,46.5,18.6,69.6,6.79,450.0,onion
68.0,24.7,10.0,17.4,70.3,6.76,490.4,onion
78.9,44.2,37.3,20.7,70.5,6.59,469.5,onion
64.7,42.2,35.2,19.0,70.5,7.03,402.4,onion
63.5,44.8,28.4,20.5,69.5,6.82,526.3,onion
44.2,64.7,57.2,20.6,71.5,6.54,498.6,onion
28.5,39.7,63.4,17.0,69.4,6.43,511.2,onion
77.3,15.9,54.8,21.3,71.0,6.81,527.5,onion
50.9,47.8,48.4,16.4,70.9,6.92,437.0,onion
56.3,41.8,37.3,17.9,72.6,6.7,481.4,onion
89.6,41.4,14.4,19.9,69.7,6.59,536.2,onion
99.7,27.6,28.1,21.9,72.0,7.02,521.9,onion
42.2,29.5,35.6,17.6,70.2,6.66,453.3,onion
12.0,38.4,30.8,20.6,71.0,6.5,451.0,onion
46.5,23.7,10.0,16.9,69.1,6.56,433.4,onion
57.3,38.3,44.6,14.4,69.9,7.04,577.5,onion
31.0,55.6,55.9,19.7,69.5,6.81,423.1,onion
82.9,32.4,75.1,14.6,70.1,6.91,438.4,onion
63.8,64.0,43.7,18.4,70.7,6.81,465.7,onion
36.7,20.7,40.4,16.7,71.8,6.88,440.0,onion
84.7,46.0,55.0,19.6,67.9,6.54,446.7,onion
66.3,53.1,68.0,20.6,69.5,6.72,448.9,onion
77.8,46.9,49.2,20.0,72.4,6.71,509.2,onion
51.4,38.8,26.8,18.1,70.4,6.82,416.9,onion
70.7,57.5,71.1,16.9,68.3,6.64,455.0,onion
66.0,53.2,32.5,17.8,70.4,6.71,525.0,onion
48.5,32.9,44.7,17.5,69.2,6.97,457.9,onion
57.4,16.9,35.4,18.9,72.1,6.63,457.9,onion
58.9,37.1,33.8,16.1,67.6,6.58,436.8,onion
64.1,37.6,33.5,17.9,70.0,6.73,454.0,onion
61.2,38.1,39.0,19.9,70.0,6.97,500.1,onion
72.5,28.0,56.1,18.8,67.7,6.8,436.8,onion
55.5,43.0,57.9,15.5,72.1,6.82,451.7,onion
50.8,60.2,39.5,15.9,69.4,6.88,529.9,onion
61.4,49.7,33.7,16.1,71.6,6.97,494.6,onion
63.1,42.0,39.6,19.6,66.4,6.56,490.1,onion
89.2,17.1,54.4,18.7,70.4,6.31,525.3,onion
30.2,48.8,46.2,15.6,69.7,6.82,534.3,onion
47.8,34.7,58.1,19.6,70.2,6.71,514.6,onion
55.5,47.3,10.0,17.0,68.8,6.86,398.2,onion
67.9,54.3,39.9,13.0,71.3,6.43,486.0,onion
88.7,33.3,38.7,20.2,69.7,6.9,482.9,onion
81.3,49.5,55.7,16.7,69.8,6.97,481.5,onion
90.0,16.9,49.3,17.2,70.5,6.75,435.2,onion
35.4,57.5,80.5,19.6,68.8,6.69,443.3,onion
51.2,54.5,87.9,17.9,68.4,6.54,448.4,onion
65.2,41.2,33.3,17.2,68.5,6.83,437.4,onion
57.2,31.4,47.8,21.0,70.9,6.82,506.8,onion
55.4,29.5,50.9,19.3,68.0,6.81,498.6,onion
58.4,25.9,58.5,18.8,70.6,6.69,573.1,onion
46.0,33.4,41.9,19.1,68.7,6.9,488.8,onion
73.4,48.5,47.3,17.4,69.9,6.94,442.0,onion
72.6,38.9,29.2,17.6,67.8,6.83,521.7,onion
66.7,44.6,51.4,18.4,70.6,6.93,443.4,onion
73.9,21.0,41.0,20.1,68.1,6.8,442.6,onion
57.3,35.6,34.8,20.6,71.9,7.0,470.1,onion
59.7,64.5,10.1,18.7,68.3,6.32,426.1,onion
46.7,16.6,32.0,18.2,69.8,6.99,466.1,onion
58.8,35.6,23.9,17.3,70.3,6.53,382.0,onion
64.3,41.7,27.6,20.1,70.1,6.86,463.3,onion
58.1,47.8,25.2,16.5,68.8,6.9,481.6,onion
38.8,36.6,59.5,16.4,69.8,6.92,545.0,onion
65.3,53.3,27.6,15.6,70.3,6.6,569.8,onion
66.0,50.2,42.6,17.2,70.6,6.71,485.4,onion
78.6,33.8,43.9,17.2,72.2,6.81,474.1,onion
77.3,60.2,31.4,20.0,71.5,6.54,537.4,onion
42.2,57.7,27.1,16.9,70.2,6.68,474.0,onion
53.5,49.9,42.8,17.6,68.2,6.46,479.5,onion
62.5,48.1,74.9,14.7,71.0,6.79,532.9,onion
71.6,38.6,32.2,20.1,68.5,6.78,487.3,onion
28.2,34.5,39.1,19.5,71.1,6.67,433.8,onion
52.0,35.7,25.0,19.5,68.4,6.77,493.2,onion
61.0,36.2,42.1,18.4,72.3,6.56,605.5,onion
41.5,42.3,17.7,20.2,69.1,6.97,469.6,onion
49.2,30.0,21.1,16.6,69.2,6.4,506.0,onion
54.9,35.1,29.2,19.5,69.3,6.78,410.5,onion
62.5,53.4,49.0,16.3,70.8,6.67,448.5,onion
36.2,34.7,42.8,16.2,71.3,6.64,493.7,onion
65.4,63.9,39.7,19.6,67.5,6.51,453.3,onion
65.5,29.3,49.0,20.9,69.2,6.31,431.0,onion
68.9,31.1,49.7,17.6,72.2,6.32,559.2,onion
57.3,41.9,50.8,16.0,71.3,6.48,535.1,onion
39.5,39.7,57.3,18.5,69.9,6.86,507.8,onion
58.5,53.7,38.4,21.1,69.9,7.01,482.2,onion
85.8,41.3,37.5,18.6,68.4,6.93,429.0,onion
39.9,39.9,33.4,20.4,67.0,6.94,489.1,onion
81.1,58.4,62.9,17.3,71.1,6.76,477.0,onion
76.0,8.9,44.6,18.4,70.0,6.96,455.1,onion
72.7,32.2,39.9,14.2,69.3,6.59,474.2,onion
69.6,40.7,40.7,16.8,71.2,6.59,478.1,onion
63.0,48.9,48.1,17.9,70.8,6.72,507.2,onion
36.5,48.4,57.3,17.9,71.1,7.15,523.6,onion
52.8,36.5,71.0,20.3,68.3,7.04,464.5,onion
62.5,48.1,54.3,16.2,69.1,6.6,509.1,onion
65.2,37.5,10.0,20.5,68.6,6.69,445.6,onion
71.0,22.0,43.8,15.2,71.1,6.58,465.0,onion
70.9,21.7,28.4,19.0,68.7,6.46,494.5,onion
68.8,39.7,26.5,21.1,70.5,6.87,482.1,onion
52.0,34.9,62.3,23.4,70.4,6.83,462.8,onion
58.6,51.5,37.9,17.1,71.1,6.71,492.2,onion
40.2,33.9,33.5,14.7,68.8,6.79,537.7,onion
73.2,39.9,55.0,18.8,72.5,6.75,438.5,onion
67.8,47.0,38.9,14.6,69.3,6.65,445.6,onion
71.6,46.7,57.4,18.4,70.4,6.33,576.7,onion
75.7,58.6,38.2,19.6,71.1,6.77,437.3,onion
75.7,33.0,43.9,20.1,70.2,7.12,518.1,onion
79.0,37.4,25.2,20.1,70.8,6.8,555.0,onion
70.6,32.5,59.0,19.8,73.4,6.8,459.2,onion
56.2,46.6,16.8,18.5,69.9,6.51,469.8,onion
63.4,27.5,34.7,20.4,70.3,6.33,463.8,onion
73.3,17.6,39.2,15.6,69.8,6.7,438.3,onion
90.7,19.4,26.1,18.3,68.9,6.96,455.9,onion
57.7,40.2,35.2,16.7,71.6,6.85,463.3,onion
60.2,37.8,54.9,19.9,70.7,6.34,510.8,onion
78.5,20.5,20.6,18.9,69.4,6.93,498.2,onion
70.4,31.0,45.1,19.9,71.3,6.8,467.8,onion
63.1,24.5,24.7,19.1,71.3,6.39,446.3,onion
43.3,52.2,49.7,20.3,68.6,6.86,429.2,onion
41.3,33.7,33.1,17.1,67.6,6.84,515.8,onion
45.3,27.6,44.6,20.8,69.9,6.67,454.1,onion
71.5,35.5,18.4,18.5,69.7,6.71,506.8,onion
45.4,17.2,45.1,20.1,70.1,6.63,446.8,onion
83.8,64.7,35.9,12.3,71.3,6.58,529.1,onion
56.6,51.0,52.2,19.3,71.9,6.49,480.7,onion
70.5,39.3,40.8,18.4,70.3,6.77,533.0,onion
88.6,23.9,49.2,17.1,69.4,6.89,597.2,onion
59.3,34.1,33.1,18.5,68.9,6.61,549.8,onion
66.1,44.0,31.3,22.2,69.0,6.68,480.3,onion
79.2,46.9,42.0,15.5,69.9,6.63,472.9,onion
53.2,43.6,49.9,17.8,68.6,6.66,547.2,onion
54.0,42.1,25.3,16.0,70.6,6.63,446.5,onion
70.9,39.5,35.2,19.0,70.0,7.02,500.5,onion
66.0,67.1,43.7,21.7,69.7,6.67,447.4,onion
85.6,47.9,58.5,17.9,68.4,6.71,482.9,onion
65.0,15.3,14.3,20.4,72.4,6.42,445.5,onion
58.7,25.4,35.1,20.2,71.6,6.34,446.2,onion
41.9,41.9,27.9,21.3,70.6,6.45,549.7,onion
42.3,36.9,40.8,19.7,68.8,6.58,544.8,onion
60.6,41.0,39.1,18.5,70.5,6.74,512.4,onion
67.9,40.9,40.2,17.3,70.2,6.66,424.9,onion
81.8,42.4,32.1,20.3,72.2,6.34,416.5,onion
81.7,40.9,44.8,15.8,69.8,6.79,450.0,onion
69.4,29.0,32.4,19.1,69.8,6.73,461.4,onion
67.6,56.5,31.8,19.2,70.1,6.65,430.1,onion
79.5,37.9,59.6,19.9,69.5,6.75,483.4,onion
55.2,35.7,67.3,18.3,69.8,6.47,416.1,onion
38.6,46.3,45.4,21.5,71.5,6.68,478.6,onion
68.4,36.2,48.4,16.8,71.2,6.43,437.8,onion
59.1,43.9,53.7,20.3,68.6,7.02,438.6,onion
81.8,40.8,51.3,16.7,70.8,7.03,512.6,onion
33.1,38.4,59.8,18.6,68.6,6.71,481.1,onion
46.2,49.8,17.0,19.9,69.7,6.65,479.7,onion
63.1,64.1,40.8,15.6,70.3,6.76,512.7,onion
28.4,26.1,30.0,19.0,69.9,7.07,560.8,onion
93.6,58.8,33.9,19.6,69.3,6.93,548.9,onion
52.9,41.5,19.3,20.1,69.2,6.83,489.1,onion
67.9,40.5,49.8,15.3,70.4,6.54,463.1,onion
62.8,68.0,54.8,20.2,70.8,6.69,531.0,onion
85.6,45.7,21.0,18.6,69.3,6.53,468.7,onion
65.4,47.9,33.3,18.3,69.4,6.6,527.9,onion
58.2,48.9,33.6,17.4,68.6,6.65,494.2,onion
81.3,43.3,37.3,19.5,69.4,7.35,523.6,onion
34.3,41.3,42.0,17.5,70.3,6.48,544.2,onion
54.6,48.3,38.0,16.8,67.5,6.61,411.9,onion
39.2,33.6,76.0,20.5,70.6,6.93,500.2,onion
48.7,64.0,42.6,15.0,70.6,6.4,462.6,onion
45.1,33.7,17.6,17.4,69.3,7.07,483.8,onion
67.3,41.0,11.6,18.0,71.5,6.56,467.7,onion
62.2,5.0,11.4,17.2,72.1,6.85,443.1,onion
59.4,42.0,34.4,19.8,69.1,6.76,507.6,onion
48.1,40.6,45.3,20.0,68.8,6.53,521.1,onion
84.7,40.1,48.9,19.9,70.5,6.79,515.5,onion
58.6,35.8,28.9,19.1,69.8,7.0,467.8,onion
53.6,23.3,24.6,19.3,70.4,6.78,453.7,onion
52.3,35.4,31.2,16.9,70.6,7.15,433.2,onion
45.5,42.1,43.3,20.1,70.0,6.52,492.8,onion
63.7,28.5,30.9,18.5,68.5,6.81,502.7,onion
59.1,37.0,51.8,19.8,73.1,6.85,427.6,onion
62.0,30.9,43.9,17.7,71.8,6.66,459.6,onion
56.0,32.6,39.8,19.6,68.8,6.48,545.1,onion
56.4,44.2,25.5,19.5,69.4,6.34,569.4,onion
58.8,46.6,13.0,18.9,70.3,6.9,480.7,onion
54.8,34.5,53.3,16.7,68.7,6.75,460.8,onion
63.0,54.4,52.7,18.7,69.2,6.89,429.8,onion
60.5,33.4,36.1,17.8,71.9,6.42,534.8,onion
61.4,23.8,59.0,17.0,71.1,6.53,435.8,onion
61.0,58.1,26.5,18.6,70.2,6.7,506.1,onion
57.4,49.9,40.5,13.8,68.5,6.93,442.2,onion
76.6,52.5,37.6,18.5,71.9,6.78,481.8,onion
49.2,36.7,22.8,18.4,71.6,6.57,459.3,onion
72.0,65.0,44.7,17.4,70.8,6.67,522.3,onion
67.9,31.1,10.0,21.1,69.6,6.79,510.5,onion
73.2,25.8,48.2,17.0,69.1,6.43,385.1,onion
66.3,49.7,67.4,19.9,67.7,6.96,504.2,onion
59.1,34.0,40.2,20.0,70.8,6.47,425.7,onion
53.6,57.4,46.4,15.7,69.4,6.71,416.9,onion
87.1,42.7,56.7,19.2,68.3,6.75,459.1,onion
56.9,35.7,44.9,20.8,70.3,6.56,498.3,onion
46.3,30.5,35.9,15.9,70.5,6.62,452.6,onion
66.3,18.1,33.8,14.1,71.2,6.81,443.9,onion
51.2,33.3,61.2,18.3,71.4,6.93,494.3,onion
46.4,34.9,27.0,17.8,69.7,7.0,429.9,onion
37.3,30.9,33.5,20.3,71.2,7.04,487.0,onion
74.3,46.6,44.7,18.6,69.4,6.62,496.1,onion
47.7,32.4,26.6,14.6,70.2,6.72,525.3,onion
42.7,48.8,15.0,14.8,68.0,6.74,440.9,onion
47.2,46.9,67.0,20.7,68.7,6.73,509.9,onion
67.9,52.1,49.8,20.7,70.1,7.04,446.3,onion
46.5,35.8,41.5,18.6,68.5,6.61,472.1,onion
71.1,53.7,46.2,18.3,70.8,6.67,484.0,onion
83.0,48.5,63.6,17.5,70.6,6.87,514.4,onion
88.3,55.6,41.3,18.2,71.4,6.57,457.0,onion
64.3,41.9,59.6,20.7,68.4,6.6,502.6,onion
32.7,23.1,34.4,19.1,69.3,6.89,422.1,onion
57.9,32.2,52.6,20.2,70.6,6.75,466.0,onion
36.7,14.6,50.0,16.2,71.4,6.61,465.3,onion
77.7,24.8,55.9,19.8,68.4,6.72,460.7,onion
82.1,51.9,63.3,15.4,70.1,6.93,427.6,onion
74.0,47.4,60.9,18.8,71.5,7.01,449.1,onion
73.3,38.4,53.6,19.1,70.9,6.84,474.1,onion
41.9,28.5,42.5,20.1,69.1,6.98,483.9,onion
87.1,38.1,60.2,13.9,70.0,7.04,539.3,onion
73.2,38.1,48.2,16.6,69.4,6.88,493.1,onion
84.8,53.7,12.1,20.2,73.2,6.72,482.8,onion
67.4,56.5,33.8,21.2,70.1,6.82,519.7,onion
78.9,37.8,10.0,21.4,67.8,6.86,429.8,onion
61.1,31.1,44.6,15.8,70.0,6.99,493.2,onion
71.7,31.0,51.1,20.4,69.9,6.76,531.3,onion
88.7,34.4,33.7,18.1,70.0,6.77,471.9,onion
63.7,49.7,29.9,21.2,71.0,6.56,493.5,onion
77.1,41.5,46.8,19.7,69.2,6.94,466.5,onion
44.7,35.3,23.1,20.9,70.4,6.68,458.5,onion
70.2,36.0,50.5,19.3,68.3,6.89,442.8,onion
54.3,32.8,54.7,17.0,70.5,6.94,459.5,onion
65.5,32.9,47.5,19.6,71.5,7.12,481.2,onion
47.4,42.2,43.3,17.0,69.1,6.71,526.8,onion
55.7,23.3,60.9,19.9,70.1,6.64,480.0,onion
53.2,40.0,41.0,18.3,69.8,6.39,543.4,onion
53.9,47.3,52.9,19.7,69.6,6.58,482.2,onion
63.7,44.4,24.0,17.3,70.7,6.58,517.0,onion
85.8,45.7,54.3,16.0,69.4,7.03,494.7,onion
64.6,30.6,42.9,16.6,69.8,6.51,419.5,onion
39.5,42.0,13.9,18.2,70.4,6.67,501.6,onion
65.3,32.0,42.2,20.8,71.1,6.57,497.0,onion
35.3,61.0,42.4,16.7,68.3,6.72,471.5,onion
68.0,41.9,29.2,18.5,68.4,6.6,503.2,onion
49.8,39.1,12.1,19.7,70.6,6.82,487.6,onion
48.7,30.7,59.6,17.6,70.8,6.85,464.8,onion
57.7,36.2,32.4,18.0,71.0,6.74,479.8,onion
66.4,56.9,52.6,18.8,69.5,6.85,399.1,onion
64.9,35.5,27.0,19.2,69.4,6.84,476.2,onion
66.3,45.8,43.7,18.4,70.1,6.76,523.2,onion
83.6,41.9,40.8,18.4,71.3,6.67,453.8,onion
66.2,31.8,29.6,19.9,70.7,6.77,447.8,onion
58.3,40.8,47.5,15.1,69.4,6.62,455.9,onion
60.8,51.1,50.4,19.5,70.9,6.8,502.1,onion
52.4,38.5,33.6,15.8,67.7,6.41,467.8,onion
49.8,34.0,46.5,15.2,69.1,6.84,507.3,onion
67.2,28.7,23.3,17.9,70.3,6.48,482.1,onion
65.1,40.9,43.7,17.2,68.0,6.87,508.9,onion
58.8,49.6,47.4,18.0,69.5,6.45,503.4,onion
48.4,34.3,24.4,21.8,69.8,6.71,464.5,onion
51.4,33.2,55.5,14.3,70.0,6.87,450.8,onion
37.0,60.5,52.0,16.1,71.2,6.62,468.2,onion
53.4,51.4,19.1,20.0,70.8,6.28,471.3,onion
65.8,43.6,34.0,17.9,69.0,6.75,488.3,onion
61.7,44.1,53.2,17.0,70.4,6.8,491.5,onion
43.2,37.6,32.4,19.1,69.3,7.01,479.1,onion
57.3,49.0,53.2,15.2,69.7,6.76,489.7,onion
62.7,41.3,48.4,16.5,69.7,6.86,548.6,onion
51.5,48.6,48.8,20.9,69.7,6.73,507.4,onion
48.2,38.8,37.1,17.9,71.3,7.09,530.3,onion
58.7,40.7,47.8,23.3,71.6,6.94,475.4,onion
42.8,43.0,55.9,20.8,69.4,6.92,467.8,onion
57.4,29.2,57.1,19.3,68.7,6.97,451.4,onion
71.8,63.8,53.3,20.0,73.1,6.65,431.2,onion
38.8,58.5,40.9,19.0,72.6,6.91,415.3,onion
52.6,41.5,90.7,18.0,70.2,6.9,451.2,onion
82.0,54.1,65.7,19.4,68.8,6.5,515.2,onion
75.5,31.7,55.8,18.4,66.8,6.85,527.3,onion
53.2,33.1,27.1,18.2,69.7,7.05,471.7,onion
65.6,47.3,26.0,17.8,70.8,6.61,483.1,onion
58.0,40.4,68.0,18.6,70.1,6.65,471.5,onion
55.6,57.0,42.7,18.6,71.8,6.5,530.8,onion
55.8,11.6,40.7,18.3,71.3,6.74,506.3,onion
62.5,36.7,46.7,17.8,69.7,6.67,433.1,onion
76.0,57.8,43.8,18.8,69.3,7.08,528.1,onion
44.9,51.7,27.6,18.0,72.2,6.96,452.6,onion
58.0,40.5,56.0,19.1,71.8,6.79,509.4,onion
63.4,25.8,32.1,19.9,67.7,6.29,474.3,onion
67.6,10.9,34.0,18.1,70.2,6.88,561.5,onion
56.1,28.2,41.5,16.3,67.7,6.67,547.0,onion
65.7,53.3,15.3,18.4,70.6,6.79,481.8,onion
66.2,46.3,25.8,19.8,69.2,6.77,431.4,onion
39.4,23.2,44.7,21.5,69.1,6.51,457.6,onion
61.5,43.2,25.5,19.6,68.6,6.71,439.0,onion
67.5,28.4,49.2,18.2,68.5,6.74,540.3,onion
70.3,29.2,37.7,16.0,70.1,6.48,501.4,onion
29.0,57.0,18.0,19.7,69.3,6.96,434.8,onion
60.7,34.8,63.4,17.2,70.8,6.81,486.8,onion
75.3,44.3,42.7,19.9,69.5,6.31,524.0,onion
43.0,49.2,70.5,17.5,69.3,6.76,460.5,onion
66.8,59.2,52.2,17.4,69.9,6.81,408.6,onion
82.7,28.8,54.4,15.2,70.5,6.66,423.5,onion
76.1,43.0,68.6,17.3,69.0,6.85,485.9,onion
60.9,48.0,53.9,17.2,71.1,6.57,479.1,onion
49.1,37.9,57.2,20.6,70.4,6.5,438.8,onion
65.5,33.1,25.6,19.5,70.6,6.85,476.7,onion
68.5,18.3,30.5,18.1,70.8,7.04,441.9,onion
81.1,61.8,22.1,18.5,70.0,6.84,415.2,onion
58.8,47.4,60.3,18.3,69.1,6.77,470.7,onion
73.6,44.8,37.5,18.7,68.7,7.13,454.6,onion
41.6,43.2,60.2,21.5,67.9,6.8,468.3,onion
66.2,45.0,53.3,15.4,71.1,6.66,437.5,onion
74.0,39.5,35.6,17.3,70.5,6.46,368.7,onion
63.8,34.1,32.8,19.8,69.7,6.83,402.4,onion
71.3,45.9,47.9,21.3,69.2,7.0,513.0,onion
63.7,38.9,31.5,16.4,71.2,6.8,537.7,onion
65.8,51.3,46.1,19.5,70.2,6.77,441.9,onion
65.6,33.7,57.3,19.8,70.6,6.76,394.2,onion
58.7,39.9,37.0,19.0,69.3,6.92,444.0,onion
60.1,32.3,10.0,20.4,68.5,6.57,495.1,onion
26.5,30.7,51.9,17.1,69.5,6.89,463.4,onion
56.2,31.3,47.2,17.3,69.1,6.83,424.5,onion
77.6,54.8,35.7,19.2,70.1,6.51,422.4,onion
59.6,40.8,40.0,20.5,69.8,6.64,443.5,onion
88.8,35.8,38.8,18.3,71.6,6.37,480.3,onion
57.5,51.0,21.1,20.9,70.7,6.98,500.3,onion
63.1,36.2,35.1,19.3,71.4,6.88,498.4,onion
63.8,49.8,51.3,17.9,72.2,6.94,420.9,onion
37.0,26.1,38.6,16.7,71.6,6.62,501.5,onion
52.4,39.6,49.0,16.3,69.2,6.75,467.8,onion
58.8,44.3,42.8,16.7,68.9,6.75,486.7,onion
65.0,50.6,38.2,20.8,69.2,6.92,473.9,onion
70.8,28.7,34.1,16.1,69.2,6.53,568.5,onion
58.3,29.2,54.7,18.7,69.5,7.05,469.0,onion
60.6,39.7,42.3,17.2,68.9,6.79,470.5,onion
73.9,30.6,47.4,20.0,68.7,6.62,504.3,onion
57.8,35.1,52.5,20.0,69.5,6.9,406.6,onion
37.4,34.5,35.0,20.5,72.2,6.42,446.7,onion
51.2,48.2,40.5,18.0,69.1,6.71,452.7,onion
40.9,28.3,36.5,18.1,71.4,6.66,472.0,onion
46.8,37.6,10.0,19.4,72.1,6.89,511.7,onion
54.3,14.7,35.9,17.9,67.1,7.15,449.8,onion
78.4,38.2,46.9,21.5,70.1,6.77,554.5,onion
50.5,41.2,54.1,20.0,71.9,6.59,430.2,onion
60.1,30.3,31.0,19.7,70.4,6.95,472.9,onion
58.9,50.3,18.1,20.2,68.0,6.69,441.2,onion
27.7,50.5,51.9,19.1,69.0,6.77,523.0,onion
18.3,49.3,57.5,18.5,70.8,6.7,419.7,onion
67.8,28.7,16.1,21.0,67.6,6.67,421.8,onion
57.5,39.2,34.6,19.8,70.8,6.75,460.6,onion
52.5,62.4,45.6,17.7,70.6,6.98,429.1,onion
68.3,52.6,34.3,19.0,71.2,6.66,502.3,onion
46.4,39.2,45.0,18.5,69.4,6.68,443.0,onion
50.9,49.9,29.0,19.3,69.2,6.91,441.3,onion
79.6,36.3,45.2,19.2,66.7,6.91,506.3,onion
52.5,49.6,58.9,17.0,73.1,6.34,490.1,onion
58.3,22.9,36.2,16.0,69.3,6.63,448.4,onion
44.5,51.4,35.1,16.8,69.1,6.72,472.1,onion
72.1,36.6,29.2,18.5,70.0,6.75,468.9,onion
75.7,30.6,58.0,18.6,69.9,6.55,449.5,onion
35.3,70.0,31.0,18.4,69.0,6.38,510.7,onion
102.5,36.2,29.3,20.5,70.2,6.82,420.9,onion
48.7,45.9,41.6,19.1,70.5,6.74,436.5,onion
39.8,46.3,30.3,19.9,69.4,6.67,543.9,onion
75.2,48.5,49.0,19.1,69.1,6.66,523.6,onion
68.7,43.4,31.0,17.8,69.1,6.56,415.2,onion
89.7,33.4,50.0,17.7,69.6,6.64,494.8,onion
58.0,22.4,45.9,19.2,69.2,6.9,411.5,onion
69.2,37.0,23.2,17.4,73.4,6.82,493.2,onion
54.9,54.6,45.8,20.4,69.7,7.09,449.8,onion
78.7,40.6,60.1,17.5,69.1,6.92,489.2,onion
57.3,43.5,24.2,18.8,73.7,7.21,513.1,onion
56.0,33.7,46.0,20.0,69.0,6.97,491.2,onion
70.1,33.0,25.4,17.6,72.2,6.63,473.7,onion
52.1,35.4,17.7,18.4,71.0,6.84,586.9,onion
91.4,43.6,37.1,21.8,70.2,6.79,486.2,onion
57.1,43.5,52.3,21.8,67.9,6.46,469.6,onion
79.2,63.5,45.3,16.8,69.0,6.96,465.6,onion
68.6,43.4,10.0,21.9,70.3,6.55,446.1,onion
37.6,30.8,65.0,20.5,69.3,6.8,510.6,onion
68.4,48.7,47.0,16.4,68.3,6.81,475.4,onion
39.8,40.9,37.9,21.1,68.7,6.64,451.9,onion
68.6,17.3,39.8,19.4,70.0,6.98,407.7,onion
61.3,43.8,39.3,17.2,69.5,7.08,475.5,onion
80.6,46.0,37.7,19.4,71.0,6.68,466.0,onion
56.4,41.6,32.5,20.0,71.0,6.77,495.5,onion
76.9,36.8,52.5,20.3,70.7,7.02,536.2,onion
38.4,53.1,34.1,16.1,68.5,6.73,482.8,onion
52.0,39.8,62.6,20.2,67.7,6.66,471.9,onion
67.2,38.7,16.4,21.6,68.4,6.61,465.4,onion
54.2,34.5,48.2,17.6,70.4,6.76,529.6,onion
65.8,32.9,39.3,18.8,70.7,6.75,507.1,onion
42.5,42.7,65.4,21.0,69.7,6.79,475.4,onion
59.0,48.6,23.5,17.0,70.0,6.74,486.1,onion
61.7,29.5,42.4,19.8,67.8,6.82,477.9,onion
42.7,28.0,41.2,16.1,70.0,6.43,446.5,onion
61.7,31.6,67.4,19.3,68.8,6.78,437.8,onion
68.2,19.1,29.6,18.8,69.5,6.94,467.9,onion
58.8,60.4,40.4,17.7,70.8,6.55,474.5,onion
54.1,46.5,40.6,17.2,69.4,6.55,419.4,onion
61.6,29.1,33.9,17.6,71.0,6.68,400.4,onion
64.5,31.8,22.0,17.4,68.9,6.75,419.4,onion
50.1,53.5,32.4,17.8,68.8,6.75,507.5,onion
39.0,54.0,55.0,19.7,71.9,6.5,517.3,onion
47.6,42.2,44.7,17.4,70.1,6.47,340.1,onion
65.7,35.6,40.5,21.4,68.8,6.92,459.5,onion
66.3,21.6,23.9,17.8,72.1,6.61,503.8,onion
73.2,22.6,66.2,19.5,68.6,6.75,472.1,onion
74.4,35.6,51.4,19.6,70.0,7.08,499.7,onion
69.9,54.0,48.2,17.2,71.8,6.82,463.3,onion
60.8,53.3,68.7,17.0,70.6,6.86,544.2,onion
38.9,45.1,55.2,17.8,70.0,6.38,519.4,onion
56.0,38.5,64.5,19.6,73.2,6.85,507.0,onion
38.2,57.8,27.1,16.2,70.0,6.59,526.6,onion
39.8,34.9,60.9,18.6,72.5,6.77,434.4,onion
41.7,42.7,37.7,16.7,71.5,6.81,459.9,onion
57.9,52.9,29.2,18.6,70.3,6.73,514.4,onion
52.1,35.6,39.6,14.5,70.5,6.67,465.6,onion
64.7,46.0,11.1,16.1,66.7,6.85,502.6,onion
42.3,19.7,30.8,19.0,72.0,6.82,452.4,onion
55.0,39.7,58.2,20.0,70.2,6.77,523.0,onion
68.7,51.7,68.2,17.9,69.3,6.94,502.5,onion
63.6,42.9,45.0,13.8,70.6,6.83,506.4,onion
60.3,35.0,66.7,20.2,70.0,6.71,509.4,onion
64.4,55.2,35.0,16.2,70.9,6.65,506.2,onion
62.5,25.1,10.0,20.9,69.1,6.54,521.6,onion
70.5,39.5,35.0,17.6,69.4,6.82,565.6,onion
44.6,24.8,15.6,20.8,69.9,6.9,476.7,onion
39.4,35.7,53.5,19.5,71.0,6.76,468.2,onion
33.3,37.3,34.2,18.0,69.4,6.88,524.5,onion
79.5,41.9,51.7,15.9,69.2,6.61,521.3,onion
43.9,42.7,25.1,17.2,87.6,6.91,510.1,cabbage
43.3,36.7,45.6,22.3,85.3,6.8,436.5,cabbage
53.1,39.8,26.3,17.0,84.8,6.59,486.0,cabbage
50.6,47.1,17.8,20.0,86.0,6.52,564.9,cabbage
65.0,37.5,32.9,20.2,81.8,6.66,551.4,cabbage
38.1,46.2,22.3,20.3,85.7,6.61,599.4,cabbage
60.9,33.9,22.0,19.1,86.4,6.99,560.0,cabbage
52.6,33.5,19.3,23.3,85.8,6.79,535.5,cabbage
55.5,26.4,35.3,21.9,86.8,6.67,544.0,cabbage
38.1,54.6,25.3,17.9,85.1,7.03,570.1,cabbage
49.9,41.3,66.3,20.6,85.3,6.28,492.7,cabbage
43.1,34.3,47.0,16.5,84.4,6.39,549.9,cabbage
57.1,59.3,34.7,20.1,82.7,6.83,484.4,cabbage
66.8,12.5,36.4,21.9,86.0,6.83,577.2,cabbage
72.0,43.6,42.5,18.9,83.7,6.7,613.5,cabbage
67.3,30.8,36.4,21.8,84.3,6.51,563.0,cabbage
56.2,28.1,65.2,21.8,84.4,6.7,538.9,cabbage
62.5,40.3,42.6,19.1,83.7,6.85,589.2,cabbage
42.9,24.4,42.7,20.7,84.8,6.86,538.7,cabbage
51.4,52.0,55.5,16.7,87.3,7.04,465.9,cabbage
69.6,21.4,70.5,20.8,85.8,6.9,546.1,cabbage
75.0,52.2,18.4,24.0,85.6,7.13,454.5,cabbage
43.9,38.3,34.3,21.3,86.0,6.56,562.0,cabbage
59.3,22.9,47.7,19.7,84.7,6.63,526.0,cabbage
77.8,44.0,55.0,20.4,86.7,6.59,486.9,cabbage
76.1,45.4,19.8,20.3,86.2,7.11,578.3,cabbage
58.8,48.0,30.7,16.0,84.1,6.62,543.5,cabbage
62.7,39.4,47.9,21.5,85.0,7.1,551.7,cabbage
58.5,34.1,31.6,23.0,85.5,6.73,547.7,cabbage
75.3,54.9,22.1,22.8,83.1,6.77,522.3,cabbage
41.5,62.2,17.6,21.9,84.1,6.72,652.9,cabbage
59.2,68.7,36.2,19.3,84.1,6.56,589.2,cabbage
50.9,46.4,31.0,19.7,85.5,6.92,494.2,cabbage
62.7,55.7,38.5,16.8,87.6,6.53,572.9,cabbage
63.5,27.4,38.5,17.6,86.9,6.66,552.2,cabbage
70.0,48.8,35.6,20.6,84.5,6.83,556.3,cabbage
37.8,28.8,30.4,19.0,85.2,6.7,648.2,cabbage
81.1,31.2,43.5,20.7,85.0,6.48,532.2,cabbage
45.3,43.8,38.2,19.1,84.0,6.81,534.1,cabbage
53.3,55.8,34.6,21.1,84.6,6.82,586.4,cabbage
67.3,40.8,32.9,19.7,84.1,7.13,526.6,cabbage
45.6,46.5,44.3,21.9,85.2,7.16,522.7,cabbage
53.2,12.0,27.6,20.9,84.3,6.79,535.8,cabbage
59.3,66.0,58.4,19.5,85.2,6.61,496.1,cabbage
44.2,55.3,69.4,21.0,84.9,6.74,640.5,cabbage
58.4,68.3,66.0,21.5,81.6,7.19,621.2,cabbage
74.0,9.3,35.5,21.3,85.2,6.39,532.8,cabbage
51.0,40.9,53.1,22.6,83.1,6.5,586.0,cabbage
67.3,69.7,50.9,21.0,85.8,6.89,497.1,cabbage
78.6,35.2,25.3,21.6,86.1,6.65,643.8,cabbage
69.4,42.3,44.8,18.5,85.8,6.95,611.6,cabbage
68.2,32.2,71.9,21.0,83.4,6.66,519.9,cabbage
41.8,43.8,33.5,20.7,84.2,6.92,556.0,cabbage
46.0,50.6,45.6,20.2,83.6,6.44,574.3,cabbage
49.1,52.4,45.1,19.3,86.6,6.95,648.4,cabbage
42.8,51.5,38.9,18.8,83.7,6.62,544.8,cabbage
62.0,22.8,32.5,18.4,85.0,6.95,575.9,cabbage
58.1,53.8,16.6,18.1,86.4,6.46,578.2,cabbage
71.2,47.2,34.4,19.3,86.3,6.85,550.0,cabbage
58.2,36.0,32.0,22.7,81.5,6.41,516.5,cabbage
43.8,33.8,50.5,20.3,85.6,6.87,610.0,cabbage
83.7,33.6,27.7,20.2,85.8,6.78,573.9,cabbage
63.7,35.9,24.2,17.1,84.3,6.99,587.4,cabbage
64.0,29.8,47.8,21.4,85.3,6.86,547.3,cabbage
54.1,34.8,73.4,21.4,85.8,6.89,568.0,cabbage
51.0,25.0,44.3,22.2,85.9,6.57,547.6,cabbage
69.8,69.5,65.0,20.5,84.7,6.95,604.2,cabbage
93.7,46.1,27.7,22.5,83.9,6.8,591.8,cabbage
71.1,30.4,31.6,20.6,83.9,6.83,500.5,cabbage
61.2,18.9,24.9,17.6,82.6,6.69,543.5,cabbage
34.9,48.5,35.2,19.9,84.8,6.8,540.2,cabbage
62.1,42.0,34.9,19.0,84.7,6.85,456.8,cabbage
43.1,49.1,16.4,19.9,85.0,6.66,494.6,cabbage
51.8,32.7,22.0,20.9,84.3,6.94,579.4,cabbage
59.6,55.1,54.0,20.0,84.0,6.74,502.1,cabbage
51.7,31.6,38.8,20.9,84.5,6.75,542.7,cabbage
44.4,55.3,34.1,18.5,86.2,6.49,509.2,cabbage
46.4,60.1,34.1,22.3,85.1,6.89,491.6,cabbage
91.5,54.1,52.6,20.8,86.9,6.81,516.1,cabbage
62.2,29.2,37.7,18.4,84.6,6.75,554.2,cabbage
72.2,45.8,14.3,19.8,86.0,6.79,499.5,cabbage
67.1,30.0,10.0,18.6,86.0,6.45,632.7,cabbage
42.7,20.9,61.3,22.8,85.3,6.51,553.8,cabbage
59.2,31.8,41.5,17.3,83.8,6.52,630.8,cabbage
67.7,43.0,55.8,18.5,84.1,6.91,534.3,cabbage
49.3,41.8,55.3,20.4,84.9,6.62,558.9,cabbage
54.0,42.1,48.3,21.0,83.6,6.85,578.2,cabbage
52.2,39.3,42.5,18.1,85.3,6.94,557.9,cabbage
86.2,38.9,47.3,19.1,84.3,6.73,523.2,cabbage
59.2,38.1,36.5,20.1,85.0,6.89,534.6,cabbage
63.7,56.9,37.0,18.3,84.4,7.03,602.0,cabbage
68.7,57.6,25.4,18.8,84.3,6.99,602.2,cabbage
59.9,51.5,41.4,21.6,82.0,6.92,512.9,cabbage
58.7,41.9,10.0,20.0,85.1,6.66,624.9,cabbage
65.8,60.9,47.0,20.8,84.9,6.67,617.9,cabbage
60.6,16.8,29.1,20.4,83.7,6.75,530.5,cabbage
46.6,34.4,55.9,21.9,81.9,7.05,537.1,cabbage
53.0,38.5,22.3,18.8,85.3,6.9,451.5,cabbage
75.3,59.8,53.3,18.3,85.8,6.77,533.9,cabbage
35.7,33.4,10.0,17.4,86.1,6.73,535.8,cabbage
40.0,31.4,22.9,19.5,84.5,6.97,515.8,cabbage
42.0,42.4,23.2,21.8,85.5,6.81,606.6,cabbage
70.2,61.3,48.3,20.1,84.3,6.76,532.8,cabbage
63.6,38.0,44.5,23.8,87.2,6.83,560.0,cabbage
70.5,47.2,61.3,20.7,85.9,6.47,479.1,cabbage
42.4,42.5,39.3,18.6,86.4,6.55,500.6,cabbage
60.7,39.2,40.5,20.3,85.7,6.74,576.9,cabbage
68.4,28.1,18.8,17.7,86.3,6.87,587.8,cabbage
63.9,47.8,38.6,21.4,85.2,6.79,551.4,cabbage
42.5,50.6,56.8,16.8,85.7,6.51,584.4,cabbage
62.0,30.9,49.8,15.6,84.7,6.76,572.0,cabbage
47.3,41.4,62.6,18.9,86.2,6.59,587.4,cabbage
67.9,40.4,35.4,19.0,85.4,6.87,529.8,cabbage
62.7,65.2,28.9,20.6,87.3,6.72,390.0,cabbage
47.4,20.2,22.3,23.9,85.6,6.87,587.0,cabbage
68.6,40.5,49.1,21.8,82.9,6.74,503.2,cabbage
71.6,43.3,27.1,21.9,84.8,6.65,578.6,cabbage
77.0,21.0,65.1,22.2,85.8,6.68,563.1,cabbage
55.1,33.6,28.3,16.8,85.3,6.65,481.2,cabbage
53.7,49.3,12.5,20.5,86.1,6.77,547.6,cabbage
19.9,39.9,34.7,15.7,84.6,6.82,470.6,cabbage
41.7,41.6,62.4,20.2,88.3,6.76,454.6,cabbage
70.6,57.7,51.7,17.9,84.9,6.74,475.3,cabbage
69.1,55.1,48.4,17.7,84.0,6.9,496.4,cabbage
50.6,54.7,49.0,19.0,83.2,6.87,540.2,cabbage
54.2,36.9,55.0,23.2,85.5,6.72,571.0,cabbage
53.1,46.0,28.9,17.8,82.9,6.82,553.2,cabbage
52.8,33.2,58.6,19.6,85.2,7.04,581.6,cabbage
55.3,31.7,60.4,19.4,85.5,6.72,529.3,cabbage
81.9,38.0,27.1,19.7,84.6,6.82,521.9,cabbage
41.3,39.5,51.4,23.2,84.9,6.76,556.8,cabbage
60.6,48.6,46.4,22.0,85.2,6.98,532.1,cabbage
50.0,23.3,55.9,18.9,86.3,6.25,504.2,cabbage
63.0,58.0,30.4,22.3,88.5,7.01,513.8,cabbage
45.9,37.6,47.0,19.5,84.1,6.51,573.2,cabbage
50.1,60.0,53.0,19.4,85.6,6.99,468.0,cabbage
23.4,31.0,31.7,18.2,84.6,6.72,517.6,cabbage
66.4,35.5,31.2,23.2,84.0,6.67,561.3,cabbage
46.1,26.8,27.6,19.1,83.3,6.55,574.0,cabbage
50.0,15.0,42.2,21.5,85.3,6.79,601.8,cabbage
62.5,41.0,57.9,20.5,83.7,6.51,516.3,cabbage
72.6,54.9,23.4,18.7,85.0,6.65,535.6,cabbage
65.1,47.9,45.8,19.2,85.4,6.77,616.2,cabbage
60.0,58.6,44.9,20.4,86.7,6.7,550.5,cabbage
63.7,30.3,67.4,19.9,85.3,6.61,581.5,cabbage
43.6,72.6,18.2,20.4,84.5,6.89,503.1,cabbage
53.2,59.1,19.0,21.5,84.0,6.85,525.7,cabbage
34.0,42.8,56.3,20.9,85.4,6.85,536.2,cabbage
88.1,47.9,57.4,20.8,83.2,6.85,531.6,cabbage
36.3,47.8,58.9,21.6,85.1,6.91,530.3,cabbage
55.9,45.5,38.4,19.9,84.3,6.76,590.7,cabbage
28.5,54.5,22.7,17.2,87.4,6.86,514.1,cabbage
49.3,47.6,23.0,21.5,85.1,6.56,614.6,cabbage
44.4,5.0,28.3,19.0,84.2,7.02,575.6,cabbage
59.5,60.9,45.7,20.5,84.5,6.7,593.2,cabbage
39.2,46.7,13.3,19.2,85.0,6.36,652.6,cabbage
35.4,51.0,60.5,20.8,86.5,6.78,511.0,cabbage
95.3,50.7,76.0,17.9,85.6,6.88,509.9,cabbage
62.2,33.0,10.0,20.0,84.3,6.65,569.2,cabbage
48.5,44.0,64.9,18.9,85.1,6.76,603.8,cabbage
75.9,22.2,13.6,22.3,83.9,7.08,568.3,cabbage
65.1,38.3,75.6,17.6,86.1,6.91,525.3,cabbage
70.8,27.6,22.7,20.1,84.4,7.16,545.7,cabbage
76.0,50.7,62.4,17.2,83.1,6.53,545.2,cabbage
60.9,61.9,49.4,17.5,84.2,7.06,499.9,cabbage
63.9,40.2,69.0,19.8,82.8,6.36,578.7,cabbage
76.5,32.4,52.5,17.7,85.9,6.81,568.6,cabbage
50.6,27.2,31.5,20.9,84.4,6.53,608.3,cabbage
58.9,34.1,38.2,19.4,85.0,6.53,504.4,cabbage
75.3,55.3,32.3,20.7,84.0,6.63,529.1,cabbage
52.7,52.9,17.5,19.7,84.8,6.48,464.8,cabbage
64.2,61.7,25.1,18.5,82.9,6.91,505.1,cabbage
82.2,42.0,53.6,17.0,84.5,6.66,597.1,cabbage
60.8,45.6,10.0,19.0,84.5,6.88,513.7,cabbage
85.3,39.7,43.3,16.9,84.5,6.49,442.3,cabbage
66.2,15.6,33.6,18.2,86.9,7.08,494.0,cabbage
47.5,23.9,39.5,20.5,82.3,7.1,538.6,cabbage
27.1,36.5,32.9,22.0,83.4,6.47,575.7,cabbage
49.1,44.7,59.9,20.9,86.2,6.87,515.7,cabbage
72.0,50.6,46.1,18.4,84.7,6.68,539.3,cabbage
97.2,56.2,54.3,20.6,85.4,6.51,521.9,cabbage
43.0,40.7,35.8,20.7,82.9,6.51,570.5,cabbage
53.7,50.7,47.6,21.4,86.3,6.6,501.7,cabbage
47.4,35.1,22.5,17.9,85.1,6.35,603.2,cabbage
70.6,60.1,50.1,22.2,85.6,6.79,531.3,cabbage
20.6,34.5,37.8,22.9,85.2,6.81,585.1,cabbage
36.3,25.8,63.6,20.7,85.4,6.5,548.7,cabbage
46.9,48.1,33.4,17.9,85.1,6.45,510.6,cabbage
59.9,25.3,31.3,22.8,84.6,6.67,465.1,cabbage
60.7,47.4,51.5,21.3,83.7,7.14,536.5,cabbage
65.6,38.0,55.4,19.9,85.2,6.62,510.5,cabbage
71.0,45.0,50.0,18.1,85.8,6.71,585.9,cabbage
56.8,50.1,49.5,21.0,84.3,6.64,552.5,cabbage
58.4,34.1,45.0,21.7,84.7,7.12,605.3,cabbage
62.1,49.6,36.0,20.8,84.8,6.67,512.9,cabbage
52.9,44.8,46.8,21.0,86.1,6.66,480.6,cabbage
67.3,30.1,30.4,19.8,84.4,6.77,505.6,cabbage
55.6,50.2,30.8,20.4,85.2,6.26,545.8,cabbage
59.2,36.0,52.7,20.8,83.0,6.83,489.6,cabbage
67.0,36.3,57.1,19.5,84.1,6.57,518.4,cabbage
40.6,20.1,51.3,15.1,85.4,6.73,596.1,cabbage
51.2,36.0,37.4,20.4,84.9,6.91,561.2,cabbage
38.2,48.2,38.5,19.6,83.4,6.38,616.8,cabbage
71.9,70.2,22.3,17.3,84.6,6.85,555.0,cabbage
40.9,44.1,65.7,16.9,86.2,6.51,579.5,cabbage
58.3,57.6,29.4,18.5,82.6,6.71,554.4,cabbage
86.9,63.5,46.0,21.1,85.1,7.14,511.4,cabbage
49.3,31.0,31.1,19.6,85.6,6.82,564.2,cabbage
48.2,34.3,37.6,21.8,89.0,6.83,609.0,cabbage
37.9,47.1,29.4,22.5,83.3,6.74,586.6,cabbage
49.6,38.1,32.8,19.0,85.9,6.98,456.1,cabbage
20.4,46.0,44.2,19.6,83.6,7.01,509.0,cabbage
65.3,31.5,23.1,22.8,84.5,6.6,538.2,cabbage
57.1,46.6,42.2,18.8,83.7,6.77,502.7,cabbage
71.1,51.8,52.6,18.0,83.7,6.89,443.9,cabbage
90.0,32.5,30.2,21.8,87.3,6.81,570.3,cabbage
58.5,32.7,34.1,19.7,84.6,6.85,548.1,cabbage
66.5,47.7,53.9,22.0,82.9,7.03,565.9,cabbage
49.5,44.5,64.5,21.6,83.7,7.2,504.0,cabbage
67.4,39.0,32.1,19.3,86.2,6.79,532.0,cabbage
45.5,64.5,44.8,19.4,84.6,6.83,609.7,cabbage
37.3,32.6,28.0,20.6,84.4,6.97,596.3,cabbage
41.5,40.5,38.8,16.9,84.9,6.55,523.6,cabbage
61.3,33.3,39.4,19.6,84.5,6.63,486.7,cabbage
54.1,40.3,33.3,17.8,85.7,6.89,480.2,cabbage
48.4,41.9,24.3,21.8,84.4,6.93,539.8,cabbage
64.3,63.3,53.3,21.1,83.4,6.48,590.8,cabbage
73.8,32.4,36.3,19.6,83.5,6.88,507.3,cabbage
42.7,29.1,59.0,20.1,85.1,6.57,640.6,cabbage
65.2,44.2,45.2,20.9,81.3,6.59,532.7,cabbage
48.5,52.8,45.1,17.8,83.8,6.75,558.9,cabbage
75.8,43.0,35.2,19.8,84.5,6.48,619.0,cabbage
68.5,43.0,27.6,18.9,86.0,6.61,575.5,cabbage
82.6,41.6,13.8,20.0,86.6,6.63,522.7,cabbage
62.5,31.2,33.7,16.4,86.7,6.98,539.6,cabbage
69.7,51.3,10.0,20.3,85.7,6.93,604.4,cabbage
38.3,28.7,38.5,18.5,83.5,6.75,494.8,cabbage
71.9,30.3,44.1,17.3,85.8,6.52,525.7,cabbage
51.8,46.7,52.7,18.2,84.6,6.84,572.7,cabbage
63.0,47.5,63.5,20.2,84.7,6.51,526.0,cabbage
78.3,31.5,53.2,22.2,85.3,6.73,501.1,cabbage
46.4,36.9,61.4,18.4,83.9,6.38,544.7,cabbage
53.1,35.9,34.8,18.2,83.2,6.97,519.7,cabbage
22.5,46.5,45.1,16.7,83.8,6.87,476.7,cabbage
51.7,73.1,44.9,17.0,86.5,6.55,534.2,cabbage
27.7,13.2,25.0,19.6,85.5,6.88,526.1,cabbage
58.9,29.8,32.0,19.7,82.9,6.71,553.8,cabbage
74.3,23.6,14.3,18.8,85.0,6.54,573.2,cabbage
73.4,60.6,39.7,19.6,85.1,6.53,537.5,cabbage
47.1,32.1,31.6,20.5,84.5,6.62,444.2,cabbage
65.0,44.0,54.7,17.6,83.7,6.9,525.6,cabbage
29.6,31.7,54.3,18.6,86.3,6.58,563.5,cabbage
44.3,22.2,33.4,18.4,84.0,6.71,526.7,cabbage
49.0,48.6,33.6,19.5,85.1,6.53,605.8,cabbage
65.4,26.2,66.8,18.2,84.0,6.84,554.1,cabbage
75.6,40.7,37.8,19.8,85.5,6.26,416.8,cabbage
60.5,5.0,47.6,19.9,84.3,6.73,575.1,cabbage
58.1,38.9,28.9,21.1,85.4,7.03,568.4,cabbage
57.6,37.7,35.3,16.7,84.2,6.37,568.6,cabbage
77.4,32.3,45.2,20.1,86.1,6.82,467.7,cabbage
42.2,33.7,38.7,16.7,83.2,6.78,504.1,cabbage
83.6,26.6,33.1,19.2,87.0,6.76,479.9,cabbage
47.8,38.9,56.7,20.0,87.0,6.65,622.4,cabbage
74.8,47.5,60.3,20.1,86.4,6.93,561.7,cabbage
76.6,35.8,47.1,18.0,86.3,6.72,662.5,cabbage
53.4,48.8,39.7,21.0,84.4,6.92,593.1,cabbage
78.2,25.4,50.4,17.0,86.1,6.69,513.2,cabbage
44.9,32.4,37.9,19.9,83.5,6.79,537.7,cabbage
54.6,39.9,31.8,19.4,81.8,6.72,601.4,cabbage
60.8,24.8,33.6,21.7,85.2,6.92,537.1,cabbage
90.2,44.5,42.4,19.8,84.1,6.74,467.7,cabbage
41.0,43.1,67.3,22.8,85.9,6.67,579.4,cabbage
47.7,42.6,32.9,22.5,84.1,6.46,582.9,cabbage
74.9,46.5,27.5,21.7,84.8,6.61,475.5,cabbage
30.3,38.6,38.8,21.4,82.8,6.58,468.9,cabbage
48.0,25.4,30.8,19.3,84.1,6.51,576.9,cabbage
76.1,31.8,73.2,21.0,84.6,6.93,462.2,cabbage
102.0,62.1,52.7,18.2,83.5,6.83,538.6,cabbage
61.2,41.7,55.8,19.0,86.4,6.89,541.6,cabbage
52.0,55.3,35.7,22.2,85.3,6.86,475.0,cabbage
84.9,48.9,33.1,22.2,85.3,6.79,531.6,cabbage
58.8,56.4,59.9,19.5,85.0,6.57,536.2,cabbage
41.0,44.2,39.4,17.4,84.3,6.42,463.8,cabbage
75.2,44.9,39.4,17.1,84.5,6.65,608.5,cabbage
42.4,53.7,63.3,19.2,84.5,6.71,578.5,cabbage
53.3,53.8,33.6,20.4,86.2,6.86,525.7,cabbage
42.4,35.2,57.9,17.9,86.4,6.77,546.7,cabbage
75.2,23.2,54.1,20.5,84.8,6.95,549.1,cabbage
67.0,26.6,55.3,20.9,84.9,6.96,629.6,cabbage
52.8,48.7,23.6,21.3,85.4,7.15,517.5,cabbage
85.5,28.9,37.8,19.0,85.3,6.71,590.5,cabbage
58.3,31.8,35.3,20.8,85.6,6.95,506.4,cabbage
35.0,53.3,33.4,15.5,85.3,6.72,600.3,cabbage
76.2,49.2,44.7,20.9,83.0,6.99,549.4,cabbage
62.0,26.8,10.0,18.0,87.8,6.77,593.4,cabbage
66.5,25.4,41.7,19.4,86.7,6.74,624.1,cabbage
74.9,63.6,37.5,19.1,84.7,6.7,552.7,cabbage
55.3,48.6,56.8,22.4,84.9,6.51,487.9,cabbage
63.9,32.9,29.7,18.7,86.5,6.95,572.9,cabbage
63.4,42.2,12.4,18.6,84.0,6.88,548.4,cabbage
56.9,44.6,25.4,20.0,87.7,6.51,527.0,cabbage
92.2,56.7,34.5,23.2,83.9,6.64,647.4,cabbage
68.8,28.8,23.0,20.7,87.7,6.76,480.7,cabbage
64.6,59.6,30.4,20.8,84.3,6.57,645.8,cabbage
76.4,46.3,40.2,19.6,86.2,6.7,591.9,cabbage
65.2,56.5,40.8,21.5,83.7,7.03,588.2,cabbage
67.0,39.7,55.1,20.4,85.7,7.04,569.9,cabbage
73.2,15.4,28.9,20.7,85.4,6.98,697.8,cabbage
43.4,42.9,68.8,19.3,84.5,6.49,475.0,cabbage
36.9,31.6,28.1,17.7,84.3,6.72,489.2,cabbage
49.4,40.6,25.4,20.5,84.8,6.68,571.3,cabbage
54.0,48.1,65.8,22.6,84.2,6.91,475.1,cabbage
66.6,54.5,28.2,21.4,83.6,6.71,489.9,cabbage
58.4,41.8,53.7,19.2,84.7,7.03,537.5,cabbage
58.3,33.2,72.8,22.7,86.6,7.09,548.2,cabbage
76.6,18.4,56.1,21.9,85.8,6.55,550.6,cabbage
70.7,23.3,21.5,18.8,82.5,6.66,467.3,cabbage
74.8,48.3,33.7,19.2,86.2,6.78,590.4,cabbage
62.1,54.6,43.2,21.5,85.6,6.53,485.8,cabbage
69.8,34.0,36.9,20.0,85.8,7.15,561.3,cabbage
38.9,41.2,32.4,18.5,82.0,6.66,488.0,cabbage
70.6,43.1,36.6,18.2,84.6,6.42,444.8,cabbage
52.2,33.9,40.6,22.4,85.5,6.88,550.5,cabbage
91.3,26.8,63.0,17.8,85.2,6.71,639.3,cabbage
54.9,52.0,45.9,21.4,84.8,6.76,605.9,cabbage
81.6,49.7,52.1,19.1,85.0,6.69,524.4,cabbage
62.6,30.3,26.7,20.4,85.9,6.36,508.7,cabbage
57.4,38.8,19.1,19.2,85.0,6.9,545.8,cabbage
74.0,23.1,46.0,17.9,85.8,6.7,564.4,cabbage
66.6,44.4,35.6,18.6,84.0,6.73,503.5,cabbage
50.8,35.3,58.7,21.1,84.9,6.77,634.3,cabbage
53.3,24.3,50.3,22.1,85.6,6.92,539.9,cabbage
64.3,26.2,16.1,21.5,84.5,7.04,587.5,cabbage
66.1,28.3,10.0,19.5,84.6,7.12,561.2,cabbage
85.8,23.7,34.8,20.4,87.3,6.71,599.4,cabbage
41.4,61.1,34.4,18.3,83.4,6.83,589.6,cabbage
72.8,47.9,56.3,20.6,83.1,6.6,460.6,cabbage
51.9,38.6,49.9,17.5,84.3,6.6,575.3,cabbage
70.5,37.4,48.7,21.9,85.8,7.09,576.1,cabbage
55.6,49.2,59.3,22.8,84.5,7.02,506.5,cabbage
29.7,33.9,51.9,17.9,86.5,6.73,529.6,cabbage
73.5,57.1,51.5,22.1,85.6,6.68,552.5,cabbage
72.0,44.4,61.3,19.8,86.2,6.76,571.7,cabbage
57.9,23.8,43.5,21.2,86.8,6.84,525.1,cabbage
63.5,48.1,32.1,23.1,81.6,6.89,413.5,cabbage
53.4,8.4,12.9,16.4,87.0,6.67,508.4,cabbage
38.0,36.9,31.4,21.9,86.2,6.61,537.0,cabbage
46.0,61.7,46.9,18.6,84.8,6.66,509.6,cabbage
44.5,21.6,10.0,20.3,85.8,6.85,546.7,cabbage
73.7,39.2,20.1,23.0,85.7,6.79,527.7,cabbage
42.0,36.1,32.6,18.3,83.0,6.59,532.5,cabbage
29.3,41.9,30.0,20.2,84.7,6.47,592.7,cabbage
44.8,39.0,22.9,19.7,86.8,6.42,566.5,cabbage
42.8,53.0,29.6,17.5,83.7,6.5,615.5,cabbage
72.1,30.7,32.0,17.7,84.9,6.92,508.0,cabbage
53.1,24.1,27.1,23.5,84.7,6.32,599.8,cabbage
40.8,37.9,32.5,18.4,85.1,6.61,538.4,cabbage
56.7,39.8,42.2,16.8,84.1,6.7,580.4,cabbage
72.2,55.9,25.9,17.8,84.6,6.95,565.6,cabbage
66.9,26.9,54.3,22.1,85.9,6.88,554.7,cabbage
38.6,50.2,17.8,20.6,84.4,6.52,476.3,cabbage
76.9,49.3,42.2,17.8,84.4,6.87,648.9,cabbage
56.1,38.3,68.2,19.9,84.7,6.88,576.9,cabbage
64.4,25.0,42.4,19.2,85.5,6.84,551.0,cabbage
45.0,28.0,44.9,20.4,85.9,6.98,607.0,cabbage
65.4,38.6,33.5,21.9,84.1,6.45,540.0,cabbage
92.9,34.7,26.9,21.5,85.0,6.92,545.7,cabbage
55.7,58.7,57.9,18.4,83.6,6.68,573.8,cabbage
47.5,35.3,25.3,17.4,83.5,6.78,629.2,cabbage
38.8,34.7,47.8,22.8,85.3,6.55,543.0,cabbage
68.0,41.2,54.2,19.8,85.2,6.75,598.7,cabbage
72.4,61.0,31.9,20.9,85.9,7.01,595.5,cabbage
74.1,60.2,52.0,21.4,86.2,6.76,481.0,cabbage
70.0,33.9,26.1,19.3,85.7,6.7,495.6,cabbage
87.0,38.3,10.0,19.6,85.2,6.6,575.0,cabbage
57.2,60.0,47.0,21.6,84.8,6.71,549.4,cabbage
74.8,43.3,55.0,20.4,87.2,6.91,536.9,cabbage
63.1,55.2,57.9,20.7,85.5,7.14,531.4,cabbage
85.9,32.2,41.7,20.9,82.3,6.41,632.8,cabbage
69.2,40.7,62.4,22.9,87.1,6.68,560.0,cabbage
50.3,31.7,56.8,19.6,84.4,6.67,501.8,cabbage
28.9,44.6,29.8,22.3,84.2,6.64,569.6,cabbage
67.0,61.6,19.4,22.5,84.3,6.73,481.1,cabbage
58.5,37.9,41.7,19.5,86.0,6.63,478.6,cabbage
72.2,40.7,24.4,19.7,85.1,6.6,501.4,cabbage
47.5,49.7,56.6,24.0,88.1,6.69,632.9,cabbage
50.1,23.6,36.1,20.3,83.8,6.83,444.8,cabbage
68.2,44.5,53.5,14.6,84.5,6.81,519.8,cabbage
39.6,46.9,18.8,19.7,85.1,6.59,477.2,cabbage
77.1,47.1,27.6,21.1,84.6,6.64,485.4,cabbage
79.7,54.9,42.7,19.7,86.9,6.49,616.5,cabbage
57.4,45.2,46.9,19.8,83.4,6.81,522.5,cabbage
65.9,59.0,33.6,24.2,85.7,6.35,609.8,cabbage
82.6,30.0,31.5,23.7,85.4,6.56,577.2,cabbage
71.1,47.8,34.5,16.9,85.7,6.75,594.8,cabbage
62.4,38.1,34.0,18.7,84.8,6.5,464.2,cabbage
48.9,41.5,26.3,21.7,82.7,6.71,500.7,cabbage
59.3,25.8,25.7,20.7,83.8,6.87,501.4,cabbage
46.2,47.8,24.7,19.4,84.6,6.7,492.9,cabbage
60.5,49.1,10.0,22.1,84.2,6.85,539.1,cabbage
80.2,17.7,64.2,20.9,85.0,6.73,524.0,cabbage
51.6,47.6,39.9,21.2,83.2,6.44,557.6,cabbage
81.8,25.0,34.7,21.0,85.1,6.96,476.8,cabbage
43.3,45.1,44.4,19.4,86.1,7.29,518.7,cabbage
38.4,27.2,28.8,20.5,85.5,6.35,616.6,cabbage
28.2,21.4,54.9,19.8,82.7,6.45,539.3,cabbage
69.1,45.7,36.2,19.5,82.6,6.56,502.4,cabbage
49.9,59.5,58.1,19.6,84.0,6.85,461.4,cabbage
61.1,42.2,42.2,19.2,87.8,6.91,536.7,cabbage
70.9,38.4,51.6,20.0,84.5,6.48,496.5,cabbage
52.4,35.2,18.4,17.9,86.6,6.45,621.1,cabbage
71.6,30.5,29.7,19.6,84.4,6.43,577.9,cabbage
74.5,50.8,32.4,22.8,84.0,6.53,569.8,cabbage
43.5,40.3,46.9,17.9,85.7,6.68,569.3,cabbage
53.7,26.3,39.0,19.2,85.5,6.96,563.1,cabbage
54.3,37.5,36.3,22.8,82.1,6.73,461.8,cabbage
52.1,30.2,10.0,21.7,86.0,6.29,547.9,cabbage
61.6,52.2,49.6,20.2,84.4,6.73,545.0,cabbage
77.6,62.4,30.5,20.5,84.1,6.5,665.4,cabbage
50.5,62.2,69.4,22.3,85.7,6.87,523.3,cabbage
60.4,20.2,50.0,18.3,86.1,6.4,560.1,cabbage
67.8,39.5,57.9,20.1,83.0,6.64,531.3,cabbage
45.5,24.9,57.7,21.9,84.3,6.81,604.3,cabbage
57.2,67.7,25.1,18.0,85.1,6.7,485.3,cabbage
56.6,41.4,18.5,20.8,86.3,6.6,554.3,cabbage
56.8,53.8,37.8,17.0,86.7,6.68,549.0,cabbage
65.9,57.9,38.3,21.3,84.3,6.72,683.3,cabbage
50.9,76.8,16.9,21.2,84.9,6.67,567.4,cabbage
46.9,27.7,35.7,17.6,85.3,6.83,562.2,cabbage
37.1,24.6,53.7,21.5,85.2,6.65,499.1,cabbage
67.2,30.4,34.3,19.0,85.0,6.49,612.2,cabbage
42.1,34.3,27.1,21.9,84.4,6.55,485.5,cabbage
69.6,30.9,67.4,19.5,84.1,6.47,581.9,cabbage
25.8,43.5,38.8,19.3,82.1,6.53,543.2,cabbage
61.3,46.9,28.1,21.1,86.2,6.71,590.4,cabbage
65.1,26.5,30.0,18.4,82.7,6.84,627.0,cabbage
62.8,47.9,49.2,19.4,85.4,6.74,560.8,cabbage
66.4,42.0,27.0,22.6,85.0,6.87,602.2,cabbage
57.6,35.0,49.8,20.3,86.3,6.82,446.7,cabbage
47.9,45.9,45.9,23.1,87.4,6.9,568.8,cabbage
55.8,43.2,46.5,18.7,84.5,6.77,529.6,cabbage
49.6,35.3,49.0,22.1,84.1,7.15,577.5,cabbage
34.4,40.1,48.2,24.8,84.2,6.44,570.1,cabbage
69.5,31.0,59.7,17.6,83.4,6.58,561.1,cabbage
97.0,40.2,30.5,19.0,87.8,6.61,605.5,cabbage
79.6,24.4,42.8,19.5,86.8,7.0,529.8,cabbage
52.5,18.9,53.3,17.4,84.4,6.84,600.6,cabbage
48.9,46.2,32.6,21.6,82.4,6.89,557.0,cabbage
67.6,66.0,38.9,19.4,84.0,6.72,574.9,cabbage
58.0,46.1,28.3,21.4,87.1,6.6,491.4,cabbage
68.7,48.5,78.0,21.8,86.0,6.95,516.9,cabbage
94.9,38.0,26.3,20.7,85.4,6.99,555.5,cabbage
58.4,39.4,15.2,21.9,85.3,6.81,481.8,cabbage
55.3,16.1,65.4,18.6,82.4,6.73,596.9,cabbage
56.5,35.7,37.2,18.3,84.4,6.59,577.4,cabbage
59.1,29.3,63.6,18.7,86.3,6.75,499.3,cabbage
73.7,52.5,53.8,19.9,85.3,6.61,455.2,cabbage
44.4,41.1,68.0,19.2,85.3,6.92,544.4,cabbage
36.9,39.3,65.1,19.1,88.3,6.7,548.7,cabbage
72.2,32.6,47.4,21.8,85.5,6.72,501.0,cabbage
36.7,31.4,34.1,23.2,85.7,7.0,419.4,cabbage
82.3,55.6,54.9,18.8,84.5,6.91,509.7,cabbage
66.4,37.4,39.3,23.1,85.2,7.02,651.6,cabbage
52.7,17.8,45.4,21.7,85.7,6.68,623.3,cabbage
37.7,36.1,61.1,20.5,85.6,6.84,497.8,cabbage
70.3,51.2,59.0,18.9,85.2,6.75,550.9,cabbage
49.2,41.7,30.9,19.5,86.0,6.73,576.2,cabbage
36.7,37.9,10.0,18.8,84.8,6.78,561.0,cabbage
61.4,35.5,36.2,18.3,86.5,6.85,545.6,cabbage
54.8,63.3,50.4,22.2,84.1,6.95,494.7,cabbage
70.7,35.6,43.3,21.9,86.3,6.59,468.7,cabbage
46.6,19.8,10.0,18.2,85.2,6.69,464.0,cabbage
75.2,43.2,33.4,20.9,84.2,6.79,537.2,cabbage
56.2,51.4,32.1,23.6,83.2,6.77,518.2,cabbage
55.9,38.2,39.7,19.7,86.0,6.78,506.7,cabbage
59.0,28.0,65.9,17.6,86.4,6.76,608.1,cabbage
75.4,29.7,35.3,22.5,86.0,6.98,569.7,cabbage
63.7,8.8,57.6,20.8,85.9,6.87,560.2,cabbage
57.3,45.5,33.4,21.4,84.4,6.4,653.5,cabbage
101.6,29.1,48.8,22.3,84.9,6.7,517.0,cabbage
73.6,43.3,19.1,18.0,83.8,6.96,567.1,cabbage
77.3,51.6,19.4,19.9,86.0,6.58,534.8,cabbage
63.1,53.2,43.8,19.6,86.3,6.62,547.4,cabbage
26.3,42.4,54.2,16.9,86.1,6.9,525.3,cabbage
64.6,28.7,30.5,20.9,87.6,6.74,582.7,cabbage
43.6,47.7,48.3,19.4,84.1,6.98,592.5,cabbage
45.5,40.1,38.2,20.4,84.1,6.66,599.2,cabbage
66.1,61.8,19.8,21.4,85.9,6.71,569.3,cabbage
68.0,27.9,63.1,16.9,83.9,6.49,581.8,cabbage
36.1,10.4,16.7,20.3,84.0,6.79,539.9,cabbage
93.4,53.1,28.0,21.9,83.2,6.73,503.8,cabbage
55.0,26.6,20.0,18.6,83.9,6.85,510.2,cabbage
42.7,38.4,36.3,23.8,83.9,6.98,586.9,cabbage
54.3,56.0,55.4,20.3,85.2,6.42,502.9,cabbage
64.2,44.6,65.4,18.8,82.3,6.87,473.7,cabbage
57.5,30.2,43.1,20.3,83.3,7.05,561.4,cabbage
65.0,51.9,44.2,23.3,83.8,6.97,656.8,cabbage
42.5,34.4,40.0,21.0,82.8,6.82,616.1,cabbage
67.7,50.4,28.5,18.3,83.2,6.64,520.9,cabbage
64.7,47.3,14.2,22.2,86.8,6.42,578.9,cabbage
61.5,56.6,69.9,20.5,70.7,6.62,478.8,carrot
76.0,60.5,59.3,17.6,71.1,6.3,503.9,carrot
52.2,36.9,39.0,18.9,70.4,6.34,551.3,carrot
63.2,47.5,10.0,18.4,70.3,6.69,488.7,carrot
64.6,45.0,29.9,18.6,71.6,6.64,536.2,carrot
60.2,52.0,48.4,19.2,70.9,6.51,477.8,carrot
71.2,41.0,29.6,18.7,72.0,6.54,483.4,carrot
54.0,39.8,25.7,18.8,70.5,6.09,480.1,carrot
74.6,46.6,44.5,18.8,70.0,6.43,485.9,carrot
42.4,50.9,64.5,18.6,69.8,6.41,584.4,carrot
33.5,49.7,57.9,17.8,69.6,6.48,490.5,carrot
27.4,38.4,59.7,16.9,72.0,6.12,558.6,carrot
79.2,38.8,15.5,18.7,70.7,6.4,500.7,carrot
63.0,44.3,21.5,17.8,69.6,6.45,512.3,carrot
53.8,50.9,41.2,19.5,70.5,6.51,495.6,carrot
71.3,59.7,52.4,18.6,71.0,6.48,417.0,carrot
63.1,37.8,26.6,18.5,73.2,6.56,490.5,carrot
58.4,57.2,28.5,16.9,69.0,6.48,550.7,carrot
49.3,42.9,41.7,18.7,68.3,6.32,517.1,carrot
58.3,30.0,74.5,18.4,68.9,6.48,521.7,carrot
61.4,56.0,33.3,16.7,71.0,6.6,541.4,carrot
45.8,32.0,63.7,18.8,69.7,6.52,502.4,carrot
66.8,46.5,55.5,20.9,71.0,6.53,517.3,carrot
62.1,35.0,33.9,19.8,73.5,6.52,470.5,carrot
19.5,18.5,40.2,19.0,70.7,6.44,521.2,carrot
58.4,34.3,15.8,18.8,69.1,6.54,486.0,carrot
80.8,30.5,33.3,17.8,68.8,6.58,531.1,carrot
78.8,47.0,46.0,19.3,69.2,6.3,541.1,carrot
69.0,49.6,54.6,19.3,70.5,6.46,460.5,carrot
50.6,35.6,46.0,19.0,70.4,6.55,508.4,carrot
41.1,33.5,33.3,19.0,68.7,6.29,478.3,carrot
61.9,47.5,52.2,18.3,67.7,6.52,459.8,carrot
49.8,49.2,30.6,18.8,71.1,6.68,503.8,carrot
53.1,28.6,23.9,18.7,69.7,6.38,535.7,carrot
46.3,31.4,57.3,19.5,69.1,6.38,517.7,carrot
73.9,20.0,42.8,18.4,70.0,6.43,571.1,carrot
63.2,41.1,10.0,17.5,69.9,6.6,427.3,carrot
72.4,33.9,35.5,18.4,70.8,6.37,495.2,carrot
69.8,37.2,37.7,18.9,71.0,6.33,460.4,carrot
59.5,32.2,52.5,15.9,69.7,6.69,480.3,carrot
74.1,47.2,53.4,18.1,70.3,6.39,534.4,carrot
54.0,58.5,50.0,18.3,72.4,6.52,520.0,carrot
77.2,52.9,26.5,18.1,68.5,6.57,557.8,carrot
64.5,22.5,55.9,17.5,70.9,6.37,507.7,carrot
67.1,52.4,46.1,18.0,71.1,6.6,494.5,carrot
56.7,46.0,43.2,19.7,69.9,6.49,443.0,carrot
64.3,37.5,41.2,19.2,72.9,6.45,460.5,carrot
55.1,35.6,74.8,18.1,70.7,6.2,506.9,carrot
65.5,53.5,66.3,19.2,70.7,6.51,550.0,carrot
65.9,48.2,38.4,18.8,71.2,6.39,479.2,carrot
54.2,22.6,48.9,17.7,69.6,6.37,484.8,carrot
47.6,46.1,19.6,18.8,69.5,6.47,508.9,carrot
60.0,26.7,19.5,18.6,72.2,6.57,478.9,carrot
62.8,41.2,43.1,18.9,70.5,6.52,560.0,carrot
71.7,25.2,36.2,17.9,70.1,6.69,467.5,carrot
72.4,43.0,38.2,19.1,72.2,6.47,550.6,carrot
67.0,58.5,61.5,18.6,71.5,6.32,502.5,carrot
52.3,44.3,36.9,19.0,71.0,6.67,474.8,carrot
43.8,29.3,44.9,18.0,70.2,6.39,489.5,carrot
57.1,51.1,18.4,17.3,71.7,6.37,426.1,carrot
59.9,36.5,48.4,17.3,71.2,6.5,478.9,carrot
75.0,43.2,10.0,19.7,69.8,6.69,599.5,carrot
51.6,64.4,59.6,18.2,70.4,6.48,488.7,carrot
53.7,37.4,41.4,16.8,70.8,6.67,490.6,carrot
45.1,65.5,27.0,19.1,67.5,6.66,448.8,carrot
54.1,29.9,22.5,18.3,67.3,6.86,512.3,carrot
75.8,32.1,14.2,18.8,68.6,6.33,509.7,carrot
55.4,42.6,31.4,18.4,72.4,6.43,486.6,carrot
77.1,33.0,31.0,18.9,69.7,6.55,466.1,carrot
61.0,37.0,37.4,19.8,69.9,6.71,481.6,carrot
60.2,42.8,65.9,17.9,68.8,6.6,515.0,carrot
74.3,33.5,44.4,17.3,70.8,6.42,500.8,carrot
52.9,32.0,44.7,18.4,70.1,6.5,505.4,carrot
83.3,69.9,60.8,18.5,70.4,6.44,476.9,carrot
44.6,31.9,58.1,19.6,69.7,6.26,527.1,carrot
68.0,50.9,32.0,18.7,67.7,6.79,478.0,carrot
41.9,39.5,45.4,18.4,70.1,6.73,488.5,carrot
39.4,26.4,33.3,18.4,67.8,6.74,533.2,carrot
38.7,38.3,40.3,18.0,70.4,6.51,514.2,carrot
42.6,35.3,23.0,19.5,70.5,6.75,506.6,carrot
65.7,34.5,51.5,19.8,71.9,6.57,555.8,carrot
52.3,35.5,44.3,17.4,69.5,6.74,457.2,carrot
63.4,43.9,53.0,19.2,68.6,6.49,541.7,carrot
73.3,33.7,50.7,19.2,71.4,6.62,500.8,carrot
65.9,38.9,61.9,19.5,70.2,6.7,482.9,carrot
67.8,40.8,55.9,18.1,69.0,6.64,443.5,carrot
67.4,30.5,24.2,18.6,71.0,6.45,492.6,carrot
57.7,39.1,16.7,17.8,69.2,6.42,499.1,carrot
66.5,45.2,35.5,16.4,70.2,6.33,513.3,carrot
38.1,54.7,43.7,20.1,69.5,6.45,542.3,carrot
68.8,46.3,39.7,19.2,71.0,6.44,428.9,carrot
49.2,40.3,28.8,17.9,69.0,6.63,513.3,carrot
72.7,44.4,47.7,18.6,69.0,6.79,465.6,carrot
83.9,41.4,52.0,18.8,70.9,6.4,497.0,carrot
85.4,16.6,38.5,19.8,69.0,6.65,516.4,carrot
32.3,51.5,60.6,18.7,68.4,6.39,491.2,carrot
56.5,28.6,31.4,19.6,70.3,6.63,499.0,carrot
56.4,44.9,42.0,18.6,70.6,6.33,476.2,carrot
66.8,34.9,32.1,17.9,70.3,6.24,524.5,carrot
62.3,51.4,48.7,17.8,70.3,6.57,466.6,carrot
19.0,62.0,44.4,16.8,71.5,6.34,469.4,carrot
64.9,37.7,20.8,17.9,70.8,6.56,471.7,carrot
53.9,49.6,25.3,18.5,69.3,6.58,535.5,carrot
59.6,39.5,29.8,18.5,69.2,6.55,515.2,carrot
59.0,47.7,35.7,19.3,70.3,6.39,468.5,carrot
59.9,35.8,30.6,15.9,67.3,6.51,455.2,carrot
45.8,35.0,38.0,18.7,71.2,6.51,451.8,carrot
74.1,71.8,11.8,17.3,71.2,6.51,522.4,carrot
49.5,36.9,60.0,18.5,72.0,6.53,455.2,carrot
76.9,38.5,10.0,18.9,71.9,6.62,519.3,carrot
72.4,42.3,45.3,18.6,71.0,6.28,477.9,carrot
68.9,48.3,38.8,19.0,69.6,6.64,499.1,carrot
58.2,17.5,38.3,18.6,67.8,6.33,499.6,carrot
64.9,34.6,10.0,17.8,70.2,6.27,497.5,carrot
62.3,34.2,36.0,18.1,69.5,6.44,512.7,carrot
64.0,32.3,34.1,17.4,72.4,6.52,482.7,carrot
59.6,37.2,51.4,18.3,71.5,6.44,529.1,carrot
48.4,40.1,37.4,18.9,71.3,6.56,497.0,carrot
73.7,49.3,43.1,17.7,71.4,6.64,492.5,carrot
76.6,34.1,49.6,18.0,67.9,6.42,518.8,carrot
43.3,23.7,58.3,18.2,68.1,6.66,518.3,carrot
53.3,38.4,56.1,18.5,72.0,6.59,489.8,carrot
76.3,48.8,13.4,17.7,69.4,6.39,548.1,carrot
68.1,30.9,53.3,18.4,71.0,6.71,463.2,carrot
58.9,11.1,40.4,18.5,69.4,6.51,497.5,carrot
60.4,45.9,15.6,18.4,67.5,6.56,511.6,carrot
57.8,23.3,21.9,17.5,70.2,6.46,437.5,carrot
59.0,49.1,29.7,16.4,69.2,6.43,455.1,carrot
61.1,27.0,44.1,18.9,71.4,6.56,525.9,carrot
81.2,34.2,40.0,18.2,70.1,6.48,545.9,carrot
51.7,50.9,35.0,20.2,71.4,6.69,508.9,carrot
49.6,60.6,26.4,20.2,70.9,6.63,548.1,carrot
66.8,43.8,38.3,18.8,71.1,6.72,476.2,carrot
54.8,40.7,83.7,18.6,72.0,6.6,488.8,carrot
50.6,33.6,51.9,18.7,69.3,6.56,548.4,carrot
55.8,18.4,21.0,17.8,70.9,6.44,460.3,carrot
57.5,40.6,36.9,18.7,71.1,6.39,492.2,carrot
47.6,44.8,45.4,19.0,70.6,6.64,463.8,carrot
69.4,43.8,40.2,19.0,71.8,6.76,500.0,carrot
57.1,58.3,10.0,17.4,68.6,6.53,452.4,carrot
65.5,42.1,46.6,18.5,71.1,6.52,514.4,carrot
48.9,35.9,62.7,18.5,70.7,6.52,570.5,carrot
64.0,58.2,41.5,16.4,70.0,6.56,501.9,carrot
75.2,37.4,41.9,18.4,71.9,6.59,531.7,carrot
75.6,53.5,27.4,19.7,69.7,6.5,517.6,carrot
56.4,33.1,27.8,18.8,69.9,6.67,499.7,carrot
47.5,30.9,46.0,18.4,68.9,6.39,475.5,carrot
56.3,38.2,38.7,16.9,69.9,6.64,476.6,carrot
97.6,24.4,17.7,17.0,70.8,6.6,522.0,carrot
50.7,60.7,73.9,19.1,68.8,6.46,488.8,carrot
48.4,37.7,33.3,17.1,69.1,6.41,450.8,carrot
53.9,21.8,33.1,17.4,71.9,6.46,465.8,carrot
41.7,53.6,52.4,19.3,71.0,6.35,519.9,carrot
35.7,44.3,43.3,18.3,68.5,6.34,528.4,carrot
80.8,38.2,32.5,18.1,73.0,6.47,474.0,carrot
97.8,31.2,47.1,19.7,70.0,6.64,526.3,carrot
32.6,46.1,27.6,18.2,68.8,6.7,468.8,carrot
73.2,46.7,52.1,20.0,69.5,6.7,490.9,carrot
67.3,26.7,48.9,17.6,69.8,6.55,524.7,carrot
68.9,11.3,45.8,18.3,69.8,6.5,458.7,carrot
57.3,44.0,53.6,18.1,70.0,6.46,527.0,carrot
65.5,25.2,14.3,17.8,71.8,6.45,488.5,carrot
31.1,33.5,50.5,17.6,71.3,6.64,477.0,carrot
57.3,39.3,27.3,18.4,70.8,6.47,550.2,carrot
44.7,46.1,41.9,19.3,70.6,6.53,524.7,carrot
56.7,19.1,57.8,20.2,69.1,6.3,456.9,carrot
49.4,47.5,28.2,19.4,68.7,6.31,494.7,carrot
51.5,59.2,30.1,20.1,70.0,6.44,549.7,carrot
55.0,39.7,30.5,19.3,70.9,6.4,500.7,carrot
77.5,59.1,11.4,19.5,69.3,6.67,474.5,carrot
55.2,41.9,91.0,18.7,69.3,6.54,503.0,carrot
43.5,20.2,39.6,18.8,71.0,6.52,512.0,carrot
81.6,13.2,61.9,18.3,72.0,6.51,434.5,carrot
66.8,34.9,30.3,18.1,70.3,6.56,542.0,carrot
37.6,45.5,40.1,18.2,69.4,6.41,450.9,carrot
64.6,5.0,38.4,18.7,69.7,6.38,523.2,carrot
20.5,47.7,34.7,19.1,69.3,6.22,534.9,carrot
63.1,20.9,81.6,20.2,70.4,6.71,453.0,carrot
69.6,23.4,44.9,19.8,71.0,6.6,492.4,carrot
46.4,21.1,51.4,19.7,70.5,6.43,516.8,carrot
47.1,34.0,37.1,18.3,71.2,6.43,455.3,carrot
52.3,38.1,33.7,18.9,71.3,6.56,470.8,carrot
49.5,46.4,44.1,18.6,69.5,6.52,550.7,carrot
53.4,38.5,42.9,19.6,70.9,6.66,472.4,carrot
58.2,43.2,34.0,18.3,70.8,6.49,505.9,carrot
56.0,30.7,38.6,18.2,69.9,6.56,470.0,carrot
57.7,49.4,29.6,18.8,72.8,6.42,504.3,carrot
75.3,27.2,63.6,20.1,70.7,6.5,500.2,carrot
45.5,54.1,20.7,18.7,69.1,6.54,521.9,carrot
66.7,29.2,30.0,18.6,68.0,6.38,487.1,carrot
63.3,41.4,24.5,18.8,70.8,6.49,530.5,carrot
27.5,51.7,32.2,18.7,70.8,6.52,465.2,carrot
50.2,49.6,43.0,18.0,69.8,6.57,531.9,carrot
26.9,51.1,23.8,18.8,72.0,6.73,494.0,carrot
53.1,34.8,29.0,18.9,70.5,6.4,440.7,carrot
87.9,28.6,41.9,17.9,69.8,6.54,486.7,carrot
26.7,58.5,49.2,19.1,67.2,6.26,476.4,carrot
65.0,39.1,56.7,19.1,69.3,6.79,532.7,carrot
62.8,29.1,15.6,19.1,71.7,6.46,544.5,carrot
60.8,41.8,70.7,19.2,67.5,6.41,531.9,carrot
52.4,33.0,43.5,18.0,70.8,6.46,494.3,carrot
33.7,34.0,54.7,18.4,70.4,6.14,522.7,carrot
51.8,26.2,20.3,18.0,70.7,6.57,512.5,carrot
78.7,34.3,39.6,21.0,72.3,6.4,515.2,carrot
51.2,41.5,27.4,18.3,68.9,6.5,470.7,carrot
58.5,59.2,32.6,19.1,72.0,6.49,484.7,carrot
71.6,39.4,52.6,18.2,70.3,6.41,476.6,carrot
60.1,44.0,46.7,19.1,69.1,6.46,482.9,carrot
50.2,46.7,48.9,18.5,69.3,6.56,477.3,carrot
45.9,28.5,47.6,19.8,69.6,6.21,484.0,carrot
42.0,37.1,30.6,20.0,71.2,6.41,519.4,carrot
54.0,39.5,41.5,17.8,68.5,6.6,507.3,carrot
54.8,51.0,43.0,18.1,68.0,6.66,542.2,carrot
61.4,56.0,45.3,19.2,70.3,6.64,496.1,carrot
71.9,35.6,20.7,17.9,71.1,6.35,488.2,carrot
61.7,35.3,45.9,18.7,69.3,6.42,476.7,carrot
55.6,26.2,35.7,19.3,72.3,6.76,518.1,carrot
49.8,35.8,21.8,18.6,69.5,6.53,574.2,carrot
76.0,24.3,37.4,17.3,71.3,6.45,545.4,carrot
53.0,43.2,59.0,18.6,70.2,6.57,542.2,carrot
56.0,55.5,32.8,17.2,69.7,6.32,537.9,carrot
75.2,39.4,56.5,18.7,67.7,6.37,446.2,carrot
75.0,51.5,41.0,19.5,72.0,6.43,474.7,carrot
52.9,35.4,58.3,18.6,70.1,6.45,510.7,carrot
64.5,23.8,55.4,17.2,69.6,6.47,483.4,carrot
55.1,40.7,50.0,19.2,69.7,6.41,522.5,carrot
56.3,43.2,13.5,18.4,69.5,6.54,512.0,carrot
49.3,29.6,44.9,18.9,70.7,6.38,518.0,carrot
62.1,44.5,14.8,19.0,71.6,6.66,476.8,carrot
71.3,49.6,43.6,18.1,68.9,6.56,458.3,carrot
69.0,34.6,19.6,18.9,68.4,6.47,447.0,carrot
78.5,16.3,11.2,17.9,67.8,6.78,468.9,carrot
65.4,33.9,22.5,17.8,73.0,6.4,450.4,carrot
63.5,34.5,68.7,19.4,69.9,6.8,521.8,carrot
36.6,53.0,31.2,18.8,70.0,6.12,554.3,carrot
59.8,41.3,33.9,18.7,70.2,6.39,537.8,carrot
46.2,31.4,12.1,17.3,69.9,6.32,488.2,carrot
66.1,46.6,41.5,18.6,69.3,6.33,507.9,carrot
58.9,35.3,38.9,18.5,69.9,6.39,519.8,carrot
46.2,58.9,46.9,19.2,70.2,6.34,459.9,carrot
60.6,25.0,48.4,18.6,69.7,6.24,444.7,carrot
57.0,50.6,10.0,18.6,70.5,6.76,459.5,carrot
56.3,20.6,62.9,18.9,69.7,6.57,481.0,carrot
66.4,41.6,57.2,17.3,70.2,6.52,472.0,carrot
82.0,25.0,24.3,18.9,66.8,6.52,460.5,carrot
63.5,28.9,26.6,18.8,71.4,6.71,516.1,carrot
37.1,43.4,28.7,18.0,69.4,6.62,534.4,carrot
59.6,49.7,38.5,18.9,71.0,6.45,491.5,carrot
51.4,16.9,36.3,18.5,69.9,6.3,525.3,carrot
63.9,11.3,50.1,18.9,71.7,6.66,504.2,carrot
67.5,68.7,47.8,17.9,70.4,6.58,529.4,carrot
83.1,47.5,20.8,17.4,69.5,6.67,535.7,carrot
55.9,25.8,22.5,18.1,72.5,6.51,544.7,carrot
80.6,47.6,64.8,18.7,68.1,6.6,523.4,carrot
68.1,33.6,46.4,18.8,70.4,6.67,512.2,carrot
70.6,46.1,29.1,18.9,71.3,6.51,492.9,carrot
59.3,44.5,53.1,17.7,69.9,6.7,476.2,carrot
51.5,35.1,41.3,18.2,71.3,6.57,486.2,carrot
48.2,43.7,42.1,18.8,70.7,6.38,541.5,carrot
36.8,50.6,36.0,17.8,67.2,6.54,535.1,carrot
73.2,32.7,45.6,19.1,71.7,6.27,487.0,carrot
61.8,44.6,41.9,18.8,71.2,6.55,453.6,carrot
57.4,62.2,46.8,19.2,71.0,6.57,484.3,carrot
59.7,49.8,24.0,18.7,69.9,6.65,519.1,carrot
24.9,60.4,41.6,17.0,69.5,6.48,513.4,carrot
62.0,42.8,19.2,19.6,70.1,6.55,453.6,carrot
54.7,36.5,56.9,18.8,69.2,6.5,471.9,carrot
62.4,48.7,44.7,18.4,69.8,6.36,486.8,carrot
81.0,36.5,49.1,18.5,69.3,6.5,520.0,carrot
66.4,32.5,44.2,19.0,70.9,6.42,474.7,carrot
42.5,41.0,56.5,18.6,70.3,6.43,503.7,carrot
47.5,34.9,45.4,19.0,69.4,6.52,514.9,carrot
47.4,29.8,34.0,17.0,68.3,6.74,557.7,carrot
46.5,50.1,61.2,18.1,69.5,6.51,479.8,carrot
51.4,42.0,53.5,16.9,71.0,6.53,561.8,carrot
61.2,56.1,38.7,20.7,68.1,6.47,573.1,carrot
95.8,50.9,54.3,17.9,69.5,6.62,501.8,carrot
76.4,43.5,25.3,19.5,69.5,6.46,515.2,carrot
64.6,51.7,43.8,19.6,68.6,6.39,474.2,carrot
65.1,38.3,44.5,18.0,71.0,6.49,473.1,carrot
62.6,28.6,25.6,18.8,70.5,6.45,580.8,carrot
45.4,43.6,27.6,19.5,71.4,6.3,510.1,carrot
85.7,27.4,25.0,17.3,69.6,6.55,464.0,carrot
47.5,38.5,39.0,17.3,70.2,6.38,519.1,carrot
57.3,44.8,58.2,17.6,68.3,6.51,505.9,carrot
32.1,39.0,10.0,18.2,67.5,6.75,500.0,carrot
57.1,59.8,43.9,17.8,71.4,6.62,557.8,carrot
67.7,56.8,49.3,19.1,71.4,6.49,588.2,carrot
70.5,45.5,34.2,19.2,73.2,6.38,542.9,carrot
51.6,18.6,27.3,18.0,68.7,6.32,555.1,carrot
73.0,49.0,10.0,17.6,71.8,6.43,502.9,carrot
65.0,29.3,30.5,18.0,70.5,6.57,487.5,carrot
70.5,36.0,44.2,17.2,69.5,6.57,502.2,carrot
54.1,32.9,23.6,18.3,69.0,6.22,462.9,carrot
60.0,39.9,52.5,19.2,70.7,6.59,517.5,carrot
63.6,33.1,49.8,19.1,69.9,6.38,534.2,carrot
73.9,33.3,21.6,18.7,69.5,6.63,501.7,carrot
47.7,27.8,54.0,18.6,68.4,6.56,539.5,carrot
37.7,41.0,61.2,19.0,71.0,6.59,494.9,carrot
51.6,53.5,70.7,18.9,68.7,6.62,412.8,carrot
51.0,35.2,23.4,18.3,68.7,6.59,479.4,carrot
71.2,56.2,38.4,18.1,67.5,6.4,476.4,carrot
41.1,39.4,45.9,18.5,72.5,6.37,509.5,carrot
68.3,58.6,18.1,18.5,71.1,6.48,454.5,carrot
51.4,44.3,30.0,17.1,67.5,6.45,518.9,carrot
61.6,43.5,62.2,18.9,68.4,6.5,464.4,carrot
77.7,44.4,31.7,19.6,71.0,6.53,515.1,carrot
43.4,55.0,33.6,17.9,69.8,6.74,538.4,carrot
53.4,51.8,30.2,18.8,67.7,6.68,456.6,carrot
74.2,47.7,37.8,19.3,68.5,6.58,485.7,carrot
77.0,38.6,10.0,17.0,69.1,6.47,464.4,carrot
38.2,23.4,46.8,16.3,69.4,6.54,476.8,carrot
74.0,28.9,57.4,19.6,69.0,6.64,434.5,carrot
42.5,33.4,35.5,18.5,69.1,6.54,522.0,carrot
82.2,26.7,46.0,18.6,73.2,6.45,580.2,carrot
50.3,28.0,28.5,17.9,73.3,6.45,485.0,carrot
59.8,33.2,30.1,17.3,70.3,6.54,507.4,carrot
83.1,63.6,36.7,18.6,69.2,6.46,498.3,carrot
65.3,32.1,22.5,17.9,71.4,6.49,498.6,carrot
87.5,43.0,12.9,19.1,70.8,6.29,506.5,carrot
58.5,39.4,14.9,19.3,70.0,6.44,487.6,carrot
61.8,44.0,17.9,19.2,70.6,6.6,503.8,carrot
81.1,38.9,45.4,17.8,70.2,6.55,502.8,carrot
58.2,37.4,37.7,18.5,69.7,6.4,491.7,carrot
43.6,40.6,35.5,17.0,68.9,6.49,496.7,carrot
68.5,35.0,46.0,18.0,70.5,6.49,509.6,carrot
83.6,48.6,31.3,18.5,69.0,6.65,466.7,carrot
47.1,49.3,27.8,19.7,70.4,6.73,520.4,carrot
68.2,44.8,30.6,18.0,70.6,6.73,586.7,carrot
58.5,40.3,41.8,19.3,70.1,6.47,500.8,carrot
10.2,20.9,32.9,18.5,70.7,6.48,448.1,carrot
76.6,32.6,23.7,19.6,69.1,6.48,520.3,carrot
59.4,32.9,57.5,19.2,69.2,6.56,537.2,carrot
51.7,28.2,36.3,17.9,70.1,6.48,525.2,carrot
66.1,31.9,51.1,18.1,68.5,6.48,503.1,carrot
66.3,41.5,16.0,19.2,69.1,6.33,459.8,carrot
42.7,39.9,25.0,18.0,70.1,6.65,510.3,carrot
71.4,31.4,24.8,18.6,70.3,6.45,494.0,carrot
63.5,53.5,44.6,18.7,68.1,6.36,561.8,carrot
72.4,39.6,13.8,18.0,70.6,6.41,514.0,carrot
52.8,43.1,76.3,18.4,71.6,6.33,481.0,carrot
44.8,40.1,60.3,20.1,70.4,6.58,498.5,carrot
58.8,24.4,56.6,18.6,69.4,6.49,565.0,carrot
78.5,40.7,21.6,18.2,69.3,6.72,508.6,carrot
61.2,53.0,37.7,19.1,68.8,6.48,536.1,carrot
40.3,31.0,51.8,19.3,68.7,6.73,474.2,carrot
76.8,42.1,27.8,18.1,69.8,6.23,481.4,carrot
63.6,47.3,51.0,17.1,68.0,6.53,454.5,carrot
63.6,48.6,33.8,19.0,71.5,6.62,551.3,carrot
54.6,33.4,33.0,18.3,69.3,6.42,557.4,carrot
54.5,39.2,12.4,18.7,71.1,6.77,509.2,carrot
69.3,55.1,65.6,17.4,70.6,6.56,495.1,carrot
62.0,37.9,32.4,18.3,70.8,6.62,473.3,carrot
69.0,29.8,42.3,18.5,69.2,6.4,523.0,carrot
66.0,33.8,45.0,18.6,69.2,6.72,500.0,carrot
47.2,14.3,69.6,20.0,71.9,6.36,503.0,carrot
65.6,55.4,30.0,17.1,72.2,6.62,505.8,carrot
77.6,58.8,36.0,18.9,69.8,6.52,496.2,carrot
43.6,59.9,29.3,17.6,72.4,6.69,472.7,carrot
44.3,34.5,79.4,19.1,72.7,6.43,476.3,carrot
68.1,25.0,56.6,18.7,69.0,6.28,465.7,carrot
62.4,30.8,46.2,19.2,71.5,6.62,496.7,carrot
64.5,56.3,20.9,18.8,70.1,6.54,516.4,carrot
43.3,28.5,70.9,17.7,69.1,6.53,502.5,carrot
78.1,22.5,28.5,18.3,69.9,6.63,461.0,carrot
44.0,18.7,33.1,18.7,68.0,6.32,498.9,carrot
57.2,20.0,57.5,19.5,71.4,6.5,477.8,carrot
60.9,42.9,58.2,18.6,70.5,6.43,446.7,carrot
75.7,44.3,44.1,17.6,71.7,6.82,519.1,carrot
58.4,15.8,27.1,19.8,71.0,6.77,490.5,carrot
68.4,28.6,31.2,18.7,69.6,6.46,472.1,carrot
59.7,48.9,12.1,19.7,70.9,6.5,483.9,carrot
60.0,10.6,30.0,18.9,71.1,6.45,518.4,carrot
73.1,38.2,15.8,18.6,72.3,6.46,549.0,carrot
61.0,38.5,79.2,19.0,69.5,6.39,561.0,carrot
87.8,41.0,52.3,19.3,66.4,6.48,504.3,carrot
49.4,40.3,61.4,18.8,72.1,6.52,483.8,carrot
71.5,43.1,53.2,17.3,70.1,6.31,509.0,carrot
50.3,40.1,25.5,19.4,69.3,6.32,498.1,carrot
62.8,24.9,26.7,19.0,67.8,6.43,469.9,carrot
52.9,27.5,42.1,18.0,70.4,6.58,483.4,carrot
57.9,45.5,27.2,18.9,71.4,6.34,553.8,carrot
50.2,22.7,35.3,18.2,70.3,6.5,522.5,carrot
49.6,44.8,44.1,18.4,70.1,6.55,451.1,carrot
65.2,29.9,28.3,18.2,69.6,6.39,486.1,carrot
52.2,60.2,13.3,18.9,70.1,6.29,491.9,carrot
78.5,12.7,61.2,20.0,69.3,6.47,508.7,carrot
25.1,54.4,25.3,18.7,67.8,6.47,533.7,carrot
48.8,43.2,28.3,17.7,70.6,6.51,435.5,carrot
66.8,42.9,34.6,17.0,72.1,6.62,487.9,carrot
35.9,34.2,22.1,19.1,69.9,6.52,518.8,carrot
75.5,39.3,30.9,17.5,68.4,6.6,515.7,carrot
56.1,37.4,43.1,19.4,71.5,6.36,518.4,carrot
44.3,32.0,28.1,19.0,71.7,6.45,504.6,carrot
53.1,52.6,10.9,18.1,69.7,6.53,491.0,carrot
69.6,40.0,36.1,16.6,71.2,6.65,533.4,carrot
44.5,39.1,62.6,17.2,68.2,6.81,504.9,carrot
68.4,60.1,26.6,18.2,66.8,6.34,488.0,carrot
48.5,58.6,29.6,18.7,70.7,6.62,590.3,carrot
84.4,29.0,36.4,17.8,69.2,6.5,549.3,carrot
84.6,41.9,29.1,18.0,70.0,6.67,489.0,carrot
35.7,39.8,24.0,19.1,70.0,6.37,500.2,carrot
64.4,47.0,31.7,18.1,69.9,6.64,549.4,carrot
49.3,36.5,39.2,19.5,69.7,6.54,510.4,carrot
61.0,37.2,32.4,18.1,69.5,6.76,552.0,carrot
30.2,51.8,55.0,18.9,66.8,6.5,529.8,carrot
50.8,34.6,53.1,18.5,68.2,6.43,506.9,carrot
61.4,43.6,36.7,19.6,69.6,6.41,520.4,carrot
54.2,49.3,54.8,18.0,70.9,6.34,520.5,carrot
43.4,43.2,26.7,18.6,70.3,6.62,512.2,carrot
71.3,45.3,43.6,19.4,70.5,6.39,464.7,carrot
73.9,31.9,36.5,20.1,71.2,6.65,476.6,carrot
82.0,36.2,41.6,18.0,68.9,6.45,490.1,carrot
81.3,25.5,28.7,17.9,71.0,6.56,499.5,carrot
76.4,41.3,53.4,18.2,70.4,6.32,550.8,carrot
53.8,41.9,22.1,19.8,72.0,6.49,467.4,carrot
77.1,37.9,25.3,18.5,68.8,6.42,491.9,carrot
21.8,29.2,55.8,18.9,70.0,6.35,525.6,carrot
57.9,51.2,38.5,19.3,69.7,6.59,473.5,carrot
37.5,32.8,38.6,18.9,69.0,6.65,489.2,carrot
66.6,61.9,10.6,19.2,70.2,6.33,470.7,carrot
49.1,38.2,21.6,17.9,73.7,6.57,527.9,carrot
47.9,57.9,60.7,19.2,71.8,6.46,534.9,carrot
60.5,22.4,23.2,17.7,71.0,6.47,487.5,carrot
46.8,40.3,54.9,18.4,68.6,6.46,476.7,carrot
72.0,9.8,33.3,18.2,71.3,6.59,485.8,carrot
39.1,43.0,39.9,18.0,71.3,6.43,472.5,carrot
67.3,53.1,37.7,17.7,70.7,6.57,533.9,carrot
84.3,26.8,22.4,17.5,67.9,6.37,493.1,carrot
51.8,44.0,35.5,19.1,67.9,6.53,528.8,carrot
65.8,35.3,22.3,17.4,70.8,6.74,484.0,carrot
67.2,35.7,65.6,18.4,70.4,6.49,487.4,carrot
47.2,30.4,59.9,19.0,71.3,6.36,476.4,carrot
83.8,22.0,58.9,18.4,70.2,6.57,479.0,carrot
68.5,27.2,51.2,16.8,71.5,6.65,530.2,carrot
63.6,31.7,44.9,17.6,69.4,6.45,468.7,carrot
76.7,38.0,10.6,17.4,69.7,6.63,501.3,carrot
73.5,43.1,41.9,17.3,69.8,6.72,537.5,carrot
67.0,52.4,37.3,17.5,70.5,6.46,479.0,carrot
92.8,42.1,38.6,18.1,71.0,6.59,470.1,carrot
66.9,46.3,46.7,18.9,68.9,6.51,490.4,carrot
63.7,37.9,23.2,19.4,70.3,6.34,517.4,carrot
61.9,37.0,66.6,18.9,70.5,6.57,517.3,carrot
32.5,33.5,21.8,18.6,67.0,6.65,415.2,carrot
70.9,71.6,48.1,18.2,69.2,6.4,512.9,carrot
36.8,46.3,33.1,17.7,72.2,6.63,529.0,carrot
81.3,40.0,36.6,18.5,70.9,6.46,487.5,carrot
80.0,51.9,39.8,19.0,70.8,6.48,511.9,carrot
63.7,30.2,22.1,19.2,70.7,6.6,491.2,carrot
79.8,40.6,27.2,18.7,71.3,6.31,475.9,carrot
45.6,36.1,39.5,18.1,70.6,6.35,493.2,carrot
62.5,37.0,41.7,19.1,69.5,6.53,509.0,carrot
47.8,46.9,11.4,16.7,70.7,6.69,531.1,carrot
77.7,55.4,49.0,17.0,69.3,6.63,492.1,carrot
39.3,45.6,31.8,19.0,71.7,6.66,457.3,carrot
59.2,65.8,65.4,20.0,70.1,6.52,467.5,carrot
63.2,30.2,24.4,17.1,70.0,6.6,516.2,carrot
85.6,46.4,53.1,18.2,70.2,6.43,496.0,carrot
29.7,46.8,28.7,18.4,71.1,6.38,465.4,carrot
78.3,39.3,58.9,18.2,68.8,6.3,523.1,carrot
77.0,49.8,31.2,19.0,70.2,6.52,521.9,carrot
50.5,41.8,45.7,18.9,69.6,6.57,479.4,carrot
62.0,42.1,26.5,18.2,69.5,6.62,524.0,carrot
75.3,30.9,45.0,18.3,71.3,6.46,506.5,carrot
52.0,21.8,45.7,18.1,71.7,6.54,551.5,carrot
66.4,29.2,41.7,18.7,68.2,6.52,528.6,carrot
78.6,36.1,27.3,17.9,69.3,6.47,472.5,carrot
62.9,41.9,29.4,19.2,71.0,6.67,534.3,carrot
69.5,41.0,42.8,19.7,69.6,6.45,496.9,carrot
33.0,45.4,56.3,18.2,69.8,6.68,493.4,carrot
64.0,28.8,40.5,17.0,71.2,6.41,497.6,carrot
55.3,18.2,35.6,19.6,70.3,6.34,556.5,carrot
86.9,44.8,52.8,19.3,69.7,6.4,454.6,carrot
52.0,28.8,66.4,18.7,71.4,6.5,525.4,carrot
85.1,26.8,46.4,19.2,69.7,6.55,425.9,carrot
74.6,20.9,32.6,18.2,71.7,6.38,460.1,carrot
55.7,56.7,45.3,19.0,70.5,6.62,523.9,carrot
45.9,33.5,47.7,19.1,70.6,6.37,512.1,carrot
69.0,22.5,42.4,18.0,69.9,6.68,490.1,carrot
47.8,42.4,44.4,18.2,70.0,6.64,492.4,carrot
71.1,35.7,38.5,18.3,69.1,6.45,478.7,carrot
75.7,32.9,66.4,17.5,70.3,6.29,484.2,carrot
64.3,59.4,50.6,18.8,70.3,6.46,438.8,carrot
77.4,38.3,44.4,18.3,71.1,6.56,453.4,carrot
65.7,34.0,49.1,18.3,68.1,6.54,502.9,carrot
80.1,35.8,60.9,19.2,68.7,6.58,546.7,carrot
36.7,57.0,28.4,17.9,67.8,6.27,502.3,carrot
88.0,13.3,47.8,17.9,69.1,6.65,513.6,carrot
63.9,40.4,15.3,16.8,70.6,6.38,454.7,carrot
65.8,24.5,24.9,19.0,70.0,6.42,510.0,carrot
63.1,45.0,29.6,18.8,69.4,6.56,534.3,carrot
38.9,76.0,44.6,18.4,71.9,6.36,498.7,carrot
71.6,53.5,42.5,19.0,71.0,6.61,521.4,carrot
51.3,38.0,45.3,19.4,70.2,6.56,563.1,carrot
47.0,45.0,30.9,18.2,70.4,6.69,503.1,carrot
62.2,49.6,49.9,19.1,72.1,6.45,528.2,carrot
72.2,52.5,36.8,16.4,70.7,6.47,477.1,carrot
57.2,40.3,26.0,19.0,71.3,6.4,548.5,carrot
53.2,36.0,45.1,19.4,69.9,6.63,478.5,carrot
72.6,35.7,27.9,18.2,68.9,6.21,551.1,carrot
72.9,63.7,33.1,18.8,66.1,6.65,941.9,apple
67.2,45.7,35.1,18.3,66.9,6.55,923.3,apple
82.7,64.5,59.7,17.6,66.1,6.49,843.3,apple
54.2,62.5,43.9,17.1,63.7,6.48,940.8,apple
50.1,46.6,61.5,18.1,67.0,6.57,893.2,apple
62.1,32.7,52.1,18.2,67.4,6.65,868.6,apple
33.2,45.4,10.0,16.6,67.9,6.4,876.7,apple
46.6,34.8,48.6,16.1,68.3,6.48,977.8,apple
65.5,41.3,21.3,17.7,65.9,6.45,776.5,apple
97.2,55.9,28.4,20.7,68.3,6.38,825.7,apple
72.7,25.1,28.8,18.2,66.8,6.55,797.1,apple
41.5,36.4,18.6,19.9,66.1,6.62,1032.4,apple
51.5,36.4,21.9,17.2,67.4,6.46,1090.9,apple
62.7,31.2,36.4,18.3,66.6,6.43,896.7,apple
33.5,50.7,23.4,17.1,69.1,6.27,679.4,apple
46.3,20.3,26.8,13.8,66.3,6.65,1033.7,apple
55.3,56.6,26.1,15.6,68.8,6.62,940.4,apple
60.5,42.4,63.0,18.3,71.2,6.65,886.2,apple
80.4,52.4,39.3,16.5,65.7,6.45,696.7,apple
60.8,39.1,50.5,18.9,71.4,6.65,829.1,apple
65.6,35.0,40.1,17.9,70.4,6.65,717.9,apple
30.8,30.1,11.1,12.7,70.8,6.56,789.3,apple
55.5,37.0,28.0,16.4,70.5,6.6,883.5,apple
55.2,37.6,32.6,20.2,65.0,6.28,1021.0,apple
72.9,62.4,31.9,14.7,67.3,6.4,828.4,apple
71.5,32.3,33.3,19.8,65.8,6.41,864.3,apple
68.9,45.0,48.7,15.7,68.4,6.68,963.4,apple
85.5,47.7,70.3,17.5,69.2,6.4,911.0,apple
53.1,24.8,36.0,15.6,68.2,6.52,782.4,apple
71.8,36.6,28.0,18.4,66.7,6.55,769.2,apple
51.2,40.3,29.0,18.2,64.8,6.44,879.3,apple
100.0,24.8,53.7,16.9,68.7,6.51,881.8,apple
61.2,36.3,29.7,17.8,66.8,6.31,760.6,apple
62.7,41.3,26.7,15.9,67.2,6.53,1001.7,apple
59.3,53.1,22.4,21.0,70.2,6.5,1123.6,apple
69.4,34.9,55.5,21.4,67.0,6.54,979.1,apple
42.6,20.0,33.5,20.5,66.6,6.49,873.7,apple
50.6,61.4,28.1,16.1,66.6,6.56,1077.1,apple
57.7,41.3,17.4,15.5,68.0,6.65,967.0,apple
55.8,50.2,26.1,19.7,67.3,6.47,906.3,apple
44.7,41.3,36.0,19.5,63.9,6.68,739.5,apple
70.1,39.4,17.0,18.7,69.5,6.32,905.1,apple
77.8,43.8,59.5,16.9,64.4,6.45,739.6,apple
61.1,31.3,28.6,18.2,70.2,6.38,1055.0,apple
54.1,80.0,62.1,21.3,65.3,6.36,835.8,apple
42.3,27.6,31.4,12.3,66.3,6.62,896.4,apple
47.8,50.4,22.6,16.6,66.9,6.63,965.2,apple
48.3,54.0,37.0,19.2,69.2,6.19,850.0,apple
77.4,53.0,50.0,14.6,68.2,6.4,829.3,apple
58.1,20.5,10.0,20.1,70.3,6.63,848.5,apple
40.5,69.2,43.6,20.0,65.8,6.56,738.9,apple
59.8,39.3,29.7,21.0,62.7,6.59,1004.3,apple
81.0,37.5,32.0,20.1,65.3,6.51,1064.5,apple
86.2,37.3,33.0,18.4,68.9,6.76,1111.5,apple
55.9,35.4,36.4,22.1,68.9,6.6,785.8,apple
82.6,54.3,27.5,19.4,68.9,6.34,1047.3,apple
76.5,34.6,44.3,16.7,69.5,6.27,809.2,apple
71.4,43.6,69.0,11.2,66.2,6.39,722.7,apple
52.2,40.0,64.3,19.0,69.8,6.44,835.0,apple
41.6,46.5,46.2,20.1,71.2,6.62,1002.0,apple
77.0,56.1,37.2,15.0,65.5,6.52,898.5,apple
14.6,31.8,50.2,19.3,64.2,6.64,749.6,apple
61.8,32.5,29.6,18.4,68.5,6.39,616.4,apple
54.3,31.5,20.7,14.4,69.8,6.45,864.1,apple
69.3,63.9,47.0,16.0,72.1,6.62,922.2,apple
55.4,33.3,30.8,20.1,68.3,6.32,921.4,apple
94.0,49.3,30.1,16.7,66.8,6.48,1043.1,apple
63.7,45.6,25.8,20.1,66.7,6.45,833.1,apple
42.9,21.9,22.8,18.8,66.6,6.48,960.4,apple
60.8,44.0,24.0,19.4,71.1,6.5,952.3,apple
71.4,24.0,55.9,19.8,65.7,6.55,938.2,apple
43.1,19.9,59.9,17.1,69.3,6.67,593.0,apple
76.1,46.5,10.0,16.8,64.1,6.68,1034.5,apple
65.9,26.1,43.0,17.3,64.3,6.43,1000.8,apple
68.8,32.8,37.0,20.2,68.3,6.43,924.2,apple
80.1,30.4,48.5,17.0,69.8,6.37,1043.6,apple
55.5,44.5,19.9,21.1,68.0,6.46,1119.3,apple
66.0,41.7,57.5,13.2,67.6,6.57,860.0,apple
76.8,46.8,40.0,16.3,71.5,6.1,832.8,apple
52.8,14.5,39.9,19.8,64.8,6.38,971.8,apple
63.4,39.1,37.9,19.3,67.6,6.41,1016.6,apple
62.7,32.8,35.0,17.9,67.0,6.66,988.9,apple
67.8,26.2,44.7,19.5,67.3,6.63,772.9,apple
43.0,37.7,42.9,15.3,70.1,6.51,918.7,apple
65.9,32.7,35.0,20.2,65.5,6.46,1008.3,apple
62.6,50.1,33.3,15.3,69.4,6.51,926.1,apple
81.0,53.9,53.5,19.2,65.8,6.61,896.9,apple
29.0,21.2,40.2,19.0,67.3,6.42,936.3,apple
45.4,66.2,52.5,15.4,70.8,6.1,941.4,apple
41.0,57.9,46.0,17.8,68.6,6.62,846.8,apple
67.8,35.7,36.5,19.9,68.1,6.56,1002.4,apple
66.2,37.9,34.5,17.5,70.4,6.5,900.1,apple
78.8,39.3,33.0,21.9,67.6,6.35,753.6,apple
74.0,66.1,24.5,14.3,65.0,6.56,1057.6,apple
84.5,35.0,37.6,16.3,66.4,6.26,857.3,apple
41.8,44.0,32.9,19.3,65.3,6.54,1038.6,apple
56.9,23.6,23.6,17.1,68.0,6.49,923.3,apple
61.3,46.7,42.4,16.8,66.4,6.49,799.1,apple
54.4,31.6,13.7,18.2,65.8,6.4,953.6,apple
37.5,48.0,40.5,19.2,70.9,6.52,800.2,apple
40.8,23.6,34.6,18.6,65.8,6.32,850.2,apple
96.4,35.1,73.5,17.9,69.2,6.52,745.3,apple
33.8,29.2,16.1,19.5,65.3,6.54,704.1,apple
78.9,55.7,24.4,22.3,66.9,6.69,1009.9,apple
43.9,53.6,50.1,17.4,67.3,6.4,790.3,apple
83.9,43.7,66.7,16.2,68.1,6.46,994.5,apple
81.9,53.9,34.6,19.1,65.5,6.43,965.2,apple
42.8,62.0,24.9,15.3,69.5,6.36,1066.0,apple
63.6,23.1,19.0,17.0,68.2,6.32,831.9,apple
57.6,32.4,60.7,15.3,68.9,6.59,767.3,apple
70.8,73.0,27.7,19.4,68.2,6.54,782.1,apple
40.4,18.5,38.3,19.1,70.7,6.52,1049.6,apple
68.2,44.6,31.1,18.7,68.0,6.62,912.8,apple
68.8,61.2,49.9,20.1,69.3,6.45,842.3,apple
35.1,52.8,48.5,20.8,67.7,6.46,862.9,apple
78.6,39.2,32.1,19.0,65.4,6.33,1023.2,apple
91.3,23.6,26.7,15.1,68.8,6.43,1047.2,apple
71.2,57.7,43.9,20.0,64.7,6.46,1015.3,apple
81.5,37.4,35.9,19.4,67.2,6.56,909.0,apple
34.3,41.6,19.0,20.3,66.6,6.34,1006.2,apple
48.0,33.5,27.0,19.8,70.5,6.46,728.3,apple
59.2,30.8,10.0,21.0,67.7,6.35,967.2,apple
75.6,50.3,69.4,16.6,66.7,6.48,960.5,apple
61.5,32.7,43.4,13.6,69.2,6.55,815.8,apple
72.6,44.1,69.3,18.3,67.9,6.44,714.8,apple
65.7,47.6,30.9,18.0,62.8,6.38,790.9,apple
51.2,31.1,70.4,17.1,68.2,6.63,907.0,apple
79.8,30.8,41.6,21.6,69.6,6.78,847.1,apple
49.6,7.0,42.9,14.5,67.5,6.53,803.5,apple
63.7,44.9,38.6,19.5,67.1,6.48,976.6,apple
54.1,41.3,23.9,13.4,66.6,6.35,1039.7,apple
65.1,23.4,70.1,16.9,68.2,6.4,867.5,apple
68.4,50.1,44.0,20.1,68.1,6.35,872.5,apple
68.3,30.0,46.2,19.8,67.3,6.42,899.3,apple
50.0,31.7,22.7,18.6,68.6,6.28,1034.4,apple
62.8,44.2,41.1,19.9,70.2,6.62,679.7,apple
46.9,46.4,27.3,18.3,67.1,6.58,1012.6,apple
83.5,43.1,47.4,18.9,68.3,6.49,813.5,apple
53.5,30.3,38.9,17.1,68.4,6.46,931.2,apple
45.8,53.7,40.4,16.7,66.0,6.48,929.2,apple
37.6,54.2,19.6,18.0,70.8,6.51,959.5,apple
64.2,40.1,23.1,17.0,66.9,6.43,1019.3,apple
49.5,24.9,10.0,19.8,70.1,6.57,1022.8,apple
42.3,18.8,61.6,20.1,66.7,6.26,919.5,apple
65.2,44.2,38.6,19.3,70.6,6.41,769.4,apple
64.3,33.7,56.5,17.4,67.0,6.53,903.4,apple
55.8,32.1,49.9,16.3,66.9,6.39,939.0,apple
65.9,60.7,34.9,17.8,65.7,6.23,1036.9,apple
44.8,54.3,37.8,16.1,71.3,6.45,797.7,apple
80.9,27.4,18.9,13.9,68.6,6.31,1108.3,apple
85.6,12.6,39.1,16.2,71.3,6.43,1094.0,apple
49.2,40.3,28.4,20.7,67.6,6.57,1050.6,apple
63.7,66.3,42.3,17.6,67.9,6.71,1013.5,apple
45.3,56.0,34.8,17.8,65.9,6.52,917.5,apple
73.8,46.3,55.3,18.7,67.0,6.45,671.9,apple
58.6,39.5,10.0,18.9,68.3,6.33,1023.1,apple
27.3,23.8,34.8,16.0,67.0,6.49,1104.2,apple
40.5,40.5,27.8,17.1,69.9,6.41,789.1,apple
68.4,50.4,36.2,16.4,66.3,6.29,893.9,apple
58.5,41.8,38.4,19.2,63.9,6.61,863.1,apple
66.6,54.1,62.6,17.6,67.8,6.66,914.2,apple
74.8,36.8,36.0,14.8,68.7,6.56,1027.7,apple
60.0,30.4,45.9,15.9,68.5,6.49,758.8,apple
56.9,54.2,32.9,17.1,66.6,6.4,895.3,apple
39.6,39.0,27.3,17.7,66.3,6.65,873.5,apple
61.2,48.9,52.5,19.1,69.7,6.59,913.4,apple
53.9,29.7,24.5,16.2,68.1,6.56,977.3,apple
64.8,51.5,36.1,11.2,72.1,6.6,829.1,apple
59.8,40.8,59.9,17.2,66.1,6.42,871.0,apple
20.9,41.0,48.7,20.0,66.9,6.36,751.4,apple
54.5,56.4,45.6,18.1,66.9,6.37,943.7,apple
79.3,22.1,41.9,15.0,69.9,6.6,913.0,apple
60.0,28.9,43.9,17.3,65.9,6.39,959.5,apple
51.3,22.6,31.7,13.9,62.3,6.61,1017.6,apple
63.1,18.7,30.8,19.8,69.6,6.39,1015.9,apple
88.6,44.7,32.7,18.7,64.1,6.43,862.5,apple
49.0,33.9,66.9,17.7,64.6,6.31,938.5,apple
46.4,31.0,24.7,18.1,67.6,6.25,848.3,apple
41.1,37.8,43.0,20.5,65.2,6.34,966.0,apple
78.0,49.3,18.5,18.8,67.2,6.49,798.6,apple
48.7,47.0,17.4,14.2,66.3,6.38,888.9,apple
37.2,38.2,21.2,21.7,68.7,6.42,828.2,apple
75.6,38.7,29.1,18.3,66.2,6.52,897.5,apple
55.5,57.9,30.2,18.8,67.0,6.67,944.2,apple
92.5,43.8,55.3,19.7,68.0,6.25,878.0,apple
79.3,41.8,39.2,15.2,67.2,6.37,917.2,apple
62.0,52.3,33.6,19.2,67.8,6.51,814.5,apple
58.9,52.3,44.1,16.9,66.3,6.64,838.6,apple
75.3,55.6,41.4,16.3,64.8,6.39,749.3,apple
62.5,48.8,40.8,19.9,66.3,6.6,844.5,apple
46.0,38.5,17.2,17.2,68.1,6.53,878.4,apple
48.4,28.7,64.3,17.3,61.8,6.78,807.9,apple
50.4,29.0,37.2,15.7,67.1,6.44,754.9,apple
50.6,44.5,38.2,21.3,69.1,6.69,738.9,apple
37.2,46.3,31.5,14.6,67.6,6.43,1021.9,apple
58.4,37.9,42.5,19.2,66.0,6.07,955.5,apple
39.2,24.5,57.3,21.0,68.8,6.55,895.1,apple
63.7,36.4,50.0,16.2,65.6,6.59,936.9,apple
76.6,38.5,66.8,18.5,67.5,6.58,827.8,apple
60.2,41.5,30.0,16.5,64.9,6.5,744.3,apple
60.7,48.2,14.8,22.5,65.4,6.49,1051.1,apple
72.1,47.1,37.3,14.6,70.3,6.42,778.1,apple
61.5,30.5,72.8,19.7,66.6,6.22,777.2,apple
74.9,40.4,47.1,18.1,68.7,6.49,981.9,apple
58.8,41.4,40.9,22.7,66.5,6.41,919.2,apple
60.9,45.5,45.4,14.8,65.7,6.51,673.6,apple
43.6,47.5,54.4,17.0,68.5,6.53,797.9,apple
57.6,64.5,53.4,19.6,66.1,6.61,996.4,apple
93.5,49.8,31.5,18.9,66.6,6.57,1071.6,apple
56.5,38.7,54.8,17.5,67.0,6.4,803.2,apple
56.3,47.2,36.1,17.2,69.2,6.59,840.3,apple
60.3,16.4,28.3,17.6,67.2,6.45,1055.4,apple
65.2,67.2,40.0,18.5,67.7,6.55,1098.1,apple
40.5,61.9,41.9,15.1,65.7,6.42,1022.9,apple
63.1,33.8,21.5,20.5,68.8,6.46,1003.6,apple
91.2,49.4,22.1,16.7,66.8,6.63,1135.4,apple
68.0,37.5,45.7,16.5,71.7,6.68,911.9,apple
64.9,26.1,30.6,18.4,65.9,6.39,918.3,apple
41.2,55.7,65.1,18.1,69.6,6.34,933.1,apple
60.8,30.6,50.8,15.9,68.5,6.51,815.5,apple
54.6,39.5,57.8,17.5,65.4,6.6,873.0,apple
79.3,21.5,43.5,15.9,64.6,6.43,891.3,apple
31.1,58.7,33.7,21.2,66.4,6.36,954.9,apple
95.8,51.1,47.3,14.4,65.5,6.44,797.9,apple
50.4,29.6,19.7,20.4,68.5,6.68,1083.4,apple
72.4,23.3,56.7,18.6,70.0,6.44,637.0,apple
60.7,51.7,35.5,20.8,68.5,6.37,910.3,apple
64.7,37.4,37.4,21.1,66.9,6.26,721.7,apple
60.5,31.9,26.3,19.5,72.8,6.6,871.6,apple
58.8,41.4,37.7,18.9,69.4,6.49,847.3,apple
71.8,38.7,20.4,18.6,68.5,6.55,1107.0,apple
57.8,68.3,39.5,12.0,68.9,6.55,694.9,apple
77.6,18.9,41.4,13.3,69.7,6.59,975.0,apple
69.8,29.5,39.7,16.3,70.4,6.45,952.3,apple
80.5,16.7,34.3,17.0,65.5,6.51,1080.1,apple
69.9,36.4,18.3,18.2,69.8,6.71,831.9,apple
51.2,40.3,21.5,18.4,67.3,6.44,884.6,apple
69.8,47.1,47.6,20.1,67.7,6.46,823.7,apple
75.7,39.9,35.4,15.7,70.5,6.46,880.8,apple
68.3,52.9,46.4,18.4,69.2,6.39,816.8,apple
52.2,30.9,49.5,16.9,66.1,6.47,918.6,apple
49.8,55.4,39.1,20.0,68.0,6.68,1005.3,apple
63.9,34.6,26.1,18.1,69.4,6.58,922.3,apple
64.6,36.7,33.4,18.2,68.9,6.28,785.6,apple
47.2,77.5,19.2,17.4,66.7,6.39,611.8,apple
76.9,54.5,30.7,18.8,65.8,6.33,820.4,apple
45.0,31.1,40.4,19.8,66.7,6.58,796.4,apple
74.3,47.2,27.9,18.1,71.7,6.39,792.2,apple
51.6,44.9,31.4,18.9,67.6,6.6,815.9,apple
71.7,63.9,42.1,18.4,66.8,6.27,910.6,apple
73.7,45.3,50.1,16.8,69.6,6.66,920.8,apple
64.4,18.8,47.7,18.2,66.8,6.46,804.4,apple
46.6,47.5,50.6,14.0,69.7,6.61,941.1,apple
47.2,50.4,53.2,21.4,69.4,6.45,936.6,apple
63.5,50.6,55.4,16.7,67.7,6.51,778.8,apple
58.2,33.8,36.3,18.0,66.1,6.43,800.5,apple
57.5,31.8,44.6,18.1,68.1,6.73,835.7,apple
46.8,32.1,24.4,16.4,66.2,6.37,885.3,apple
55.6,45.0,64.8,20.6,69.3,6.33,943.1,apple
85.6,46.5,35.7,16.5,67.9,6.42,771.4,apple
52.7,47.6,26.5,17.4,64.1,6.51,887.3,apple
31.7,45.3,39.3,19.4,67.8,6.66,954.3,apple
71.8,61.6,69.4,17.9,64.8,6.61,801.8,apple
81.4,27.7,31.9,14.9,68.0,6.62,884.5,apple
90.8,19.9,40.9,20.7,65.5,6.55,732.7,apple
40.7,56.5,34.4,19.1,68.3,6.27,1047.0,apple
28.5,43.7,70.5,15.7,68.1,6.19,949.3,apple
71.0,37.7,32.7,18.5,64.5,6.58,655.1,apple
73.5,35.8,24.0,19.6,68.8,6.38,1010.5,apple
49.0,34.5,55.5,16.7,68.6,6.25,902.1,apple
83.0,38.2,68.2,16.3,69.0,6.5,866.9,apple
72.2,41.5,57.5,22.1,68.3,6.57,945.8,apple
75.2,26.3,34.3,19.0,64.8,6.53,1038.6,apple
51.7,38.3,46.2,19.2,66.9,6.53,1072.8,apple
53.4,33.5,32.5,17.9,67.2,6.44,829.1,apple
55.3,44.9,46.2,15.6,65.7,6.64,906.9,apple
94.1,46.5,47.8,14.3,70.7,6.4,873.4,apple
53.5,22.9,38.1,18.5,69.6,6.5,1004.6,apple
45.3,40.6,15.7,18.1,66.4,6.49,815.6,apple
51.6,67.1,53.0,16.9,67.9,6.38,783.8,apple
40.3,7.5,32.0,19.2,68.5,6.32,1029.8,apple
59.5,36.6,34.3,15.9,66.9,6.42,843.0,apple
94.0,33.2,36.2,14.9,71.6,6.53,924.2,apple
53.2,60.0,32.6,18.0,69.7,6.23,883.0,apple
58.7,14.5,46.9,19.9,67.4,6.54,960.4,apple
74.7,36.9,52.9,16.8,68.2,6.54,762.3,apple
65.7,41.2,35.9,18.0,68.3,6.33,934.5,apple
72.2,25.0,33.7,18.2,63.9,6.48,1155.0,apple
36.1,34.7,37.5,18.6,66.4,6.72,741.1,apple
70.7,50.1,46.6,18.0,67.7,6.5,858.7,apple
35.8,24.2,62.4,18.5,67.7,6.64,743.6,apple
64.5,49.5,40.8,15.0,66.5,6.68,889.7,apple
82.3,36.8,10.0,22.0,68.1,6.66,825.6,apple
55.4,39.1,43.1,17.2,66.1,6.54,1074.4,apple
58.6,44.0,17.7,18.5,69.3,6.52,1104.2,apple
72.9,37.9,27.5,15.9,69.2,6.33,975.7,apple
65.7,26.3,48.2,17.4,68.6,6.54,988.8,apple
57.6,38.9,27.1,17.1,66.8,6.78,1102.1,apple
84.2,38.4,29.1,15.5,67.7,6.58,1032.6,apple
78.6,36.1,51.8,18.3,64.1,6.31,771.7,apple
68.7,51.1,39.3,17.5,69.1,6.39,742.2,apple
71.7,51.2,37.9,18.9,73.0,6.56,757.7,apple
67.0,31.2,34.4,18.2,66.8,6.55,1008.5,apple
82.5,30.9,36.6,14.6,70.4,6.61,991.8,apple
85.9,30.0,64.8,18.3,66.7,6.39,912.9,apple
20.6,44.3,42.2,19.0,68.5,6.69,920.3,apple
39.2,29.1,50.3,18.4,66.4,6.36,994.1,apple
84.8,52.2,51.3,19.0,66.6,6.45,988.3,apple
66.7,42.0,28.3,14.4,67.3,6.52,1095.8,apple
43.5,33.4,52.8,18.3,69.1,6.65,963.6,apple
47.3,35.7,35.6,14.9,66.0,6.57,916.2,apple
43.4,71.0,38.7,18.5,69.4,6.53,995.8,apple
66.6,61.9,10.0,18.5,68.2,6.39,924.2,apple
58.1,40.7,26.8,18.1,69.4,6.64,787.8,apple
10.8,19.3,17.8,13.3,67.1,6.51,873.0,apple
51.3,64.4,34.2,18.2,65.3,6.47,958.5,apple
56.0,35.3,42.7,17.1,63.9,6.58,818.4,apple
59.8,35.4,36.7,14.8,64.1,6.72,1077.1,apple
75.6,37.9,54.5,17.3,68.1,6.59,993.2,apple
48.4,15.9,16.4,19.0,66.8,6.67,1033.4,apple
42.0,60.7,60.2,17.3,67.5,6.6,926.3,apple
71.1,51.6,38.5,19.9,64.6,6.59,1026.5,apple
65.5,33.4,37.7,18.9,69.7,6.42,940.4,apple
55.0,25.8,35.0,12.7,66.7,6.45,812.9,apple
51.2,46.8,20.3,20.2,69.9,6.65,870.1,apple
57.6,42.1,41.5,15.9,68.5,6.7,911.2,apple
65.2,52.9,38.6,21.6,68.2,6.6,1034.2,apple
52.4,44.0,32.4,17.4,67.8,6.52,909.9,apple
70.7,53.3,66.6,16.8,68.0,6.65,888.1,apple
73.4,41.1,50.1,16.8,68.9,6.53,971.1,apple
47.1,39.0,24.1,15.2,68.8,6.63,900.2,apple
63.3,32.2,37.9,17.2,69.4,6.61,931.6,apple
70.6,50.4,44.3,23.1,65.2,6.52,760.1,apple
66.8,38.5,22.3,15.0,64.2,6.55,878.0,apple
58.5,35.0,43.3,16.4,67.4,6.9,737.7,apple
65.0,38.1,51.2,15.7,66.3,6.61,788.4,apple
33.8,50.4,28.6,21.4,65.6,6.26,973.6,apple
48.3,49.9,30.1,19.6,68.2,6.59,854.5,apple
43.5,35.4,50.3,16.6,68.7,6.56,982.1,apple
85.9,47.2,25.3,22.6,66.6,6.42,1081.1,apple
83.1,53.5,35.2,18.3,69.4,6.67,775.1,apple
62.9,29.1,48.6,19.8,69.3,6.61,1046.1,apple
77.6,28.8,22.7,17.9,72.1,6.61,1021.4,apple
56.8,37.2,55.0,20.5,65.0,6.29,845.0,apple
62.1,40.6,35.8,16.0,65.2,6.35,1037.7,apple
87.4,52.6,39.9,15.6,64.4,6.23,935.3,apple
83.4,47.6,26.2,14.0,68.3,6.44,854.2,apple
85.3,45.5,41.4,14.8,69.1,6.59,987.5,apple
74.5,41.2,25.1,19.5,68.8,6.5,1023.5,apple
75.0,42.6,50.7,18.2,67.3,6.39,868.1,apple
54.6,42.6,43.5,19.0,70.0,6.47,809.8,apple
35.5,34.2,31.7,23.2,66.6,6.74,959.6,apple
69.4,39.3,59.3,18.0,68.3,6.55,934.6,apple
85.8,52.5,48.8,14.8,68.9,6.46,644.8,apple
55.1,43.1,36.2,17.0,66.8,6.51,967.6,apple
40.9,16.6,54.0,20.0,66.5,6.44,945.3,apple
59.0,24.5,49.7,17.3,68.3,6.41,778.3,apple
38.2,67.3,46.2,18.2,66.7,6.53,950.0,apple
59.3,38.6,67.9,21.4,65.5,6.44,873.4,apple
59.4,41.7,46.5,16.3,68.8,6.3,839.5,apple
69.1,42.7,33.5,18.7,65.8,6.42,1098.8,apple
69.2,26.8,39.3,15.2,68.3,6.3,1118.1,apple
62.1,32.7,24.5,15.4,65.2,6.38,1000.6,apple
72.4,48.2,14.7,14.9,69.2,6.73,867.0,apple
70.0,33.3,17.9,17.9,64.7,6.34,834.8,apple
46.2,50.6,10.0,16.7,66.2,6.35,928.9,apple
74.8,51.8,41.6,17.5,66.1,6.38,888.5,apple
66.5,35.8,10.0,16.9,68.3,6.49,911.3,apple
55.9,37.7,42.6,17.6,67.6,6.54,968.5,apple
40.0,54.7,53.6,21.9,68.8,6.53,984.2,apple
70.9,29.9,11.3,18.7,68.5,6.47,895.6,apple
40.6,43.6,24.5,15.6,66.9,6.48,914.1,apple
68.6,34.5,46.4,19.0,65.9,6.38,758.5,apple
78.8,58.1,29.4,20.3,67.9,6.36,1078.0,apple
52.4,35.6,26.0,20.6,64.4,6.42,933.3,apple
69.3,33.3,34.0,16.1,64.2,6.41,1034.6,apple
54.0,18.5,39.0,17.2,65.6,6.27,943.7,apple
37.0,39.4,37.9,15.7,70.3,6.53,787.5,apple
55.6,33.3,45.8,13.9,69.3,6.45,934.8,apple
56.1,48.4,44.0,17.5,66.0,6.76,879.0,apple
41.0,45.9,54.9,12.9,65.3,6.62,862.9,apple
39.9,42.1,55.8,18.6,66.8,6.48,900.4,apple
52.0,21.9,23.2,16.3,67.3,6.54,901.8,apple
49.5,38.1,39.6,13.4,68.2,6.5,977.6,apple
74.9,20.6,64.1,17.0,70.0,6.34,851.7,apple
58.0,47.3,10.6,13.2,66.3,6.48,946.5,apple
50.0,46.7,45.5,17.9,66.3,6.49,918.5,apple
93.3,44.7,32.5,18.4,69.8,6.38,966.2,apple
51.6,53.0,38.3,22.6,65.2,6.44,858.5,apple
56.9,31.7,33.7,18.2,69.7,6.46,906.4,apple
56.0,44.8,33.0,19.1,70.7,6.49,972.9,apple
69.1,43.7,70.0,16.7,66.8,6.46,932.4,apple
45.4,55.1,35.8,19.8,66.8,6.33,823.3,apple
60.1,35.2,50.5,15.2,64.7,6.4,705.3,apple
52.2,52.2,16.7,16.1,67.2,6.56,1022.6,apple
45.8,37.6,42.6,15.5,69.7,6.47,803.0,apple
41.0,50.7,33.0,15.8,67.2,6.44,916.0,apple
66.2,41.7,32.7,12.1,68.2,6.62,935.6,apple
54.8,39.3,10.1,17.0,67.2,6.32,967.6,apple
58.5,51.4,53.8,19.5,64.9,6.46,900.1,apple
49.5,39.2,39.6,20.2,66.3,6.39,937.6,apple
45.4,28.3,10.0,20.1,63.7,6.35,874.6,apple
68.8,22.4,58.1,21.1,66.4,6.58,681.7,apple
63.8,42.7,32.7,20.1,67.6,6.39,881.9,apple
80.0,29.8,47.9,19.3,73.5,6.39,933.2,apple
29.9,35.1,62.2,12.8,68.4,6.53,848.8,apple
54.1,40.4,29.0,20.1,71.9,6.28,996.0,apple
70.2,39.8,10.0,18.2,67.7,6.22,1030.1,apple
37.1,43.0,23.8,16.8,67.0,6.44,726.4,apple
63.9,44.2,39.0,20.6,67.0,6.66,916.8,apple
88.0,27.9,42.9,17.4,70.4,6.07,940.4,apple
56.4,38.0,17.4,14.6,64.9,6.64,1049.1,apple
46.6,43.0,16.3,20.4,68.8,6.24,885.3,apple
62.6,26.5,56.8,18.7,66.0,6.56,833.8,apple
58.3,5.0,41.0,19.0,66.9,6.55,698.6,apple
36.2,48.8,45.1,19.5,67.6,6.63,891.9,apple
68.3,27.2,30.7,14.8,70.9,6.54,969.8,apple
70.6,60.0,38.7,16.0,66.5,6.43,939.6,apple
55.1,50.6,50.9,14.9,67.9,6.6,904.0,apple
74.4,38.6,36.3,17.4,69.2,6.36,982.0,apple
64.0,38.7,57.0,17.8,69.8,6.56,1024.1,apple
75.7,22.3,29.3,16.6,68.1,6.39,855.3,apple
45.6,31.9,52.6,17.2,69.5,6.34,799.5,apple
83.6,40.3,18.3,20.9,65.0,6.42,952.2,apple
45.7,55.6,42.9,22.4,67.4,6.41,843.0,apple
47.6,45.6,34.9,18.6,66.9,6.42,772.0,apple
53.1,30.5,24.1,19.4,66.7,6.56,972.1,apple
67.1,42.9,40.3,18.2,70.1,6.7,825.8,apple
64.9,25.8,12.0,22.7,67.1,6.48,1096.2,apple
38.0,24.0,12.5,15.3,65.7,6.68,869.8,apple
50.7,27.4,46.3,16.7,67.4,6.5,860.2,apple
90.6,66.1,19.6,16.2,64.7,6.41,978.1,apple
31.1,41.0,34.1,20.4,69.5,6.49,1061.4,apple
24.1,50.7,26.5,18.5,66.0,6.44,947.7,apple
63.8,18.6,51.5,17.5,66.4,6.37,925.3,apple
54.3,37.6,35.2,19.3,66.6,6.38,845.0,apple
90.8,29.6,55.2,20.9,65.8,6.59,725.1,apple
53.7,23.6,50.1,15.7,67.5,6.41,861.1,apple
62.2,40.8,77.8,16.2,66.0,6.41,833.6,apple
58.5,38.4,42.9,17.5,70.0,6.53,890.0,apple
63.2,64.5,25.3,19.9,69.4,6.56,1034.5,apple
102.2,60.0,40.6,19.4,69.5,6.4,1017.4,apple
61.6,34.6,63.7,16.0,63.2,6.47,998.0,apple
33.7,56.1,41.5,18.2,68.9,6.55,803.9,apple
58.5,43.5,49.0,20.0,66.9,6.55,941.1,apple
71.6,57.4,32.2,18.3,66.8,6.43,946.5,apple
51.2,35.8,58.1,18.6,70.9,6.64,759.1,apple
57.8,43.6,34.0,18.4,65.7,6.57,963.3,apple
44.2,46.0,44.5,17.6,66.4,6.78,910.4,apple
73.8,36.8,35.4,19.5,64.3,6.43,649.9,apple
67.5,58.2,36.5,18.0,68.4,6.52,815.9,apple
61.5,48.3,48.6,18.2,65.2,6.5,801.5,apple
64.2,25.8,36.9,18.5,66.9,6.48,1068.5,apple
66.2,35.3,63.5,18.1,68.5,6.55,909.0,apple
33.8,59.7,49.6,15.1,66.5,6.41,831.4,apple
45.6,40.2,30.5,16.7,67.2,6.46,969.7,apple
49.3,22.0,47.9,16.1,66.0,6.68,995.6,apple
30.2,48.1,62.3,17.1,68.0,6.34,741.9,apple
57.5,32.8,33.4,17.2,69.0,6.58,1021.2,apple
55.8,31.9,20.0,19.3,66.9,6.48,773.9,apple
39.5,43.4,13.1,17.4,66.6,6.58,872.2,apple
38.6,23.0,54.7,17.9,65.8,6.5,674.4,apple
60.4,31.4,29.3,14.8,70.3,6.52,888.1,apple
33.8,52.3,50.2,17.7,69.4,6.53,700.3,apple
60.4,45.4,24.5,18.9,67.7,6.69,1123.6,apple
42.3,36.7,46.8,14.2,67.3,6.47,717.3,apple
71.3,30.8,41.5,20.6,68.2,6.72,830.8,apple
75.3,27.4,20.2,18.4,67.6,6.56,963.7,apple
32.2,30.0,38.1,19.2,69.1,6.64,884.7,apple
45.5,44.1,53.5,16.0,65.1,6.45,852.7,apple
58.8,36.3,42.7,18.8,69.3,6.61,1159.8,apple
73.4,52.8,35.4,17.5,67.2,6.57,903.5,apple
60.2,32.3,32.0,18.4,70.2,6.28,933.1,apple
32.7,31.7,36.8,16.3,62.9,6.48,953.9,apple
59.9,53.9,62.0,17.2,69.8,6.74,968.1,apple
84.1,41.2,28.1,17.0,63.4,6.54,1023.3,apple
72.6,43.8,41.9,17.6,64.5,6.45,1046.8,apple
29.7,32.7,41.2,19.4,68.6,6.34,852.8,apple
51.9,51.3,47.3,16.4,67.6,6.27,917.4,apple
71.1,47.0,32.8,16.6,70.8,6.45,961.9,apple
78.2,46.7,42.1,15.7,69.5,6.47,1065.1,apple
54.2,35.1,50.2,14.4,70.5,6.83,859.2,apple
72.1,11.7,15.7,18.7,63.4,6.47,953.3,apple
60.8,25.1,46.8,14.5,65.8,6.35,965.1,apple
67.3,44.7,52.6,22.8,63.9,6.44,863.1,apple
40.3,42.4,26.9,16.8,62.9,6.58,872.0,apple
60.0,32.3,25.9,17.8,66.7,6.41,995.8,apple
47.6,44.2,40.5,21.7,68.7,6.48,714.5,apple
56.9,46.6,58.2,20.6,66.5,6.63,786.5,apple
62.3,37.6,45.8,19.1,66.8,6.65,838.9,apple
54.1,36.3,38.3,15.4,67.4,6.49,876.3,apple
59.1,35.1,47.5,20.9,68.8,6.49,679.7,apple
61.6,23.3,31.4,19.9,71.4,6.52,710.4,apple
89.6,38.2,57.0,20.7,68.3,6.44,906.9,apple
71.1,34.3,57.4,17.7,68.2,6.62,934.8,apple
44.7,39.1,19.2,16.0,67.0,6.55,781.6,apple
65.7,30.5,76.3,17.5,65.9,6.35,997.2,apple
44.9,37.9,22.5,18.4,65.0,6.56,1002.5,apple
60.2,52.4,67.0,20.1,67.7,6.67,932.1,apple
61.9,32.4,53.0,18.3,69.3,6.68,926.0,apple
64.0,48.4,15.5,23.9,76.7,6.79,1478.5,orange
79.8,43.5,22.7,25.8,72.9,6.78,1417.5,orange
51.2,52.5,17.8,19.3,70.7,6.81,1719.7,orange
51.1,35.6,37.2,26.5,74.4,6.69,1331.2,orange
51.4,24.7,18.3,18.2,78.7,6.73,1237.7,orange
58.1,39.2,22.5,25.0,77.0,6.57,1226.6,orange
47.5,42.6,31.5,22.7,74.8,6.83,1032.6,orange
50.6,40.0,32.1,23.0,75.2,6.43,1148.3,orange
27.7,46.4,20.6,19.5,77.0,6.57,1307.4,orange
56.4,40.8,13.1,20.9,75.2,6.94,1369.6,orange
66.4,47.7,29.1,24.1,83.1,6.71,1246.3,orange
40.5,52.0,25.2,23.6,73.1,6.33,1688.3,orange
53.3,15.2,32.8,28.3,73.4,6.6,1459.1,orange
75.0,49.6,32.2,24.2,71.1,6.58,1204.9,orange
71.8,49.6,37.2,26.6,74.5,6.86,1096.6,orange
34.6,52.0,41.9,25.8,72.1,6.66,1464.2,orange
47.6,26.0,29.8,19.4,70.6,6.73,1293.0,orange
88.2,55.1,26.9,27.2,74.4,6.74,1469.3,orange
75.3,32.3,40.0,23.8,75.1,6.89,1200.2,orange
43.4,31.9,37.3,22.9,79.8,6.68,1306.7,orange
93.2,29.4,10.0,20.0,72.9,6.74,1474.4,orange
70.3,11.5,26.6,25.9,73.0,6.89,1140.0,orange
50.1,52.5,19.6,24.6,71.9,6.95,1654.3,orange
53.6,34.0,47.8,21.9,77.4,6.86,1408.1,orange
39.7,45.8,14.9,23.2,76.3,6.87,1278.7,orange
57.0,17.3,29.2,20.9,74.7,6.67,1202.1,orange
70.4,55.9,18.2,19.7,74.0,6.7,1692.5,orange
52.3,36.1,28.9,23.9,75.5,6.78,1494.9,orange
79.9,44.4,12.1,21.4,72.8,6.91,1483.2,orange
76.6,20.1,30.6,24.0,73.7,6.82,1253.4,orange
70.5,25.0,14.3,27.5,74.5,6.63,1185.2,orange
40.8,51.1,32.8,24.6,72.0,6.74,1385.8,orange
80.1,54.0,26.0,20.7,73.9,6.55,1263.0,orange
77.7,29.2,13.2,21.7,74.6,6.84,1181.6,orange
60.6,59.4,14.1,20.0,74.9,6.94,1433.4,orange
62.0,43.9,25.3,16.3,73.0,6.78,1553.0,orange
56.2,32.8,35.7,20.1,76.5,6.89,1195.2,orange
72.4,47.6,32.4,18.8,76.1,6.72,1642.5,orange
74.4,50.2,32.9,17.8,78.6,6.65,1411.6,orange
74.5,48.5,40.6,22.9,76.0,7.1,1434.0,orange
64.9,33.3,35.9,24.3,74.7,6.63,1037.9,orange
64.8,34.5,32.5,21.4,79.1,6.48,1604.7,orange
51.7,33.7,38.0,24.0,72.6,6.59,1158.2,orange
90.3,40.2,39.9,23.1,74.2,6.31,1219.3,orange
65.3,40.7,40.4,24.5,69.0,6.65,1344.6,orange
44.6,51.0,22.5,22.5,72.4,6.85,1626.3,orange
71.1,45.4,29.3,18.1,73.8,7.04,1127.1,orange
50.1,28.6,30.1,19.7,73.6,6.63,1210.1,orange
67.3,21.4,52.9,20.6,77.8,6.86,1519.7,orange
50.6,44.8,14.5,21.8,77.1,6.55,1469.1,orange
60.0,22.4,31.7,22.3,75.0,7.01,990.7,orange
48.5,41.5,30.7,24.0,76.1,6.72,1375.0,orange
94.1,31.0,26.2,25.1,75.1,6.72,1279.5,orange
77.8,43.9,37.0,20.1,78.4,6.71,1545.6,orange
72.1,51.4,54.3,20.0,79.7,7.03,1374.2,orange
67.3,41.4,22.9,24.5,78.0,6.74,1250.7,orange
57.0,20.1,29.5,23.3,76.8,6.84,1495.0,orange
46.3,49.1,39.4,23.9,74.8,6.73,1026.2,orange
54.4,48.2,23.4,27.0,78.2,6.6,1345.8,orange
51.2,36.7,35.9,22.1,75.0,6.58,1475.9,orange
44.0,26.4,60.3,21.7,77.0,6.87,982.6,orange
46.2,45.1,33.6,21.9,73.3,6.87,1463.0,orange
63.5,37.0,45.2,17.3,73.2,6.95,1368.6,orange
73.3,45.8,10.0,17.7,79.7,6.68,1639.1,orange
56.2,54.6,22.5,22.2,71.6,6.7,1160.2,orange
72.9,46.4,31.0,21.5,74.5,6.65,1555.1,orange
14.5,31.9,18.2,24.8,73.5,7.12,1162.8,orange
46.2,22.6,30.5,22.7,77.8,6.67,1440.7,orange
53.7,57.1,42.1,27.8,74.8,6.78,1261.8,orange
49.8,43.4,26.8,24.5,73.3,6.53,1494.1,orange
52.3,49.4,21.5,23.9,71.7,6.98,1366.2,orange
65.7,28.9,33.5,20.3,71.4,6.49,1210.6,orange
46.4,7.1,31.9,22.8,72.5,6.95,1482.0,orange
63.0,34.0,46.8,20.3,75.8,6.73,1575.0,orange
41.4,42.7,30.6,21.1,73.0,6.75,1419.5,orange
59.7,40.5,29.1,23.9,75.1,7.13,1420.2,orange
59.3,52.6,11.1,23.0,74.1,6.89,1307.1,orange
69.6,27.7,30.4,26.3,74.9,6.74,1484.3,orange
76.2,56.1,45.1,22.9,75.9,6.5,1043.4,orange
37.4,22.6,27.0,21.7,70.1,6.88,1299.5,orange
68.1,42.3,41.5,19.7,75.1,6.92,1205.7,orange
43.5,44.2,25.7,22.8,73.1,6.85,1271.0,orange
55.8,34.4,40.6,20.4,77.4,6.59,1221.7,orange
46.4,42.5,12.4,26.3,74.1,6.81,1486.3,orange
72.5,30.8,37.6,23.1,76.1,6.75,1341.7,orange
67.8,26.0,41.6,23.7,77.9,6.57,1513.4,orange
65.6,49.2,30.1,20.4,75.5,6.89,1293.0,orange
53.5,63.2,10.0,23.1,77.6,6.7,1085.0,orange
16.0,53.1,17.1,22.7,75.8,6.62,1014.0,orange
66.4,33.1,26.3,24.9,73.8,6.32,1203.8,orange
94.4,34.2,26.1,22.3,76.7,6.64,1102.8,orange
51.5,41.5,42.4,19.1,77.2,6.95,1108.0,orange
65.8,62.4,24.8,23.2,75.2,6.63,1422.7,orange
71.7,47.0,47.5,24.7,73.5,6.92,1377.2,orange
83.0,39.1,23.9,27.1,74.7,6.48,1358.1,orange
37.7,22.6,31.2,20.2,79.4,6.92,1208.9,orange
34.3,27.9,32.5,20.0,78.9,6.95,1312.2,orange
86.3,47.5,28.1,25.3,75.9,6.66,1226.7,orange
70.0,48.6,23.9,18.8,68.7,6.8,1190.8,orange
62.1,33.7,42.3,25.7,73.3,6.97,1587.5,orange
35.4,45.9,22.2,19.5,74.0,6.71,1127.3,orange
66.9,37.6,41.0,19.2,73.9,6.95,1447.5,orange
43.6,68.3,30.7,23.6,76.3,6.85,1347.0,orange
42.8,27.5,21.0,22.7,75.3,6.78,1086.4,orange
70.1,46.5,33.6,21.8,74.4,6.81,1382.0,orange
58.6,47.8,36.5,23.2,74.6,6.63,1393.4,orange
50.9,50.7,11.6,23.8,74.5,6.71,1278.7,orange
72.7,30.9,35.7,27.6,75.1,6.83,1661.1,orange
55.9,35.4,26.7,25.8,71.4,6.89,1079.6,orange
62.0,41.3,36.7,19.7,71.7,7.0,1288.5,orange
32.6,35.9,38.7,29.5,70.4,6.74,1192.1,orange
71.3,49.7,44.8,26.3,72.6,6.82,1115.1,orange
64.1,34.1,31.6,24.3,77.7,6.76,1332.0,orange
25.1,30.1,20.4,18.4,72.5,6.58,1505.2,orange
33.6,42.9,27.8,23.0,73.9,6.62,1155.8,orange
73.8,36.1,25.0,22.6,75.0,6.69,1474.5,orange
83.5,39.3,39.5,24.2,77.9,6.78,1233.0,orange
73.0,24.8,25.0,18.4,76.7,6.63,1542.3,orange
40.9,28.3,30.9,20.4,78.1,6.67,1488.0,orange
50.7,30.0,41.5,22.6,72.9,7.06,1299.0,orange
71.0,26.6,24.7,21.8,72.8,6.84,1426.8,orange
89.2,57.8,41.3,20.2,79.0,6.8,1270.8,orange
70.3,47.9,25.6,26.1,79.3,6.85,1524.0,orange
51.7,56.3,27.6,24.6,73.5,6.59,1538.7,orange
39.0,47.3,28.1,19.7,72.7,6.62,1194.2,orange
67.5,58.3,33.7,23.8,77.7,6.73,1005.4,orange
64.7,40.9,19.1,27.8,74.2,6.41,1068.0,orange
70.4,34.2,37.9,27.9,69.5,6.88,1296.1,orange
56.6,34.2,29.6,20.1,76.0,6.92,1287.4,orange
38.7,46.3,22.7,17.4,70.0,6.59,1308.1,orange
67.4,65.8,10.3,25.6,74.4,6.77,1072.9,orange
45.9,23.3,21.8,20.6,72.7,6.83,1649.5,orange
73.7,53.5,31.1,27.4,74.3,6.7,1175.0,orange
46.2,60.2,34.1,14.5,72.0,6.97,1216.6,orange
62.8,51.4,23.4,25.3,72.6,6.45,1688.4,orange
64.1,28.8,15.5,22.6,77.8,6.64,1532.6,orange
68.2,31.8,41.4,25.9,75.5,6.68,1030.0,orange
68.1,45.0,28.9,21.9,75.5,6.55,1567.7,orange
67.9,37.5,10.4,20.6,72.6,6.59,1479.1,orange
63.9,45.5,31.2,20.1,74.3,6.73,1410.9,orange
76.0,27.1,30.7,14.2,73.7,6.76,1341.7,orange
59.5,32.6,10.7,23.7,71.7,6.52,1303.6,orange
81.3,65.9,22.6,20.5,76.9,6.47,1154.9,orange
53.4,34.8,21.5,21.0,77.7,6.66,1491.6,orange
54.3,70.0,27.5,24.8,73.2,6.76,1373.3,orange
63.2,69.8,29.0,24.4,74.6,6.83,1415.2,orange
51.8,32.8,18.8,16.0,73.7,6.77,1678.4,orange
67.6,67.8,32.9,17.5,76.3,6.44,1242.4,orange
62.8,47.3,38.5,19.0,77.4,6.99,1410.4,orange
52.0,71.2,23.6,24.0,73.4,6.93,1397.8,orange
39.5,33.1,33.6,24.5,73.8,6.64,1158.4,orange
51.1,53.6,37.8,21.9,72.7,6.88,1528.9,orange
66.7,41.7,38.3,25.0,78.3,6.44,1325.8,orange
56.1,50.3,39.5,22.3,72.3,6.75,1202.4,orange
56.9,24.1,38.8,22.6,77.7,6.7,1353.9,orange
74.2,43.9,18.2,22.3,72.0,6.66,1520.5,orange
78.2,41.4,33.4,24.8,77.1,6.57,1154.3,orange
59.1,57.5,22.6,22.3,75.2,6.88,1363.2,orange
64.9,43.8,17.8,24.7,78.1,6.77,1434.6,orange
33.0,40.6,40.8,23.5,79.0,6.6,1840.5,orange
58.4,48.8,38.0,22.4,73.0,6.79,1633.4,orange
80.4,58.0,30.2,25.5,78.1,6.81,1331.4,orange
52.6,48.2,10.0,20.8,77.5,6.47,1380.6,orange
55.5,24.0,47.7,19.9,74.8,6.69,1258.0,orange
41.8,48.1,24.8,21.0,77.8,6.6,1064.5,orange
41.8,80.0,21.7,22.9,73.8,6.56,1255.0,orange
52.7,35.1,27.0,18.8,75.7,6.75,1519.6,orange
56.9,27.7,51.4,25.3,77.9,6.74,1312.7,orange
67.9,40.7,22.3,22.5,79.6,6.83,1349.8,orange
63.8,39.8,11.4,25.5,72.6,6.6,1137.5,orange
66.7,36.0,33.9,28.3,73.8,6.83,1464.0,orange
56.9,34.8,22.3,23.5,75.2,6.81,1513.7,orange
54.3,36.0,27.1,20.5,74.4,6.94,1280.3,orange
65.2,40.7,20.4,22.4,74.1,6.86,1604.7,orange
56.6,41.0,43.9,23.8,72.4,6.65,1061.2,orange
43.0,14.7,17.2,24.1,74.2,6.69,1375.3,orange
20.4,33.0,19.0,25.4,73.7,6.94,1243.2,orange
68.3,43.0,54.3,23.2,76.4,7.03,1433.5,orange
49.4,32.1,27.1,17.2,79.4,6.72,1680.1,orange
77.7,25.2,50.9,25.5,80.0,6.75,980.0,orange
41.5,49.2,43.4,23.5,73.3,6.68,1434.6,orange
20.2,19.6,24.2,23.2,78.4,6.77,948.1,orange
77.8,51.4,13.6,22.5,72.8,6.92,1196.8,orange
78.2,46.7,34.3,24.9,79.9,6.8,1278.2,orange
53.4,31.5,38.2,21.6,77.3,6.69,1531.1,orange
37.7,49.4,39.8,23.1,74.1,7.02,1393.1,orange
86.6,47.9,23.9,21.7,76.0,6.97,1132.5,orange
69.0,45.6,54.3,24.2,75.8,6.58,1425.1,orange
78.6,30.6,28.1,22.7,78.5,6.76,1604.3,orange
55.4,49.4,32.5,21.2,70.0,7.09,1326.4,orange
52.9,28.3,23.1,21.8,72.7,6.71,1158.4,orange
63.2,38.0,26.3,23.7,72.1,6.58,1481.5,orange
35.1,37.8,16.7,24.8,70.9,6.6,1377.7,orange
55.3,40.7,31.2,18.1,80.0,6.49,1041.7,orange
63.1,40.6,36.4,24.1,73.9,6.79,1342.3,orange
50.4,52.7,15.4,20.9,71.7,6.7,1319.9,orange
60.1,40.9,39.2,21.3,76.7,6.51,1271.4,orange
52.2,37.1,36.2,20.4,76.2,6.49,1153.9,orange
54.6,50.7,24.9,18.6,75.1,6.59,1305.6,orange
35.4,36.7,37.8,21.6,74.5,7.0,1482.8,orange
67.2,49.0,30.8,20.7,78.2,6.6,1314.8,orange
65.9,33.8,26.1,22.6,76.8,6.51,1196.3,orange
49.2,22.7,41.6,22.0,78.9,6.77,1424.9,orange
53.8,32.0,16.9,22.9,75.1,6.89,1315.3,orange
63.9,53.5,33.8,19.8,77.7,6.65,1298.3,orange
89.9,54.6,15.4,27.4,74.6,6.68,1360.2,orange
45.6,42.4,26.9,27.8,75.3,6.85,1424.7,orange
64.9,51.3,42.7,21.6,74.3,6.77,1493.8,orange
73.0,38.3,35.7,22.5,79.8,6.27,1293.3,orange
38.0,37.4,36.1,22.6,76.0,6.48,1542.2,orange
60.6,41.7,19.0,25.8,69.5,6.83,1249.6,orange
68.2,31.1,20.8,25.5,75.8,6.8,1227.6,orange
65.1,35.6,35.2,24.6,75.8,6.96,1432.9,orange
73.2,38.2,10.6,23.6,72.8,6.57,1421.3,orange
60.5,35.8,19.4,19.1,77.7,6.74,1152.2,orange
71.2,29.8,27.1,24.4,73.2,7.01,1447.8,orange
71.9,21.0,28.0,21.6,71.4,6.62,1396.9,orange
44.4,40.2,10.0,19.4,75.9,6.47,1487.0,orange
69.9,34.3,37.4,19.7,78.2,6.64,1226.4,orange
64.9,42.3,35.1,18.6,74.7,6.78,1241.5,orange
43.2,19.8,32.2,22.5,72.5,6.45,1376.1,orange
51.7,35.8,41.2,24.8,77.5,6.83,1207.8,orange
58.6,59.5,16.9,16.7,77.2,6.64,1516.7,orange
87.3,26.7,19.4,22.0,75.5,6.76,1447.1,orange
74.4,28.4,28.6,16.2,73.3,6.81,1188.2,orange
46.1,26.4,46.2,26.0,76.3,6.96,1321.9,orange
80.9,51.8,40.7,23.9,72.4,6.71,1151.0,orange
43.2,29.5,22.7,21.4,73.0,6.67,1348.9,orange
68.8,37.8,39.6,22.1,79.2,6.68,1413.1,orange
69.0,56.9,12.7,19.4,76.7,6.86,1269.7,orange
100.6,29.0,33.7,19.4,77.0,6.87,1434.2,orange
65.8,41.0,31.3,22.3,75.9,6.65,1443.2,orange
69.6,31.1,26.4,25.3,70.2,6.99,1722.1,orange
48.6,28.4,24.9,24.7,74.9,6.62,1357.6,orange
46.4,49.2,21.3,22.2,72.9,6.89,1403.2,orange
69.1,25.0,20.2,27.5,77.1,6.72,1447.2,orange
45.2,39.0,42.6,21.7,77.5,6.33,1577.7,orange
63.1,41.6,56.7,23.1,72.1,6.89,969.4,orange
46.6,34.9,21.0,21.6,79.1,6.79,1454.8,orange
80.4,41.7,38.8,16.9,76.6,6.75,1231.4,orange
82.9,16.8,28.9,18.1,74.3,6.6,1284.2,orange
76.4,33.7,21.7,25.3,74.1,6.58,1464.5,orange
66.7,39.4,31.5,25.0,74.1,6.81,1396.1,orange
49.7,34.0,27.0,17.1,73.4,6.6,1334.2,orange
70.9,51.2,24.3,22.9,76.3,6.89,1240.0,orange
52.5,59.6,22.6,21.8,73.9,6.53,1387.0,orange
70.6,70.4,38.2,20.5,76.4,6.82,1268.0,orange
55.5,52.7,17.5,24.7,76.2,6.68,1778.9,orange
57.6,52.8,36.1,17.6,77.0,6.86,1226.8,orange
55.9,49.8,23.5,23.4,77.2,6.89,1347.4,orange
69.1,27.0,31.8,23.1,74.2,6.78,1410.1,orange
77.7,31.3,30.1,28.0,77.6,6.73,1226.0,orange
29.6,45.4,17.6,28.0,76.6,6.86,1324.0,orange
58.9,69.8,46.2,24.1,72.2,6.53,1367.7,orange
49.6,50.2,24.0,23.4,76.5,6.65,1427.3,orange
55.7,38.5,36.5,26.1,72.7,7.02,1147.0,orange
66.1,53.0,58.6,25.4,75.7,6.9,1441.5,orange
65.1,44.4,24.2,23.8,77.6,6.72,1221.0,orange
60.2,34.5,33.8,21.6,74.7,6.86,1003.7,orange
67.7,36.4,40.9,20.1,76.3,6.86,1191.3,orange
48.4,65.7,28.7,19.7,76.9,6.91,1305.4,orange
77.6,34.5,46.7,22.7,78.9,6.76,1496.7,orange
49.0,39.3,30.2,22.6,74.1,6.79,1397.2,orange
59.8,51.5,26.4,19.9,69.8,6.52,1264.3,orange
61.8,34.1,34.0,22.4,77.1,6.9,1524.3,orange
60.7,25.6,36.0,25.7,81.0,7.04,1621.1,orange
48.5,20.7,45.7,25.2,71.3,6.66,967.0,orange
43.4,27.9,39.6,25.6,70.8,6.79,1321.7,orange
67.9,35.4,16.7,25.5,76.8,6.55,1306.6,orange
76.0,34.1,14.6,20.2,71.3,6.7,1411.5,orange
71.4,44.2,35.8,21.8,71.8,6.97,1451.6,orange
79.4,30.2,23.0,22.8,75.2,6.92,1400.1,orange
68.1,56.6,24.2,21.5,77.8,6.47,1258.7,orange
47.6,26.8,25.4,26.2,74.1,6.9,1523.6,orange
73.0,50.0,23.0,25.9,75.1,6.56,1281.3,orange
61.2,44.2,24.9,16.7,76.1,6.75,1295.7,orange
67.5,26.7,21.8,19.4,72.8,6.52,1460.9,orange
77.3,63.6,40.9,26.5,78.0,6.89,1588.3,orange
62.9,38.3,26.9,23.1,73.8,6.78,1480.9,orange
29.9,54.3,42.9,25.7,75.4,6.51,1207.1,orange
52.7,45.5,26.2,21.3,74.3,6.7,1357.6,orange
51.4,39.8,13.3,23.5,76.0,6.77,1600.2,orange
65.3,55.9,32.4,26.3,70.2,6.73,1206.3,orange
67.7,23.4,49.9,24.8,77.1,6.54,1489.5,orange
36.7,50.5,20.2,24.2,75.9,6.56,1256.3,orange
60.9,41.8,38.7,22.0,74.5,6.56,1380.8,orange
75.2,44.2,41.2,28.6,73.0,6.79,1053.6,orange
16.5,30.2,34.4,18.8,78.7,6.59,1302.4,orange
41.8,29.5,31.1,22.3,73.2,6.5,1157.3,orange
45.4,32.4,30.1,16.5,74.7,6.54,1554.9,orange
28.9,25.4,23.2,22.9,73.1,6.75,1320.9,orange
38.1,58.1,10.0,19.1,71.7,7.07,1317.2,orange
55.2,36.9,29.0,27.5,77.0,6.49,1437.6,orange
77.7,33.2,24.0,25.7,74.6,6.94,1453.7,orange
76.1,48.6,28.7,27.9,73.4,6.72,1314.0,orange
62.2,35.0,30.7,24.0,74.6,6.69,1387.5,orange
87.9,38.1,32.7,22.4,73.7,6.7,1132.4,orange
55.0,37.2,24.9,27.9,71.2,6.6,1113.1,orange
44.7,63.5,13.3,19.4,73.9,6.97,1496.1,orange
27.8,30.6,46.0,22.5,75.1,6.57,1200.2,orange
90.7,36.2,31.7,20.0,75.0,6.66,1426.3,orange
82.8,44.8,36.2,22.7,71.3,7.17,1586.3,orange
82.8,42.7,31.4,21.9,76.0,6.58,1372.5,orange
43.7,38.1,18.3,20.3,74.9,6.65,1525.5,orange
78.3,37.9,28.9,23.4,74.0,6.79,1466.2,orange
66.4,39.1,36.0,22.5,74.1,6.61,1283.9,orange
56.2,41.0,30.8,25.1,72.9,6.88,1192.4,orange
57.5,38.7,37.5,20.1,75.6,6.56,1425.9,orange
93.0,48.6,27.3,25.4,70.8,6.89,1348.7,orange
43.0,35.2,34.6,23.5,75.3,7.0,1470.0,orange
48.8,46.2,29.6,24.2,73.9,6.63,1267.9,orange
65.2,26.8,41.5,25.7,74.6,6.89,1186.0,orange
54.6,37.2,34.9,22.7,74.7,6.97,1637.6,orange
26.2,48.9,22.1,18.2,73.3,6.51,1047.1,orange
63.0,45.6,25.0,21.6,76.3,6.8,1370.9,orange
89.8,48.9,39.5,20.7,76.6,6.62,1002.4,orange
62.6,32.6,18.2,24.3,76.2,6.86,1429.6,orange
40.2,34.6,17.7,23.6,74.7,6.78,1543.7,orange
71.5,29.5,10.6,19.6,74.9,6.9,1364.8,orange
59.3,48.9,55.6,20.1,76.4,6.86,1243.4,orange
77.1,34.0,26.1,22.2,72.9,6.81,1315.0,orange
59.4,62.1,34.0,21.2,75.3,6.78,1177.4,orange
57.4,36.6,32.7,19.7,74.2,6.69,1444.8,orange
52.3,35.2,39.9,27.8,75.2,6.79,1294.7,orange
73.3,37.6,17.8,21.2,79.5,6.52,1216.8,orange
64.9,35.8,34.7,21.6,70.9,6.83,1316.2,orange
75.0,46.5,10.0,23.0,72.3,6.7,1544.1,orange
69.7,41.0,35.8,18.3,79.1,6.67,1350.1,orange
57.7,46.2,34.8,25.2,77.3,6.63,1491.6,orange
48.7,42.3,29.7,24.0,78.0,6.43,1084.7,orange
62.0,37.5,17.6,26.0,74.1,6.38,1174.4,orange
58.6,48.6,38.6,25.8,75.2,6.96,1512.0,orange
40.8,46.0,27.2,19.8,75.4,6.56,1414.9,orange
60.0,58.2,20.9,18.8,77.3,6.53,1436.9,orange
39.6,32.1,38.9,26.8,74.8,6.49,1301.4,orange
45.2,53.4,22.7,28.4,74.7,6.68,1740.9,orange
58.6,33.0,21.7,21.9,76.1,6.64,1424.5,orange
43.0,25.3,17.6,19.9,75.9,6.7,1129.3,orange
83.4,42.0,22.4,21.0,73.3,6.85,1518.9,orange
76.7,19.1,38.1,22.3,79.3,6.43,1343.5,orange
45.9,61.7,58.2,21.5,76.7,6.86,1623.9,orange
50.9,43.4,37.3,27.5,74.5,6.53,1199.5,orange
74.2,45.1,34.9,23.8,74.9,6.85,1091.9,orange
65.5,48.7,30.8,21.9,81.5,6.98,1390.8,orange
39.4,49.3,40.7,22.7,73.5,6.73,1492.6,orange
76.4,52.4,15.7,24.0,74.9,6.78,1314.9,orange
55.9,48.5,30.3,20.3,71.7,6.92,1415.2,orange
57.8,48.7,23.6,22.3,73.6,6.73,1186.9,orange
38.1,23.5,36.4,22.4,77.1,6.77,1575.7,orange
53.9,50.7,37.3,24.3,76.7,6.64,1058.2,orange
78.9,55.9,23.6,22.3,74.1,6.6,1453.2,orange
44.6,36.6,39.8,21.2,73.3,6.9,1483.7,orange
61.1,53.9,38.6,20.1,75.9,6.41,1261.8,orange
58.6,32.4,38.6,22.4,78.7,7.01,1353.1,orange
35.0,63.3,46.0,25.3,76.5,6.68,1556.8,orange
54.0,48.3,18.7,20.6,74.4,6.76,1378.6,orange
51.8,59.4,33.3,21.5,70.1,6.81,1481.0,orange
73.3,32.7,44.5,20.5,75.1,6.77,1567.8,orange
64.6,37.9,33.1,23.9,73.9,6.51,1253.8,orange
51.0,45.6,24.7,18.2,72.5,6.84,1271.4,orange
73.8,30.7,29.6,26.6,77.3,6.73,1357.7,orange
39.4,48.8,23.8,21.3,72.0,7.14,1630.3,orange
53.7,46.9,19.9,23.1,72.9,6.77,1324.4,orange
86.0,45.6,22.8,23.7,74.7,6.5,1479.6,orange
72.4,28.0,10.1,23.7,77.9,7.15,1098.7,orange
51.1,49.1,30.2,25.9,74.0,6.97,1327.9,orange
57.0,25.6,39.4,23.1,73.8,6.64,1594.4,orange
47.5,37.2,11.0,24.5,72.7,6.24,1348.6,orange
71.1,36.4,28.4,28.7,76.4,6.72,1412.3,orange
58.8,33.9,31.3,26.0,75.0,7.13,1514.7,orange
74.3,48.0,34.8,23.3,76.2,7.15,1171.1,orange
38.3,35.8,34.5,20.0,75.4,6.67,1200.5,orange
41.0,30.7,29.9,24.0,74.9,6.83,1225.1,orange
81.4,44.1,17.8,20.2,81.2,6.47,1300.8,orange
62.9,36.3,41.7,24.2,78.0,6.87,1356.4,orange
72.0,35.6,22.3,21.5,70.3,6.52,1140.0,orange
51.0,35.3,28.7,21.4,76.6,6.78,1474.4,orange
67.2,53.4,32.6,20.3,72.6,6.82,1333.4,orange
34.4,36.8,25.0,23.1,74.9,6.56,1224.6,orange
58.9,33.2,37.8,24.0,82.0,6.66,1205.7,orange
69.7,44.1,27.8,22.0,70.4,6.86,1203.1,orange
58.5,38.4,33.7,21.7,74.7,6.96,1466.6,orange
41.9,48.3,12.2,26.0,74.9,6.68,1526.5,orange
68.2,45.6,27.3,26.8,73.1,6.98,1476.5,orange
55.7,31.7,23.6,23.9,75.2,6.62,1137.5,orange
79.8,45.1,16.0,25.7,76.0,6.54,1135.1,orange
78.5,16.0,21.9,23.3,75.6,6.5,1245.6,orange
50.4,23.6,27.7,19.8,73.8,6.72,1406.9,orange
81.9,57.0,38.9,19.2,76.6,6.52,1075.2,orange
72.5,49.1,22.7,19.7,69.1,6.58,1668.2,orange
84.9,31.8,44.7,20.5,74.8,6.66,1317.7,orange
74.9,32.0,38.5,23.5,71.3,6.94,1502.9,orange
56.0,56.9,10.5,18.8,77.9,6.72,1278.8,orange
46.3,29.2,10.0,22.1,73.0,7.01,1340.1,orange
77.9,59.4,12.7,25.3,74.2,6.71,1300.6,orange
34.2,44.4,25.5,21.3,74.4,6.73,1179.7,orange
39.9,25.2,26.8,24.5,70.7,6.87,1354.5,orange
58.1,19.7,31.4,21.8,74.6,6.73,1087.0,orange
83.7,38.0,25.5,24.0,72.3,6.9,1148.0,orange
52.3,23.0,38.5,23.0,72.9,6.66,1553.5,orange
64.1,59.2,24.4,23.2,75.0,7.06,1047.4,orange
76.5,46.5,39.5,24.9,74.8,6.67,1547.2,orange
66.0,37.9,32.5,23.5,74.8,6.68,1338.1,orange
53.6,56.5,21.8,20.5,76.5,6.82,1222.3,orange
84.4,26.2,10.0,23.6,75.1,6.99,1418.7,orange
100.4,28.6,32.2,21.3,73.9,7.09,1202.6,orange
73.5,34.2,42.3,23.0,71.6,6.98,1401.9,orange
57.5,53.3,23.4,18.9,75.7,6.83,1096.0,orange
52.7,29.1,37.8,25.5,79.7,6.42,1468.2,orange
64.9,48.4,10.2,26.4,76.5,7.02,1294.2,orange
67.1,49.9,10.0,26.4,81.7,6.59,1305.2,orange
65.5,38.4,24.0,26.9,71.3,6.82,1461.5,orange
63.4,38.5,20.3,22.3,77.1,6.75,1479.2,orange
53.9,49.4,42.2,22.4,72.5,6.3,1239.8,orange
88.6,35.4,25.1,23.6,74.6,6.53,1155.7,orange
61.3,46.1,10.0,24.8,77.7,6.54,1344.1,orange
64.4,37.2,41.5,20.8,75.1,6.69,1257.9,orange
49.5,43.4,26.2,27.8,75.1,6.95,1124.9,orange
63.5,28.6,27.2,20.0,68.8,6.78,1197.5,orange
55.2,28.1,24.6,18.9,74.0,6.89,1429.9,orange
43.4,30.9,32.1,26.3,71.2,6.92,1664.4,orange
70.9,28.4,25.6,23.7,76.5,6.97,1240.8,orange
71.0,23.2,40.2,24.7,71.8,6.81,1582.7,orange
52.6,32.2,21.2,27.8,76.4,6.61,1449.6,orange
64.8,14.6,39.5,21.9,72.9,6.68,1396.4,orange
69.1,43.4,29.9,23.0,77.9,6.93,1384.0,orange
62.1,23.9,10.0,21.0,76.0,6.82,1205.9,orange
65.0,34.8,19.5,22.6,75.8,7.12,1074.9,orange
55.6,48.1,44.8,21.1,77.7,6.78,1344.5,orange
37.7,37.7,21.7,23.3,70.9,6.49,1378.7,orange
63.3,48.4,30.7,21.3,73.1,6.4,1223.0,orange
77.9,58.9,10.7,23.4,76.1,6.91,1419.8,orange
64.1,41.4,32.1,23.7,78.5,6.76,1168.5,orange
28.1,49.0,18.8,26.6,79.0,6.71,1535.9,orange
46.1,47.5,28.1,21.6,75.0,6.87,1340.7,orange
53.8,33.1,43.2,29.0,75.3,6.87,1111.5,orange
64.8,46.9,28.7,24.6,71.3,6.86,1230.2,orange
97.5,47.9,15.7,24.6,78.8,6.6,1590.1,orange
70.5,48.5,24.1,23.6,74.7,6.71,1384.4,orange
78.0,37.4,41.0,21.2,74.6,6.92,1263.7,orange
58.0,50.0,17.7,23.6,79.7,6.81,1370.0,orange
40.7,29.4,25.7,22.0,76.8,6.8,1389.3,orange
64.3,37.9,15.6,23.1,78.5,6.81,1155.5,orange
59.1,48.4,28.9,22.7,74.6,6.95,1462.2,orange
75.8,66.3,30.7,23.4,72.3,6.87,1480.2,orange
93.0,35.1,30.5,17.3,72.8,6.99,1082.9,orange
45.5,35.8,16.5,16.0,75.3,6.7,1447.7,orange
68.7,26.2,29.5,20.3,72.5,6.53,1159.4,orange
57.3,31.0,20.0,19.8,72.3,6.93,1192.1,orange
49.4,30.6,42.4,19.1,71.4,6.67,1242.2,orange
52.7,21.4,30.7,21.9,78.2,6.5,1322.7,orange
60.5,25.1,51.6,24.0,77.1,6.81,986.3,orange
54.0,37.9,40.3,26.7,74.2,6.75,1288.9,orange
44.3,60.9,43.8,22.3,80.1,7.02,1393.5,orange
61.8,61.0,31.4,26.2,75.5,6.68,1256.2,orange
47.8,35.1,26.3,18.2,73.4,7.09,1294.0,orange
63.2,40.9,50.6,26.5,76.4,6.79,1494.1,orange
62.8,16.2,51.2,19.3,76.1,7.01,935.2,orange
63.1,32.2,16.7,19.8,72.6,6.45,1157.5,orange
70.2,62.9,23.0,28.4,75.1,7.04,1270.3,orange
48.4,73.9,10.0,25.1,77.5,6.91,1423.6,orange
70.7,29.9,38.4,20.3,75.7,6.78,1452.2,orange
69.6,50.9,30.4,22.2,74.2,6.84,1560.1,orange
64.6,44.6,48.7,21.8,76.2,6.39,1233.7,orange
59.9,23.9,39.6,20.8,75.4,6.54,1378.2,orange
43.7,40.6,18.3,24.0,73.4,7.02,1414.7,orange
52.2,35.4,21.7,22.0,76.2,6.58,1540.7,orange
59.9,43.9,32.6,23.2,73.6,7.11,1677.6,orange
62.4,21.6,30.6,18.3,68.9,6.79,1418.2,orange
61.1,50.4,27.6,21.8,74.6,6.64,1326.9,orange
34.5,29.2,36.0,22.4,80.7,6.71,1447.4,orange
48.5,58.4,41.6,26.3,74.9,6.75,1208.1,orange
53.4,51.7,33.7,23.4,77.4,6.85,1287.0,orange
49.5,47.5,51.7,18.3,71.7,6.94,1201.2,orange
44.6,26.3,22.0,24.5,73.1,6.69,1287.2,orange
70.9,16.8,12.8,23.8,74.4,6.84,1271.9,orange
87.0,34.1,33.1,21.5,77.1,6.66,1182.8,orange
58.0,55.2,33.0,20.8,76.3,6.92,1423.1,orange
43.2,49.0,15.1,20.9,76.8,6.99,1254.6,orange
69.1,25.8,36.6,21.0,72.9,7.02,1423.5,orange
58.7,35.9,18.4,19.2,77.2,6.88,1350.6,orange
72.7,49.2,25.2,23.0,80.2,6.66,1470.7,orange
66.7,46.3,24.7,24.3,75.6,6.71,1227.5,orange
51.3,26.5,22.0,22.5,72.3,6.68,1330.7,orange
69.2,39.0,17.8,21.9,71.9,6.98,1358.3,orange
71.5,36.1,38.9,22.0,72.3,6.53,1309.0,orange
77.7,41.2,15.1,22.5,76.8,6.84,1462.8,orange
63.1,46.4,31.6,19.2,76.9,6.67,1252.1,orange
19.5,40.8,48.0,16.8,79.4,6.81,1172.0,orange
35.4,25.3,15.5,23.2,70.4,6.7,1356.7,orange
62.9,27.9,21.0,26.8,78.5,6.5,1459.2,orange
61.9,44.2,23.2,23.7,75.7,6.51,1376.8,orange
63.1,35.7,38.0,21.8,69.6,7.13,1103.2,orange
52.6,23.4,38.4,20.3,77.8,6.54,1366.5,orange
66.2,45.1,37.3,23.0,77.1,6.7,1525.8,orange
67.1,45.0,24.3,26.2,70.3,6.55,1186.4,orange
84.6,55.9,37.2,21.8,74.7,6.62,1224.9,orange
34.1,43.1,17.1,22.6,75.2,6.78,1520.9,orange
75.8,29.4,31.2,21.5,72.8,6.84,1375.3,orange
37.4,64.6,25.0,19.4,75.8,6.88,1175.0,orange
82.6,20.2,183.1,30.8,79.6,6.53,1611.0,banana
72.8,6.2,210.0,34.9,80.5,6.46,1627.8,banana
57.0,48.1,250.0,33.1,78.7,6.06,1704.9,banana
52.5,28.6,197.4,30.1,78.1,5.93,1793.7,banana
39.8,22.1,240.8,30.6,80.0,6.19,1654.3,banana
73.2,29.3,246.7,29.3,81.5,6.2,1659.9,banana
63.5,5.0,186.6,30.8,79.8,6.39,1695.5,banana
83.9,47.2,209.9,31.0,79.4,6.18,1538.6,banana
38.7,56.8,174.2,28.8,81.1,6.37,1585.9,banana
51.6,42.1,242.8,31.0,79.5,6.28,2155.6,banana
61.2,31.3,192.9,30.2,81.4,6.01,1650.9,banana
63.4,49.8,159.9,29.2,77.2,6.17,1461.9,banana
27.6,38.6,197.5,30.7,80.5,6.3,1793.2,banana
62.0,40.3,213.0,31.3,79.7,6.19,1931.2,banana
38.2,26.1,130.0,31.3,80.6,6.21,1670.6,banana
74.7,50.8,156.4,33.0,81.3,6.21,1914.2,banana
72.4,30.1,250.0,29.3,79.4,6.12,1789.6,banana
53.8,63.7,211.7,32.9,81.6,6.28,1664.4,banana
63.1,36.4,210.6,29.2,82.1,6.25,1776.7,banana
76.7,38.2,224.8,29.0,79.6,6.28,1567.4,banana
65.3,33.0,217.6,29.8,81.5,6.23,1798.1,banana
52.7,36.2,225.9,26.3,80.7,5.94,1429.0,banana
46.1,37.4,162.2,34.1,79.9,6.25,1712.6,banana
65.9,43.3,168.5,32.3,78.5,6.13,1823.1,banana
63.8,25.1,168.1,30.6,80.8,6.57,1795.2,banana
61.4,36.4,155.3,32.4,80.0,6.32,1968.5,banana
53.5,46.0,234.5,31.2,80.2,6.19,1997.0,banana
57.3,33.6,186.6,31.3,82.2,6.41,1388.4,banana
64.0,26.0,148.9,31.8,80.6,6.3,1370.8,banana
61.7,42.8,232.4,33.9,82.4,6.42,1722.2,banana
64.9,32.8,214.9,32.3,81.4,6.46,1779.3,banana
79.7,32.1,136.2,29.4,80.5,6.24,1636.6,banana
31.7,30.2,217.1,32.5,80.1,6.1,1707.9,banana
59.1,68.1,211.0,30.2,77.9,6.59,1644.6,banana
68.4,48.0,211.8,32.8,78.1,6.22,1580.4,banana
47.9,43.5,232.4,33.9,79.6,6.21,1765.3,banana
74.5,25.2,178.3,32.6,79.9,6.13,1650.5,banana
40.6,26.4,237.8,24.3,79.3,6.15,1503.5,banana
58.9,44.3,159.4,29.3,78.7,6.06,1398.5,banana
66.1,36.2,242.6,31.0,81.3,6.36,1933.3,banana
57.9,54.6,194.7,31.1,79.8,6.12,1565.9,banana
82.2,51.6,183.4,29.3,81.6,6.1,1873.4,banana
45.4,50.2,199.6,32.3,79.4,6.04,1494.7,banana
94.1,42.5,208.2,28.8,79.2,6.3,1601.7,banana
54.6,36.0,196.8,32.8,81.7,6.17,1609.5,banana
35.8,49.4,234.0,30.2,79.5,6.27,1759.7,banana
62.9,20.7,236.5,30.8,79.0,6.53,1824.6,banana
67.1,48.6,167.6,31.6,82.1,6.5,2011.9,banana
59.4,50.2,206.0,30.1,77.8,6.31,2197.4,banana
55.6,34.8,238.3,32.3,81.0,6.32,1702.5,banana
55.9,35.9,230.9,31.4,81.6,6.15,1866.0,banana
72.9,46.7,204.9,30.6,78.7,6.4,1730.5,banana
41.1,38.4,209.7,32.1,81.8,6.38,1691.8,banana
70.4,16.2,203.1,29.5,77.5,6.4,1879.9,banana
75.0,35.3,238.9,29.8,79.0,6.4,1936.3,banana
69.2,34.3,250.0,29.9,83.3,6.42,1922.1,banana
70.2,35.1,171.8,31.8,81.9,6.27,1623.3,banana
48.1,28.6,238.0,29.2,80.6,6.19,1636.4,banana
63.1,33.2,238.6,30.3,80.0,6.17,1373.7,banana
65.9,35.3,200.7,30.3,79.6,6.34,1664.9,banana
57.1,56.7,235.3,30.1,78.4,6.19,1841.6,banana
57.8,41.5,205.6,31.1,80.1,6.6,1534.3,banana
66.6,42.0,215.2,29.2,79.0,6.19,1565.2,banana
69.9,52.9,231.3,33.7,80.1,6.42,2132.5,banana
70.3,44.8,206.2,29.7,81.9,6.43,2030.2,banana
58.0,63.0,206.3,31.7,80.5,6.25,1742.3,banana
62.1,37.6,190.9,30.1,78.6,6.45,1748.5,banana
58.1,47.1,226.1,28.3,80.4,6.61,2025.2,banana
51.0,72.0,185.9,31.4,78.0,6.7,1647.1,banana
55.9,36.9,208.2,32.8,81.0,6.16,1819.7,banana
68.0,31.6,167.0,30.4,79.0,6.12,1632.2,banana
68.4,44.1,161.7,30.7,80.0,6.26,1336.3,banana
66.2,51.0,170.7,30.2,80.5,6.1,1808.8,banana
52.6,41.8,231.2,27.6,80.4,6.16,1995.7,banana
71.1,44.9,209.3,28.2,82.1,6.4,1633.2,banana
64.3,41.8,250.0,29.8,81.0,6.15,1607.0,banana
41.3,39.4,227.0,30.3,80.9,6.23,1894.7,banana
73.7,41.7,217.1,28.7,81.7,6.27,1839.3,banana
81.5,23.1,246.9,32.7,79.0,6.48,1441.0,banana
49.9,32.4,193.9,26.6,80.3,6.11,1804.3,banana
63.5,27.1,191.6,33.5,81.8,6.19,1837.2,banana
65.9,39.4,179.0,29.7,79.1,6.09,1781.4,banana
48.7,31.4,165.6,29.2,81.0,6.33,1583.2,banana
69.4,39.6,202.6,29.9,78.9,6.66,1720.5,banana
26.8,45.6,241.4,28.4,81.7,6.56,1500.2,banana
56.3,41.1,186.6,30.0,81.0,6.33,1953.2,banana
57.1,16.9,166.4,30.9,79.5,5.88,1742.1,banana
70.6,30.8,166.2,29.5,78.6,6.08,1837.8,banana
66.3,48.2,196.3,31.7,80.1,6.21,1678.4,banana
46.6,36.2,155.5,28.3,79.6,6.41,1749.6,banana
47.9,31.4,220.8,31.7,79.4,6.21,1904.2,banana
54.1,53.0,250.0,29.7,80.0,6.39,1779.2,banana
66.1,53.4,140.8,27.9,79.9,6.12,1684.6,banana
44.0,40.5,241.1,27.4,79.7,6.27,1976.2,banana
60.1,32.7,219.3,31.2,77.8,6.39,1732.1,banana
53.6,33.1,211.5,29.2,81.5,6.28,1793.5,banana
64.1,41.8,183.2,29.9,78.2,6.23,2094.4,banana
54.0,45.9,167.0,32.3,80.9,6.12,1811.1,banana
87.2,44.9,215.6,31.5,81.3,6.17,1683.2,banana
57.1,34.3,198.1,29.5,79.3,5.96,1742.2,banana
36.1,33.5,188.0,30.1,82.8,6.36,1648.8,banana
62.3,21.5,135.5,29.4,79.3,6.15,1710.7,banana
57.2,76.2,205.8,32.4,80.5,6.31,1839.5,banana
60.2,35.2,213.8,34.4,80.6,6.21,2043.8,banana
19.7,39.0,165.5,31.5,83.3,6.1,1496.0,banana
44.9,35.6,220.4,30.4,80.6,6.44,1711.8,banana
50.5,41.4,200.1,29.5,80.8,6.14,1387.1,banana
54.2,18.1,201.7,32.0,82.8,5.98,1491.8,banana
62.3,56.7,147.5,30.5,80.3,6.49,1727.7,banana
59.8,52.9,220.1,27.2,80.4,6.15,1721.2,banana
47.9,51.1,148.1,30.0,80.9,6.02,1733.0,banana
71.9,35.8,250.0,28.9,81.1,6.05,1497.8,banana
59.8,40.1,186.1,30.7,80.6,6.17,1877.8,banana
67.9,8.7,214.7,31.8,80.1,6.38,2118.4,banana
84.7,35.6,190.1,31.2,77.8,6.33,1491.9,banana
92.7,32.0,184.0,34.0,78.5,6.12,1849.3,banana
57.8,54.5,161.7,31.5,80.6,6.3,1656.1,banana
88.8,34.9,203.3,30.7,82.1,6.22,1603.3,banana
66.2,46.6,197.7,32.1,81.9,6.25,1540.7,banana
57.9,58.6,245.5,29.3,77.5,6.0,1715.7,banana
59.0,51.5,219.7,32.0,80.4,6.09,1443.5,banana
82.8,39.8,199.3,32.4,78.7,6.53,1465.1,banana
77.2,37.6,158.2,32.3,80.8,6.08,1788.7,banana
65.8,14.7,228.1,29.3,81.8,6.12,1600.5,banana
65.0,63.0,206.3,29.3,80.5,6.37,1765.1,banana
63.0,45.4,210.4,33.9,80.3,6.42,1806.3,banana
78.9,54.4,232.8,30.9,82.8,6.31,2053.1,banana
59.0,25.6,217.3,31.3,80.7,6.12,1810.6,banana
67.1,66.8,224.2,31.1,79.0,6.43,1816.6,banana
49.0,28.4,182.6,29.6,80.3,6.06,1475.0,banana
34.4,22.8,206.2,32.7,79.5,5.98,1538.8,banana
74.0,22.9,180.6,28.8,77.7,6.28,1446.8,banana
53.4,30.7,209.2,32.1,79.9,6.32,1664.4,banana
77.4,34.3,224.9,28.4,79.1,6.38,1431.3,banana
49.4,37.1,248.0,32.6,80.8,6.6,1706.3,banana
42.2,39.2,168.6,29.1,79.2,6.51,1725.9,banana
60.3,42.8,187.0,28.3,79.8,6.34,1383.6,banana
53.0,63.3,224.2,32.0,80.2,6.29,1821.3,banana
63.7,19.5,192.5,30.3,79.5,6.19,1671.2,banana
66.1,38.4,229.6,30.3,80.2,6.26,1698.6,banana
57.6,33.9,200.2,31.5,80.9,6.11,2074.3,banana
47.8,29.5,211.5,32.1,79.3,6.35,1646.0,banana
33.6,13.5,118.1,27.8,81.1,5.91,1619.5,banana
93.0,47.9,196.1,33.3,79.2,6.01,1720.1,banana
51.1,27.8,233.3,32.3,79.4,6.14,1764.8,banana
53.2,29.2,182.4,29.7,79.0,6.14,1925.5,banana
51.0,33.1,250.0,31.3,80.4,6.03,1900.3,banana
68.6,34.5,208.7,32.0,79.1,6.01,1902.4,banana
61.6,30.4,250.0,31.1,81.3,5.98,1634.1,banana
64.9,64.6,224.3,30.7,81.5,6.69,1909.6,banana
62.5,24.2,226.5,28.2,78.9,6.54,1704.8,banana
32.8,48.5,250.0,32.5,79.4,6.29,1632.8,banana
69.5,59.2,204.3,29.5,81.2,6.24,2007.2,banana
57.3,34.0,234.5,31.1,79.9,6.38,1610.8,banana
75.2,25.7,212.2,31.2,82.2,6.65,1620.0,banana
76.8,36.3,214.5,31.4,81.5,6.29,1435.8,banana
42.3,15.5,181.5,31.3,80.6,6.22,1731.4,banana
67.1,38.0,230.7,31.7,81.3,6.51,1526.9,banana
64.3,15.2,191.2,32.2,80.1,6.1,1662.5,banana
50.2,21.2,232.0,29.2,79.0,5.89,1685.3,banana
56.7,43.3,153.7,29.5,78.5,6.46,1558.7,banana
50.6,40.2,181.2,27.9,82.0,6.05,1549.7,banana
45.9,49.5,171.7,31.2,78.6,6.76,1561.5,banana
48.1,55.0,153.7,28.2,78.3,6.18,1685.0,banana
62.6,42.7,211.8,31.5,79.7,6.11,1747.5,banana
50.8,28.0,227.7,30.1,81.1,6.25,1509.2,banana
54.6,65.6,168.2,32.6,80.8,6.47,1795.9,banana
56.4,45.1,112.8,30.1,80.1,6.57,1571.4,banana
42.0,33.3,163.7,31.1,80.2,6.05,1866.4,banana
48.5,31.6,186.1,32.9,81.8,6.2,1777.9,banana
35.1,43.5,190.7,29.8,81.1,6.3,1903.6,banana
58.0,19.8,212.2,32.6,80.2,5.86,1849.2,banana
46.8,20.6,211.7,28.8,77.2,5.99,1743.7,banana
57.1,28.4,167.6,28.0,79.2,6.38,1593.1,banana
46.3,27.3,163.8,29.7,82.0,6.25,1425.3,banana
51.2,27.9,225.1,31.1,79.8,6.36,1424.4,banana
42.0,33.3,210.2,28.8,80.1,6.14,1653.7,banana
49.1,42.8,233.8,29.4,79.7,6.14,1775.8,banana
85.9,38.1,173.6,30.7,81.4,6.08,1539.2,banana
39.3,39.2,215.0,31.3,80.6,6.27,1648.1,banana
63.2,34.1,210.8,30.7,80.4,6.2,1909.3,banana
68.2,15.6,187.2,31.0,81.0,6.67,1493.5,banana
88.3,5.4,192.6,28.6,80.9,6.12,1651.4,banana
88.9,64.6,189.6,31.1,78.6,6.39,1496.8,banana
43.0,59.2,250.0,32.5,81.1,6.21,1688.5,banana
37.6,37.9,156.6,29.9,79.8,6.66,1856.1,banana
72.6,55.6,215.4,28.1,79.4,6.06,1680.7,banana
65.2,33.9,175.4,27.7,80.4,6.09,1756.6,banana
74.8,58.3,203.9,28.7,81.6,6.22,1839.1,banana
62.3,24.3,161.2,30.4,79.0,6.35,1778.3,banana
80.5,45.3,180.7,29.0,79.6,6.25,1785.4,banana
63.7,41.6,171.4,29.0,78.8,6.48,1750.9,banana
53.9,39.3,250.0,31.4,79.8,6.42,1888.1,banana
70.4,29.2,178.8,29.9,79.5,6.3,1789.9,banana
87.9,48.4,250.0,31.4,81.5,6.3,1726.9,banana
73.1,54.2,190.7,33.0,81.9,6.43,1593.0,banana
40.8,30.2,198.4,31.0,82.9,6.11,1629.9,banana
67.2,54.0,206.2,30.4,80.0,6.16,1848.4,banana
63.4,52.1,246.3,31.8,79.7,6.38,1713.9,banana
67.7,41.7,207.7,30.3,81.3,6.33,1807.8,banana
57.5,59.4,208.9,31.3,77.9,6.23,1598.7,banana
41.1,48.7,209.2,31.3,79.3,6.09,1631.4,banana
88.6,25.3,137.5,32.7,80.3,5.88,1791.6,banana
51.2,52.3,196.5,30.8,78.9,6.3,1564.8,banana
62.1,57.9,225.3,31.1,80.3,6.29,1794.4,banana
43.4,32.2,159.7,29.5,79.0,6.33,1514.7,banana
33.6,30.0,159.6,31.9,81.1,6.16,1810.5,banana
76.5,27.8,218.4,28.5,79.7,6.3,1889.5,banana
72.4,42.7,186.4,28.3,81.3,6.04,1742.1,banana
45.3,49.1,235.5,28.7,80.6,6.19,1740.3,banana
66.2,21.8,229.6,31.9,79.2,5.98,1964.8,banana
70.1,38.8,142.5,28.9,80.1,6.28,1539.4,banana
44.2,36.2,233.0,35.7,83.6,6.23,1705.6,banana
57.8,54.4,227.5,31.4,79.9,6.27,1751.3,banana
63.3,39.3,218.9,29.1,78.5,6.18,1453.8,banana
37.3,44.2,215.0,30.5,80.6,6.25,1966.0,banana
62.5,40.4,213.4,29.4,81.4,6.07,1507.3,banana
67.6,50.7,244.8,29.1,78.8,6.26,1679.9,banana
78.6,63.4,174.7,30.1,81.6,6.36,1653.1,banana
73.8,33.4,216.6,31.7,82.0,6.03,1600.1,banana
54.2,24.6,139.7,32.4,78.2,6.2,1592.7,banana
72.1,49.9,250.0,32.3,79.2,6.2,1948.6,banana
59.0,53.4,172.8,31.4,81.0,6.12,1529.1,banana
84.5,40.4,250.0,30.4,78.8,6.15,1495.7,banana
42.9,36.3,186.3,31.9,78.6,6.22,1863.7,banana
38.0,45.4,186.9,30.4,79.7,6.41,1837.6,banana
57.1,62.3,202.1,30.9,78.2,6.53,1843.8,banana
56.7,36.9,206.8,32.5,80.3,6.27,1710.0,banana
73.6,19.1,150.6,31.3,80.6,5.97,1738.9,banana
55.0,34.4,182.2,33.3,80.0,6.45,1935.0,banana
57.2,17.2,208.9,29.5,79.1,5.72,1656.8,banana
41.0,25.1,174.1,30.1,80.0,6.01,1805.8,banana
46.9,24.7,169.9,29.4,80.2,5.9,1853.2,banana
61.7,57.3,226.8,30.6,79.8,6.14,1560.2,banana
47.0,44.1,221.1,28.9,81.5,6.12,2118.5,banana
69.4,23.9,244.8,33.2,79.2,6.15,1784.7,banana
55.4,36.7,190.1,29.7,81.5,6.82,1859.9,banana
56.1,31.5,186.9,30.8,81.5,6.44,1592.6,banana
82.3,43.6,217.8,29.8,80.2,6.4,1782.3,banana
35.0,46.5,183.5,34.2,79.4,6.24,1795.1,banana
71.5,44.6,206.0,29.2,81.4,6.2,1555.8,banana
76.6,55.8,186.9,29.9,79.5,6.28,1782.6,banana
71.6,62.1,250.0,31.1,80.3,6.39,1797.4,banana
69.1,37.2,198.7,30.3,80.5,6.22,1976.7,banana
65.5,60.8,250.0,28.9,81.2,6.39,1713.4,banana
74.4,39.2,129.2,31.2,80.4,6.27,1966.3,banana
51.9,27.4,164.0,30.1,79.5,6.15,1449.1,banana
70.6,27.9,173.8,29.5,79.6,6.3,1638.2,banana
52.5,37.0,220.5,33.0,79.0,6.01,1826.2,banana
60.9,33.2,223.7,27.0,82.2,6.25,1539.2,banana
53.3,20.4,230.3,27.8,77.4,6.25,1629.2,banana
78.0,49.7,242.1,31.5,78.1,6.06,1871.6,banana
62.9,45.3,189.3,30.1,80.8,6.0,1681.8,banana
76.3,46.7,185.3,28.1,78.9,6.23,1768.5,banana
24.6,25.5,199.6,31.8,80.2,6.18,1422.0,banana
64.1,52.0,217.2,31.6,79.6,6.4,1703.6,banana
52.1,35.6,226.4,29.4,81.2,6.51,1811.8,banana
61.2,29.3,212.6,31.8,79.2,6.17,1614.9,banana
53.7,38.5,250.0,27.9,80.2,6.08,1561.4,banana
46.9,38.1,243.0,28.5,78.7,6.05,1739.3,banana
60.9,32.4,219.8,32.3,79.7,6.36,1623.6,banana
43.8,16.0,137.8,32.9,81.7,6.22,1876.4,banana
49.2,47.9,164.1,30.2,81.1,6.3,1784.5,banana
45.3,42.0,217.6,28.8,78.5,6.11,1802.2,banana
52.0,29.0,180.8,31.4,79.8,6.39,1603.3,banana
48.0,28.8,219.5,29.6,80.0,6.22,1705.1,banana
58.9,39.9,245.8,31.0,79.9,6.48,1627.5,banana
44.2,55.7,178.7,32.1,81.3,6.22,1593.2,banana
51.0,35.9,215.8,29.7,82.5,6.07,1636.4,banana
35.7,31.8,215.4,30.4,80.8,6.5,1588.8,banana
67.8,49.0,209.7,28.7,81.6,6.37,1674.2,banana
35.2,34.3,202.4,30.0,79.4,6.22,1860.8,banana
51.9,42.9,246.4,30.5,79.5,6.18,1854.0,banana
58.1,22.2,186.8,27.0,79.6,5.85,1618.7,banana
57.0,52.3,212.3,28.8,78.5,6.09,1685.4,banana
51.6,29.7,195.9,31.4,80.6,6.05,2026.9,banana
62.7,28.0,203.6,29.9,81.2,6.44,1542.9,banana
69.5,50.8,205.9,29.6,78.5,6.37,1914.3,banana
60.3,44.1,210.1,30.0,78.9,6.38,2098.9,banana
63.7,31.8,156.9,28.9,78.4,6.17,1476.3,banana
78.3,33.7,147.2,31.9,80.6,6.11,1443.6,banana
50.6,28.0,167.1,30.4,81.0,6.31,1559.9,banana
37.8,16.9,171.6,29.6,79.8,6.43,1927.3,banana
45.6,50.0,241.6,31.5,81.1,6.49,1651.9,banana
53.8,50.1,171.0,32.1,77.7,6.17,1434.3,banana
65.4,35.6,133.8,31.1,80.4,6.16,1519.5,banana
50.8,23.8,181.7,31.3,79.0,6.4,1895.0,banana
51.9,17.6,240.6,30.2,81.7,5.96,1479.9,banana
54.7,37.8,217.5,28.2,80.2,6.02,1837.5,banana
46.8,37.1,203.3,29.5,80.1,6.33,1805.2,banana
70.9,43.0,216.0,30.6,82.6,6.36,1693.4,banana
91.3,47.8,191.5,30.8,79.9,6.41,2003.0,banana
69.1,35.4,190.9,29.4,80.5,6.58,1617.4,banana
101.7,51.1,167.8,30.3,79.4,6.16,1476.6,banana
84.1,26.9,192.6,28.1,81.8,6.0,1482.3,banana
55.9,48.0,244.4,28.8,80.7,6.42,1910.6,banana
85.2,47.0,233.0,31.4,80.6,6.39,1524.0,banana
90.0,22.7,166.0,31.4,81.0,6.27,1474.2,banana
63.1,34.2,229.6,31.6,79.8,6.23,1951.9,banana
28.2,27.2,250.0,29.8,78.3,6.57,1816.7,banana
64.3,45.8,209.7,30.7,78.4,6.17,1590.0,banana
60.4,25.3,172.4,27.8,80.4,6.32,1723.2,banana
41.8,47.6,161.9,32.3,79.1,6.19,1570.7,banana
71.9,37.3,178.9,32.1,79.7,6.31,1475.9,banana
62.9,25.0,159.3,32.6,79.8,5.91,1730.2,banana
44.9,41.4,174.8,29.3,80.6,6.06,1715.6,banana
41.3,30.8,176.3,30.2,79.9,6.44,1995.9,banana
45.8,31.1,202.3,28.8,80.2,6.32,1405.3,banana
59.0,28.0,245.1,30.5,81.4,6.12,1872.2,banana
71.2,55.3,159.7,30.9,79.5,6.44,1865.6,banana
68.6,48.4,210.0,30.6,78.8,6.35,1882.9,banana
65.1,54.6,176.5,31.4,81.5,6.12,1772.1,banana
61.4,44.4,185.4,29.5,81.7,6.22,1787.4,banana
27.2,29.9,159.4,33.8,80.1,6.27,1545.9,banana
74.4,23.2,212.7,31.6,81.2,6.03,1417.8,banana
68.2,11.7,203.3,31.9,78.5,6.46,1795.5,banana
54.1,52.2,175.6,34.8,79.4,6.35,1886.1,banana
75.1,52.3,233.8,32.3,80.8,6.64,1853.4,banana
66.5,47.3,200.5,31.6,79.2,6.13,1777.4,banana
56.7,54.0,196.7,29.8,79.9,6.3,1677.3,banana
69.8,39.8,242.5,29.5,78.6,6.63,1686.5,banana
63.2,52.8,173.7,30.2,79.1,6.07,1694.4,banana
71.3,48.6,180.1,30.1,81.0,6.17,1666.1,banana
82.2,18.6,207.0,30.1,79.5,6.08,1713.4,banana
14.4,39.4,152.8,32.5,80.0,6.42,1565.7,banana
66.7,29.5,192.9,31.9,82.2,6.07,1567.9,banana
48.8,40.5,165.1,30.5,82.1,6.52,1704.3,banana
68.6,28.7,177.7,28.4,82.1,5.93,1588.8,banana
56.3,29.9,205.0,31.5,80.0,6.22,1806.7,banana
51.8,55.2,158.7,29.7,79.2,6.13,1726.9,banana
35.7,47.8,238.3,33.2,78.0,6.14,1828.0,banana
64.4,40.2,223.2,30.8,80.2,6.43,1903.2,banana
49.4,21.1,210.7,30.3,79.6,6.36,1942.8,banana
55.3,41.7,210.2,27.8,79.6,6.24,2058.2,banana
64.2,42.2,222.6,29.2,78.6,6.16,1274.3,banana
100.8,23.8,232.7,28.0,79.4,6.54,1551.2,banana
26.7,24.2,191.9,30.6,78.3,6.5,1792.7,banana
57.2,37.3,204.5,29.6,79.1,6.18,1704.3,banana
78.9,35.9,174.0,31.8,81.7,6.26,1574.4,banana
62.7,44.8,163.8,30.6,78.3,6.38,2127.3,banana
56.4,35.8,198.6,31.2,78.1,6.27,1749.2,banana
59.3,32.6,162.8,32.1,78.7,6.34,1776.4,banana
89.9,71.6,216.3,31.7,81.1,6.05,1604.9,banana
62.3,23.5,202.3,32.4,79.3,6.47,1624.4,banana
64.1,56.1,186.2,28.7,81.3,6.52,1669.1,banana
48.8,46.2,237.6,33.1,79.0,6.16,1579.5,banana
86.6,57.0,167.2,30.5,78.3,6.27,1751.9,banana
83.9,26.6,221.7,29.8,80.5,6.53,2267.8,banana
111.6,42.0,219.0,30.8,82.5,6.09,1990.3,banana
51.7,45.6,205.4,26.5,77.3,6.22,1868.1,banana
47.3,29.0,250.0,31.4,78.7,6.21,1907.7,banana
59.0,44.8,163.9,28.6,82.7,6.23,1563.0,banana
50.5,38.4,223.4,29.1,81.3,6.38,1597.2,banana
69.8,40.2,250.0,26.9,80.9,6.08,1750.4,banana
72.2,33.7,233.6,29.7,78.2,6.26,1798.5,banana
50.3,33.8,191.8,31.9,79.7,5.67,1724.0,banana
41.6,36.9,210.9,31.2,78.2,6.39,1622.7,banana
48.4,34.7,234.6,29.5,82.5,6.1,1961.7,banana
67.5,40.6,212.9,31.2,81.6,6.08,1825.2,banana
86.3,39.5,159.0,32.2,79.1,6.05,1674.7,banana
51.8,43.7,142.2,32.6,78.1,6.19,1415.0,banana
48.0,43.8,167.7,31.0,78.8,6.18,1913.1,banana
53.4,48.0,206.9,28.7,80.4,6.28,1674.8,banana
43.4,59.5,248.4,28.7,80.7,6.2,1254.0,banana
46.2,33.3,227.0,32.4,76.0,6.47,1737.7,banana
43.4,20.5,232.4,33.5,80.2,6.39,1956.8,banana
73.6,47.5,189.1,31.0,79.9,6.37,1458.6,banana
83.7,40.4,166.7,29.2,81.0,6.42,1719.5,banana
81.2,44.6,242.7,32.1,78.4,6.37,1713.8,banana
78.1,42.0,236.6,29.8,81.1,6.18,1578.7,banana
68.5,27.8,224.0,31.4,77.5,6.4,1550.0,banana
79.1,31.2,223.2,32.6,77.6,6.43,1582.1,banana
43.5,44.9,208.0,31.0,80.7,6.16,1681.7,banana
37.2,36.2,250.0,26.7,79.2,6.35,1503.1,banana
60.6,37.4,204.6,30.6,79.9,6.43,1721.5,banana
52.2,5.0,213.4,32.5,80.1,6.47,1767.0,banana
66.8,57.7,208.1,31.2,79.7,6.49,1596.3,banana
56.5,33.1,184.0,30.3,80.5,6.33,1818.0,banana
36.1,34.0,181.9,31.3,76.7,6.11,1808.2,banana
69.6,22.9,190.0,30.7,82.7,6.32,1731.0,banana
74.3,36.8,240.0,28.9,80.1,6.19,1799.8,banana
54.1,44.7,152.4,32.5,81.4,6.27,1594.1,banana
54.0,41.5,196.4,29.7,79.6,6.45,1769.6,banana
23.0,21.4,236.9,28.2,80.4,5.89,1765.4,banana
51.2,62.6,214.0,34.6,82.0,6.47,1396.5,banana
93.6,28.6,173.4,30.2,80.1,6.26,1403.3,banana
36.6,45.2,202.9,29.7,78.6,6.5,2142.7,banana
55.3,17.7,207.8,29.5,79.0,5.95,1819.6,banana
42.6,34.9,172.7,30.1,79.6,6.3,1960.7,banana
49.3,56.9,250.0,32.3,79.2,6.31,1573.7,banana
70.4,41.7,205.0,29.2,78.9,6.18,1840.9,banana
60.0,27.9,223.6,32.1,80.1,6.13,1881.9,banana
48.8,53.7,237.7,30.2,81.7,6.25,1515.7,banana
59.0,44.6,190.9,27.7,80.2,6.43,1884.6,banana
71.4,27.9,212.7,32.0,81.3,6.28,1588.1,banana
50.6,49.1,183.8,31.3,80.9,6.14,2009.1,banana
55.1,60.3,217.1,29.7,80.2,6.29,1556.8,banana
58.2,49.0,191.1,33.1,79.1,6.06,1721.8,banana
74.2,43.2,209.8,31.8,79.0,6.04,1933.9,banana
66.9,28.5,202.4,31.5,80.6,6.28,1445.7,banana
45.1,50.5,229.4,29.8,79.9,6.14,1874.0,banana
49.5,32.5,214.2,33.4,78.7,6.23,1646.3,banana
56.6,57.4,250.0,32.1,80.1,6.4,1768.9,banana
79.3,44.3,219.5,29.6,81.5,6.35,1901.5,banana
44.3,46.1,192.6,30.6,80.8,6.33,1723.4,banana
44.0,35.2,250.0,29.7,78.8,6.2,1861.7,banana
57.9,31.7,220.2,29.4,81.7,6.33,1674.8,banana
73.2,50.4,195.3,30.0,79.6,6.57,2062.4,banana
32.0,24.5,195.9,29.8,81.3,6.35,1656.7,banana
73.7,41.2,250.0,31.3,79.4,6.07,1661.8,banana
72.4,33.9,194.6,28.6,80.7,6.41,1815.2,banana
42.6,11.6,233.0,30.7,81.3,5.79,1532.9,banana
41.4,41.8,241.7,30.8,80.1,6.3,1611.2,banana
70.6,26.5,172.6,32.8,80.3,6.42,1842.2,banana
60.9,39.2,163.9,31.5,78.7,6.49,1588.6,banana
86.2,56.9,196.9,29.8,78.9,6.02,1642.8,banana
53.2,8.8,197.2,28.5,79.4,5.83,1412.4,banana
86.0,43.6,250.0,30.8,82.7,6.21,1668.9,banana
56.4,31.8,218.2,27.9,79.6,6.55,1519.6,banana
78.7,58.2,228.2,31.9,79.1,6.57,1572.1,banana
51.8,19.5,203.4,29.2,78.7,6.43,1694.5,banana
74.9,15.4,234.0,32.2,79.8,6.15,1470.5,banana
60.8,31.3,184.1,29.4,81.1,6.53,1673.3,banana
71.4,40.4,187.0,32.2,80.4,6.25,1552.6,banana
63.1,22.4,187.8,29.7,78.3,6.34,1612.9,banana
73.4,39.9,217.8,30.1,79.9,6.23,1602.4,banana
60.8,60.0,175.1,28.4,78.3,6.18,1523.1,banana
46.1,29.9,247.9,31.8,80.0,6.22,1561.3,banana
59.9,41.4,214.6,29.7,80.8,6.14,1866.4,banana
59.5,35.0,155.7,29.9,79.1,6.47,1448.9,banana
71.9,59.9,203.6,32.4,81.4,6.38,1665.5,banana
75.7,58.2,131.0,30.3,81.0,6.12,1960.6,banana
67.8,50.5,166.8,28.6,80.9,6.4,1565.0,banana
49.5,27.3,161.9,28.7,80.1,6.48,1908.9,banana
69.6,47.3,139.2,31.7,80.7,6.16,1888.7,banana
62.2,39.2,208.0,30.0,81.4,6.23,1746.6,banana
67.4,30.5,192.5,28.4,77.2,6.17,1599.1,banana
57.2,44.3,199.1,31.1,79.9,6.38,2153.8,banana
42.0,34.9,173.2,29.9,81.6,6.3,1666.2,banana
62.2,46.5,185.0,31.9,81.1,6.43,1573.4,banana
74.8,60.5,186.4,31.8,79.4,6.19,1493.4,banana
33.1,40.2,221.5,30.4,79.9,6.46,1503.1,banana
48.3,17.8,209.8,30.6,81.1,6.1,1668.4,banana
61.4,25.6,141.6,30.8,78.9,6.24,1604.4,banana
61.3,38.0,210.8,27.9,78.5,6.23,1457.7,banana
40.0,33.3,234.1,31.1,80.1,6.05,1755.0,banana
82.7,28.9,250.0,34.0,80.4,6.45,1792.9,banana
75.6,32.8,202.4,32.9,78.8,6.78,1472.3,banana
64.2,35.6,172.1,31.6,81.7,6.3,1848.1,banana
90.7,19.4,174.3,29.0,80.4,5.98,1676.0,banana
31.2,41.7,204.3,30.5,80.5,6.06,1305.0,banana
21.3,40.9,198.5,33.4,80.2,6.26,1729.9,banana
70.6,44.7,242.1,30.3,80.7,6.07,1561.0,banana
47.2,44.7,185.7,29.8,80.3,6.24,1922.9,banana
82.7,46.8,179.6,30.5,80.0,6.31,1829.6,banana
62.9,35.9,218.4,29.9,82.7,6.0,1723.5,banana
45.7,43.0,242.8,30.3,81.9,6.16,1413.4,banana
53.0,40.8,175.3,31.1,80.3,6.27,1639.2,banana
48.4,33.2,185.5,29.0,79.5,6.25,1792.1,banana
71.4,36.0,181.0,29.6,80.2,6.51,1631.7,banana
85.0,35.3,156.4,27.8,78.6,6.26,1587.8,banana
45.1,31.1,152.9,30.2,81.6,5.9,1626.5,banana
57.6,47.2,200.6,31.4,81.3,6.24,1589.1,banana
27.9,68.1,199.2,28.6,78.0,6.09,1613.2,banana
74.0,39.0,230.5,31.3,80.7,6.4,1560.8,banana
32.6,36.4,191.1,29.6,80.1,6.03,1762.4,banana
68.8,39.0,205.3,30.1,81.7,6.37,1875.0,banana
52.6,43.1,192.9,31.1,80.7,6.26,1723.3,banana
43.0,55.0,196.2,32.7,83.6,6.56,1628.8,banana
71.3,35.6,133.3,31.3,79.0,6.16,1962.8,banana
93.6,52.2,174.2,31.9,80.0,6.27,1761.6,banana
52.5,15.9,219.2,30.7,81.5,5.97,1897.7,banana
41.0,30.5,213.5,29.1,81.6,6.2,1959.1,banana
29.7,14.6,229.9,31.8,76.8,6.38,1693.6,banana
63.1,33.4,201.4,28.7,80.1,6.1,1741.8,banana
72.8,34.6,166.1,29.9,79.2,6.08,1616.4,banana
50.6,35.4,219.3,29.9,79.5,6.38,1612.0,banana
72.6,43.6,194.8,31.2,81.2,6.42,1585.5,banana
56.1,38.7,240.9,28.9,79.9,6.25,1469.4,banana
70.1,60.8,250.0,32.9,80.4,6.26,1515.7,banana
48.5,49.9,192.1,31.6,79.5,6.72,1706.7,banana
70.5,22.6,212.9,28.5,77.8,5.85,1985.9,banana
74.0,58.6,237.9,30.5,79.6,6.42,1800.1,banana
40.1,49.0,218.3,30.3,80.5,6.33,1816.0,banana
44.9,61.8,168.0,33.2,80.2,6.23,1894.3,banana
62.8,27.3,211.1,27.7,80.1,6.3,1850.0,banana
25.5,42.6,232.0,30.0,81.8,6.4,1622.9,banana
30.3,54.4,194.8,28.6,81.3,6.16,1556.1,banana
70.0,55.8,159.5,31.1,81.4,6.04,1691.8,banana
41.8,43.4,209.9,29.4,81.4,6.1,1974.1,banana
75.9,40.7,179.7,30.4,80.8,6.09,2088.9,banana
61.7,28.5,206.8,31.9,80.3,6.07,1945.9,banana
51.6,24.1,167.8,31.6,80.9,6.18,1370.6,banana
87.0,39.2,176.3,33.1,81.6,6.09,1841.6,banana
73.6,71.2,192.6,28.9,79.1,6.08,1525.3,banana
72.2,40.5,167.6,30.2,78.8,5.95,1390.4,banana
91.7,31.0,227.0,30.2,80.9,6.27,1658.6,banana
66.1,32.4,165.8,29.6,81.8,6.6,1433.0,banana
53.4,27.1,156.9,31.3,81.1,6.17,1345.5,banana
60.9,48.6,155.9,30.4,79.9,6.46,1732.6,banana
54.3,28.8,24.7,28.7,77.4,6.58,1684.1,mango
78.2,47.4,41.6,30.7,79.5,6.81,961.9,mango
52.9,36.8,22.8,30.2,80.3,6.47,1298.7,mango
76.1,27.7,41.8,31.0,74.7,6.83,1266.9,mango
56.6,45.3,26.2,26.9,74.2,6.57,1062.3,mango
41.2,46.2,43.5,25.7,71.2,6.5,1335.3,mango
62.3,34.9,23.9,26.3,74.2,6.78,949.6,mango
98.2,32.7,28.1,30.8,70.3,6.57,1695.3,mango
34.4,28.8,42.5,29.4,77.7,6.95,1289.9,mango
67.2,36.1,27.7,30.6,76.7,6.52,1466.0,mango
32.0,37.6,30.2,29.3,76.2,6.57,1290.1,mango
79.8,25.7,22.2,32.3,75.2,6.48,1315.3,mango
66.2,47.0,51.0,27.9,71.3,6.87,1377.9,mango
70.4,33.9,34.2,28.9,76.5,6.88,1553.3,mango
46.6,12.8,33.0,28.3,75.0,6.45,1277.7,mango
83.3,69.9,47.6,30.2,79.8,6.12,1450.8,mango
85.8,48.4,37.6,28.9,73.1,6.33,1469.4,mango
55.5,60.8,35.9,27.4,77.6,6.61,1068.1,mango
57.9,37.3,61.5,27.9,76.5,6.38,971.2,mango
79.8,41.0,24.3,31.0,74.7,6.57,1354.9,mango
66.8,54.3,27.9,27.3,72.0,6.59,1357.2,mango
81.6,34.2,59.4,31.4,75.2,7.06,1710.7,mango
79.6,41.8,29.2,29.4,76.6,6.58,1666.6,mango
63.2,40.2,36.1,29.4,77.7,6.34,1136.7,mango
44.1,38.7,42.7,29.5,76.0,6.58,1319.1,mango
51.1,34.9,20.6,34.0,77.1,6.53,1019.3,mango
62.6,32.5,20.7,27.0,79.5,6.59,1455.3,mango
47.3,67.0,43.0,29.5,77.8,6.36,1160.6,mango
53.1,56.0,32.1,27.3,74.5,6.46,1191.2,mango
46.9,24.9,40.8,29.4,72.4,6.34,1248.3,mango
43.8,22.5,33.1,31.2,78.3,6.65,1297.0,mango
83.6,41.0,30.6,30.4,73.7,6.71,1105.7,mango
71.7,31.6,20.5,28.7,76.4,6.29,1684.8,mango
49.5,33.6,16.5,28.7,72.7,6.15,1195.7,mango
77.0,33.1,40.1,30.5,74.0,6.67,1007.0,mango
62.4,24.9,22.9,28.8,71.4,6.25,1844.8,mango
23.1,41.8,23.6,30.3,74.9,6.49,1414.8,mango
42.5,42.2,46.5,28.8,76.7,6.64,1043.7,mango
91.7,25.5,37.8,29.8,73.6,6.53,955.4,mango
54.1,24.1,33.9,27.5,74.1,5.82,1558.2,mango
60.2,35.0,35.7,29.8,74.7,6.52,1511.9,mango
65.3,28.0,31.6,31.1,73.8,6.23,1365.9,mango
57.0,8.2,41.6,29.7,78.5,5.74,1597.3,mango
45.5,38.4,35.7,29.5,75.6,6.16,1614.9,mango
62.2,40.6,33.0,29.6,74.1,6.78,1412.0,mango
73.2,37.7,31.2,28.7,76.2,6.69,1302.0,mango
73.2,41.5,33.0,28.4,72.6,6.56,1538.9,mango
49.7,45.8,18.0,29.0,73.3,6.51,988.8,mango
52.2,46.8,43.6,25.9,74.2,6.59,1519.8,mango
88.1,26.2,18.5,32.1,73.9,6.54,1240.0,mango
65.3,33.9,20.0,31.1,76.6,6.35,1236.3,mango
39.6,43.6,32.8,29.8,76.1,6.44,1122.4,mango
32.7,44.2,35.1,25.2,75.0,6.52,1364.4,mango
41.4,23.8,51.0,27.8,72.6,6.53,1083.5,mango
87.0,49.8,53.9,29.5,73.3,6.39,1310.2,mango
69.2,34.7,48.0,30.2,75.7,6.64,1175.8,mango
63.7,55.1,34.0,27.2,74.3,6.31,1445.7,mango
68.0,51.0,42.9,30.0,77.3,6.4,954.2,mango
49.1,54.8,27.2,25.8,79.5,6.7,1670.1,mango
63.1,34.5,16.4,29.4,76.6,5.91,1624.5,mango
56.2,54.1,15.9,31.3,74.5,6.64,1027.1,mango
58.9,57.8,35.8,31.0,72.9,6.61,1386.0,mango
59.1,54.9,27.1,30.3,75.4,6.36,1234.8,mango
73.0,36.7,32.6,26.8,77.0,6.9,1478.0,mango
67.2,53.2,23.7,30.2,68.8,6.36,1465.5,mango
48.9,50.4,44.2,28.7,74.7,6.71,1325.3,mango
58.7,22.4,38.6,28.8,75.4,6.35,1285.4,mango
53.7,32.0,28.8,32.5,70.9,6.73,1234.7,mango
42.0,42.0,11.9,27.3,71.8,6.2,1475.4,mango
69.0,56.2,31.6,33.3,69.7,6.23,1296.8,mango
64.8,40.2,35.3,29.7,78.7,6.64,1056.2,mango
55.9,14.1,12.7,28.0,77.0,6.48,1570.7,mango
94.4,52.0,24.3,30.5,77.7,6.16,1563.5,mango
60.9,60.9,15.2,29.8,73.5,6.63,1021.4,mango
60.1,38.4,21.2,29.3,78.8,6.57,1138.2,mango
47.1,63.9,45.7,31.7,75.6,6.65,1410.5,mango
86.3,47.7,31.4,29.4,76.6,6.78,1312.3,mango
26.1,42.2,27.8,29.8,73.9,6.59,983.2,mango
59.9,49.5,26.6,32.4,74.3,6.47,1315.7,mango
53.3,44.2,43.1,29.5,75.0,6.66,1541.4,mango
46.1,45.9,25.5,30.6,76.4,6.21,985.2,mango
68.3,51.8,39.0,27.5,73.5,6.09,1374.3,mango
48.8,6.2,19.4,27.9,73.8,6.18,1460.6,mango
72.4,32.7,19.3,26.8,75.7,6.08,1417.3,mango
58.4,36.2,35.8,26.2,74.7,6.75,1208.2,mango
57.8,34.3,21.9,29.8,73.9,6.36,1061.4,mango
72.2,38.9,39.7,32.2,76.2,6.47,1365.6,mango
43.7,31.3,19.6,24.2,75.7,6.58,1395.8,mango
47.0,61.0,35.6,30.4,70.9,6.55,1563.4,mango
33.2,58.2,38.1,28.9,78.2,6.51,1346.9,mango
58.2,47.2,34.7,28.5,73.5,6.34,1500.1,mango
64.5,36.0,28.2,31.2,78.6,6.93,1473.9,mango
59.4,14.8,28.2,26.0,73.5,6.32,1379.3,mango
79.4,45.2,33.6,29.9,78.4,6.61,1055.1,mango
48.1,26.1,20.2,32.3,79.9,6.47,1649.1,mango
71.5,33.4,25.1,30.7,78.8,6.46,1943.0,mango
75.6,57.5,37.8,27.6,76.4,6.87,1173.4,mango
50.9,30.5,42.4,29.4,76.4,6.08,1265.5,mango
53.0,22.4,35.0,27.0,76.0,6.6,1568.7,mango
50.7,45.4,22.1,31.1,74.6,6.22,1478.6,mango
77.3,14.3,41.7,27.7,76.3,6.63,1073.6,mango
63.3,29.0,21.3,31.5,75.3,6.56,1626.8,mango
38.0,22.9,22.4,29.9,76.8,6.41,1323.1,mango
62.4,40.5,41.9,30.8,75.7,6.08,1266.8,mango
83.0,41.5,24.7,29.8,79.9,6.51,1533.9,mango
55.4,48.5,13.0,29.3,73.8,6.36,1269.4,mango
77.0,29.7,25.5,30.0,78.5,6.41,1400.0,mango
57.5,49.5,28.5,30.3,74.3,6.56,1501.6,mango
97.5,16.2,19.7,29.1,75.5,6.67,1581.5,mango
67.2,12.7,30.3,27.8,78.6,5.83,1197.2,mango
29.3,67.4,33.1,30.0,74.3,6.46,1563.8,mango
70.7,22.3,35.3,30.3,74.8,6.61,1598.5,mango
41.1,33.7,20.9,33.3,78.8,6.98,1738.9,mango
61.6,23.6,48.7,35.9,71.5,6.22,1425.8,mango
65.2,41.6,17.2,30.9,72.4,6.17,1440.2,mango
28.8,49.6,23.0,29.4,76.8,7.03,1364.3,mango
74.5,40.5,43.9,30.3,76.3,6.19,1402.2,mango
80.1,55.2,18.4,32.4,77.5,6.73,1424.3,mango
68.8,37.2,28.4,30.0,73.7,6.38,1085.8,mango
69.7,63.6,27.9,31.3,75.7,6.69,1558.2,mango
66.8,33.9,27.7,28.1,72.6,6.41,1417.5,mango
80.6,51.4,39.4,29.0,72.3,6.75,1284.7,mango
59.3,23.4,31.3,28.7,73.1,6.47,1411.5,mango
70.5,25.0,26.8,28.5,74.4,6.59,1430.3,mango
66.1,22.3,33.0,28.3,79.2,6.51,1620.5,mango
39.9,42.2,24.6,29.0,74.4,6.29,1658.0,mango
86.1,26.1,23.6,31.7,74.7,6.66,1506.9,mango
59.8,48.3,27.1,33.1,76.7,6.8,1217.8,mango
70.6,41.8,30.3,32.8,72.6,6.72,1282.9,mango
56.9,22.1,25.8,28.6,73.5,6.58,1221.9,mango
45.3,46.6,36.3,29.1,75.7,6.94,1481.2,mango
33.2,28.9,20.3,30.0,73.3,6.49,1313.1,mango
38.1,51.7,39.2,30.4,72.3,6.17,1505.3,mango
54.1,49.4,10.0,30.7,79.4,6.25,1688.2,mango
30.0,43.4,25.4,29.0,74.1,6.68,1575.6,mango
62.2,64.7,20.8,29.1,79.0,6.52,1177.5,mango
55.8,63.7,47.8,29.8,73.2,6.58,1233.1,mango
46.7,59.3,35.8,29.2,74.3,6.76,1054.0,mango
42.8,33.1,26.2,27.4,73.7,6.3,1237.5,mango
48.1,53.8,25.7,31.9,76.2,6.59,1466.4,mango
35.6,43.5,36.8,28.9,81.2,6.36,1454.0,mango
89.2,60.5,33.0,28.7,71.8,6.58,1251.3,mango
62.4,55.3,28.1,28.7,74.2,6.34,1454.6,mango
43.9,37.9,41.1,29.1,77.0,6.71,1319.8,mango
55.3,48.4,37.3,28.9,76.7,6.94,1665.1,mango
59.2,22.1,27.3,31.5,77.8,6.34,1448.6,mango
71.7,41.1,28.6,27.9,77.5,6.64,1444.0,mango
73.7,25.3,27.7,27.3,71.2,6.33,974.0,mango
66.2,56.7,30.8,28.6,74.9,6.53,1643.4,mango
63.2,44.2,11.6,26.3,78.6,6.66,1401.4,mango
62.9,47.4,46.6,25.9,78.2,6.34,1561.3,mango
61.0,26.7,19.4,29.4,80.0,6.43,1528.7,mango
56.9,45.7,10.0,31.1,77.9,6.24,1623.7,mango
66.0,26.7,32.7,30.3,77.8,5.9,1766.8,mango
69.4,33.3,42.6,29.7,69.2,6.58,1307.0,mango
74.6,34.9,43.6,26.5,75.2,6.33,1015.6,mango
61.1,54.5,14.9,28.2,70.0,6.49,1404.9,mango
49.7,19.6,10.0,29.0,79.0,6.29,1677.7,mango
56.9,47.9,40.3,28.8,80.2,6.59,1240.6,mango
59.1,33.6,40.4,31.7,74.9,6.54,1429.1,mango
38.2,36.8,22.0,29.1,75.1,6.68,1163.7,mango
65.0,39.3,27.8,33.5,78.9,6.56,1394.1,mango
62.6,25.5,30.9,29.4,75.0,6.09,1238.0,mango
50.6,48.6,29.0,30.1,75.8,6.43,1670.2,mango
48.3,36.1,49.9,28.1,70.4,6.52,1407.0,mango
65.6,26.7,23.5,28.6,77.6,6.71,1539.5,mango
68.2,34.1,26.4,27.4,74.1,6.27,1301.7,mango
65.7,41.4,35.9,26.6,74.8,6.35,1389.4,mango
45.8,34.8,26.0,30.7,79.2,6.53,1524.0,mango
88.7,62.2,50.2,27.8,75.6,6.51,851.4,mango
62.2,30.8,34.2,30.5,75.5,6.47,1202.2,mango
40.9,20.6,32.7,27.0,78.6,6.83,2007.4,mango
82.2,42.2,32.3,28.9,76.6,6.49,1759.9,mango
46.2,63.5,25.4,31.4,77.5,6.64,1233.9,mango
84.3,43.0,45.9,26.5,72.4,6.55,1213.0,mango
67.7,39.3,81.8,31.5,77.2,6.35,819.5,mango
76.3,37.4,23.1,30.3,77.7,6.13,1496.6,mango
58.5,13.1,39.0,31.0,77.3,6.46,1064.9,mango
65.2,40.1,20.1,30.0,72.7,6.7,1277.7,mango
49.3,63.3,31.9,30.1,78.3,6.2,1425.7,mango
92.7,39.5,32.6,30.0,79.5,6.21,1576.2,mango
43.1,37.1,16.6,29.6,77.4,6.46,1687.0,mango
72.1,44.6,22.0,31.1,74.7,6.79,1233.7,mango
78.1,42.4,29.9,30.4,76.2,6.17,1209.3,mango
75.9,48.6,32.5,30.2,75.2,6.82,1350.9,mango
70.7,54.2,34.7,28.9,72.7,6.95,1598.5,mango
57.1,23.4,36.4,29.3,71.5,6.35,1572.6,mango
64.8,50.3,27.2,31.8,74.0,6.46,1019.0,mango
41.1,36.9,28.2,31.2,73.5,6.56,1393.4,mango
66.4,46.2,36.2,28.4,78.3,6.55,1902.6,mango
47.4,33.3,39.8,32.4,70.0,6.71,1568.2,mango
72.5,53.8,32.2,26.1,77.0,6.58,1731.8,mango
81.6,42.1,33.1,30.9,77.0,6.65,1170.9,mango
85.7,45.5,29.1,27.8,76.5,6.68,1374.9,mango
53.9,27.1,30.8,30.5,78.3,6.33,1258.9,mango
20.0,42.7,30.3,30.7,74.9,6.44,1719.4,mango
46.4,26.1,25.5,29.5,76.4,6.4,1688.7,mango
44.5,37.9,25.1,30.2,74.7,6.7,935.5,mango
67.2,27.5,42.9,24.5,72.3,6.69,1208.3,mango
23.1,41.1,16.4,30.8,75.8,6.26,1321.6,mango
72.4,15.1,37.1,29.1,70.1,6.55,1460.6,mango
73.8,46.1,32.2,33.0,76.9,6.25,1321.9,mango
57.8,39.4,18.3,29.8,74.8,6.26,1457.2,mango
68.8,32.0,31.5,29.3,73.7,6.59,1362.1,mango
67.9,34.5,17.6,31.2,70.8,6.26,1164.5,mango
70.1,45.0,23.3,31.8,74.6,6.68,1129.1,mango
42.1,44.6,31.4,30.5,76.0,6.84,1378.1,mango
51.0,34.9,37.2,31.2,79.4,6.71,1745.5,mango
63.7,49.5,36.0,27.1,73.2,6.21,1326.4,mango
52.3,33.5,34.1,29.7,73.7,6.72,1301.6,mango
56.3,49.1,31.8,27.7,73.7,6.33,1392.7,mango
68.3,38.0,34.4,30.0,76.6,6.46,1533.1,mango
69.7,14.1,33.2,31.4,71.9,6.38,1483.5,mango
77.5,35.9,30.4,30.0,76.1,6.47,1943.2,mango
52.1,64.7,14.9,29.7,72.7,6.71,1500.0,mango
71.4,48.7,26.4,28.1,82.4,6.19,952.2,mango
70.0,16.5,33.9,30.9,73.0,6.11,1152.3,mango
67.7,38.8,41.1,29.3,75.1,6.71,1738.1,mango
72.0,26.9,29.3,30.2,72.7,6.63,1562.2,mango
88.2,36.3,20.5,26.3,74.9,6.95,1044.4,mango
58.7,56.5,10.0,31.2,74.0,6.31,957.6,mango
67.7,41.9,10.0,30.1,74.8,6.57,1446.5,mango
49.2,47.1,28.0,27.9,72.1,6.52,1707.8,mango
47.0,15.3,17.9,30.7,74.0,5.94,1454.8,mango
63.5,37.0,34.5,30.4,68.8,6.12,1796.8,mango
75.3,25.7,35.9,29.4,76.4,6.72,1649.5,mango
46.8,23.4,51.5,30.7,74.1,6.42,1303.8,mango
54.5,38.1,52.5,31.5,71.3,6.64,1380.4,mango
65.3,33.3,40.0,33.0,75.9,6.54,882.3,mango
48.4,43.2,50.4,27.5,77.5,6.91,1591.1,mango
50.0,63.2,20.8,28.3,75.8,6.79,1164.7,mango
56.9,21.8,22.0,30.7,73.8,6.71,1234.0,mango
44.1,30.2,22.5,30.8,76.8,6.35,1457.8,mango
47.0,37.6,21.1,29.4,77.7,6.63,1128.3,mango
41.0,37.1,30.9,29.2,80.4,6.1,1201.1,mango
75.9,47.5,43.9,29.7,76.1,6.27,1566.2,mango
46.3,48.4,22.6,29.6,68.2,6.38,1602.1,mango
56.8,41.4,37.5,31.3,73.5,6.56,1539.0,mango
34.5,39.6,20.7,28.9,76.5,6.77,1030.0,mango
63.7,26.7,38.6,31.6,73.0,6.17,1621.3,mango
66.0,28.7,15.2,29.3,79.1,6.89,1709.5,mango
48.0,41.0,23.9,30.6,75.7,6.17,1514.5,mango
47.6,40.1,32.5,28.1,74.7,6.45,1173.6,mango
61.9,24.0,26.6,30.1,74.2,6.5,1175.5,mango
53.1,55.1,27.0,30.6,75.9,6.5,1251.3,mango
77.2,50.4,21.2,29.1,78.7,6.85,1274.0,mango
70.2,60.1,34.6,28.7,77.6,7.08,1214.4,mango
75.8,41.2,32.0,30.1,76.5,6.73,1254.1,mango
34.9,33.4,17.3,29.4,77.2,6.03,1257.4,mango
60.9,43.9,42.3,31.5,77.2,6.83,1282.8,mango
63.2,28.1,14.4,31.3,74.0,6.63,943.6,mango
57.6,28.8,29.2,30.6,74.7,6.54,1199.3,mango
40.2,36.4,27.0,28.5,75.5,7.14,1720.0,mango
86.9,39.0,39.3,28.1,73.8,6.26,1301.8,mango
58.9,64.4,35.2,31.3,72.5,6.82,1672.5,mango
71.2,59.2,34.8,27.4,77.9,6.18,1637.1,mango
53.1,47.9,20.9,27.7,76.7,6.44,1585.5,mango
36.2,31.5,38.2,29.9,78.8,6.37,1624.7,mango
57.4,51.3,14.2,28.1,73.1,6.36,1600.6,mango
57.3,26.4,29.3,30.0,72.5,6.59,1429.6,mango
72.9,38.1,20.4,27.6,77.2,6.42,1241.6,mango
82.8,47.5,30.8,30.4,71.9,6.78,1491.7,mango
84.0,22.7,25.0,33.2,75.5,6.92,1487.3,mango
53.9,48.6,24.3,30.6,72.1,6.73,1630.7,mango
59.9,33.8,29.5,25.2,72.2,6.35,1006.0,mango
68.1,48.6,28.4,28.6,77.3,6.5,1374.0,mango
80.5,36.9,31.6,26.2,73.3,6.72,1427.6,mango
75.7,60.2,31.0,30.7,75.0,6.11,1205.6,mango
53.7,33.7,32.2,28.1,71.8,6.39,1429.5,mango
52.6,38.7,29.2,30.3,77.3,6.6,1378.0,mango
64.6,47.2,41.1,28.8,69.7,6.51,1481.2,mango
39.1,53.1,31.0,29.2,76.5,6.57,1548.3,mango
64.6,26.7,17.4,29.0,68.9,6.98,1134.0,mango
46.7,37.9,31.3,29.0,76.6,6.67,1543.3,mango
51.2,22.6,31.8,29.4,78.9,6.55,1488.7,mango
63.2,45.5,23.4,28.3,75.9,6.89,1464.3,mango
31.0,56.3,41.9,26.9,78.0,6.42,1598.8,mango
35.6,54.7,12.5,29.3,74.9,6.55,1597.7,mango
56.4,45.1,15.9,32.7,68.6,6.89,1754.8,mango
75.0,49.8,24.6,28.9,73.0,6.81,1128.9,mango
81.8,40.4,34.9,28.2,76.7,6.98,1031.4,mango
52.0,36.6,29.7,30.0,79.4,6.36,1564.5,mango
42.4,38.7,40.3,30.8,72.9,6.29,1361.0,mango
62.7,55.0,38.4,30.3,72.3,6.21,1492.4,mango
61.5,37.5,35.3,28.3,69.9,6.51,1852.3,mango
73.7,57.0,21.4,29.1,74.8,6.54,1063.5,mango
30.7,34.9,43.1,32.6,73.7,6.4,1285.8,mango
46.8,50.8,30.7,30.4,75.9,6.82,1422.4,mango
44.0,34.8,24.9,28.1,75.2,6.3,1471.6,mango
80.2,30.0,17.6,31.7,74.1,6.78,1330.4,mango
56.1,63.0,30.5,30.4,73.6,6.76,1331.8,mango
44.7,34.5,32.4,29.8,75.8,6.32,1841.6,mango
63.9,56.3,14.9,31.2,75.0,6.82,1061.6,mango
66.2,45.9,29.3,29.1,76.4,6.29,1400.1,mango
41.3,22.0,32.5,30.4,73.4,6.46,1440.9,mango
92.8,45.1,27.3,26.0,76.0,6.5,1324.6,mango
76.6,44.8,36.3,30.6,77.5,6.37,1101.6,mango
54.2,33.0,40.1,28.5,72.1,6.07,1136.5,mango
37.8,40.1,26.8,27.6,72.5,6.27,1832.1,mango
60.3,50.3,19.1,29.3,77.5,6.21,1459.8,mango
45.3,42.8,36.4,34.6,74.8,6.22,1862.8,mango
55.5,45.2,28.4,26.1,75.4,6.15,1177.9,mango
65.2,43.9,35.2,28.2,76.3,6.27,1393.1,mango
70.8,38.9,35.4,30.0,74.6,6.43,1402.1,mango
61.4,45.2,31.8,30.5,74.2,6.49,1179.2,mango
58.3,35.3,32.8,29.6,77.6,6.59,1284.3,mango
65.6,32.3,26.3,29.6,72.5,6.83,1057.5,mango
72.5,59.5,26.0,27.9,77.6,6.45,1265.7,mango
62.5,62.3,33.2,27.1,72.9,6.5,1465.2,mango
46.2,55.5,52.9,28.7,77.0,6.8,1505.4,mango
52.9,39.5,25.4,31.8,73.9,6.92,1677.2,mango
45.4,58.4,46.2,28.4,72.1,6.33,1373.9,mango
40.9,28.3,14.0,34.2,75.1,6.69,1361.1,mango
60.1,37.9,31.9,31.0,77.5,6.38,1195.6,mango
61.6,27.8,43.5,28.6,74.6,6.59,1591.6,mango
57.3,47.0,27.1,28.3,76.8,6.13,1543.5,mango
60.6,37.6,20.3,29.3,74.1,6.59,1420.2,mango
47.8,23.3,46.3,30.2,75.7,6.5,873.1,mango
74.1,38.2,21.0,29.0,70.4,6.62,1403.9,mango
27.9,11.8,22.9,30.3,77.2,6.51,1315.8,mango
90.9,37.7,32.7,30.3,76.2,6.33,1272.4,mango
18.3,46.0,36.1,27.7,76.2,6.49,1287.9,mango
63.5,12.4,32.2,30.8,75.5,7.1,1604.0,mango
51.5,37.1,37.8,31.6,74.3,6.8,1088.0,mango
63.6,52.7,33.1,27.1,72.6,6.43,1372.6,mango
72.6,40.8,29.7,28.5,76.5,6.01,1624.4,mango
60.9,45.4,36.9,31.7,77.2,6.82,1332.4,mango
41.1,60.2,13.2,30.3,72.4,6.34,1560.3,mango
59.4,37.3,34.0,31.9,72.8,6.18,1473.4,mango
66.1,33.9,44.2,25.5,72.8,6.82,1335.7,mango
60.2,57.0,26.0,28.7,75.7,6.73,1353.3,mango
71.5,65.0,27.0,27.7,74.2,6.65,1706.8,mango
72.7,51.0,33.7,30.5,73.8,6.31,1211.9,mango
36.3,35.2,16.6,28.1,73.2,6.59,1239.4,mango
58.7,45.0,34.7,30.4,79.9,6.76,1168.5,mango
68.1,26.5,36.6,27.7,74.8,6.31,1633.0,mango
55.2,46.5,16.7,30.1,77.4,6.68,1239.6,mango
65.1,58.6,22.1,30.4,75.3,6.67,1071.0,mango
83.5,39.7,53.7,30.2,73.7,6.42,930.8,mango
46.1,32.6,50.4,27.8,72.9,6.25,1305.6,mango
49.5,57.9,40.3,29.4,73.7,6.75,1093.2,mango
66.2,56.1,33.6,29.1,72.6,6.55,1238.3,mango
58.8,47.9,33.0,28.9,77.0,6.33,1661.3,mango
40.5,29.3,51.0,27.7,73.3,6.52,1411.6,mango
43.8,30.5,51.5,28.7,74.7,6.2,1607.0,mango
73.0,33.7,18.2,29.1,76.7,6.63,1412.7,mango
70.9,29.6,20.2,27.8,73.7,5.57,1055.9,mango
49.9,40.5,15.6,27.0,77.4,6.44,1693.3,mango
44.8,61.7,46.7,30.0,69.0,6.3,1124.6,mango
32.7,45.6,42.8,27.5,73.4,6.96,1354.1,mango
69.5,21.4,14.0,28.5,77.6,6.22,1379.9,mango
64.2,20.1,43.0,31.1,75.4,6.21,1173.6,mango
54.6,33.5,40.5,31.0,70.3,6.45,1249.7,mango
55.4,22.2,38.4,31.7,78.7,5.8,1464.1,mango
72.0,40.0,33.1,28.9,73.8,6.33,1490.7,mango
56.2,35.0,38.9,27.2,72.3,6.93,1516.2,mango
58.9,50.4,41.5,29.4,74.3,6.68,1524.5,mango
96.6,28.9,32.6,26.6,79.6,6.65,1449.5,mango
76.8,46.7,30.5,30.4,71.9,7.04,1265.2,mango
61.6,35.6,19.4,29.8,78.6,6.32,1505.8,mango
70.9,53.9,56.5,28.4,74.3,6.51,1420.1,mango
49.5,47.5,44.1,30.9,77.8,6.42,1246.5,mango
38.5,23.2,42.8,28.4,76.1,6.26,1440.7,mango
42.5,17.3,44.8,28.6,75.8,6.83,1243.7,mango
69.6,52.3,36.7,30.4,73.9,6.25,1151.5,mango
60.1,36.7,30.0,29.8,73.1,6.39,1453.8,mango
49.3,23.3,50.2,26.5,72.3,5.97,1558.6,mango
58.4,36.8,30.8,28.6,75.8,6.12,1418.7,mango
49.1,29.1,47.5,30.3,72.9,6.62,1552.2,mango
62.3,23.9,11.5,26.2,75.6,6.35,1267.4,mango
38.6,33.1,29.3,27.9,74.6,6.66,1406.7,mango
64.3,17.8,44.7,27.7,74.3,6.62,1403.7,mango
55.8,33.5,29.2,25.5,74.8,6.57,1051.7,mango
79.8,44.5,35.7,30.5,72.2,6.28,1136.1,mango
45.4,36.8,41.6,32.4,75.4,6.89,1539.0,mango
67.7,17.0,21.6,25.5,77.0,6.53,1209.0,mango
42.4,44.1,37.5,30.7,77.1,6.57,1187.1,mango
102.3,57.1,31.2,30.2,70.7,7.06,1486.9,mango
50.3,39.7,42.6,28.8,77.0,6.77,1295.0,mango
72.1,27.2,19.4,29.3,78.4,6.8,1398.3,mango
57.6,36.9,21.2,28.2,75.5,6.48,1266.3,mango
37.5,28.1,29.6,28.7,76.7,6.51,1882.0,mango
45.4,56.9,26.2,32.0,75.5,6.78,1422.7,mango
71.8,36.6,27.4,31.6,72.7,6.5,1722.9,mango
25.7,52.6,47.3,28.8,77.6,6.25,987.4,mango
54.7,38.5,32.1,27.1,76.7,6.5,1601.3,mango
86.1,36.4,45.5,28.1,76.4,6.47,1607.9,mango
67.2,25.7,23.9,30.0,74.1,6.03,1532.8,mango
37.9,43.3,23.8,29.6,74.9,6.55,1241.3,mango
60.6,46.2,65.7,27.5,71.1,6.51,958.0,mango
62.4,58.4,32.2,32.0,78.0,6.55,1582.5,mango
39.6,34.4,26.7,29.9,74.3,6.47,1617.9,mango
29.1,47.2,38.2,29.0,72.5,6.87,1543.8,mango
49.6,32.7,50.7,30.8,74.5,6.81,1603.2,mango
29.9,44.5,30.2,29.8,76.2,6.68,1573.3,mango
53.2,21.1,19.2,31.3,78.0,6.2,1209.2,mango
28.3,48.1,23.4,29.5,75.1,6.18,1660.1,mango
62.4,57.8,32.5,28.5,74.7,6.43,1599.3,mango
41.4,41.8,29.2,25.5,74.3,6.72,1204.6,mango
73.5,47.2,26.9,31.4,75.4,6.88,1167.3,mango
50.6,60.9,42.0,29.8,77.1,6.63,1351.5,mango
47.9,32.0,38.8,27.9,74.6,6.7,1303.4,mango
50.5,35.6,33.0,30.5,76.6,6.13,969.1,mango
52.0,49.5,34.0,28.3,76.3,6.1,1158.8,mango
61.4,21.3,34.3,27.0,72.3,5.96,973.0,mango
49.5,35.8,32.1,30.4,75.6,6.44,1557.0,mango
28.3,43.4,40.6,31.2,72.2,6.5,1085.5,mango
84.3,34.9,33.3,33.8,77.1,6.51,1392.1,mango
75.3,43.0,30.8,30.6,73.1,6.16,1456.0,mango
52.1,46.4,14.3,31.1,75.9,6.66,1551.1,mango
64.5,29.3,41.3,29.5,73.2,6.54,1530.7,mango
59.9,32.2,24.6,30.1,75.2,6.86,1025.8,mango
76.2,22.0,31.3,29.2,78.5,6.73,1122.4,mango
72.5,37.4,29.1,31.5,74.8,6.23,1177.7,mango
65.8,29.1,13.6,27.4,75.1,6.7,1697.5,mango
72.5,42.3,28.8,29.1,70.1,6.99,1605.5,mango
86.9,35.6,30.4,31.1,76.1,6.58,1120.7,mango
37.2,42.9,22.8,29.4,78.7,6.26,1267.3,mango
29.1,46.7,32.0,30.0,75.4,6.51,1507.0,mango
40.5,50.0,44.5,32.9,71.3,6.77,1611.9,mango
67.1,19.9,31.5,32.9,76.8,6.75,1292.5,mango
73.5,44.7,34.7,30.5,72.9,6.45,1374.7,mango
54.3,40.3,18.3,29.0,69.7,6.49,1463.8,mango
97.6,28.6,34.9,30.2,75.2,6.51,1775.5,mango
43.9,38.0,29.7,32.4,77.1,6.54,1293.7,mango
68.1,46.6,17.3,28.3,74.0,6.13,1040.3,mango
67.2,20.6,39.8,29.7,74.1,6.33,1095.0,mango
76.4,40.9,30.4,31.8,71.6,5.98,1345.0,mango
45.5,67.6,40.5,27.4,78.0,6.54,1146.8,mango
58.4,53.1,40.5,30.5,78.1,6.72,1258.8,mango
79.9,22.5,30.3,30.0,72.4,6.1,1136.1,mango
36.5,50.4,40.8,26.6,72.1,6.58,1725.8,mango
76.3,43.6,14.3,29.5,77.0,6.35,1361.3,mango
49.2,38.2,37.9,32.9,74.2,6.54,1413.3,mango
65.8,49.2,22.7,30.8,73.5,6.28,1504.1,mango
40.4,22.6,41.0,29.1,74.8,6.79,1456.8,mango
62.8,43.6,29.3,30.6,74.2,6.62,1393.9,mango
59.9,45.3,42.0,30.5,77.3,6.61,1566.3,mango
58.5,45.4,21.6,29.2,76.2,6.68,1318.2,mango
52.3,25.1,46.2,29.5,76.5,6.34,1698.5,mango
49.2,41.6,45.1,27.7,71.5,6.51,848.1,mango
19.9,21.6,12.1,28.4,77.3,6.57,1183.4,mango
75.3,43.8,20.9,29.2,74.6,6.34,1417.3,mango
66.2,30.1,16.4,27.9,74.1,6.51,1216.2,mango
49.1,47.3,28.5,30.2,79.3,6.6,1547.7,mango
61.1,30.2,11.1,27.0,75.7,6.86,1364.9,mango
58.7,53.2,36.0,27.2,79.2,6.45,1172.9,mango
41.2,43.1,40.2,29.0,73.3,6.57,1613.8,mango
46.4,45.5,21.2,31.1,82.2,6.43,1562.9,mango
65.7,19.9,23.8,27.4,80.0,6.67,1322.4,mango
57.7,36.2,29.3,32.1,80.5,6.61,1318.8,mango
58.3,49.7,50.3,26.8,76.1,6.44,1577.7,mango
61.8,30.6,31.6,32.3,72.9,6.12,1413.7,mango
55.3,43.1,32.0,30.0,72.1,6.28,1524.4,mango
46.3,34.3,66.4,34.2,77.8,6.76,904.3,mango
75.0,52.5,37.8,28.4,75.3,6.63,1248.8,mango
49.4,27.7,19.1,26.0,76.7,6.67,1366.4,mango
62.7,28.6,22.6,30.4,75.4,6.23,1584.8,mango
31.7,32.9,27.8,28.8,72.2,6.89,1208.6,mango
77.2,30.3,32.1,31.8,74.3,6.31,1436.4,mango
58.1,60.1,45.8,29.2,78.9,6.68,1475.0,mango
63.2,31.2,16.6,31.6,73.1,5.91,1433.8,mango
49.1,39.3,18.2,30.3,76.3,6.35,1282.2,mango
68.9,36.4,37.1,31.3,72.1,6.35,1379.2,mango
49.1,47.5,34.7,27.7,74.8,7.06,1316.7,mango
38.8,42.8,40.1,32.7,73.8,6.24,1658.2,mango
48.6,10.3,41.5,31.6,75.1,6.86,1320.6,mango
76.2,72.1,21.9,27.4,76.1,6.38,1314.5,mango
50.2,32.5,25.4,29.7,75.8,6.35,1376.0,mango
49.2,41.1,39.9,28.7,75.2,6.42,853.1,mango
89.4,34.0,32.7,28.8,73.5,6.21,1376.8,mango
35.3,56.0,32.2,34.3,76.2,7.08,1288.8,mango
59.8,48.4,24.7,28.6,74.1,6.89,1385.1,mango
65.2,49.3,22.7,30.0,71.5,6.83,1295.2,mango
55.1,55.5,23.4,31.7,75.4,6.76,1472.5,mango
57.6,46.6,23.6,29.6,72.1,6.38,1179.9,mango
51.8,61.9,34.3,30.6,73.8,6.66,1308.3,mango
75.9,53.0,22.8,27.0,73.4,6.09,1350.2,mango
64.4,53.7,18.3,30.8,75.0,6.74,1557.7,mango
36.2,40.5,25.6,29.8,72.1,6.23,1417.0,mango
63.0,37.1,14.4,27.1,76.0,6.32,1628.6,mango
53.5,46.8,32.7,30.0,78.5,6.53,1716.6,mango
62.2,41.8,13.5,29.2,74.0,6.74,1762.5,mango
66.2,24.4,20.3,31.5,75.5,6.76,1549.3,mango
62.1,28.2,36.5,29.4,77.8,6.45,1022.6,mango
71.2,42.5,24.8,29.2,78.5,6.83,1307.1,mango
59.9,58.5,41.4,29.0,76.0,6.49,1305.3,mango
88.9,35.7,37.9,28.1,73.1,6.65,1436.9,mango
46.0,27.6,17.6,32.5,76.2,6.93,1346.6,mango
50.1,30.9,36.7,30.9,76.4,6.84,1163.9,mango
54.3,34.9,50.5,29.6,78.8,6.64,882.7,mango
54.6,37.7,22.4,29.4,75.4,6.3,1386.9,mango
73.4,57.1,39.5,30.0,79.2,6.31,1475.9,mango
59.5,34.2,37.7,28.6,78.8,6.45,1310.6,mango
63.5,37.6,28.0,25.0,72.6,6.9,1206.2,mango
50.2,39.3,20.8,27.0,74.1,6.65,1657.5,mango
60.9,59.6,21.8,29.0,75.3,6.59,1591.8,mango
60.4,41.4,31.2,29.2,72.5,6.53,1414.1,mango
58.6,31.0,15.2,28.3,75.5,6.28,1036.5,mango
60.6,44.1,40.2,30.2,77.8,6.39,1520.9,mango
73.8,56.0,52.1,18.1,63.5,6.43,427.6,grapes
86.2,43.6,16.1,20.0,59.9,7.08,475.7,grapes
63.7,22.0,10.0,22.9,60.1,6.44,532.7,grapes
73.4,54.0,41.6,23.1,57.9,6.66,709.9,grapes
68.8,21.2,45.8,20.7,56.9,6.65,660.5,grapes
70.7,32.6,35.4,25.3,59.0,6.67,689.7,grapes
32.5,20.0,23.2,23.3,55.2,6.53,581.0,grapes
37.2,37.6,30.2,21.9,54.6,6.58,539.5,grapes
50.3,56.1,35.0,25.6,58.5,6.7,538.4,grapes
52.8,47.6,14.6,23.6,58.3,6.41,615.8,grapes
64.4,42.2,21.9,23.1,63.5,6.88,620.0,grapes
61.8,43.4,51.4,20.1,60.2,6.83,405.6,grapes
28.1,27.7,32.4,19.2,60.6,6.66,555.2,grapes
59.7,41.5,59.1,22.9,64.8,6.93,552.8,grapes
59.6,78.0,50.7,25.8,64.3,6.58,577.8,grapes
72.1,39.1,14.9,22.1,60.4,7.06,558.7,grapes
56.5,50.1,17.9,20.7,59.7,6.96,555.0,grapes
72.4,56.0,54.3,21.2,65.2,6.72,607.9,grapes
41.0,62.4,45.4,24.4,63.8,6.5,520.5,grapes
58.8,33.8,64.4,19.4,56.3,7.13,430.5,grapes
69.0,36.8,26.6,23.1,62.7,6.86,522.7,grapes
53.6,55.4,20.1,20.0,60.0,6.84,558.6,grapes
54.5,27.2,25.0,23.5,59.4,6.58,474.2,grapes
71.0,39.7,23.6,24.9,61.6,6.91,434.2,grapes
38.8,37.5,40.6,18.6,57.1,6.8,451.7,grapes
70.5,35.5,51.8,21.7,63.2,6.84,527.5,grapes
91.6,47.2,65.6,23.3,59.0,6.79,567.5,grapes
67.7,35.3,58.2,17.8,62.1,6.82,556.0,grapes
60.4,16.4,20.6,18.5,60.3,6.64,537.5,grapes
80.8,61.7,11.7,25.7,59.1,6.93,570.3,grapes
84.1,45.6,44.2,26.0,60.8,6.86,453.3,grapes
60.5,59.9,29.2,20.4,57.8,7.01,409.4,grapes
58.1,54.6,10.0,24.5,63.2,6.71,564.0,grapes
69.0,45.6,35.7,22.1,59.9,6.67,411.6,grapes
37.5,17.9,17.0,20.1,63.3,6.57,556.5,grapes
28.1,51.8,61.4,22.5,59.1,6.84,432.9,grapes
72.1,37.0,49.9,27.2,66.0,6.79,672.8,grapes
62.3,57.0,31.5,22.8,56.2,7.09,411.4,grapes
62.8,47.8,37.8,20.3,62.0,7.01,542.8,grapes
45.1,49.8,34.1,26.1,58.0,6.82,672.6,grapes
63.8,50.0,28.6,20.5,62.7,6.79,380.0,grapes
84.0,46.8,47.6,20.2,62.9,6.85,595.8,grapes
70.7,29.7,18.9,24.6,56.9,6.75,530.7,grapes
45.5,43.3,42.8,20.7,61.2,6.73,661.3,grapes
39.2,33.3,33.1,23.6,61.2,6.62,758.7,grapes
50.7,46.9,27.3,24.6,57.5,6.85,498.5,grapes
41.7,24.3,35.3,21.3,61.0,6.72,501.5,grapes
72.7,56.6,56.3,19.0,60.6,6.53,515.5,grapes
50.9,39.7,42.2,24.2,60.6,6.82,585.2,grapes
51.0,38.7,12.0,24.1,60.5,6.95,417.5,grapes
50.9,38.0,45.6,22.7,58.6,6.74,425.9,grapes
26.7,35.2,67.6,22.4,55.3,6.72,561.8,grapes
67.6,50.2,64.4,24.8,58.6,6.72,431.0,grapes
67.4,40.2,49.8,20.1,55.6,6.83,568.2,grapes
79.7,29.7,29.7,20.3,57.6,6.82,440.0,grapes
57.3,33.5,20.1,22.8,58.9,6.93,837.2,grapes
47.2,35.0,17.3,21.7,57.8,6.77,620.8,grapes
58.6,45.5,63.4,28.3,59.2,6.99,575.5,grapes
43.8,36.9,35.6,26.2,60.0,6.99,454.7,grapes
44.4,35.7,24.1,23.8,62.9,6.77,616.9,grapes
73.4,48.2,28.0,20.8,56.4,6.65,609.1,grapes
59.4,53.0,26.6,20.3,60.9,6.6,681.3,grapes
53.5,8.1,41.2,20.2,56.6,6.62,568.4,grapes
53.2,62.3,46.8,24.0,61.5,6.56,712.5,grapes
73.8,34.9,49.0,25.1,59.5,6.74,502.2,grapes
60.1,36.1,61.4,22.5,60.0,6.96,448.9,grapes
63.5,46.1,37.6,23.5,59.3,6.8,434.9,grapes
58.9,43.0,31.9,22.0,62.0,6.62,551.2,grapes
81.3,58.0,50.2,23.7,54.8,6.76,579.1,grapes
70.0,62.1,55.0,25.7,61.4,6.78,537.3,grapes
56.5,48.8,46.0,21.6,60.6,6.87,681.7,grapes
50.8,23.9,45.1,25.3,62.4,6.29,508.1,grapes
39.0,48.7,57.6,24.9,63.4,6.6,549.2,grapes
53.5,24.4,36.0,22.8,61.3,6.82,701.8,grapes
68.1,26.5,45.4,26.5,59.0,6.58,565.9,grapes
60.1,21.7,38.3,21.3,61.6,6.57,528.3,grapes
53.9,18.3,54.9,23.7,62.8,6.87,615.9,grapes
67.3,42.7,39.8,21.2,64.7,6.74,429.4,grapes
53.5,29.3,47.8,21.5,65.6,6.48,501.4,grapes
47.5,21.4,40.9,21.5,61.6,7.11,508.4,grapes
95.9,47.4,32.7,24.6,61.6,6.65,532.1,grapes
60.2,48.9,45.0,20.6,61.7,6.5,572.5,grapes
24.7,39.5,59.5,24.1,52.2,6.79,674.2,grapes
62.8,65.9,17.4,22.2,62.1,6.78,472.1,grapes
53.8,39.2,37.7,20.9,63.0,6.57,581.3,grapes
62.2,40.4,52.7,24.2,61.6,6.52,545.8,grapes
59.2,35.9,32.1,28.8,58.2,6.87,629.7,grapes
54.7,42.2,27.0,21.0,56.8,6.87,454.6,grapes
63.1,36.3,37.1,23.9,56.7,7.04,491.4,grapes
61.7,19.1,11.4,21.6,56.1,6.41,591.1,grapes
80.9,52.1,19.6,24.8,60.5,6.54,563.9,grapes
54.3,51.8,14.0,22.2,59.9,6.95,515.9,grapes
62.4,42.8,53.3,21.0,58.6,6.75,516.5,grapes
72.3,55.5,52.6,24.3,60.4,6.64,424.8,grapes
59.6,48.3,44.3,27.3,62.5,6.6,612.8,grapes
44.5,48.1,50.9,20.2,55.5,6.82,473.0,grapes
26.5,48.5,47.3,23.1,62.5,6.97,582.9,grapes
50.9,18.1,15.2,23.2,59.2,6.3,589.4,grapes
80.1,40.9,31.0,25.2,60.7,6.75,504.6,grapes
41.4,51.0,60.3,26.2,61.0,6.84,508.4,grapes
69.4,25.0,35.2,19.7,63.3,6.45,552.5,grapes
80.7,45.8,15.4,22.0,57.7,6.74,451.8,grapes
67.5,21.1,30.3,23.7,58.4,6.67,553.4,grapes
70.1,13.0,36.0,19.6,60.8,6.76,483.4,grapes
64.8,44.2,10.4,22.2,58.3,6.75,413.5,grapes
50.6,78.0,24.2,20.9,60.0,6.67,422.5,grapes
65.3,36.0,40.2,22.5,60.9,6.86,589.9,grapes
76.6,33.0,38.8,20.9,56.7,6.9,488.2,grapes
50.6,33.8,43.5,26.5,62.2,6.8,643.5,grapes
71.9,58.0,49.6,23.6,63.1,7.01,469.3,grapes
44.4,39.0,22.5,23.2,59.2,6.75,554.3,grapes
73.1,32.9,30.0,20.5,63.0,6.59,652.4,grapes
51.0,35.5,14.2,26.0,55.5,6.63,458.8,grapes
70.0,40.9,40.9,23.4,60.8,6.71,708.0,grapes
87.7,46.4,29.5,22.3,59.0,6.44,568.1,grapes
75.5,46.8,37.2,23.4,61.0,6.89,455.8,grapes
63.4,57.9,51.6,25.1,60.7,6.61,504.0,grapes
32.2,27.0,41.8,24.8,59.8,6.59,642.8,grapes
73.2,34.9,15.5,17.4,61.2,6.46,564.8,grapes
75.6,40.7,31.3,18.3,60.2,6.75,545.4,grapes
63.1,52.3,41.7,21.7,57.2,6.78,640.1,grapes
76.4,24.3,37.6,20.1,61.8,6.78,566.0,grapes
54.6,42.3,22.9,22.5,62.2,6.75,614.4,grapes
48.3,30.4,29.0,21.3,60.9,6.63,597.5,grapes
64.9,43.4,43.2,22.9,63.3,6.58,650.1,grapes
61.4,27.8,32.7,20.1,60.9,6.68,488.2,grapes
54.5,42.8,67.1,19.2,59.1,6.8,572.0,grapes
67.1,43.4,50.4,21.2,58.4,6.73,591.0,grapes
49.1,49.6,34.3,24.9,62.3,6.79,605.4,grapes
65.9,33.1,39.8,24.2,59.1,6.62,445.4,grapes
60.3,30.8,26.8,22.1,61.2,6.8,635.5,grapes
38.8,39.3,40.1,23.2,59.9,6.77,432.2,grapes
63.9,50.0,18.4,27.7,62.2,6.83,550.8,grapes
61.4,38.0,26.7,22.3,57.6,6.74,573.4,grapes
63.0,37.2,27.4,20.6,61.0,6.77,523.3,grapes
56.1,54.8,50.3,21.7,52.4,6.75,480.6,grapes
54.6,30.6,30.2,23.7,62.5,6.78,466.7,grapes
70.3,38.2,12.7,21.9,60.1,6.72,464.4,grapes
91.4,35.9,50.8,21.7,58.5,6.57,455.9,grapes
49.9,44.5,39.1,21.7,58.8,6.62,531.1,grapes
69.1,41.4,60.2,25.8,59.3,6.76,531.6,grapes
80.8,54.7,63.0,28.9,60.9,6.37,618.3,grapes
61.2,31.6,52.9,24.5,57.6,6.55,470.9,grapes
46.4,18.2,54.0,21.1,60.7,6.66,522.8,grapes
64.3,56.9,54.4,20.2,59.1,6.36,518.1,grapes
49.0,51.6,40.5,21.6,55.7,6.91,637.9,grapes
48.0,25.9,49.2,19.5,60.0,6.79,570.6,grapes
84.3,42.4,25.0,22.3,61.4,6.88,597.7,grapes
57.9,60.2,66.5,20.6,60.5,7.01,525.8,grapes
50.4,54.4,24.5,23.6,58.9,7.07,602.5,grapes
56.0,58.5,32.4,24.1,62.3,6.66,642.9,grapes
87.6,32.3,29.0,21.3,59.8,6.74,675.4,grapes
60.2,40.8,39.9,22.9,58.1,6.9,552.7,grapes
60.0,51.9,33.2,19.9,56.0,6.96,481.9,grapes
39.2,6.1,47.5,25.4,62.4,6.74,415.3,grapes
60.8,51.5,17.8,25.0,61.5,6.83,555.2,grapes
42.3,40.9,29.2,22.7,58.9,6.8,606.9,grapes
70.9,38.1,29.0,21.2,55.6,6.55,597.6,grapes
57.9,31.1,36.0,23.6,57.2,6.71,457.7,grapes
28.2,59.3,22.2,25.8,57.1,6.75,547.0,grapes
90.9,31.0,50.7,23.0,58.0,6.99,563.5,grapes
35.2,33.5,32.1,20.0,63.2,6.94,660.1,grapes
71.2,31.6,47.6,21.0,55.5,6.82,660.7,grapes
76.3,41.6,35.3,23.6,62.7,6.65,527.4,grapes
64.0,50.8,46.9,21.9,59.1,6.54,434.3,grapes
84.6,47.5,42.2,20.7,60.7,6.81,527.9,grapes
49.4,44.9,38.4,22.8,60.0,6.88,521.0,grapes
82.0,46.1,60.5,26.8,60.8,6.59,574.6,grapes
65.5,62.3,34.8,22.0,56.6,7.1,549.9,grapes
52.9,35.8,80.1,23.7,60.8,6.69,632.7,grapes
55.3,32.6,35.9,20.9,60.1,6.75,384.5,grapes
75.8,72.5,34.0,19.2,60.6,6.77,698.2,grapes
73.8,35.1,57.9,23.3,61.7,6.92,616.8,grapes
66.5,47.4,11.6,22.2,61.5,6.62,573.4,grapes
69.8,52.5,56.7,26.0,60.7,7.04,481.8,grapes
76.6,49.4,32.6,21.3,61.0,6.88,463.6,grapes
46.3,69.9,40.9,24.7,63.2,6.58,374.9,grapes
54.7,14.2,64.4,21.9,61.1,6.9,453.9,grapes
79.1,48.7,47.3,21.8,59.9,6.6,524.1,grapes
69.7,67.1,24.3,28.3,63.2,6.33,491.9,grapes
48.9,33.6,40.5,26.6,65.2,6.66,434.8,grapes
60.1,34.7,46.4,22.1,60.8,6.79,545.6,grapes
61.1,36.7,10.0,23.4,60.0,6.62,577.4,grapes
48.7,56.3,58.1,25.0,59.9,6.85,571.7,grapes
59.7,45.3,11.9,19.6,61.7,6.8,497.3,grapes
62.7,35.5,49.8,20.2,61.9,6.35,499.8,grapes
60.7,56.9,46.6,24.5,57.1,6.6,691.5,grapes
86.0,38.2,16.8,22.8,59.0,6.97,652.0,grapes
79.1,49.5,55.0,22.9,61.2,6.49,687.0,grapes
42.3,30.1,50.4,25.3,62.6,6.63,504.8,grapes
80.7,25.9,54.3,21.5,62.8,6.88,673.0,grapes
57.2,39.5,30.7,23.9,58.2,6.72,443.9,grapes
50.5,31.4,65.2,26.2,57.0,6.57,447.1,grapes
69.0,48.2,54.8,20.9,56.8,6.66,539.9,grapes
59.1,47.1,54.9,20.0,62.0,6.75,493.9,grapes
64.5,33.5,39.9,20.8,59.7,6.57,541.4,grapes
62.1,33.3,27.1,24.1,57.8,6.79,572.4,grapes
41.8,34.3,55.9,22.9,57.3,6.51,433.6,grapes
51.0,53.5,34.1,24.0,58.5,6.37,643.6,grapes
36.8,10.8,49.8,22.4,61.7,6.91,532.1,grapes
58.0,31.4,34.1,22.0,59.3,6.85,604.6,grapes
85.0,43.7,60.4,22.1,59.6,6.55,600.9,grapes
31.7,17.7,30.1,19.8,60.5,6.87,528.9,grapes
47.6,57.6,28.1,23.9,59.7,6.76,493.9,grapes
63.4,47.0,68.2,17.3,57.9,6.78,468.1,grapes
54.8,38.2,42.5,22.6,58.9,6.8,620.4,grapes
73.2,23.1,43.7,25.0,59.9,6.81,545.5,grapes
35.0,38.0,53.1,19.2,60.8,6.98,659.1,grapes
44.4,57.6,49.8,26.0,58.9,6.7,579.2,grapes
48.7,31.1,45.7,22.1,59.7,6.69,595.3,grapes
61.2,13.2,29.4,25.1,58.0,6.93,522.0,grapes
53.8,27.0,21.5,23.7,60.1,6.52,484.2,grapes
51.0,52.2,67.9,20.6,61.0,7.13,622.7,grapes
46.2,7.9,43.1,25.3,60.3,6.79,644.6,grapes
57.0,55.1,29.2,20.1,57.9,6.81,514.6,grapes
82.8,50.1,33.2,23.0,59.3,6.74,534.1,grapes
56.8,44.6,29.1,21.0,60.3,6.47,484.8,grapes
53.1,62.2,43.0,22.6,55.6,6.79,572.1,grapes
50.9,43.8,51.1,20.2,59.9,6.99,398.6,grapes
44.0,28.7,54.8,24.2,58.4,6.7,549.7,grapes
56.5,41.6,57.5,23.3,58.2,6.97,574.0,grapes
65.2,13.9,59.2,20.7,62.6,6.9,497.1,grapes
78.3,42.1,50.5,21.0,59.5,6.53,501.7,grapes
43.1,30.3,53.9,20.6,63.6,6.51,632.2,grapes
33.8,36.3,10.0,23.0,60.9,7.11,544.5,grapes
37.0,45.7,76.8,23.8,59.2,6.87,640.6,grapes
76.6,47.2,38.5,21.5,58.5,6.78,584.8,grapes
41.2,42.1,26.1,22.2,62.5,6.89,449.9,grapes
55.9,45.5,28.4,21.4,62.5,6.88,617.6,grapes
70.2,38.4,32.7,24.4,58.8,6.61,548.5,grapes
37.8,27.1,15.3,21.3,60.4,6.8,446.4,grapes
66.6,39.3,42.9,25.5,62.8,7.05,601.5,grapes
35.1,25.2,20.9,20.9,58.9,6.7,483.0,grapes
65.7,49.9,46.8,19.2,59.2,6.71,603.1,grapes
31.6,40.9,53.0,26.6,60.5,6.64,553.3,grapes
46.1,28.5,49.8,20.6,62.4,6.74,507.4,grapes
75.5,35.7,46.1,22.2,56.6,6.84,537.9,grapes
28.1,30.4,45.2,21.5,61.2,6.68,599.5,grapes
70.5,26.4,50.7,24.7,63.4,7.03,499.6,grapes
66.8,47.9,39.1,21.2,61.1,6.83,500.6,grapes
41.8,41.8,40.5,18.9,59.0,6.62,723.6,grapes
91.1,21.8,38.3,22.2,61.6,6.56,674.9,grapes
75.8,42.4,61.9,20.7,61.6,6.67,580.9,grapes
69.4,46.3,32.2,24.8,62.6,6.63,510.7,grapes
60.3,51.7,72.8,17.5,61.0,6.75,673.1,grapes
44.9,47.0,20.3,24.8,60.7,6.82,580.6,grapes
54.7,27.9,62.1,23.6,62.2,6.82,510.7,grapes
26.2,49.1,52.6,22.3,56.9,6.7,695.0,grapes
51.6,53.0,33.0,21.0,59.0,6.71,495.5,grapes
62.8,16.9,45.7,17.8,58.7,6.5,528.8,grapes
73.2,36.4,14.8,22.4,57.1,6.48,503.1,grapes
74.7,37.4,22.3,22.5,63.5,6.67,527.2,grapes
75.0,42.0,41.2,23.7,62.3,6.81,651.5,grapes
40.3,36.1,19.7,18.8,63.8,6.44,567.7,grapes
69.9,40.2,48.0,24.2,61.7,6.94,406.0,grapes
70.7,30.3,45.3,19.6,58.5,6.92,571.6,grapes
53.1,29.4,43.4,23.5,60.1,6.85,510.5,grapes
77.3,50.5,37.8,26.2,59.1,6.6,537.3,grapes
51.6,31.1,56.7,20.5,57.9,6.66,483.6,grapes
64.8,35.9,24.5,26.5,58.6,6.57,459.2,grapes
42.8,47.4,76.3,26.6,57.6,7.03,590.6,grapes
82.1,34.7,44.6,22.2,60.4,7.17,526.0,grapes
67.6,43.8,56.6,24.8,57.2,6.95,514.3,grapes
69.4,41.3,12.4,19.6,66.6,6.86,530.7,grapes
64.4,28.3,20.8,20.5,58.6,6.72,626.1,grapes
52.0,48.3,84.2,22.5,60.6,6.48,519.1,grapes
70.2,28.5,34.6,22.8,61.2,6.81,605.9,grapes
72.2,38.2,50.4,23.1,61.1,6.39,469.5,grapes
33.6,24.8,50.8,25.0,60.7,6.43,667.5,grapes
70.7,41.1,52.0,19.0,58.9,6.82,530.5,grapes
52.2,15.4,50.0,19.7,60.3,6.89,635.1,grapes
79.1,37.0,16.2,22.1,61.1,7.3,650.2,grapes
64.8,56.5,26.9,20.3,58.7,6.73,471.9,grapes
75.6,49.2,14.4,19.0,63.3,6.66,619.2,grapes
52.4,31.6,16.5,20.9,65.0,6.85,510.3,grapes
71.0,37.1,29.1,25.2,61.5,6.51,583.0,grapes
76.1,50.7,41.4,23.8,60.4,6.7,450.0,grapes
52.8,25.4,53.9,23.2,60.0,6.6,599.9,grapes
38.8,27.2,39.7,23.5,58.2,6.79,514.7,grapes
46.0,56.3,33.1,28.6,60.5,6.53,587.7,grapes
34.1,25.4,48.8,22.7,58.9,6.65,599.3,grapes
59.4,22.4,56.9,21.4,56.0,6.9,605.7,grapes
87.7,44.9,58.2,19.0,59.9,6.58,639.8,grapes
62.5,49.8,34.1,23.6,57.8,6.72,532.0,grapes
60.7,38.9,38.1,23.8,60.4,6.38,689.9,grapes
74.2,30.3,38.5,18.5,58.7,6.73,573.0,grapes
85.1,34.9,44.1,22.0,58.9,6.68,536.2,grapes
81.0,29.0,37.5,22.8,61.2,6.63,556.1,grapes
64.0,42.1,56.7,19.5,57.7,6.89,624.8,grapes
57.1,47.4,25.0,21.0,59.0,6.83,672.2,grapes
47.1,55.7,39.1,22.8,61.1,6.83,551.5,grapes
84.5,45.1,38.7,24.3,59.0,6.95,444.9,grapes
34.0,44.2,27.5,19.8,60.8,6.31,616.4,grapes
47.7,45.2,24.6,19.9,60.9,7.02,541.3,grapes
67.7,48.9,75.4,21.3,59.6,6.49,565.7,grapes
40.6,39.0,10.0,23.1,60.8,6.49,564.5,grapes
37.2,39.5,48.8,19.7,62.5,6.8,508.5,grapes
67.3,42.8,52.6,24.3,63.0,6.86,637.1,grapes
56.1,52.2,40.8,20.5,58.3,6.83,533.0,grapes
60.3,52.7,43.8,25.2,58.2,6.93,374.1,grapes
72.3,29.1,20.6,20.2,58.3,6.61,699.5,grapes
49.1,54.8,30.8,20.6,65.3,6.75,618.3,grapes
54.7,67.9,29.9,21.4,62.9,6.76,584.7,grapes
72.3,39.4,35.2,21.1,61.4,6.66,517.6,grapes
63.5,30.7,29.3,21.1,61.1,6.74,547.9,grapes
61.1,40.3,38.2,22.5,60.1,6.64,560.0,grapes
58.1,33.0,40.0,20.9,60.0,6.61,593.3,grapes
64.1,45.2,42.2,26.1,60.5,7.02,562.3,grapes
53.1,29.8,28.9,21.5,64.3,6.5,587.3,grapes
50.3,27.8,61.7,25.6,61.8,6.62,536.8,grapes
66.8,40.6,18.5,24.4,62.9,6.7,462.5,grapes
63.1,37.4,57.1,20.4,62.3,6.56,662.8,grapes
65.9,46.9,22.1,22.0,61.8,6.97,486.0,grapes
72.4,32.8,39.8,19.3,62.6,6.68,437.5,grapes
53.9,19.7,46.4,20.5,55.7,6.69,522.7,grapes
63.8,11.4,33.6,23.9,57.0,7.07,494.8,grapes
69.5,38.3,52.8,20.9,62.7,6.8,489.5,grapes
28.6,19.7,74.7,21.6,61.2,6.63,569.4,grapes
49.1,26.7,75.3,24.1,63.6,6.54,608.2,grapes
79.1,43.4,38.0,20.0,58.4,6.77,654.5,grapes
75.7,34.0,54.5,28.2,57.6,6.69,397.2,grapes
59.5,36.8,46.8,18.2,62.2,6.55,645.7,grapes
61.9,57.5,42.4,25.4,60.9,6.8,493.1,grapes
80.3,35.0,46.2,19.5,64.0,6.78,611.5,grapes
66.5,55.4,17.1,18.6,60.4,6.88,499.2,grapes
43.3,57.0,10.0,26.2,56.9,6.94,490.5,grapes
50.0,19.4,42.1,20.6,61.7,6.26,623.1,grapes
49.0,52.8,32.7,22.6,59.7,6.54,529.4,grapes
83.5,27.8,53.8,21.1,57.1,7.03,645.0,grapes
64.7,36.7,23.6,17.1,57.5,6.84,558.5,grapes
58.6,38.8,44.6,24.8,58.2,6.65,547.4,grapes
57.0,54.6,38.0,24.9,59.4,6.83,637.3,grapes
80.8,54.5,40.6,22.8,61.2,6.87,547.9,grapes
96.9,39.2,62.8,22.4,62.5,6.8,531.2,grapes
57.6,57.7,33.2,26.3,59.2,6.73,675.3,grapes
42.9,35.1,57.3,21.1,56.7,6.89,607.8,grapes
62.6,47.8,18.7,21.1,63.0,6.54,575.5,grapes
29.8,30.6,51.6,19.9,57.1,6.68,684.6,grapes
66.2,34.7,15.9,24.9,59.9,6.55,616.1,grapes
64.5,28.8,48.8,22.6,62.8,6.97,655.8,grapes
50.7,32.0,22.7,22.9,61.7,6.84,528.6,grapes
67.6,58.9,69.9,23.1,58.5,6.55,625.6,grapes
58.9,37.6,68.5,26.3,57.7,6.86,545.9,grapes
36.8,52.6,59.5,26.0,59.8,6.75,603.1,grapes
77.0,30.6,35.3,20.6,62.4,6.69,497.7,grapes
70.4,51.6,47.4,23.8,59.0,6.67,523.0,grapes
40.6,54.0,34.4,20.8,60.6,6.95,664.0,grapes
55.8,57.0,44.1,21.4,54.9,6.82,583.8,grapes
22.4,33.5,51.1,20.0,53.9,7.21,483.2,grapes
55.4,21.3,24.3,26.2,59.8,6.84,700.4,grapes
70.1,43.0,49.9,18.2,59.1,6.71,576.3,grapes
56.9,45.2,50.9,27.0,55.3,6.64,483.8,grapes
65.3,43.2,42.2,19.8,63.4,6.81,449.0,grapes
87.1,51.1,39.0,21.9,58.7,7.16,490.9,grapes
60.2,41.2,37.3,23.9,62.5,6.7,431.3,grapes
44.0,40.5,38.8,24.5,62.1,6.76,682.9,grapes
73.8,41.8,54.5,24.6,57.8,6.81,496.3,grapes
80.1,44.6,15.9,19.3,56.8,7.25,589.5,grapes
87.3,41.3,22.1,19.1,57.1,6.84,708.0,grapes
44.0,32.8,31.5,18.1,57.2,6.75,581.9,grapes
54.6,43.1,26.0,21.8,60.7,6.94,488.3,grapes
58.6,45.2,44.3,18.6,62.2,6.39,583.5,grapes
83.3,23.3,53.5,21.0,62.3,6.59,554.0,grapes
46.0,39.6,47.1,22.6,55.4,6.97,507.1,grapes
61.7,30.9,62.3,28.4,60.1,6.83,520.4,grapes
75.7,43.2,10.0,21.3,59.5,6.64,589.0,grapes
48.5,43.1,53.8,23.2,56.0,6.93,497.7,grapes
57.3,46.4,62.6,21.9,58.3,6.96,570.9,grapes
69.2,54.6,28.8,17.9,59.6,6.77,492.9,grapes
33.2,34.1,48.3,22.0,60.8,6.43,643.5,grapes
43.8,32.8,10.8,23.8,61.7,6.8,475.6,grapes
54.0,18.7,46.3,19.5,56.1,7.06,393.0,grapes
43.5,49.5,53.3,23.2,57.8,6.87,566.1,grapes
64.1,48.3,27.9,22.3,62.0,6.64,428.0,grapes
83.2,15.2,19.3,27.9,58.3,6.94,546.3,grapes
63.3,22.6,53.2,20.6,58.8,7.04,726.1,grapes
50.6,47.9,26.4,23.3,58.3,6.55,478.1,grapes
71.2,26.0,31.4,22.7,59.9,6.45,576.2,grapes
55.3,25.4,56.3,21.3,60.2,6.88,547.3,grapes
81.6,23.5,21.6,21.5,57.5,6.59,534.6,grapes
41.7,35.0,25.0,21.3,57.6,6.45,576.5,grapes
65.7,55.9,42.0,28.1,62.9,6.82,715.2,grapes
87.2,18.7,27.0,20.4,61.4,7.02,726.9,grapes
79.4,47.3,49.0,22.0,62.3,6.74,591.7,grapes
40.2,48.4,15.3,21.8,60.8,6.93,576.3,grapes
46.2,47.2,40.7,20.4,57.9,6.76,600.6,grapes
76.6,54.5,25.7,22.4,61.0,6.84,641.6,grapes
49.6,37.6,61.0,24.3,63.3,6.51,586.1,grapes
70.1,33.5,24.3,21.8,58.3,6.9,546.5,grapes
69.6,54.8,52.7,24.4,58.3,6.88,592.4,grapes
32.5,25.5,10.0,21.7,65.0,6.65,486.5,grapes
78.0,45.6,58.5,25.6,60.6,6.45,701.8,grapes
48.4,52.4,54.8,24.0,61.7,6.46,434.6,grapes
68.4,68.2,37.5,20.1,60.1,7.13,455.0,grapes
65.3,55.5,35.1,24.7,58.0,6.57,523.7,grapes
49.9,55.6,22.9,26.1,62.2,6.81,702.6,grapes
70.6,52.1,40.1,24.0,57.4,6.74,442.6,grapes
62.7,43.6,64.0,21.5,61.8,6.87,484.2,grapes
47.7,51.4,85.1,25.0,62.2,7.01,432.1,grapes
36.3,20.5,44.1,23.7,59.7,6.77,530.4,grapes
74.3,12.7,26.3,22.4,59.3,6.77,605.3,grapes
70.5,45.6,10.0,21.2,56.5,6.58,536.8,grapes
65.9,48.6,41.5,21.9,57.7,6.72,538.1,grapes
41.6,41.4,36.7,24.1,54.3,6.72,550.9,grapes
46.3,32.5,13.7,21.9,59.0,6.81,480.2,grapes
79.1,36.1,49.4,23.2,60.1,6.88,443.7,grapes
77.4,14.6,45.0,22.5,56.3,6.91,394.0,grapes
31.2,27.4,50.4,23.2,58.0,6.55,483.1,grapes
71.7,8.6,32.1,21.6,55.0,6.83,611.2,grapes
66.6,28.0,54.9,23.4,56.6,7.01,658.6,grapes
87.6,31.2,25.5,28.3,59.0,6.57,522.0,grapes
49.3,41.7,60.2,20.9,58.6,6.6,499.0,grapes
83.1,56.9,16.2,20.0,60.8,6.85,441.4,grapes
65.9,33.2,55.6,17.5,61.3,7.03,597.1,grapes
46.7,42.3,38.8,19.9,60.7,6.61,717.2,grapes
48.7,43.1,56.8,22.2,59.6,6.91,440.8,grapes
67.5,54.2,54.7,24.1,60.8,7.02,449.2,grapes
79.4,38.5,38.7,19.7,63.1,6.7,698.4,grapes
37.7,44.2,47.7,20.3,60.4,6.7,463.8,grapes
65.2,46.1,31.2,23.2,61.0,6.78,574.2,grapes
77.1,39.6,38.0,19.3,60.4,6.83,576.6,grapes
73.1,34.5,41.4,23.7,60.1,6.73,465.0,grapes
46.6,38.5,60.1,22.1,58.7,6.75,342.7,grapes
58.6,11.9,51.7,24.9,61.9,6.86,394.5,grapes
74.0,59.5,33.6,21.4,57.6,6.61,567.6,grapes
67.5,37.7,37.9,26.3,58.9,6.48,514.3,grapes
72.1,28.7,43.6,21.6,61.6,6.74,467.4,grapes
44.4,59.9,10.0,27.8,58.8,6.66,490.7,grapes
59.6,46.0,41.2,19.4,58.2,6.74,589.0,grapes
51.4,46.7,53.7,21.5,59.6,7.07,560.8,grapes
60.2,37.9,39.4,19.2,64.8,6.62,457.3,grapes
30.4,38.6,45.0,21.6,58.0,6.71,560.1,grapes
42.7,33.8,64.3,24.9,59.1,6.91,645.6,grapes
68.0,57.8,31.1,23.0,59.6,7.1,569.4,grapes
71.2,50.5,42.6,20.1,61.6,7.06,486.2,grapes
73.1,19.4,32.5,19.3,61.7,6.85,718.6,grapes
61.8,68.5,39.4,24.1,59.8,6.99,537.9,grapes
60.6,63.0,34.1,24.5,58.6,6.56,590.3,grapes
61.7,32.6,64.1,23.8,60.6,6.96,528.6,grapes
99.1,39.7,24.6,21.0,56.3,6.99,606.4,grapes
39.9,43.6,48.7,24.4,65.4,6.64,557.6,grapes
68.2,36.5,29.0,20.6,60.1,6.7,630.0,grapes
44.7,55.2,39.3,18.5,66.2,6.76,498.6,grapes
81.9,48.9,41.2,23.2,63.7,6.5,572.9,grapes
81.5,35.3,70.1,20.4,60.1,7.09,529.4,grapes
68.1,44.6,34.1,24.9,59.3,6.64,589.3,grapes
72.4,20.6,51.4,25.3,61.0,6.95,563.6,grapes
61.9,39.8,50.3,22.6,60.1,6.69,512.7,grapes
30.6,51.1,46.5,18.7,59.9,7.17,565.3,grapes
113.0,36.3,28.2,24.4,60.8,6.78,512.7,grapes
61.2,35.0,42.0,27.5,61.3,6.96,578.7,grapes
54.5,34.0,49.1,20.4,57.9,6.31,429.0,grapes
43.4,9.7,40.4,22.8,62.9,6.67,538.4,grapes
22.8,24.4,45.8,22.4,57.8,6.89,655.8,grapes
58.6,46.6,53.7,24.2,58.0,6.76,411.7,grapes
53.0,52.9,48.8,19.3,58.2,6.81,587.0,grapes
51.0,48.9,24.7,20.0,63.0,6.62,410.1,grapes
67.0,51.7,36.3,23.0,59.8,6.97,551.5,grapes
66.4,30.8,28.5,20.7,58.6,6.77,636.6,grapes
89.3,44.6,33.6,21.8,60.9,6.5,612.0,grapes
95.6,33.8,33.1,22.1,59.1,6.97,529.8,grapes
62.2,17.8,10.0,22.3,61.3,6.79,435.3,grapes
55.4,30.1,41.2,21.6,55.6,6.92,605.1,grapes
49.2,33.1,28.4,19.3,63.0,6.74,338.5,grapes
44.1,33.6,77.0,21.6,61.7,6.62,540.6,grapes
72.9,27.5,42.4,22.9,59.4,7.07,583.3,grapes
65.4,30.3,61.2,21.5,62.5,6.52,584.3,grapes
59.1,43.6,51.9,24.9,57.2,6.5,384.2,grapes
37.3,17.4,32.0,21.9,60.7,7.34,526.5,grapes
51.1,36.5,35.9,20.7,60.0,6.53,488.5,grapes
59.9,51.5,17.8,22.1,58.0,6.7,537.5,grapes
40.3,41.9,41.6,22.6,60.5,6.79,563.7,grapes
41.7,23.5,21.4,23.9,58.7,6.94,536.1,grapes
42.3,19.6,52.4,23.4,59.7,7.01,489.8,grapes
47.0,46.7,28.3,20.4,59.7,6.71,452.4,grapes
40.2,38.2,68.9,20.4,53.9,6.79,394.5,grapes
31.7,38.4,62.1,23.7,61.1,7.15,552.3,grapes
88.7,40.9,52.4,23.3,58.4,6.52,650.4,grapes
67.5,32.3,55.8,24.7,60.7,6.81,656.6,grapes
72.1,42.8,60.0,21.1,62.0,6.34,642.2,grapes
57.5,59.9,40.0,26.8,60.9,6.51,559.2,grapes
16.3,44.5,10.0,24.8,59.7,6.86,548.2,grapes
76.8,35.7,75.7,22.3,57.1,7.03,480.4,grapes
50.5,34.5,46.2,25.0,55.3,6.73,536.8,grapes
69.7,39.7,52.8,20.9,58.7,6.56,660.1,grapes
62.2,32.8,36.9,22.9,60.8,6.58,434.2,grapes
45.7,41.6,57.7,22.6,58.6,6.23,611.2,grapes
56.4,52.6,64.7,23.2,60.4,6.79,633.0,grapes
62.6,39.8,22.9,20.1,57.0,7.06,568.7,grapes
47.1,45.2,25.2,21.9,57.3,6.78,543.7,grapes
61.4,31.1,48.3,22.9,60.8,6.78,533.9,grapes
44.8,32.1,32.9,23.2,59.9,6.72,603.1,grapes
48.5,35.4,33.4,24.9,56.7,6.74,446.3,grapes
38.1,47.3,26.7,20.9,57.7,6.68,486.4,grapes
43.9,70.0,33.7,23.6,62.6,6.76,495.1,grapes
62.0,19.8,38.9,21.1,61.0,6.48,509.3,grapes
50.7,25.3,68.6,25.3,62.2,6.44,503.8,grapes
54.4,25.7,60.2,21.5,59.4,6.75,495.8,grapes
53.2,33.2,63.9,25.2,60.7,6.79,577.8,grapes
65.5,46.3,17.7,24.1,58.9,6.84,439.2,grapes
65.0,25.9,20.5,20.0,74.7,5.93,1885.9,coffee
46.6,30.5,10.0,18.5,74.8,5.42,1637.1,coffee
85.1,34.1,28.1,19.1,77.5,6.09,1538.7,coffee
83.5,32.3,38.7,18.2,78.9,5.17,1674.9,coffee
34.7,25.6,18.4,20.1,79.4,5.42,1549.4,coffee
77.5,7.0,41.2,18.6,77.3,5.49,1817.8,coffee
75.4,23.1,28.7,19.7,77.4,5.66,1688.5,coffee
52.6,18.6,28.5,20.4,77.3,5.62,1350.3,coffee
42.9,31.7,24.1,18.6,76.6,5.89,1659.1,coffee
54.1,25.5,49.2,20.0,80.4,5.6,1807.8,coffee
70.9,15.2,24.9,19.7,76.8,5.4,1482.0,coffee
63.2,17.6,38.0,19.8,77.7,5.54,1653.3,coffee
62.9,25.3,22.2,18.7,75.2,5.51,1698.1,coffee
48.9,20.0,44.6,21.2,77.2,5.46,1797.2,coffee
63.4,25.3,14.1,19.0,75.3,5.59,2160.7,coffee
56.6,27.0,29.6,17.4,75.6,5.8,1732.6,coffee
70.1,34.4,24.0,19.4,79.5,5.54,1953.5,coffee
50.9,23.1,20.2,17.2,79.8,5.07,1792.2,coffee
29.0,16.6,44.0,19.3,76.9,5.67,1514.4,coffee
62.2,25.5,42.7,18.3,77.8,5.48,1266.9,coffee
71.7,28.0,51.5,18.4,76.7,5.67,1684.4,coffee
89.7,14.2,37.7,20.3,75.8,5.33,1909.2,coffee
69.3,30.9,29.9,21.4,74.5,5.41,1895.9,coffee
55.5,39.8,27.2,18.5,76.3,5.19,1654.4,coffee
60.0,30.9,18.6,17.2,80.7,5.1,1640.2,coffee
87.3,21.9,35.8,19.8,75.2,5.66,1547.8,coffee
48.0,23.6,25.8,20.2,76.2,5.25,1729.0,coffee
54.1,31.8,32.3,17.8,76.3,5.64,1665.8,coffee
65.4,21.4,27.6,18.8,77.2,5.54,1672.8,coffee
55.7,19.6,37.5,19.7,78.5,5.26,1207.1,coffee
59.8,33.0,60.1,21.0,77.3,5.49,1681.3,coffee
44.7,35.7,37.0,19.2,75.9,5.31,1794.7,coffee
66.1,25.7,43.2,18.9,78.9,5.8,1735.5,coffee
80.1,40.4,48.5,17.8,79.9,5.39,1379.7,coffee
65.6,20.0,37.5,15.0,76.5,5.34,1833.5,coffee
67.0,36.3,34.1,21.5,78.2,5.39,1666.3,coffee
50.0,12.5,21.4,19.3,76.7,5.4,1918.4,coffee
31.6,42.5,44.7,19.6,75.7,5.37,1738.2,coffee
69.6,14.5,20.3,18.4,75.9,5.76,1722.9,coffee
64.7,18.3,25.8,19.4,76.8,5.83,1930.7,coffee
66.7,43.1,54.1,20.4,79.2,5.55,1840.2,coffee
41.1,26.0,19.6,19.6,77.7,5.53,1405.3,coffee
67.0,31.3,42.9,20.1,78.5,5.75,1799.2,coffee
55.5,31.7,37.3,18.8,76.8,5.31,1676.0,coffee
39.3,15.5,45.0,17.0,79.1,5.56,1985.9,coffee
39.5,15.1,40.1,21.0,77.3,5.83,1888.1,coffee
44.7,22.0,20.8,18.1,74.2,4.79,1693.4,coffee
67.9,15.2,48.6,20.4,78.6,5.21,1868.5,coffee
70.6,9.9,23.0,19.6,77.6,5.54,1557.4,coffee
49.7,39.2,35.8,20.2,83.6,5.84,1829.8,coffee
68.3,21.5,25.6,21.5,80.2,5.77,1777.8,coffee
48.4,32.7,18.2,18.1,79.6,5.65,1687.6,coffee
49.5,38.0,52.5,20.0,75.3,5.54,1932.5,coffee
47.6,21.4,25.5,20.3,80.1,5.69,1846.4,coffee
49.1,23.2,35.6,16.9,75.2,5.71,1863.0,coffee
42.3,30.1,29.2,21.8,77.3,5.49,1844.9,coffee
51.6,20.4,34.0,18.1,80.2,5.46,1829.7,coffee
68.7,16.0,36.7,17.7,76.7,5.63,1712.6,coffee
57.4,17.5,23.2,20.2,76.7,5.39,1668.2,coffee
52.9,27.7,25.9,19.8,79.1,5.47,1604.7,coffee
46.2,15.5,36.5,18.3,73.7,5.01,1643.7,coffee
65.3,23.6,11.4,21.4,73.9,5.15,1754.1,coffee
55.7,26.8,31.5,18.2,80.2,5.68,1520.9,coffee
65.0,22.3,17.6,19.6,80.1,5.88,2004.4,coffee
39.2,24.2,19.4,18.0,75.1,5.46,1869.0,coffee
62.0,25.4,24.5,20.5,76.0,5.26,1659.3,coffee
36.7,17.9,33.2,19.0,73.4,5.49,1617.9,coffee
62.4,24.7,40.5,19.1,76.0,5.4,1954.7,coffee
45.3,28.6,27.6,20.5,74.5,5.7,1931.4,coffee
69.5,26.4,28.5,18.5,74.4,5.95,1895.7,coffee
61.3,19.0,20.8,18.9,74.9,4.73,1778.1,coffee
57.7,28.4,33.6,17.1,80.9,5.49,1900.7,coffee
86.7,31.2,23.4,18.7,79.6,5.69,1902.2,coffee
36.3,41.1,34.1,19.6,75.5,5.43,1856.7,coffee
33.0,28.7,20.2,20.4,79.6,5.58,1448.6,coffee
64.0,31.8,28.0,19.6,77.9,5.04,1825.5,coffee
51.6,19.2,23.1,20.3,73.7,5.81,1788.8,coffee
103.6,24.9,23.5,21.3,78.4,5.38,1945.6,coffee
57.3,37.3,34.9,21.0,81.4,5.29,1679.8,coffee
74.6,31.3,35.2,19.1,75.4,5.18,1546.2,coffee
65.4,26.1,20.7,17.8,78.1,5.82,1651.5,coffee
70.3,30.7,10.0,20.9,74.9,5.28,1653.6,coffee
43.9,25.1,38.4,19.4,78.2,5.65,1484.6,coffee
52.6,24.3,38.0,21.0,79.5,5.56,1559.1,coffee
56.4,26.7,24.9,20.7,76.2,5.56,1851.3,coffee
76.6,25.4,26.9,21.9,77.2,5.61,1697.0,coffee
71.6,24.4,42.7,20.8,80.2,5.25,1990.3,coffee
49.3,17.6,25.5,22.3,77.5,5.39,1304.4,coffee
75.8,20.5,13.6,19.1,73.7,5.53,1641.5,coffee
44.3,30.6,27.7,19.6,77.8,5.32,1876.8,coffee
60.8,17.3,19.7,18.7,77.9,5.53,1598.8,coffee
47.4,30.8,12.8,18.5,78.5,5.87,1748.4,coffee
62.3,22.5,16.1,20.0,75.2,5.69,1447.9,coffee
69.3,20.7,32.9,20.1,78.9,5.07,1714.4,coffee
52.1,17.7,34.0,19.4,76.7,5.28,1558.1,coffee
36.3,41.8,33.5,18.2,83.6,5.44,1793.0,coffee
48.3,18.8,35.9,19.3,75.5,5.42,1637.6,coffee
47.4,20.4,38.3,21.0,78.4,6.02,1662.4,coffee
62.0,8.0,33.6,18.4,77.7,5.81,1612.1,coffee
25.5,10.7,16.5,19.8,74.3,5.4,1556.6,coffee
63.1,12.7,24.4,17.6,77.2,5.59,1846.5,coffee
65.5,39.1,34.4,19.2,78.4,5.73,1677.8,coffee
57.7,18.1,32.1,18.7,75.2,5.63,1914.0,coffee
61.8,24.0,34.3,19.1,77.8,5.24,1392.4,coffee
62.1,34.7,38.7,16.1,77.7,6.22,1534.9,coffee
69.9,21.2,15.0,18.6,77.6,5.77,1772.1,coffee
63.8,18.4,29.0,17.9,77.4,5.51,1749.4,coffee
70.5,18.5,35.0,19.5,76.4,5.6,1460.4,coffee
37.9,21.5,27.3,18.6,81.1,5.4,1553.5,coffee
51.2,27.3,29.4,20.9,78.2,5.77,1640.2,coffee
60.4,22.8,53.3,19.8,77.8,5.43,1716.8,coffee
47.8,14.7,16.4,20.4,76.9,5.74,1700.4,coffee
51.8,41.3,29.1,21.4,77.8,5.36,1907.6,coffee
87.1,24.3,35.2,20.0,77.7,5.59,1626.7,coffee
63.6,19.3,35.0,19.0,78.1,5.45,1731.0,coffee
58.4,28.4,34.2,19.6,77.3,5.83,1607.9,coffee
69.1,27.1,32.1,20.4,75.6,5.31,1515.9,coffee
57.4,26.4,14.4,19.3,76.4,5.55,1479.2,coffee
32.4,18.6,32.8,19.5,75.1,5.26,1352.1,coffee
56.0,16.9,35.4,21.2,76.3,5.47,1610.8,coffee
71.6,35.9,10.0,19.1,76.4,6.09,1590.2,coffee
58.0,19.0,23.6,16.9,77.0,5.21,1714.4,coffee
53.9,12.3,51.9,19.2,74.9,5.16,1530.6,coffee
38.8,39.7,43.4,20.9,75.8,5.29,1820.0,coffee
84.0,30.1,18.9,20.5,76.8,5.63,1679.8,coffee
82.7,22.5,14.2,18.4,75.9,5.38,1778.0,coffee
28.1,21.9,22.6,23.8,77.4,5.5,1881.3,coffee
39.1,21.5,42.4,19.6,78.3,6.01,1971.3,coffee
70.3,27.0,24.3,19.7,77.4,5.55,1777.9,coffee
65.1,23.1,10.0,23.0,77.1,5.41,1715.7,coffee
50.0,32.5,29.3,19.1,78.0,5.49,1519.5,coffee
48.3,25.6,25.0,18.9,76.8,5.63,1639.6,coffee
64.6,35.6,12.4,18.5,75.7,5.63,1778.8,coffee
67.7,24.3,43.5,21.0,74.1,5.34,1649.6,coffee
59.6,23.2,30.9,19.0,77.2,5.24,1694.4,coffee
45.3,19.2,44.2,19.6,77.7,5.77,1700.3,coffee
88.1,36.7,46.3,21.4,81.3,5.62,1743.2,coffee
80.0,34.6,28.5,17.8,77.3,5.17,1811.4,coffee
55.5,29.9,28.1,18.6,74.1,5.16,1709.7,coffee
32.6,20.4,35.2,18.7,82.1,5.23,1562.0,coffee
63.1,26.2,31.6,19.7,77.9,5.78,1574.8,coffee
66.4,25.1,48.8,18.4,79.5,5.84,1774.9,coffee
52.5,40.4,22.4,19.7,76.2,5.3,1619.3,coffee
59.7,12.1,30.2,21.8,79.5,5.23,1665.8,coffee
61.3,20.4,24.3,20.7,77.5,5.41,1861.1,coffee
55.2,18.5,22.7,18.9,80.2,5.82,1738.0,coffee
70.9,30.5,19.2,17.3,74.9,4.94,1821.3,coffee
70.4,28.2,11.1,20.0,77.3,5.59,1480.2,coffee
49.3,20.9,10.0,20.0,78.2,5.15,2063.5,coffee
49.2,31.8,31.8,19.7,76.9,5.47,1641.6,coffee
57.4,23.6,24.1,18.7,78.2,5.26,1774.2,coffee
73.5,24.7,31.7,17.5,79.9,5.34,1597.3,coffee
79.6,14.8,29.5,17.7,81.4,5.33,1894.0,coffee
79.7,34.9,28.3,17.7,77.1,5.49,1762.9,coffee
65.0,22.7,53.3,21.2,79.6,5.54,1891.7,coffee
90.9,24.8,37.7,20.1,78.4,5.57,1686.3,coffee
62.0,15.8,45.9,19.3,77.5,5.71,1418.8,coffee
60.7,29.9,24.1,17.7,75.4,5.24,1571.2,coffee
82.7,19.6,10.0,20.3,76.9,5.12,1828.2,coffee
32.3,27.4,35.2,18.9,78.9,5.22,1797.3,coffee
52.8,23.1,20.8,21.2,77.8,5.27,1867.2,coffee
90.9,34.3,31.9,21.1,74.9,5.42,1871.3,coffee
72.9,32.3,19.9,21.1,77.7,5.16,1974.9,coffee
81.8,27.6,31.8,19.9,74.4,5.56,1568.2,coffee
73.2,15.3,27.9,17.5,76.5,5.31,1804.7,coffee
65.9,42.4,32.4,17.8,73.4,5.64,1650.1,coffee
30.6,19.4,20.9,18.1,79.3,5.83,1865.3,coffee
62.0,12.0,19.0,21.8,79.6,5.23,1834.3,coffee
66.4,25.0,45.7,19.7,78.2,5.34,1737.0,coffee
46.7,22.4,31.9,18.9,78.7,5.58,1394.2,coffee
54.6,26.7,28.2,18.9,77.1,5.72,1514.9,coffee
78.5,32.1,22.6,17.6,76.7,5.69,1682.3,coffee
43.3,40.7,34.9,17.8,77.8,5.32,1447.7,coffee
69.3,32.2,48.6,20.0,80.5,5.46,1747.7,coffee
66.3,49.1,17.2,19.5,74.1,6.03,1905.8,coffee
53.9,23.4,10.0,17.5,77.5,5.44,1592.3,coffee
54.4,26.3,36.8,20.1,79.3,5.38,1671.7,coffee
55.6,9.6,32.1,21.2,78.3,5.51,1693.2,coffee
47.7,29.3,27.0,18.1,75.9,5.36,1845.1,coffee
71.5,29.0,37.1,20.4,81.2,5.25,1255.0,coffee
46.4,29.6,52.8,18.3,78.2,5.5,1643.5,coffee
72.1,31.3,24.5,18.9,77.9,5.41,1781.4,coffee
60.6,24.9,36.8,21.6,79.5,5.59,1701.8,coffee
33.8,13.9,30.2,17.9,80.0,5.63,1761.9,coffee
89.1,25.2,19.9,18.3,76.6,5.64,1848.3,coffee
42.2,33.0,23.9,20.1,78.0,5.84,1747.1,coffee
41.8,32.3,35.1,21.6,81.7,5.43,1346.3,coffee
42.6,24.1,24.9,20.2,77.6,5.43,1854.9,coffee
57.9,21.5,16.0,19.5,80.8,5.31,1718.8,coffee
41.4,32.0,14.6,23.9,78.2,5.93,1544.0,coffee
61.9,29.2,23.1,18.3,77.0,5.86,1793.6,coffee
77.4,28.2,17.2,17.9,75.7,5.33,1507.3,coffee
66.8,17.1,37.2,18.9,83.0,5.5,1694.9,coffee
61.0,35.3,22.0,21.6,78.7,5.64,1674.9,coffee
49.0,8.0,26.8,18.2,76.8,4.77,1700.7,coffee
63.2,47.6,26.5,20.6,77.8,5.46,1709.0,coffee
77.0,43.6,28.1,19.5,73.9,5.57,1555.9,coffee
70.0,39.6,27.5,19.1,80.7,5.19,1855.9,coffee
89.9,21.0,46.6,17.8,75.0,5.8,1830.9,coffee
63.6,18.7,26.5,20.4,76.3,5.66,1931.0,coffee
48.4,27.3,24.9,20.4,75.2,5.18,1512.5,coffee
58.4,30.5,10.0,21.4,78.5,5.41,1459.3,coffee
90.1,15.7,24.7,16.3,77.1,5.14,1689.6,coffee
48.9,28.2,35.1,21.2,75.9,5.6,1587.5,coffee
58.7,5.0,32.1,20.1,76.8,5.37,1896.5,coffee
56.9,31.7,24.9,19.0,75.8,5.84,1763.7,coffee
59.7,24.2,27.1,20.2,73.4,5.45,1440.8,coffee
76.4,12.5,40.5,18.9,80.8,6.15,1812.6,coffee
59.8,27.0,24.5,21.1,79.2,5.59,1683.2,coffee
37.1,12.6,25.2,16.7,79.2,5.24,1387.1,coffee
64.9,22.2,34.9,21.8,74.8,5.87,1675.8,coffee
53.0,32.4,39.0,19.5,76.5,5.19,1580.4,coffee
39.3,31.7,34.2,19.2,75.6,5.6,1672.5,coffee
63.2,34.3,34.9,19.1,76.9,5.55,1772.6,coffee
65.2,22.1,15.9,21.1,77.4,5.63,1765.5,coffee
47.8,23.7,26.8,18.7,78.5,5.48,1611.7,coffee
35.1,25.7,35.2,18.1,77.2,5.3,1944.5,coffee
76.3,23.1,23.6,18.5,75.5,5.44,1723.4,coffee
42.8,28.4,37.7,21.5,76.6,5.28,1733.0,coffee
61.1,25.1,34.1,19.5,78.6,5.15,1666.9,coffee
52.9,31.9,23.7,20.2,81.0,5.23,1632.0,coffee
71.4,31.3,37.8,19.7,76.8,5.18,1611.3,coffee
42.7,18.2,21.0,18.9,81.2,5.57,1755.4,coffee
68.5,26.4,45.2,21.5,74.5,5.83,1765.7,coffee
71.9,38.4,17.8,19.2,73.4,5.32,1927.0,coffee
83.7,16.7,27.6,18.9,75.7,5.43,1727.7,coffee
55.7,27.4,18.2,19.9,75.9,5.46,1777.6,coffee
41.7,17.4,37.0,21.4,79.5,5.36,1743.0,coffee
55.6,11.3,14.9,18.8,77.8,5.42,1430.0,coffee
44.0,17.8,24.7,18.7,76.4,5.71,1545.4,coffee
63.9,6.4,30.8,18.1,79.4,5.43,1664.1,coffee
83.5,35.8,19.8,21.7,77.7,5.57,1716.4,coffee
67.9,5.0,23.2,21.3,74.3,5.51,1929.3,coffee
66.3,25.7,54.7,18.4,79.5,5.49,1592.5,coffee
45.4,15.4,39.8,21.0,77.0,5.33,1697.1,coffee
55.0,39.3,60.4,18.2,76.6,5.31,1807.0,coffee
50.2,28.9,37.7,19.0,79.3,5.54,1623.6,coffee
51.9,21.3,47.0,19.1,80.7,5.29,1664.7,coffee
65.3,7.8,46.1,16.5,77.4,5.95,1837.1,coffee
44.3,12.7,33.0,19.1,76.7,5.51,1359.9,coffee
41.7,17.8,33.9,17.6,80.0,5.42,1529.0,coffee
69.1,21.2,18.8,20.1,79.0,5.58,1811.0,coffee
94.3,17.8,32.3,21.5,77.0,5.33,1846.7,coffee
65.9,30.3,23.4,18.5,76.1,4.96,1631.5,coffee
51.1,17.2,22.4,23.4,77.8,5.6,1747.2,coffee
41.1,19.8,22.9,18.7,76.8,5.65,1793.4,coffee
71.0,13.8,27.5,13.8,75.6,5.61,1623.7,coffee
56.7,27.3,30.6,17.6,76.2,5.37,1754.1,coffee
36.0,18.9,32.2,20.1,77.3,5.24,1819.8,coffee
82.1,23.5,19.1,17.4,75.5,5.47,1879.0,coffee
61.7,20.7,22.1,15.7,78.1,5.64,1767.7,coffee
55.6,23.7,37.0,19.6,72.0,5.73,1865.0,coffee
67.6,21.9,26.7,19.2,74.4,5.43,1737.6,coffee
80.3,24.2,10.0,19.7,80.4,5.61,1771.8,coffee
64.0,19.6,32.2,18.9,77.4,5.42,1565.0,coffee
69.3,23.5,11.9,20.1,74.8,5.72,1705.9,coffee
81.8,26.2,28.9,20.0,76.5,5.48,1612.0,coffee
52.0,18.5,25.6,18.7,77.5,5.65,1705.2,coffee
58.7,30.5,42.7,19.4,77.5,5.25,1696.5,coffee
58.4,31.9,29.7,21.0,77.2,5.81,1689.9,coffee
42.6,37.2,28.5,15.9,79.3,5.42,1810.7,coffee
62.7,25.6,46.5,19.0,82.6,5.62,1774.8,coffee
55.8,26.4,23.1,20.3,78.1,5.63,1844.0,coffee
54.5,16.0,32.3,18.7,76.2,5.53,1781.7,coffee
80.3,29.5,16.8,20.7,78.6,5.22,1480.8,coffee
78.1,28.8,26.3,20.8,75.7,5.68,1597.8,coffee
38.6,28.6,15.9,19.8,77.2,5.6,1603.0,coffee
55.6,20.3,32.3,17.6,75.9,5.25,1809.0,coffee
76.5,24.5,26.5,19.8,74.3,5.45,1535.7,coffee
63.3,16.5,27.1,22.1,74.3,5.43,1825.4,coffee
64.0,18.1,38.8,19.5,75.2,5.87,1662.7,coffee
44.0,34.1,40.3,19.4,77.3,5.13,1865.3,coffee
58.8,7.4,23.0,17.5,79.4,5.34,1932.2,coffee
45.5,27.6,46.8,19.2,77.3,5.53,1751.6,coffee
40.3,13.4,29.3,20.2,76.1,5.41,1705.7,coffee
58.7,32.6,26.9,20.3,79.7,5.36,1557.4,coffee
78.3,35.6,36.3,20.4,76.2,5.34,1795.4,coffee
50.4,23.2,40.9,18.2,77.0,5.18,1844.7,coffee
70.1,29.6,10.0,18.3,76.6,5.47,1539.0,coffee
69.4,30.5,28.2,19.0,75.9,5.3,1720.7,coffee
54.1,19.5,24.0,20.1,75.4,5.23,1777.2,coffee
56.2,26.8,23.6,19.4,72.7,5.52,1684.7,coffee
76.7,32.8,26.6,18.5,79.5,5.4,1634.9,coffee
71.0,19.8,38.6,18.7,77.2,5.36,1620.6,coffee
47.9,18.2,39.8,18.1,74.1,5.36,1422.1,coffee
66.7,19.6,31.7,18.4,78.6,5.83,1372.4,coffee
57.0,38.4,30.4,18.3,77.1,5.49,1538.1,coffee
72.3,26.0,27.2,20.9,76.6,5.54,2072.0,coffee
84.0,34.6,37.5,23.0,73.6,5.84,1899.7,coffee
43.9,14.0,37.7,21.8,78.6,5.53,1847.1,coffee
54.6,30.6,52.4,20.6,75.9,5.22,1692.9,coffee
65.5,31.6,41.0,19.5,79.6,5.48,1748.0,coffee
64.4,31.9,47.0,19.6,77.9,5.08,1619.9,coffee
46.2,21.8,44.4,20.9,80.1,5.87,1272.3,coffee
71.8,36.7,44.3,19.6,76.1,6.16,1602.1,coffee
67.5,29.3,38.0,19.4,78.6,5.42,1901.9,coffee
73.1,22.9,13.1,21.9,78.3,5.02,2068.6,coffee
80.9,29.0,22.1,20.5,76.0,5.2,1773.2,coffee
21.5,25.9,28.3,20.5,78.5,5.58,1630.0,coffee
69.8,23.8,30.9,18.4,77.1,5.41,1489.3,coffee
58.8,37.5,44.1,20.0,75.6,6.05,1622.7,coffee
68.8,42.9,34.2,22.3,76.8,5.59,1941.0,coffee
65.2,28.6,40.7,20.2,75.1,5.84,1531.1,coffee
63.1,32.3,20.6,20.8,78.7,5.53,1820.3,coffee
56.7,18.8,36.0,17.9,77.8,5.68,1713.6,coffee
31.0,24.7,10.0,21.5,74.8,5.57,1760.8,coffee
63.3,16.0,39.0,18.9,77.0,5.79,1785.2,coffee
45.1,31.5,28.5,20.5,78.8,5.62,1912.3,coffee
61.1,21.7,10.0,20.7,79.8,5.57,2071.7,coffee
63.3,35.0,31.6,19.6,78.1,5.37,1614.4,coffee
46.9,24.8,39.0,17.9,78.8,5.69,1561.5,coffee
62.1,36.1,31.4,22.1,77.1,5.41,1729.4,coffee
55.6,24.2,41.8,20.2,80.5,5.83,1463.1,coffee
75.6,27.8,24.9,23.9,76.5,5.4,1419.2,coffee
49.8,21.6,27.0,17.4,77.1,5.21,1868.6,coffee
53.8,28.0,31.6,17.9,81.9,5.58,1528.0,coffee
58.4,10.3,54.8,18.1,76.5,5.45,1380.8,coffee
68.7,24.1,42.5,23.1,77.5,5.36,1774.1,coffee
70.4,16.1,25.4,20.9,76.2,5.74,1558.2,coffee
62.2,25.6,22.4,19.3,77.4,5.72,1693.9,coffee
79.2,39.2,32.4,19.8,76.6,5.21,1695.2,coffee
54.9,28.8,45.7,21.7,74.9,5.58,1738.3,coffee
74.8,16.1,18.8,18.7,79.1,5.84,1764.6,coffee
54.5,38.0,25.6,20.6,75.7,5.8,1635.9,coffee
88.4,26.4,28.2,18.4,78.9,5.57,1689.3,coffee
63.3,23.4,31.8,21.8,76.7,5.56,1799.2,coffee
46.6,24.7,25.3,17.6,78.3,5.37,1640.7,coffee
64.7,22.6,14.9,17.5,78.3,5.52,1483.8,coffee
25.3,36.6,36.0,18.2,78.3,5.06,1646.3,coffee
52.4,15.8,34.9,18.2,76.7,5.57,1660.9,coffee
48.2,21.7,33.9,22.2,77.6,5.45,1788.3,coffee
60.8,29.6,30.5,21.3,77.8,5.55,1905.3,coffee
63.6,22.5,55.8,19.6,75.8,5.33,1556.6,coffee
59.4,17.8,24.0,20.1,80.3,5.61,1961.8,coffee
64.9,25.2,27.6,20.8,76.3,5.45,1744.9,coffee
65.5,26.1,37.5,19.4,77.5,5.24,1297.4,coffee
29.4,28.9,28.3,20.6,73.8,5.47,1986.6,coffee
56.3,25.6,28.7,18.8,75.5,5.96,1744.5,coffee
52.4,32.0,27.3,20.9,79.1,5.37,1499.6,coffee
52.7,24.8,34.7,20.4,76.8,5.56,1805.4,coffee
48.8,19.5,25.6,18.1,78.1,5.13,1773.4,coffee
42.7,24.9,43.3,18.1,79.5,5.3,1856.5,coffee
33.3,28.3,31.0,22.7,73.2,5.13,1587.6,coffee
71.0,13.2,24.9,19.8,80.6,5.71,1887.7,coffee
71.7,18.0,37.6,21.6,79.6,5.53,1608.4,coffee
72.5,10.9,21.9,18.5,77.4,5.8,1738.4,coffee
39.5,30.8,10.0,18.5,76.6,5.23,1815.3,coffee
46.2,23.2,28.6,21.1,76.7,5.21,1485.5,coffee
29.4,21.2,10.0,17.2,77.7,5.62,1632.4,coffee
44.7,27.4,36.6,18.7,78.7,5.74,1628.3,coffee
62.1,12.4,31.4,18.4,77.8,5.43,1828.8,coffee
77.9,26.0,40.0,18.2,76.7,5.57,1704.8,coffee
55.9,21.4,14.2,18.0,75.6,5.19,1938.9,coffee
82.3,30.7,33.2,17.8,75.0,5.34,1101.0,coffee
52.4,30.1,38.2,22.7,77.4,6.01,1401.3,coffee
74.7,23.1,31.3,18.7,79.1,5.45,1909.9,coffee
64.3,14.5,23.6,20.4,80.3,5.52,1635.1,coffee
47.6,15.2,34.9,19.7,80.1,5.23,1844.8,coffee
53.0,15.2,40.6,21.6,77.6,5.53,1673.7,coffee
34.3,30.2,11.6,19.7,83.1,5.5,1608.6,coffee
55.6,24.4,38.7,20.2,80.1,5.25,1773.2,coffee
81.9,24.3,39.0,20.2,79.8,5.44,1786.5,coffee
74.2,26.4,50.4,18.8,79.7,5.23,1799.2,coffee
27.3,13.7,36.7,19.1,77.2,5.67,1748.9,coffee
52.7,32.5,42.6,19.5,76.3,5.4,1366.1,coffee
78.8,28.0,38.5,16.1,77.7,5.13,1680.1,coffee
53.6,32.2,56.7,18.8,76.4,5.47,1570.2,coffee
53.9,24.7,27.4,20.4,77.8,5.2,1375.5,coffee
46.5,27.2,16.6,17.9,73.8,5.6,1787.0,coffee
66.5,26.7,16.2,19.8,76.4,5.35,1929.6,coffee
88.3,10.0,45.2,21.2,79.9,5.64,1834.8,coffee
72.0,21.3,32.7,18.9,76.2,5.63,1609.3,coffee
36.4,27.0,10.0,23.6,76.8,5.85,1588.4,coffee
63.0,36.2,50.4,17.4,75.9,5.19,1501.7,coffee
70.6,28.7,34.6,18.0,79.8,5.53,1821.4,coffee
55.8,32.7,44.4,18.4,76.8,5.31,1367.7,coffee
61.9,21.3,39.0,19.7,76.8,5.31,1502.7,coffee
35.8,33.4,30.5,18.2,74.7,5.58,2063.9,coffee
51.8,24.9,21.1,19.8,79.5,5.66,1550.5,coffee
59.3,18.1,37.6,18.0,77.0,5.5,1597.4,coffee
45.0,13.1,12.3,21.1,78.8,4.87,1852.3,coffee
54.6,34.4,32.8,21.2,77.5,5.62,1982.5,coffee
70.4,55.1,47.9,18.7,77.2,5.55,1793.7,coffee
76.8,20.0,29.1,19.7,73.3,5.82,1543.4,coffee
70.1,26.8,24.9,19.8,80.6,5.17,1799.0,coffee
53.1,30.2,26.0,20.7,77.3,5.58,1681.5,coffee
74.8,12.4,42.7,22.0,76.2,5.58,1738.1,coffee
46.7,9.1,22.9,20.0,76.2,5.59,1694.9,coffee
50.1,25.2,36.5,19.1,77.1,5.21,1802.2,coffee
46.9,39.4,25.1,20.7,77.6,5.69,1473.0,coffee
80.5,20.7,31.8,21.0,76.2,5.5,1815.2,coffee
47.3,27.6,26.5,17.2,76.7,5.63,1759.9,coffee
50.3,35.6,35.6,15.5,79.9,5.23,1714.6,coffee
73.3,60.5,30.9,19.0,76.3,6.12,1749.3,coffee
34.7,26.7,14.0,17.6,79.9,5.82,1783.9,coffee
42.8,29.8,21.5,18.6,80.0,5.56,1797.6,coffee
71.3,33.2,44.3,19.1,76.2,5.66,1715.1,coffee
84.2,35.7,24.1,19.3,75.4,5.93,1495.5,coffee
78.9,29.3,43.8,22.0,78.1,5.71,1671.7,coffee
18.0,33.3,27.7,19.5,76.9,5.21,1666.2,coffee
76.1,17.4,45.3,20.6,77.8,5.74,1799.7,coffee
69.4,23.6,10.0,20.8,76.3,5.19,1554.1,coffee
61.7,37.0,31.9,18.7,77.7,5.12,1636.5,coffee
65.2,17.9,23.1,20.4,77.3,5.47,1960.6,coffee
75.4,18.5,30.7,16.4,79.1,5.26,2081.4,coffee
61.3,38.5,19.6,19.6,76.0,5.8,1625.6,coffee
68.6,27.7,44.3,18.8,79.6,5.3,1692.4,coffee
53.2,35.6,27.3,20.2,75.6,5.26,1400.6,coffee
57.4,23.5,29.3,19.6,78.5,5.32,1662.5,coffee
76.9,28.8,35.1,18.7,79.2,5.47,1477.5,coffee
64.4,35.1,22.5,21.2,79.9,5.72,2133.0,coffee
66.8,22.4,22.3,20.4,79.3,5.48,1912.9,coffee
49.6,19.2,12.7,21.7,76.7,5.39,1627.6,coffee
62.7,35.3,25.3,17.2,78.4,5.08,1667.9,coffee
74.3,28.8,47.3,18.0,78.5,5.36,1690.0,coffee
83.6,26.9,26.7,17.0,76.7,5.17,1464.7,coffee
68.3,29.2,36.8,21.8,77.1,5.3,1748.8,coffee
87.0,60.6,27.9,20.7,75.9,6.06,1941.8,coffee
57.5,32.4,26.5,18.4,78.0,5.71,1717.5,coffee
46.5,33.5,35.0,19.6,77.7,5.33,1820.5,coffee
65.3,24.1,56.5,21.6,77.0,5.75,1890.9,coffee
51.9,31.5,33.8,23.0,75.9,5.38,1808.4,coffee
77.6,30.2,22.2,19.0,76.7,5.97,2044.4,coffee
61.5,37.0,20.5,21.9,77.9,5.81,2028.8,coffee
60.2,17.9,21.2,21.0,75.3,5.24,1280.2,coffee
47.2,33.0,56.4,19.2,75.3,5.16,1678.7,coffee
57.9,25.9,32.8,21.7,78.3,5.5,1640.5,coffee
69.6,53.2,28.9,16.9,77.4,6.1,1596.8,coffee
68.3,21.2,48.3,21.7,79.0,5.54,1747.4,coffee
49.8,23.6,32.6,18.8,77.8,5.97,1541.9,coffee
44.1,22.5,24.4,17.5,79.6,5.52,1470.7,coffee
61.1,19.9,38.8,19.5,73.5,5.83,1732.8,coffee
77.9,28.1,28.1,17.9,75.2,5.69,1647.6,coffee
53.2,16.0,22.6,17.6,77.9,5.36,1623.8,coffee
54.6,20.3,27.0,17.3,77.6,5.52,1746.1,coffee
51.1,23.0,25.1,18.9,80.9,5.45,1725.5,coffee
73.5,33.9,26.4,18.8,78.8,5.67,1602.6,coffee
38.6,28.2,20.4,17.1,73.3,5.41,2028.3,coffee
77.4,16.3,39.9,21.2,80.3,5.53,1738.7,coffee
48.1,21.1,19.4,19.3,79.2,5.6,1739.6,coffee
56.4,34.4,37.9,20.6,76.7,5.55,1642.4,coffee
41.8,23.0,28.3,20.6,78.8,5.63,1630.8,coffee
46.2,27.2,50.3,21.7,78.4,5.83,1630.0,coffee
62.4,29.4,42.6,17.1,78.0,5.59,1598.9,coffee
69.0,33.3,14.3,19.6,78.6,6.0,1687.6,coffee
40.6,38.9,30.0,19.2,77.5,5.86,1497.7,coffee
46.9,33.1,10.0,20.8,81.2,5.65,1871.5,coffee
79.9,28.6,39.8,18.1,73.6,5.92,1603.2,coffee
73.7,34.0,24.1,20.0,79.9,5.14,1844.0,coffee
62.9,18.9,43.7,19.2,78.1,5.6,1570.8,coffee
65.0,35.0,29.9,18.6,79.0,5.07,1792.1,coffee
59.7,34.9,41.8,20.8,79.5,5.22,1587.0,coffee
58.9,26.2,34.8,17.6,76.4,5.79,1664.3,coffee
53.3,28.9,22.1,17.7,75.6,5.38,1749.8,coffee
77.0,8.0,44.4,18.8,80.1,5.61,1754.0,coffee
48.8,20.1,16.2,18.2,81.1,5.54,1598.5,coffee
41.2,29.8,14.7,19.5,78.8,5.93,1644.0,coffee
92.2,31.5,49.0,20.2,75.0,6.14,1504.4,coffee
71.3,11.5,18.6,19.4,78.7,5.74,1471.5,coffee
35.3,14.4,34.5,20.9,79.4,5.41,1508.0,coffee
87.0,18.3,27.2,20.3,77.5,5.45,1960.3,coffee
77.0,21.7,23.6,20.2,78.3,5.5,1550.7,coffee
49.9,17.3,20.5,22.4,79.5,5.71,1841.9,coffee
72.3,37.8,38.0,18.6,77.5,5.73,1900.0,coffee
66.4,26.7,12.2,19.8,81.1,5.77,1483.5,coffee
63.6,28.0,18.2,20.1,74.4,5.38,1611.6,coffee
53.3,26.5,21.8,17.5,78.6,5.3,1649.5,coffee
56.7,23.2,19.0,16.5,74.2,5.58,1751.8,coffee
75.6,20.5,32.4,19.0,82.8,5.3,1553.6,coffee
80.6,16.0,12.3,19.5,77.1,5.56,1672.4,coffee
81.3,21.4,45.4,18.3,76.9,5.89,1721.3,coffee
49.0,19.9,34.5,20.1,77.3,5.45,1578.5,coffee
73.8,18.4,32.3,18.9,77.1,5.46,1652.9,coffee
62.0,21.6,12.6,17.2,75.0,5.9,1613.0,coffee
38.5,39.8,43.6,17.5,78.2,5.14,1841.9,coffee
72.9,23.4,37.3,19.9,77.2,5.19,1719.3,coffee
72.0,20.7,50.2,18.9,76.6,5.52,1760.5,coffee
67.0,27.2,30.7,18.6,80.1,5.86,1722.7,coffee
66.9,21.7,33.5,21.5,79.5,5.91,1859.5,coffee
69.6,19.4,33.2,19.6,76.7,5.64,1668.5,coffee
65.4,10.8,36.4,21.9,80.1,5.28,1575.6,coffee
68.5,25.9,35.3,19.2,76.6,5.94,1409.2,coffee
67.1,25.9,28.1,21.0,77.0,5.65,1953.9,coffee
74.3,21.6,28.5,21.9,75.2,4.77,1743.8,coffee
71.0,20.2,37.7,20.1,80.0,5.44,2110.1,coffee
51.2,7.6,26.2,18.3,77.9,5.24,1730.4,coffee
59.9,24.4,27.9,21.2,80.3,5.4,2033.2,coffee
42.5,24.2,34.8,21.0,80.2,5.53,1608.1,coffee
86.0,25.2,18.7,21.0,76.9,5.37,1825.7,coffee
48.1,19.5,37.7,18.6,74.4,5.37,1373.0,coffee
60.1,18.7,27.0,20.8,81.0,5.53,1505.9,coffee
32.9,12.7,36.1,22.5,78.0,5.36,1519.8,coffee
60.9,15.6,18.2,16.9,79.0,5.68,1494.2,coffee
73.3,37.9,33.9,17.5,78.7,5.39,1677.7,coffee
50.1,34.1,15.6,17.6,80.0,5.34,1714.3,coffee
52.8,26.0,40.3,19.8,76.7,5.93,1597.1,coffee
52.6,25.5,32.4,17.6,76.7,5.18,1839.3,coffee
39.6,24.4,21.6,18.4,74.9,5.32,1664.0,coffee
70.5,27.0,14.3,22.6,74.5,5.31,1763.8,coffee
55.8,18.1,17.2,18.3,78.2,5.64,1807.2,coffee
48.0,24.8,29.4,24.2,80.7,5.43,2271.1,tea
79.5,27.2,10.0,22.6,86.9,5.4,1866.8,tea
38.5,22.7,15.5,22.8,83.5,5.24,2087.3,tea
82.0,31.3,50.0,25.1,78.7,5.39,1948.3,tea
70.9,22.0,18.4,19.0,76.4,5.61,2060.8,tea
50.5,34.3,13.0,20.0,80.5,5.25,1793.8,tea
50.0,18.8,27.1,23.1,80.0,5.37,1890.2,tea
60.4,26.8,26.7,20.0,81.8,5.27,1798.7,tea
79.6,30.3,35.7,24.1,80.0,5.04,1972.5,tea
51.8,27.2,39.7,26.3,79.9,5.15,2000.7,tea
51.2,27.9,37.9,24.3,82.3,5.19,1550.9,tea
43.4,26.5,26.3,18.0,75.9,5.4,1897.1,tea
46.0,22.5,22.1,19.9,76.5,5.24,1416.6,tea
60.4,10.4,30.5,20.7,78.8,5.2,1589.6,tea
68.3,23.2,24.2,18.3,83.1,5.39,1554.0,tea
64.7,22.2,40.3,25.7,77.8,5.06,1879.2,tea
41.7,24.3,34.7,21.7,84.7,5.06,1589.9,tea
65.0,16.3,23.0,19.0,78.8,5.71,2000.7,tea
69.6,29.8,49.8,22.9,79.8,5.62,1674.0,tea
56.2,21.4,23.4,19.3,79.2,5.13,1846.4,tea
75.3,30.8,34.5,20.7,80.8,5.07,1708.3,tea
39.9,25.8,33.3,20.2,79.7,5.26,1859.5,tea
37.3,36.6,41.8,25.6,77.0,5.43,1631.9,tea
64.3,29.4,22.5,23.1,79.6,5.24,1521.2,tea
65.8,7.9,34.0,24.5,81.3,5.21,1962.8,tea
78.1,23.4,39.9,26.2,81.7,5.39,2019.2,tea
50.3,6.1,20.7,22.8,83.4,5.12,1864.0,tea
40.1,25.9,20.2,20.3,81.1,5.42,1839.1,tea
68.7,21.1,40.9,17.7,80.3,5.34,1920.3,tea
47.9,18.3,33.8,18.9,81.0,5.29,1621.3,tea
28.2,35.9,32.4,22.2,78.4,5.08,1625.1,tea
46.9,20.9,14.5,24.8,77.6,5.09,1783.8,tea
54.3,28.8,19.0,20.4,82.2,5.35,1725.5,tea
80.3,30.5,40.3,17.9,80.3,5.22,1829.6,tea
65.0,17.9,22.1,19.9,77.4,5.11,1922.0,tea
57.4,27.0,28.7,22.7,82.4,5.21,1684.5,tea
53.2,28.9,51.6,22.3,73.2,4.99,1651.2,tea
63.8,23.0,10.2,19.8,80.8,5.29,1708.3,tea
70.9,29.5,25.9,22.1,76.0,5.36,1839.7,tea
37.5,23.9,29.5,22.1,76.5,5.23,1655.5,tea
57.1,32.5,26.7,19.2,78.5,5.29,2270.5,tea
52.3,21.2,26.5,17.9,76.2,5.09,1939.9,tea
47.4,14.8,18.7,20.3,78.3,5.33,1877.2,tea
59.4,15.3,12.9,20.3,79.9,5.16,2060.4,tea
88.7,15.3,47.5,18.7,86.0,5.61,1622.8,tea
84.8,37.9,19.4,19.5,81.1,5.06,2206.4,tea
53.9,37.9,16.6,22.4,79.0,5.18,1430.3,tea
76.7,35.8,25.7,20.9,76.7,5.08,2013.5,tea
53.7,14.2,30.0,23.9,79.0,5.4,2187.3,tea
64.2,33.3,40.4,20.8,79.2,5.21,1649.2,tea
51.0,26.4,11.7,21.3,83.3,5.23,1731.5,tea
76.2,38.5,25.0,20.2,78.0,5.32,1733.6,tea
54.2,27.3,23.8,20.7,81.3,4.9,1702.7,tea
84.6,29.2,27.1,20.3,79.9,5.47,2064.8,tea
97.1,30.5,31.8,26.0,76.1,5.39,1302.6,tea
60.9,33.3,33.1,20.2,82.9,5.39,1970.5,tea
61.7,15.4,19.1,22.9,77.7,5.25,2060.3,tea
64.6,30.0,35.0,19.7,79.5,5.27,2075.7,tea
80.4,20.4,27.2,21.7,82.7,5.16,1820.0,tea
67.1,21.4,33.6,23.5,75.2,5.41,2362.5,tea
62.3,19.7,25.5,18.1,81.1,5.06,1678.2,tea
63.9,20.3,33.7,24.5,79.9,5.34,1597.6,tea
60.0,28.6,21.9,18.6,84.0,5.37,1744.5,tea
51.0,26.1,34.2,22.3,78.6,5.23,1752.2,tea
65.6,19.2,25.0,20.7,77.8,5.05,1232.1,tea
52.9,15.7,24.8,23.9,80.5,5.13,1680.9,tea
63.9,27.7,23.7,22.9,78.2,5.66,1640.9,tea
80.1,8.4,38.6,24.5,78.5,5.45,2111.1,tea
33.6,33.9,30.7,19.3,78.0,5.36,2137.2,tea
59.6,28.4,37.0,25.2,80.5,5.53,1694.8,tea
76.8,20.3,50.6,17.1,82.8,4.87,1737.1,tea
69.1,21.4,44.4,22.7,82.4,5.52,1676.6,tea
51.6,14.0,43.0,18.9,74.0,5.27,2082.2,tea
48.3,9.4,25.5,15.4,76.2,5.45,2149.8,tea
82.4,25.5,41.7,23.1,80.7,5.38,1655.4,tea
57.5,30.7,32.7,23.9,82.9,5.42,1830.0,tea
60.5,31.3,25.5,23.1,78.0,5.3,2257.9,tea
20.2,17.4,44.1,19.9,81.2,5.16,1836.1,tea
37.0,22.6,37.3,25.9,84.5,5.19,1742.5,tea
71.6,34.8,31.8,19.9,80.7,5.2,1980.7,tea
47.1,32.1,26.2,23.2,83.5,5.15,1534.4,tea
75.3,34.3,30.7,19.5,77.0,5.12,1786.4,tea
59.0,16.7,44.9,19.6,75.3,5.47,1939.7,tea
71.2,30.5,21.5,21.6,85.1,5.15,1757.7,tea
27.4,21.4,20.1,21.1,75.6,4.88,1795.4,tea
49.4,40.4,28.0,18.9,80.0,5.19,1758.8,tea
102.0,14.5,19.3,24.3,83.3,5.15,1582.1,tea
80.5,22.3,40.1,21.0,77.1,5.53,1773.1,tea
76.9,15.0,44.2,25.5,78.3,5.49,1847.9,tea
61.7,42.9,13.8,18.6,78.0,5.28,1932.1,tea
27.0,30.9,43.3,19.3,80.8,5.19,1749.2,tea
75.9,29.0,24.7,22.7,80.5,5.02,1751.1,tea
92.2,35.9,35.3,21.7,82.9,5.24,2073.5,tea
85.5,17.5,35.1,20.4,80.5,5.23,1770.9,tea
51.1,19.3,40.2,15.8,82.2,5.52,1931.7,tea
58.6,13.7,37.3,24.9,75.1,5.05,1800.8,tea
89.2,36.2,19.6,19.3,82.7,5.32,1834.3,tea
52.5,28.8,26.3,23.2,83.0,5.35,1883.1,tea
52.6,9.7,28.0,19.7,80.6,5.49,1825.9,tea
64.7,29.8,11.6,22.2,79.4,5.43,1889.5,tea
50.1,19.2,39.8,21.0,84.2,5.23,1819.9,tea
56.5,14.4,35.5,19.9,82.3,5.32,1665.2,tea
46.7,21.4,29.5,23.8,80.9,5.23,1643.5,tea
67.6,21.4,27.8,17.8,78.2,5.12,1973.7,tea
59.8,29.2,35.7,21.2,78.7,5.25,1682.1,tea
69.9,27.7,24.2,25.0,82.3,5.19,1523.6,tea
45.4,25.2,35.6,25.8,81.1,5.66,2014.9,tea
73.1,20.0,50.2,18.5,82.5,5.16,1706.1,tea
56.7,9.6,33.5,14.9,80.6,4.96,2068.5,tea
91.6,31.6,10.0,19.8,80.4,5.28,1427.5,tea
60.0,20.8,45.9,20.0,75.9,5.11,2089.4,tea
61.6,24.4,17.8,22.0,77.7,5.04,1857.2,tea
59.8,23.1,41.3,22.2,79.2,5.47,1862.4,tea
74.0,21.7,16.7,21.1,77.1,5.26,1763.0,tea
66.3,12.6,24.2,24.4,81.5,5.27,2077.6,tea
41.5,28.9,27.4,23.4,82.3,5.54,1923.3,tea
56.5,25.4,10.3,20.2,76.1,5.22,2385.6,tea
68.7,12.3,27.7,18.7,76.5,5.43,1860.6,tea
100.3,33.8,23.9,22.6,76.1,5.07,1551.9,tea
47.8,27.5,27.4,17.7,83.8,5.63,1671.2,tea
74.2,18.2,26.9,25.1,82.4,5.0,1613.0,tea
47.6,35.5,10.0,19.7,82.5,5.17,2274.9,tea
60.5,22.1,30.7,22.9,85.6,5.76,1642.2,tea
62.0,27.3,23.7,19.7,80.6,5.37,1677.9,tea
63.0,27.7,29.4,18.9,81.9,5.26,1645.6,tea
52.9,33.2,33.3,21.8,81.9,5.22,2130.8,tea
64.3,39.6,26.6,20.6,84.2,5.04,1570.2,tea
54.6,25.6,30.7,21.4,77.0,4.94,2035.0,tea
55.8,40.9,27.7,25.5,79.6,5.53,1645.1,tea
66.0,23.8,42.7,19.5,80.6,5.17,1841.5,tea
60.5,21.4,22.8,22.9,79.2,5.4,1852.3,tea
76.1,29.8,38.5,23.5,79.3,5.35,1747.8,tea
57.1,16.3,10.0,23.5,81.0,5.59,1851.8,tea
75.5,30.1,35.0,27.0,77.5,5.49,2279.2,tea
59.2,35.4,40.2,19.4,80.9,5.26,1878.0,tea
42.0,25.6,37.1,24.0,80.6,5.47,2052.0,tea
44.0,27.4,22.8,23.0,82.3,5.52,1931.1,tea
37.5,32.6,24.6,24.5,77.6,5.25,2006.9,tea
52.7,24.2,27.1,18.3,81.5,5.3,1775.1,tea
59.8,41.4,24.0,18.9,80.0,5.36,1445.8,tea
59.2,24.3,36.8,21.4,81.1,5.2,1955.3,tea
72.0,12.5,36.8,19.5,79.1,5.57,1322.7,tea
51.6,39.7,36.4,22.1,77.3,5.1,1768.8,tea
60.2,23.8,31.0,19.5,79.9,5.17,1732.6,tea
92.9,13.4,31.0,15.8,78.6,5.42,2023.4,tea
47.7,38.0,48.6,20.3,74.7,5.18,1935.5,tea
39.0,29.2,28.0,20.7,77.9,5.26,1601.4,tea
64.4,27.0,10.2,22.5,83.4,5.37,1935.5,tea
37.7,19.1,23.6,22.0,79.7,5.56,1982.6,tea
75.2,31.0,23.1,21.5,76.9,5.18,1709.9,tea
40.8,30.3,48.2,20.4,76.8,5.33,1681.5,tea
65.5,27.5,23.7,22.6,81.5,5.16,1984.9,tea
37.8,40.0,46.3,14.4,77.6,5.34,1623.0,tea
48.8,31.3,36.0,24.5,74.8,5.41,1739.5,tea
64.2,28.8,23.4,20.3,80.5,4.96,1585.6,tea
76.4,20.5,22.4,17.2,78.7,5.21,2202.8,tea
62.0,20.9,28.0,27.2,83.0,5.28,1691.3,tea
65.7,30.1,37.7,26.6,76.6,5.06,2035.3,tea
84.5,5.0,27.6,21.3,78.0,4.82,1666.0,tea
65.3,32.0,25.8,16.5,81.4,4.82,1723.4,tea
55.8,25.9,39.3,29.3,75.7,5.19,1363.6,tea
72.1,24.4,24.9,17.9,78.3,5.44,1555.7,tea
37.8,22.9,37.2,21.1,80.2,4.99,1928.4,tea
48.3,8.3,24.5,18.5,75.5,5.26,1938.3,tea
30.3,29.6,34.1,17.9,81.0,5.34,1790.1,tea
68.9,32.8,20.1,20.3,79.0,5.55,1575.2,tea
53.3,19.5,32.4,20.0,78.3,5.5,1569.0,tea
54.3,16.1,40.5,19.9,78.6,5.29,1870.1,tea
63.7,11.5,24.6,26.7,76.2,5.21,1957.8,tea
43.6,24.5,26.4,17.5,80.8,5.24,1626.9,tea
42.5,16.4,24.8,24.0,78.1,5.53,1400.7,tea
54.7,28.6,29.6,25.1,77.3,5.23,1937.1,tea
50.6,33.5,35.9,22.1,83.3,5.24,1780.3,tea
60.6,34.5,20.5,18.9,81.4,5.17,1100.0,tea
70.1,9.6,15.8,18.3,85.5,5.47,1547.5,tea
75.8,39.3,34.4,23.5,79.3,5.0,1937.0,tea
54.6,41.5,25.5,19.4,80.4,5.56,2180.2,tea
44.7,17.0,26.2,19.6,79.8,5.32,2029.7,tea
85.6,16.6,33.4,22.5,82.7,5.23,1681.5,tea
41.5,27.3,20.1,22.8,79.9,5.41,1908.7,tea
84.8,33.0,30.4,19.9,82.4,4.99,1908.2,tea
49.8,26.6,23.7,18.5,81.2,5.34,2181.3,tea
71.9,30.2,18.3,24.9,79.6,5.14,2118.6,tea
68.2,20.5,37.7,20.7,80.0,5.29,2325.1,tea
63.1,13.7,27.3,22.6,75.8,5.32,2093.8,tea
53.0,41.0,33.3,22.6,79.9,5.25,1860.9,tea
59.5,22.4,23.8,22.4,79.2,5.15,1562.4,tea
67.5,31.8,37.9,20.9,81.5,5.4,1615.4,tea
48.6,15.1,34.3,17.9,82.2,4.89,2173.4,tea
45.6,28.7,48.3,20.0,84.3,5.52,1855.2,tea
82.7,21.6,28.5,18.9,79.6,5.07,2059.7,tea
61.7,28.0,39.8,20.5,82.5,5.11,2078.2,tea
67.3,28.9,22.9,19.8,82.0,5.07,2149.5,tea
90.7,24.0,31.1,22.7,76.2,4.65,1850.5,tea
32.2,25.5,48.7,18.6,85.4,5.7,1720.3,tea
81.7,29.2,17.8,22.1,79.6,5.35,1998.2,tea
43.6,17.0,22.8,19.7,79.8,5.15,2017.6,tea
71.5,18.4,46.2,22.8,80.4,5.28,1737.9,tea
26.9,34.7,38.3,16.5,78.9,5.1,1779.4,tea
56.4,31.4,25.1,22.9,78.7,5.19,1692.6,tea
80.8,21.7,39.3,19.1,80.1,5.34,1881.8,tea
89.7,26.4,18.5,21.9,83.1,5.11,2072.0,tea
51.9,22.0,14.2,18.3,83.3,5.46,2169.2,tea
55.0,27.3,38.5,20.7,83.8,5.2,1887.0,tea
56.0,20.0,27.4,25.9,79.6,5.28,1698.5,tea
54.1,20.6,30.2,18.0,76.9,5.25,1718.6,tea
69.1,35.2,15.7,14.5,80.5,5.43,1781.3,tea
106.9,26.2,30.8,24.5,78.7,5.27,1914.7,tea
38.4,25.3,29.4,23.9,78.0,5.51,1802.6,tea
75.7,18.8,22.2,19.1,79.7,5.32,1564.5,tea
35.3,15.4,43.9,25.8,79.2,5.48,1748.6,tea
53.1,26.1,42.5,19.8,78.9,5.19,1734.3,tea
55.6,17.8,10.0,19.2,80.1,5.54,1721.9,tea
56.1,36.4,32.2,19.3,77.0,5.26,1662.0,tea
43.1,34.3,22.5,24.4,77.8,5.37,1812.9,tea
88.8,19.0,23.5,23.6,77.6,5.48,1931.5,tea
62.1,22.2,25.9,21.7,83.1,5.18,2038.0,tea
82.9,31.6,26.0,20.0,82.2,5.27,1554.6,tea
55.1,19.8,21.5,18.3,75.8,5.19,2254.6,tea
52.1,20.8,19.6,18.0,79.9,5.31,1692.8,tea
46.3,24.8,35.2,22.0,80.9,5.15,1860.4,tea
51.8,18.3,38.0,19.0,76.9,5.03,1714.0,tea
29.9,28.2,41.4,21.6,83.2,5.25,2124.1,tea
69.4,23.4,33.1,23.3,79.4,5.03,1925.6,tea
43.0,13.8,36.2,19.8,80.6,5.18,2283.2,tea
55.6,25.5,19.9,19.9,78.6,5.05,1752.5,tea
59.8,11.9,10.0,22.4,78.9,5.32,1584.9,tea
56.3,24.1,35.9,23.1,81.1,5.21,1999.5,tea
57.2,18.1,26.1,21.1,83.3,5.07,1931.0,tea
66.7,19.7,27.8,21.2,75.9,5.01,1659.4,tea
43.0,23.7,20.2,21.6,79.3,5.3,2046.6,tea
64.0,21.8,25.9,21.1,79.4,5.17,1877.6,tea
44.4,43.7,10.0,18.5,79.9,5.16,1959.6,tea
62.7,21.5,48.4,19.4,82.3,5.19,1745.5,tea
87.4,35.8,32.9,22.6,81.8,5.2,1709.1,tea
55.6,28.6,35.1,20.8,82.2,5.52,1712.4,tea
61.4,28.6,33.8,24.0,81.1,5.67,1681.3,tea
68.2,25.7,39.4,23.1,85.1,5.27,1599.2,tea
54.8,19.6,33.5,20.1,79.7,5.34,1566.8,tea
42.6,35.8,34.7,18.9,79.2,5.34,2062.2,tea
43.8,20.0,37.6,23.2,78.1,5.29,1570.4,tea
43.2,29.8,51.6,19.8,77.9,5.36,1931.0,tea
42.5,27.7,32.2,20.0,82.8,5.26,1706.7,tea
39.4,18.8,38.7,19.7,82.2,5.06,1704.6,tea
83.0,27.8,49.6,20.8,79.8,5.34,1727.7,tea
77.4,30.9,31.1,23.6,82.2,5.37,1785.5,tea
42.3,28.7,38.3,20.1,76.3,5.22,1879.2,tea
74.8,16.5,32.6,22.4,79.3,5.48,1814.8,tea
62.6,11.5,24.8,22.4,76.6,4.86,1805.5,tea
67.9,21.1,45.2,23.4,78.5,5.42,1940.1,tea
52.4,25.2,27.6,22.9,74.9,5.29,1681.1,tea
51.3,25.5,33.0,15.3,77.2,5.15,1786.7,tea
59.8,18.4,33.0,22.8,83.6,4.94,1330.5,tea
48.0,38.3,16.3,16.3,79.1,5.34,2185.7,tea
83.4,21.8,32.6,14.0,77.1,5.24,2145.3,tea
46.6,30.9,29.7,23.8,83.3,5.38,1856.5,tea
79.6,35.0,23.7,21.4,82.3,5.07,1922.0,tea
72.3,21.4,31.6,26.5,81.4,5.16,1812.4,tea
71.5,21.9,11.8,14.1,78.6,4.9,1747.8,tea
31.7,15.2,21.7,23.2,79.7,4.97,2086.1,tea
76.1,29.4,30.5,26.3,76.8,5.13,1805.8,tea
61.5,22.6,21.4,21.0,80.4,5.21,1850.8,tea
72.4,27.7,24.4,20.8,78.2,5.33,1921.5,tea
42.6,26.7,26.0,21.8,80.5,5.53,1883.3,tea
64.5,26.1,21.4,18.0,82.2,4.99,1577.4,tea
71.5,34.5,32.5,23.9,78.6,5.05,1594.0,tea
49.9,28.3,20.3,28.7,81.6,5.44,1946.6,tea
84.5,10.5,36.5,17.8,77.9,5.28,2086.6,tea
67.8,16.6,35.0,21.4,80.1,5.25,1834.8,tea
86.6,18.8,29.9,18.3,79.7,5.28,2305.8,tea
68.5,21.5,24.9,17.5,76.4,5.4,1639.8,tea
57.9,30.4,30.7,24.3,77.8,5.45,1848.9,tea
64.0,28.7,38.1,27.4,75.0,5.21,1805.2,tea
49.6,40.4,37.3,19.9,82.4,5.27,2188.8,tea
47.4,23.4,43.8,20.1,80.6,5.53,2153.8,tea
77.3,17.6,34.5,19.6,73.2,5.33,1795.1,tea
61.9,22.6,43.4,20.0,79.2,5.14,1523.0,tea
52.0,25.4,35.2,19.9,80.6,5.24,1822.0,tea
77.4,32.5,39.3,24.0,81.3,5.12,1391.1,tea
29.9,36.0,33.5,19.8,83.2,5.47,1548.2,tea
53.0,7.9,22.6,21.9,82.5,5.16,1671.8,tea
38.6,17.3,24.2,18.7,83.9,5.23,1400.0,tea
56.0,34.3,43.8,19.8,79.3,5.27,2023.5,tea
64.7,14.1,27.8,21.1,79.7,4.67,1645.0,tea
51.6,32.4,37.7,22.8,78.9,5.3,1726.4,tea
58.7,5.0,41.6,23.1,81.4,5.11,1713.4,tea
61.1,25.1,55.4,26.4,76.0,5.21,1898.7,tea
48.8,10.9,37.3,20.8,80.4,5.22,1724.9,tea
69.8,29.2,31.9,19.1,78.0,4.98,1631.9,tea
74.7,26.4,20.7,23.5,81.5,5.59,1943.5,tea
61.2,17.4,52.1,17.0,82.4,5.15,1468.8,tea
55.2,17.9,18.8,16.4,79.1,5.25,1880.0,tea
28.2,19.6,38.7,27.3,80.9,4.95,1785.5,tea
80.6,36.3,24.2,21.6,81.1,5.15,1733.0,tea
75.7,27.1,40.9,19.3,81.1,5.2,1834.1,tea
57.2,20.8,30.9,18.3,81.3,5.26,1721.6,tea
43.7,23.8,13.6,25.5,79.6,5.23,1414.7,tea
47.8,14.4,39.9,19.8,80.0,5.6,1791.8,tea
58.6,19.8,12.6,8.9,79.2,5.07,1715.9,tea
87.8,28.6,30.0,23.3,77.5,5.15,1992.3,tea
72.6,11.3,17.0,26.1,74.9,5.28,1498.6,tea
74.3,22.5,34.9,23.7,79.4,5.29,1600.3,tea
91.0,39.6,31.5,18.0,77.7,4.99,1977.6,tea
46.3,6.2,26.9,25.9,79.7,5.22,1779.4,tea
47.3,27.0,26.7,25.2,82.0,5.32,1909.8,tea
93.3,30.6,32.5,18.5,76.7,5.13,2049.2,tea
57.1,18.1,41.7,15.3,77.1,5.24,1824.5,tea
85.0,23.3,26.0,24.2,83.9,5.03,1606.0,tea
60.4,28.8,42.0,25.7,82.7,5.01,1814.4,tea
69.1,28.8,22.2,23.5,81.2,5.11,1859.7,tea
63.4,27.3,28.5,21.8,86.1,5.47,2017.1,tea
43.5,23.3,21.6,21.8,81.9,5.23,2018.2,tea
55.1,27.5,32.6,18.1,80.9,5.08,1981.8,tea
71.6,33.6,60.3,22.7,80.9,5.24,1684.9,tea
46.3,27.2,33.0,25.2,79.9,5.07,1877.3,tea
52.4,28.1,25.3,29.1,77.9,5.3,1692.3,tea
67.9,25.4,23.6,20.7,78.6,5.18,1943.1,tea
73.0,28.5,43.5,20.1,80.8,5.18,2075.9,tea
71.6,31.3,29.0,24.0,79.1,5.08,2102.7,tea
65.6,34.2,16.9,18.5,81.0,5.0,1916.5,tea
76.3,22.5,25.7,23.0,83.4,4.9,2133.9,tea
85.3,26.4,24.7,28.6,79.0,5.4,1897.6,tea
57.9,10.2,45.2,21.8,79.2,5.45,2086.4,tea
71.1,23.8,48.1,22.5,80.8,5.26,2078.4,tea
45.2,31.8,20.8,21.4,81.5,4.8,2244.1,tea
54.6,30.6,32.7,17.7,76.0,5.4,2128.2,tea
64.8,23.0,18.7,15.6,79.4,5.33,1781.8,tea
54.4,17.7,32.5,22.9,80.8,5.21,2038.8,tea
40.3,22.3,24.4,22.0,78.4,5.27,2031.2,tea
70.2,20.6,22.5,24.5,77.1,5.42,2219.7,tea
52.4,31.4,35.1,19.3,79.1,5.22,1768.2,tea
60.8,26.6,38.6,21.0,78.6,5.33,1733.1,tea
87.2,21.8,33.0,21.3,75.0,5.0,2146.9,tea
74.7,28.9,37.3,25.1,82.3,5.37,1924.4,tea
34.8,21.6,28.7,19.9,79.9,5.23,1963.3,tea
41.4,21.9,38.8,25.9,80.7,5.51,1789.5,tea
72.6,43.0,23.5,28.5,79.7,5.37,1419.9,tea
91.4,38.6,45.2,20.8,80.3,5.35,1497.2,tea
59.4,34.0,26.4,19.5,81.0,5.34,1942.4,tea
68.3,28.6,42.2,22.4,85.4,5.09,2164.9,tea
67.2,31.6,26.2,26.1,79.8,5.26,1777.7,tea
57.5,20.5,39.6,26.8,77.0,5.36,1453.7,tea
72.0,16.9,30.4,23.8,77.4,5.4,2120.7,tea
83.0,25.3,11.1,24.2,79.6,5.04,2140.8,tea
55.1,24.7,25.6,20.8,77.0,5.27,2095.4,tea
76.8,25.1,17.9,22.9,81.6,5.18,1801.8,tea
43.7,25.0,37.4,19.1,77.2,5.0,1599.1,tea
34.3,25.3,33.6,17.7,82.0,5.22,1675.7,tea
59.6,28.7,23.5,22.4,78.1,5.46,2336.6,tea
52.0,45.4,25.3,19.6,76.3,5.38,1579.0,tea
37.3,36.8,43.0,23.4,75.4,5.0,1861.9,tea
48.5,30.6,25.5,27.0,76.6,5.36,1368.9,tea
45.2,25.5,19.5,19.9,78.6,5.32,1456.5,tea
87.6,31.2,33.6,19.3,81.2,5.41,1697.3,tea
62.6,24.5,28.3,26.5,81.5,5.43,1909.5,tea
62.1,24.8,15.7,19.9,82.7,5.04,1742.5,tea
82.3,29.2,33.1,23.9,78.1,5.23,1560.5,tea
62.0,10.6,39.8,25.3,85.0,5.34,1792.7,tea
48.0,27.8,30.3,23.0,78.7,5.63,1801.8,tea
31.5,17.4,35.7,23.5,81.7,5.55,1433.5,tea
86.4,31.0,16.7,21.1,81.9,5.29,1997.3,tea
84.2,25.7,38.4,23.5,81.4,5.47,1842.9,tea
85.9,50.5,38.6,18.4,78.6,5.44,1749.5,tea
41.2,29.1,47.4,24.7,75.5,5.09,1475.1,tea
51.9,23.4,33.9,21.5,80.8,5.12,1707.9,tea
41.0,39.7,38.5,16.8,77.9,5.35,1410.2,tea
78.6,33.0,33.0,23.4,81.1,5.35,2035.3,tea
49.2,34.6,29.7,26.9,78.9,4.97,1866.8,tea
47.5,21.5,21.1,22.9,77.0,5.2,1867.5,tea
39.7,30.2,22.4,22.9,80.1,4.88,2026.0,tea
46.1,21.8,24.5,19.4,78.0,4.85,1864.9,tea
36.6,37.5,46.5,23.5,80.0,5.47,1869.2,tea
65.3,27.2,34.9,21.2,83.4,5.2,1764.9,tea
73.9,21.0,23.6,18.4,77.8,5.14,1945.3,tea
76.9,24.8,55.6,22.1,86.0,5.46,2141.8,tea
40.3,19.4,33.8,22.1,81.0,5.3,1842.3,tea
58.1,28.9,11.9,19.3,80.1,5.43,1990.3,tea
70.9,28.1,25.4,16.9,80.8,5.1,1675.9,tea
65.9,35.9,17.6,22.1,80.8,5.15,1753.8,tea
33.9,23.5,30.3,19.5,80.8,5.41,1708.5,tea
86.6,42.6,38.0,24.0,81.8,5.3,1655.9,tea
66.3,29.3,40.5,20.8,81.5,5.35,1956.3,tea
48.2,14.2,33.1,27.7,83.2,5.28,1458.0,tea
83.3,26.0,31.2,21.6,79.9,5.44,1616.3,tea
54.0,23.7,23.6,23.3,80.5,5.32,2102.4,tea
64.5,28.6,25.8,18.6,77.8,5.08,1588.9,tea
36.4,29.1,48.2,19.1,78.9,5.14,2316.2,tea
22.6,30.2,48.8,21.0,80.7,5.31,1774.8,tea
62.6,31.2,38.2,21.7,82.0,5.38,1826.5,tea
72.2,31.5,34.5,18.2,76.8,4.97,1601.1,tea
77.1,20.3,49.4,26.2,78.3,5.27,1783.2,tea
73.7,5.0,26.6,21.3,80.4,5.18,1961.1,tea
55.0,20.2,19.8,23.8,78.2,5.16,1535.4,tea
57.0,35.1,17.2,21.3,81.0,5.44,2024.5,tea
58.1,24.2,30.7,25.2,76.1,5.34,2086.6,tea
59.4,21.2,36.2,19.7,80.0,5.04,2053.4,tea
57.0,21.1,22.0,17.8,80.3,5.02,2283.9,tea
48.3,27.2,37.4,22.7,84.7,5.29,2333.3,tea
41.8,24.0,49.1,22.1,81.1,5.3,2011.4,tea
99.0,32.8,41.6,22.9,85.0,5.03,2103.1,tea
65.1,23.1,41.5,19.6,78.0,5.28,2006.9,tea
96.8,35.5,40.7,20.0,79.4,5.49,1414.0,tea
69.4,15.7,33.8,20.4,81.7,5.39,2349.1,tea
76.9,22.1,26.7,17.4,80.8,5.13,2029.2,tea
48.9,18.4,27.7,23.0,80.6,5.44,1846.6,tea
60.5,19.8,22.3,21.3,84.9,5.24,1989.1,tea
73.0,13.3,36.8,23.4,83.1,5.46,1858.5,tea
70.7,17.9,58.0,18.9,80.6,5.5,1441.8,tea
30.5,16.8,13.0,23.8,74.9,5.21,1667.6,tea
57.2,35.6,35.7,19.4,77.8,5.68,1734.4,tea
50.6,19.9,30.7,20.9,83.4,5.06,1746.4,tea
67.9,18.3,31.8,18.9,82.7,5.12,2053.0,tea
65.4,18.3,20.8,24.8,79.7,5.68,1872.4,tea
71.0,15.1,27.2,28.0,78.2,5.26,1689.5,tea
89.5,18.2,32.2,17.7,82.1,5.2,1816.9,tea
46.6,25.7,21.6,25.2,86.6,5.31,2068.6,tea
49.7,27.6,35.3,21.8,81.7,5.23,2117.3,tea
32.8,16.8,33.8,17.9,79.3,5.0,1629.2,tea
64.7,34.9,10.0,21.8,77.7,5.32,1753.6,tea
46.6,21.9,17.2,16.6,81.2,5.43,2053.3,tea
49.3,16.0,41.1,14.9,83.5,5.22,1880.2,tea
71.0,20.8,23.5,21.7,76.4,5.08,1876.3,tea
49.8,24.4,49.4,28.6,79.6,5.22,1865.1,tea
37.4,21.3,20.4,22.7,78.9,5.27,1504.3,tea
58.7,22.4,27.8,20.4,81.7,5.03,1865.2,tea
85.9,32.5,14.3,19.2,81.2,4.99,1839.7,tea
61.4,14.0,40.3,25.6,78.7,5.29,2178.2,tea
55.6,34.1,34.0,16.2,83.9,4.93,1912.7,tea
64.0,29.8,34.4,23.9,77.6,5.21,1701.1,tea
71.4,33.0,49.7,24.3,77.4,5.0,1875.1,tea
46.9,25.5,29.0,28.4,80.9,5.17,2060.7,tea
68.0,26.1,25.5,26.9,79.4,5.08,1977.0,tea
52.7,47.7,31.6,19.6,79.0,5.19,1969.0,tea
85.4,43.3,27.6,19.2,75.9,5.2,1292.5,tea
51.6,19.7,37.1,22.5,81.1,5.2,1814.2,tea
54.3,30.4,43.5,25.2,81.8,5.28,1752.7,tea
48.1,26.4,30.1,19.2,83.7,5.24,1780.1,tea
62.5,37.1,37.2,24.5,80.0,5.24,1840.5,tea
37.8,26.2,24.3,18.5,80.9,5.32,1911.0,tea
73.2,33.2,27.5,17.3,79.3,5.2,2112.0,tea
60.7,32.8,28.3,21.6,77.6,5.49,1631.1,tea
53.0,30.0,39.9,22.7,82.2,5.24,1472.2,tea
31.2,21.6,34.5,20.4,84.2,5.21,1590.8,tea
40.8,14.6,33.6,21.3,79.1,5.17,1822.0,tea
58.0,30.1,34.9,25.0,83.5,5.46,1790.2,tea
51.7,41.1,40.3,20.1,80.3,5.38,1382.5,tea
69.8,23.0,24.3,17.3,77.9,5.18,1807.8,tea
80.6,24.3,26.4,21.8,81.9,5.37,2014.6,tea
72.5,5.0,39.4,21.1,77.9,5.39,1674.6,tea
57.5,40.3,14.5,20.3,79.2,5.01,1713.0,tea
74.7,30.4,40.4,23.3,81.5,5.54,2061.2,tea
40.0,39.7,24.5,24.3,81.6,5.2,1774.4,tea
66.0,28.2,26.2,24.6,77.8,5.1,1965.9,tea
77.0,10.2,31.6,17.0,72.7,5.32,2024.0,tea
56.7,23.7,10.5,20.4,82.4,5.0,1892.2,tea
73.3,20.2,21.2,23.1,81.7,5.27,2202.9,tea
37.4,16.7,21.5,23.0,80.8,5.09,1899.6,tea
56.1,17.8,14.2,15.7,76.8,5.0,1953.0,tea
81.8,19.3,35.3,17.3,79.2,4.97,1966.0,tea
93.7,18.9,38.3,21.2,80.1,4.99,1871.2,tea
66.8,31.5,17.5,19.3,83.4,5.54,1610.5,tea
25.8,23.6,44.8,23.4,81.1,5.56,1990.6,tea
44.1,43.1,18.5,18.3,78.8,5.27,1990.7,tea
36.4,19.9,10.0,21.1,82.7,5.26,1793.8,tea
76.5,19.5,41.0,21.7,79.5,5.31,2235.9,tea
48.4,34.1,33.2,26.9,82.8,4.97,1465.5,tea
55.4,28.7,34.9,20.2,79.2,5.46,2334.0,tea
53.1,29.7,35.2,21.7,80.7,5.14,1542.6,tea
48.0,18.7,29.9,19.4,80.1,5.09,1897.1,tea
58.5,27.6,44.7,20.6,77.8,5.22,1895.3,tea
73.8,24.6,17.4,24.5,76.0,5.15,1833.9,tea
66.2,30.5,17.6,20.9,83.2,5.14,1748.0,tea
39.4,16.9,39.4,19.4,80.3,5.14,1757.5,tea
70.5,30.9,36.8,27.4,82.7,5.32,1916.2,tea
64.7,17.7,41.9,22.5,79.0,5.35,1880.9,tea
53.4,10.5,11.5,24.3,82.9,5.39,1891.9,tea
61.0,32.3,21.9,25.1,79.1,5.13,1843.9,tea
32.8,39.4,39.0,21.8,84.5,4.83,2425.9,tea
71.0,24.2,38.6,21.6,79.2,5.13,1964.5,tea
82.1,13.7,43.3,19.9,80.8,5.0,2004.5,tea
60.1,14.7,35.8,22.8,78.8,5.18,1988.8,tea
64.9,19.5,33.3,20.5,84.7,5.3,1390.7,tea
40.7,18.0,51.0,23.6,81.5,5.05,1535.0,tea
44.6,17.7,48.8,23.7,84.3,5.08,1846.2,tea
43.0,23.6,20.1,24.0,78.3,5.3,1673.3,tea
69.0,30.4,27.7,21.3,84.4,4.96,2026.7,tea
48.5,11.7,33.2,19.8,75.4,5.4,1721.4,tea
55.5,21.9,27.1,22.4,84.5,5.26,2033.5,tea
86.1,36.1,11.4,19.4,78.2,5.06,1756.0,tea
32.3,24.6,26.3,22.4,80.4,4.98,1835.9,tea
45.3,17.9,31.5,19.9,81.5,5.42,1805.2,tea
27.1,43.5,32.8,25.0,80.4,4.99,1803.7,tea
45.8,19.3,31.4,18.6,83.6,5.07,1385.8,tea
52.6,25.1,15.0,23.3,77.4,5.68,1785.1,tea
54.3,40.2,23.6,23.1,77.8,4.9,2086.5,tea
31.9,19.2,33.8,28.7,75.4,5.15,1728.5,tea
62.2,23.8,29.8,20.2,78.7,4.97,2088.6,tea
31.3,12.6,29.7,17.9,83.5,5.0,1908.0,tea
98.8,10.1,12.9,16.9,80.9,5.32,1920.7,tea
39.6,32.8,28.3,25.1,82.9,4.87,1965.4,tea
44.4,48.9,14.3,32.8,82.1,7.4,1673.6,coconut
56.7,28.3,28.9,29.8,79.8,6.91,1885.2,coconut
33.6,14.5,35.0,30.2,81.6,6.11,1619.6,coconut
50.6,36.8,49.4,31.6,82.3,7.08,1604.5,coconut
49.1,28.3,36.7,31.5,83.8,6.78,1916.0,coconut
42.3,31.2,27.5,31.7,83.0,6.33,1792.5,coconut
78.3,24.5,37.2,30.2,85.3,6.9,2037.4,coconut
54.3,32.6,16.6,31.0,82.0,6.51,1665.5,coconut
50.7,18.4,35.2,28.9,77.2,7.28,1823.6,coconut
76.3,8.3,33.2,30.8,81.4,6.57,1576.2,coconut
88.2,42.8,37.0,33.2,83.9,6.83,1600.6,coconut
64.0,50.4,33.4,32.4,80.8,6.34,1863.2,coconut
89.7,46.3,10.4,29.6,79.9,6.81,1705.0,coconut
67.2,32.6,21.2,31.1,81.5,5.88,1747.3,coconut
48.5,35.2,35.8,29.8,85.8,6.5,1691.8,coconut
49.6,24.0,39.3,28.3,81.8,6.56,1707.5,coconut
60.9,54.1,35.4,28.5,83.2,6.84,2036.9,coconut
54.3,40.2,30.0,32.7,84.6,6.35,1905.1,coconut
31.3,52.7,50.4,31.8,82.5,6.82,1612.6,coconut
72.4,63.3,26.0,29.8,82.9,6.29,2021.3,coconut
87.2,62.3,23.4,29.6,82.2,6.66,1340.3,coconut
46.9,38.6,38.4,32.1,82.6,6.55,1539.0,coconut
64.1,22.9,29.1,32.5,82.3,5.96,1723.4,coconut
40.1,43.5,35.6,30.4,80.9,6.36,1576.0,coconut
60.8,43.3,38.0,30.8,82.1,7.0,1782.4,coconut
57.0,32.2,14.3,31.0,81.3,7.2,2005.4,coconut
52.7,52.9,34.5,32.2,82.8,6.69,1683.0,coconut
70.5,37.0,32.1,29.9,84.0,6.52,1503.6,coconut
29.3,56.2,39.9,32.1,85.7,6.73,1474.8,coconut
95.2,46.3,40.8,30.7,81.3,6.55,2005.9,coconut
77.8,58.0,42.9,32.1,83.1,6.67,1495.9,coconut
44.2,31.6,29.4,30.4,83.4,6.57,1486.5,coconut
64.1,28.3,23.0,31.3,82.5,6.57,1648.1,coconut
77.8,53.8,33.0,32.8,83.4,6.17,1702.5,coconut
38.5,32.8,34.0,30.2,86.8,6.46,1486.7,coconut
58.8,22.6,21.0,29.3,79.8,7.11,1641.8,coconut
50.4,22.8,20.8,30.1,80.8,6.47,1754.2,coconut
73.0,38.2,10.0,30.0,79.8,6.39,1526.5,coconut
55.4,37.7,18.6,32.3,85.2,6.88,1622.9,coconut
89.6,41.0,14.8,31.9,81.1,6.39,2046.4,coconut
65.1,30.0,10.8,29.2,83.4,6.23,2062.4,coconut
45.0,37.5,31.3,30.5,79.6,6.16,1748.4,coconut
63.4,29.8,33.1,29.1,81.6,5.99,1643.3,coconut
67.2,43.7,27.2,29.2,82.3,6.94,1859.6,coconut
30.9,11.7,38.0,32.3,80.1,7.56,1540.4,coconut
61.0,25.9,20.9,28.8,84.8,7.07,1885.0,coconut
58.6,32.5,25.6,32.7,84.0,6.04,1407.9,coconut
63.9,38.5,16.3,32.8,84.5,6.35,1651.2,coconut
32.2,30.1,34.3,29.2,81.8,6.84,1701.8,coconut
45.0,51.6,24.0,30.7,83.2,6.9,1483.3,coconut
71.6,34.2,33.6,30.5,84.4,6.54,1652.3,coconut
59.2,41.1,52.9,29.6,81.9,7.04,1933.5,coconut
71.8,36.0,27.9,32.0,80.2,6.34,1785.7,coconut
78.6,45.4,18.3,29.6,82.7,6.85,1824.3,coconut
60.4,19.3,17.3,29.0,82.7,7.21,1884.0,coconut
57.1,23.7,16.0,30.0,84.7,6.41,2069.2,coconut
66.5,42.5,32.2,32.5,82.0,7.25,1922.5,coconut
43.2,53.1,12.0,29.6,84.3,6.68,1923.1,coconut
80.8,53.6,40.7,30.0,81.7,6.25,1856.4,coconut
58.7,72.5,28.7,31.4,85.8,7.1,1756.4,coconut
65.7,39.9,10.0,31.5,83.2,6.51,2004.9,coconut
65.7,48.2,28.7,32.3,80.3,7.02,1635.9,coconut
63.6,60.7,10.0,31.3,80.9,6.84,1694.9,coconut
46.7,34.6,35.9,32.6,81.6,6.8,1678.9,coconut
41.9,49.1,51.2,30.3,81.2,6.72,1620.6,coconut
64.7,42.7,47.7,31.0,83.0,6.27,1829.8,coconut
42.2,43.7,37.6,31.3,83.3,6.42,1977.7,coconut
42.7,39.2,30.8,30.9,85.1,6.45,1633.9,coconut
44.3,35.4,23.2,30.0,79.3,6.75,1733.2,coconut
86.9,50.0,35.6,32.9,80.9,7.33,1694.4,coconut
62.1,34.4,14.8,29.8,83.2,6.38,1949.3,coconut
66.8,46.4,20.1,32.8,86.5,6.53,1417.5,coconut
41.9,42.4,12.9,30.7,81.4,6.96,1731.4,coconut
57.5,37.1,46.8,31.3,86.1,6.38,1781.1,coconut
60.2,53.2,44.5,30.2,81.9,6.55,1791.3,coconut
77.8,25.0,35.1,29.1,84.9,6.72,1893.2,coconut
53.7,33.1,11.2,32.7,80.1,7.0,1634.5,coconut
77.8,44.1,13.6,30.3,79.1,6.4,1621.9,coconut
48.1,45.0,35.9,31.5,82.7,6.59,1883.2,coconut
85.1,17.3,26.0,31.4,82.1,6.14,2070.0,coconut
76.0,38.4,42.2,29.8,82.2,6.27,1731.3,coconut
86.2,36.4,10.0,29.4,80.4,6.78,1552.1,coconut
72.2,15.4,41.2,31.6,80.6,6.8,1871.9,coconut
50.1,53.9,32.5,32.6,83.7,7.29,1693.5,coconut
74.5,13.8,31.5,29.5,83.9,6.14,1416.2,coconut
53.5,37.9,40.5,30.6,82.9,6.81,2057.4,coconut
82.5,55.5,27.2,31.0,84.6,7.19,1581.5,coconut
86.6,20.2,30.2,29.7,80.0,6.57,1532.5,coconut
63.4,47.5,40.7,30.6,82.0,7.05,1534.5,coconut
60.9,41.5,43.2,31.5,82.7,6.22,1682.5,coconut
38.0,34.0,22.9,30.6,79.7,6.83,1690.5,coconut
50.4,29.6,13.2,32.2,83.8,6.93,1839.5,coconut
74.0,41.5,30.8,31.2,83.3,7.01,1606.5,coconut
57.3,30.6,26.2,31.0,81.4,6.63,2139.6,coconut
76.4,38.1,26.9,31.0,85.6,6.85,1532.8,coconut
68.2,60.4,54.0,30.7,84.9,7.09,1622.3,coconut
66.4,41.3,27.7,33.5,78.0,6.86,1664.0,coconut
62.3,43.4,18.1,32.8,85.4,7.21,1466.5,coconut
35.9,37.1,30.8,32.3,83.9,6.17,1983.1,coconut
67.1,50.4,25.8,32.4,84.5,7.0,1705.9,coconut
72.9,15.6,31.8,29.5,80.9,7.02,1645.7,coconut
39.5,16.8,14.2,28.6,84.1,6.0,1551.3,coconut
60.1,49.0,39.3,29.1,79.3,6.51,1739.7,coconut
65.2,35.8,18.1,29.2,79.9,6.88,1507.3,coconut
76.1,22.2,26.0,31.2,84.9,6.08,2001.0,coconut
43.8,42.1,16.8,30.3,80.6,6.64,1798.8,coconut
26.1,42.1,21.7,30.5,82.0,6.9,1750.7,coconut
78.5,41.9,17.1,31.8,84.5,6.52,1755.6,coconut
69.2,48.0,22.5,29.9,82.7,6.91,1642.5,coconut
66.8,32.7,17.3,32.2,84.0,6.08,1769.1,coconut
90.5,38.6,25.3,31.9,83.5,6.26,1671.3,coconut
52.9,40.9,30.7,32.3,88.4,7.01,1734.3,coconut
63.3,29.0,32.1,29.6,81.7,6.51,1985.3,coconut
36.5,42.1,10.0,30.3,82.2,6.34,1662.6,coconut
70.0,16.3,23.9,28.0,82.2,6.69,1758.2,coconut
60.7,36.7,20.9,30.4,82.9,6.46,1807.3,coconut
54.8,64.7,36.0,31.1,83.0,7.09,1356.9,coconut
36.5,16.4,27.6,32.9,83.5,6.65,1820.7,coconut
44.5,26.8,30.4,30.2,80.1,6.99,1645.4,coconut
84.6,53.3,38.8,32.4,81.3,6.53,1905.5,coconut
61.8,48.7,27.5,31.5,86.3,7.0,1768.4,coconut
49.2,31.9,43.1,28.9,81.6,6.42,1562.6,coconut
71.0,39.6,25.0,33.4,78.5,6.98,1990.6,coconut
72.2,57.3,36.3,30.6,83.2,7.03,1931.5,coconut
50.7,43.0,25.5,29.5,83.7,6.81,1456.7,coconut
65.7,19.0,36.0,30.3,82.6,6.42,1487.2,coconut
55.6,41.5,30.7,30.3,81.7,6.04,1554.5,coconut
72.2,59.9,14.5,31.6,84.0,6.69,1645.9,coconut
64.3,54.4,30.1,30.5,86.5,6.81,1610.1,coconut
45.6,49.0,40.8,31.6,79.9,6.91,1666.4,coconut
33.9,39.2,28.2,28.0,83.0,6.26,1941.6,coconut
62.2,40.1,43.2,32.5,80.5,6.06,1761.9,coconut
70.7,21.6,36.6,30.3,82.3,5.65,1826.8,coconut
62.8,46.1,30.3,31.2,82.2,6.59,1568.7,coconut
61.1,48.8,42.5,33.3,84.4,6.89,1904.1,coconut
48.4,24.3,27.2,31.2,80.1,6.98,1942.6,coconut
84.7,59.8,32.3,31.3,84.9,6.4,1811.4,coconut
39.6,47.4,24.1,29.9,85.7,6.67,2206.6,coconut
48.6,59.7,23.5,32.2,79.5,6.19,1792.1,coconut
82.7,24.3,33.9,28.0,82.0,7.16,1713.0,coconut
64.4,48.0,44.1,32.1,82.8,6.99,1727.8,coconut
50.7,45.2,27.7,30.4,81.7,6.98,1896.0,coconut
43.9,32.7,13.6,31.8,82.0,6.58,1595.1,coconut
45.6,24.7,34.0,31.5,79.9,6.19,1895.6,coconut
75.6,26.1,24.4,30.1,81.1,6.48,1795.9,coconut
37.4,56.8,29.0,31.6,82.9,6.6,1691.6,coconut
78.4,37.3,47.9,33.1,85.0,6.96,1812.0,coconut
76.4,16.3,32.7,30.4,84.1,7.71,1816.5,coconut
92.9,49.1,34.9,29.2,76.6,6.54,2019.5,coconut
79.9,28.6,15.4,29.4,80.8,6.28,1994.0,coconut
60.5,25.1,11.3,29.7,81.6,7.24,1784.7,coconut
62.3,54.3,30.1,32.2,83.6,6.45,1805.0,coconut
60.4,50.3,35.1,29.5,81.8,6.94,1882.5,coconut
58.8,29.8,22.7,32.7,80.1,5.94,1926.4,coconut
44.7,69.8,10.0,31.6,82.4,6.38,1824.0,coconut
70.2,45.8,34.4,29.3,80.6,6.4,2226.8,coconut
46.8,41.2,35.6,33.0,82.8,6.58,1574.4,coconut
39.2,34.5,16.5,31.8,82.4,6.25,1946.1,coconut
58.1,58.9,34.2,30.1,81.3,7.22,1533.3,coconut
40.3,47.2,25.7,30.2,79.4,6.48,1727.4,coconut
45.7,44.1,40.9,30.6,84.2,6.29,1673.4,coconut
67.3,23.8,34.7,31.4,80.7,5.84,2150.9,coconut
63.8,37.9,37.4,32.1,82.0,6.81,1470.4,coconut
68.9,36.0,42.5,32.3,85.5,6.17,1374.0,coconut
45.1,23.4,23.7,32.0,82.9,6.41,1858.0,coconut
57.5,45.4,40.3,32.2,84.8,6.24,1566.3,coconut
44.4,45.3,30.3,30.5,82.9,6.51,1838.2,coconut
51.8,28.3,21.0,30.6,83.6,6.01,1771.0,coconut
62.8,45.1,26.4,29.9,83.1,6.22,1951.4,coconut
34.1,24.9,29.8,29.3,79.5,7.35,1550.4,coconut
66.1,48.6,29.6,28.6,82.7,6.67,1537.5,coconut
47.0,47.4,35.6,30.1,85.1,6.82,1833.9,coconut
50.3,22.5,35.1,29.4,83.6,7.01,1707.3,coconut
53.8,50.9,21.5,30.7,82.9,6.65,1793.9,coconut
53.0,67.6,32.4,31.4,82.1,6.88,1821.5,coconut
76.9,57.5,32.9,32.7,85.2,6.63,1912.8,coconut
64.1,30.6,33.4,30.1,82.5,6.63,2085.5,coconut
54.3,48.7,32.9,31.5,82.4,6.52,1748.2,coconut
56.4,32.0,35.9,32.2,84.6,6.91,1654.4,coconut
43.9,41.1,20.0,28.9,83.0,6.55,1673.9,coconut
71.6,38.2,22.6,31.3,82.2,6.31,1678.2,coconut
35.8,37.6,20.0,30.8,83.1,6.98,2068.1,coconut
48.7,34.4,33.6,30.3,84.9,6.85,1609.5,coconut
66.4,34.7,21.9,32.2,83.7,7.23,1940.8,coconut
61.6,61.9,30.3,29.6,83.8,7.16,1528.2,coconut
72.5,55.4,33.0,31.8,84.0,6.38,1459.9,coconut
60.2,42.0,12.2,31.6,83.7,7.26,1771.7,coconut
35.8,45.6,32.5,31.6,82.1,6.77,1606.8,coconut
49.3,23.6,24.6,31.9,84.6,6.71,1632.9,coconut
61.9,62.9,42.9,32.2,78.5,6.48,1831.7,coconut
54.0,33.0,31.8,30.8,79.9,5.68,1783.2,coconut
59.2,33.6,30.4,30.0,85.9,6.08,1917.3,coconut
62.5,25.0,32.0,30.4,82.3,6.71,2261.8,coconut
57.5,52.3,32.7,29.0,84.2,6.4,2080.6,coconut
62.1,18.3,42.7,28.8,84.5,5.78,1780.9,coconut
61.3,43.4,28.1,30.4,84.1,6.29,1648.1,coconut
61.3,22.9,35.7,29.3,82.3,5.94,1590.2,coconut
52.1,37.0,41.2,31.9,81.5,6.28,1544.2,coconut
54.7,30.2,31.4,30.2,83.0,7.09,1912.5,coconut
66.1,38.3,49.4,28.9,83.6,6.98,1778.9,coconut
41.5,42.9,16.7,31.0,82.4,6.13,1555.9,coconut
68.0,45.4,17.0,30.2,82.8,6.35,1535.8,coconut
86.4,37.6,13.5,32.2,80.2,6.73,1718.5,coconut
60.5,16.8,50.8,32.2,80.5,6.32,2038.8,coconut
52.3,28.7,18.2,30.9,83.2,6.51,1757.6,coconut
57.1,59.4,22.0,31.5,84.3,6.5,1998.0,coconut
66.0,16.0,15.8,28.8,84.1,5.73,1796.1,coconut
59.3,19.4,15.9,30.6,79.2,6.64,1538.3,coconut
58.8,45.1,34.1,31.6,77.5,6.16,1846.9,coconut
51.6,21.9,33.0,31.8,82.8,6.46,1617.9,coconut
75.8,36.0,24.4,28.8,83.8,6.54,1535.4,coconut
61.8,37.3,38.8,32.5,83.0,6.54,1676.6,coconut
75.2,21.9,23.4,31.1,83.0,6.06,1689.1,coconut
37.9,29.4,16.0,30.4,85.5,6.96,1795.7,coconut
58.3,42.7,20.6,29.3,85.0,6.51,1641.8,coconut
84.7,40.3,35.3,30.9,87.1,6.92,1795.2,coconut
78.7,35.3,37.8,31.3,77.9,6.21,1422.1,coconut
56.9,27.0,32.4,32.7,85.3,6.19,1514.7,coconut
71.3,49.8,25.5,30.8,84.4,7.15,1896.1,coconut
58.0,42.3,14.8,30.8,80.2,6.99,1807.6,coconut
54.9,41.5,29.0,30.5,83.3,6.89,1908.2,coconut
62.6,11.6,36.9,31.9,81.8,5.7,1797.8,coconut
65.6,25.2,34.8,32.1,83.1,6.7,1331.2,coconut
66.4,28.6,24.4,29.3,83.3,6.48,1876.5,coconut
51.7,40.7,28.7,32.6,80.4,6.38,1956.2,coconut
36.3,37.7,23.1,32.7,85.9,7.36,2031.2,coconut
98.9,18.2,26.5,29.8,83.3,6.04,2008.3,coconut
72.3,44.8,10.0,31.1,83.5,6.38,1542.6,coconut
50.0,38.9,10.0,28.9,83.3,6.24,1905.6,coconut
57.2,43.9,20.4,34.0,82.6,7.18,1570.3,coconut
48.9,29.7,33.8,30.3,84.9,6.37,1580.4,coconut
81.1,25.3,18.8,31.8,82.6,6.71,1383.7,coconut
64.2,39.2,28.4,31.9,85.1,6.99,1738.8,coconut
53.7,26.6,24.0,31.0,85.2,5.89,1761.1,coconut
49.2,49.4,24.7,30.6,84.9,6.45,1669.1,coconut
41.0,38.8,35.1,30.8,81.7,6.59,1547.1,coconut
77.1,39.7,26.7,28.3,87.3,6.53,1630.4,coconut
39.5,29.5,41.4,32.2,80.8,6.22,1969.5,coconut
54.1,43.6,28.6,31.0,80.6,6.25,1967.1,coconut
76.4,10.5,29.9,31.9,83.4,6.84,1826.0,coconut
81.4,15.3,34.6,32.1,82.3,5.83,2212.7,coconut
36.5,45.4,21.1,31.7,78.5,6.47,1773.1,coconut
48.9,50.4,38.3,28.2,80.1,6.65,1880.5,coconut
51.2,45.7,49.5,31.3,81.7,6.18,1730.3,coconut
27.8,31.3,37.0,31.8,82.3,6.78,1881.1,coconut
53.5,51.3,37.0,32.0,80.0,6.58,1650.4,coconut
90.5,35.2,31.7,33.1,82.0,6.72,1953.6,coconut
46.2,62.3,46.4,31.0,80.9,7.06,1753.0,coconut
76.2,31.8,44.7,31.3,81.0,6.62,1751.0,coconut
58.5,66.6,41.9,32.4,84.0,6.28,1730.5,coconut
48.4,47.8,40.4,31.7,82.4,6.59,1762.6,coconut
47.3,37.3,31.2,30.7,81.1,6.58,1835.7,coconut
64.8,66.5,26.3,31.8,83.4,6.27,1637.7,coconut
79.1,31.5,23.2,29.2,83.0,6.76,1914.4,coconut
64.8,48.8,15.5,31.7,82.9,6.57,1940.6,coconut
58.3,42.9,23.3,29.7,83.8,7.36,1733.7,coconut
28.3,72.3,38.0,31.9,82.5,6.27,1548.7,coconut
73.0,34.0,28.3,32.1,85.2,6.66,1916.6,coconut
72.4,43.6,40.3,29.0,81.5,6.55,1787.0,coconut
55.4,27.8,25.9,30.2,81.3,6.54,1820.0,coconut
81.3,50.0,47.1,31.8,81.3,7.04,1582.1,coconut
58.9,43.0,23.4,32.8,86.2,7.15,1733.8,coconut
44.6,36.2,35.6,30.9,81.4,6.88,1465.0,coconut
53.4,40.5,23.3,30.6,84.7,6.38,1961.1,coconut
48.4,27.0,17.6,33.2,84.2,6.08,1674.4,coconut
61.2,44.1,22.7,30.3,85.4,6.53,1817.4,coconut
60.4,32.6,40.4,31.0,83.2,7.33,2132.7,coconut
39.3,24.1,27.9,32.7,83.2,6.58,1659.0,coconut
46.9,28.5,21.2,32.5,80.8,6.21,1905.9,coconut
77.5,80.0,50.2,28.3,77.7,6.06,1302.2,coconut
91.0,28.1,30.0,31.3,81.7,6.65,1607.8,coconut
39.7,67.5,35.7,31.1,78.7,6.5,1733.8,coconut
75.4,45.1,43.4,32.5,81.7,7.31,1587.8,coconut
55.1,42.3,36.8,33.6,84.5,7.0,2028.2,coconut
70.1,25.9,31.3,31.4,82.2,5.64,1842.2,coconut
61.3,53.4,24.0,33.9,81.0,6.84,1815.4,coconut
83.8,31.3,16.4,29.9,79.3,6.45,1651.0,coconut
63.8,40.0,29.1,30.3,81.1,6.63,1790.4,coconut
59.1,40.9,40.1,33.4,81.0,6.86,1782.4,coconut
59.1,27.9,37.5,32.8,85.7,6.58,1541.1,coconut
76.2,41.0,16.1,29.1,85.6,6.49,1848.7,coconut
67.5,27.3,34.3,31.2,84.2,6.47,1716.0,coconut
62.1,37.6,20.3,31.0,82.6,6.5,1726.6,coconut
60.3,42.6,36.9,29.3,81.9,5.55,1659.4,coconut
66.4,25.2,39.6,30.8,79.3,6.91,1600.5,coconut
68.3,26.9,35.7,32.1,82.0,6.69,1626.9,coconut
73.8,21.9,26.3,31.1,83.9,6.62,1953.7,coconut
74.3,49.0,23.9,29.7,81.4,6.16,1648.2,coconut
51.5,51.7,25.0,27.9,82.4,7.07,1657.4,coconut
54.5,47.0,14.2,31.8,83.6,6.27,1898.1,coconut
49.7,42.2,32.7,32.1,80.0,6.41,1527.7,coconut
74.0,12.5,35.4,31.1,84.8,6.62,1569.8,coconut
72.9,32.8,11.3,30.2,85.8,6.19,1889.2,coconut
38.3,37.5,28.9,32.2,86.5,6.71,2083.6,coconut
61.1,50.8,32.5,32.5,78.6,6.82,1745.5,coconut
65.3,37.8,34.9,31.9,83.0,6.28,1752.7,coconut
60.1,47.2,10.0,29.4,83.0,6.88,2006.5,coconut
36.0,48.9,34.6,30.9,81.8,6.95,1604.6,coconut
59.2,57.3,10.0,32.7,83.6,6.69,1369.8,coconut
64.9,14.4,41.0,31.2,79.5,6.81,1937.4,coconut
75.2,50.7,10.4,29.8,83.6,6.7,2039.4,coconut
45.1,41.1,35.8,28.7,80.5,7.18,1723.7,coconut
70.5,47.5,20.2,34.3,81.3,6.78,1960.7,coconut
65.9,37.6,17.0,33.7,83.8,6.29,1525.6,coconut
87.0,47.5,10.0,27.7,81.5,6.65,1912.4,coconut
98.3,52.1,33.6,29.4,80.9,6.51,1412.4,coconut
66.8,40.1,33.0,31.6,79.2,6.11,1837.1,coconut
34.5,22.3,43.6,33.1,81.8,6.69,1623.1,coconut
55.4,33.1,33.7,30.6,83.0,6.02,1660.1,coconut
75.8,30.6,60.8,28.2,81.6,6.43,1603.1,coconut
55.3,53.8,20.2,32.0,83.6,6.85,1660.8,coconut
60.3,63.7,24.1,31.8,83.0,6.68,1730.8,coconut
58.9,33.3,25.1,29.9,84.9,6.61,1733.8,coconut
71.7,54.7,20.7,32.4,83.0,6.36,1738.6,coconut
54.8,28.2,46.9,29.8,84.4,6.26,1595.2,coconut
72.0,39.5,44.1,30.3,82.5,6.43,2054.9,coconut
63.8,31.2,15.6,30.7,81.6,7.03,1667.2,coconut
41.5,18.6,28.6,31.3,79.2,6.98,1578.0,coconut
93.0,37.7,17.3,30.6,82.9,6.5,1589.9,coconut
83.2,24.9,38.8,31.4,81.9,6.02,1820.2,coconut
43.9,57.7,33.3,32.6,84.1,6.94,1693.2,coconut
50.4,32.4,19.6,28.1,81.5,6.76,1786.3,coconut
61.4,52.7,19.6,31.3,82.5,6.5,1845.4,coconut
77.1,19.6,27.5,29.2,79.4,6.25,1529.9,coconut
52.6,35.3,35.5,31.9,84.1,6.4,1752.2,coconut
86.1,35.4,23.8,34.6,82.1,6.26,1748.6,coconut
22.3,51.8,27.1,30.7,81.4,6.59,2084.1,coconut
61.0,23.9,32.2,32.2,82.8,6.44,1866.2,coconut
57.6,26.8,24.5,31.7,82.6,6.39,1765.0,coconut
61.0,41.6,27.6,33.8,83.4,6.59,1766.3,coconut
76.8,32.2,37.8,31.8,79.7,6.67,1618.8,coconut
58.2,20.6,39.8,31.9,86.0,6.8,2036.0,coconut
51.0,24.1,32.7,32.5,83.2,6.24,1702.8,coconut
60.2,59.0,44.5,30.5,82.9,6.72,1979.1,coconut
64.5,35.8,44.7,30.8,85.2,6.19,1804.7,coconut
73.4,27.5,20.2,31.7,81.7,7.09,1431.4,coconut
51.2,67.1,26.3,31.1,82.0,6.46,1740.0,coconut
56.2,39.3,34.3,30.1,82.3,6.28,1842.8,coconut
43.9,30.7,28.2,31.4,83.6,6.91,1563.8,coconut
75.2,28.1,43.5,31.3,82.4,6.1,1797.2,coconut
68.8,19.6,29.6,32.6,83.2,7.08,1545.9,coconut
92.8,38.5,44.4,32.1,82.2,6.02,2058.2,coconut
87.1,51.3,29.7,30.7,81.2,6.37,1850.8,coconut
48.6,29.3,11.1,32.2,82.5,6.64,1625.7,coconut
62.3,37.0,38.7,29.7,79.2,6.59,2085.1,coconut
77.4,36.2,12.1,30.6,83.5,6.13,1924.8,coconut
46.5,51.4,23.0,31.6,85.6,6.98,1697.4,coconut
89.0,40.9,34.6,28.8,80.0,6.6,1637.3,coconut
49.2,52.0,31.4,29.7,83.5,6.58,1650.9,coconut
41.9,64.1,20.1,33.7,80.4,6.64,1870.9,coconut
63.8,50.0,31.8,32.5,81.2,6.71,1925.0,coconut
25.4,47.1,33.7,30.1,83.6,6.27,1852.8,coconut
71.7,41.7,17.7,31.6,84.1,7.05,1991.8,coconut
32.5,31.1,23.7,33.1,81.4,6.82,1711.6,coconut
59.3,50.2,10.9,30.1,82.3,6.38,2104.8,coconut
57.3,38.4,17.3,31.2,83.0,6.2,1667.0,coconut
63.2,25.6,23.6,33.5,84.2,6.48,1826.1,coconut
87.2,49.5,34.2,29.8,85.7,6.92,1804.4,coconut
39.6,38.7,30.2,29.8,81.6,6.89,1809.3,coconut
56.2,44.9,27.5,33.4,84.7,6.89,1562.4,coconut
63.7,57.1,15.8,31.0,87.3,6.94,1888.1,coconut
35.2,24.7,27.5,30.5,80.6,6.41,1762.3,coconut
52.4,53.0,35.0,29.7,83.0,6.72,1827.1,coconut
77.1,35.6,31.6,31.3,82.1,7.06,1792.7,coconut
100.2,43.8,12.6,30.5,82.0,7.02,2202.0,coconut
40.5,57.2,27.8,33.0,81.2,7.22,1656.2,coconut
35.5,36.1,37.0,28.5,78.3,6.58,1912.1,coconut
56.8,43.4,23.4,31.6,84.4,6.6,1788.1,coconut
67.5,48.0,10.0,32.2,83.8,6.54,1763.0,coconut
66.8,46.3,45.4,29.1,82.3,7.05,1647.6,coconut
52.3,36.5,23.7,32.8,84.8,6.64,1565.1,coconut
53.9,24.5,36.7,31.2,84.8,7.28,1734.8,coconut
62.2,32.6,20.0,32.3,79.6,6.32,1819.8,coconut
69.1,53.7,23.1,33.9,84.8,6.74,1566.7,coconut
61.7,28.7,40.9,30.6,79.0,7.18,1836.6,coconut
66.3,35.5,21.7,31.1,84.3,5.79,1617.7,coconut
52.0,37.7,35.2,29.3,81.2,7.39,1827.6,coconut
42.8,34.8,10.9,28.6,84.6,6.57,1760.9,coconut
37.8,62.6,41.3,30.6,81.3,6.84,1953.5,coconut
76.3,14.7,42.1,30.3,81.5,6.7,1507.4,coconut
63.3,32.6,39.1,31.3,77.7,6.65,1536.7,coconut
56.7,47.9,23.9,33.7,81.1,7.2,1676.8,coconut
57.3,32.4,47.9,32.5,82.8,6.7,1521.8,coconut
46.1,40.7,30.9,32.1,79.0,7.12,1591.4,coconut
59.2,48.6,31.6,31.4,81.8,6.59,1440.5,coconut
64.9,41.4,34.5,31.6,85.7,6.5,1640.2,coconut
62.6,42.7,18.4,32.6,84.0,6.86,1595.8,coconut
39.0,43.6,42.1,30.5,81.9,6.58,1400.3,coconut
44.8,11.1,45.8,31.3,81.5,6.73,1749.0,coconut
61.0,49.8,26.7,32.3,79.8,6.64,1548.5,coconut
47.0,35.5,36.5,32.5,84.8,6.54,1710.3,coconut
50.2,31.9,40.0,31.5,80.5,6.58,1759.6,coconut
51.7,63.1,28.3,30.0,83.1,6.28,1599.1,coconut
64.7,36.1,31.3,31.9,82.9,6.78,2211.1,coconut
60.1,22.8,19.6,30.8,84.1,5.97,1583.0,coconut
31.1,52.9,29.6,31.8,81.7,6.85,1562.7,coconut
68.2,34.4,20.2,30.6,82.7,6.61,1497.1,coconut
71.9,57.9,28.3,31.4,83.4,6.24,1644.1,coconut
51.8,54.4,40.0,32.8,83.1,6.6,1888.1,coconut
71.2,21.2,29.2,29.6,81.0,6.77,1771.1,coconut
80.3,29.4,10.0,31.6,85.8,6.05,1766.7,coconut
68.2,33.6,38.1,31.4,82.7,6.78,1727.0,coconut
60.7,35.9,33.5,28.3,84.6,6.7,1732.7,coconut
68.2,61.8,26.1,30.6,81.5,7.13,1864.9,coconut
61.8,48.8,37.4,32.6,83.9,6.56,1518.0,coconut
50.3,42.0,10.0,32.1,83.5,6.52,1814.5,coconut
29.3,47.9,22.1,31.6,83.7,6.39,1909.5,coconut
86.7,32.0,19.3,29.3,80.0,6.54,1923.9,coconut
77.7,56.8,27.4,31.7,79.4,6.62,1810.0,coconut
79.4,31.2,37.8,31.7,84.4,6.57,1849.4,coconut
64.8,18.5,42.4,29.7,83.6,7.63,1421.8,coconut
61.9,43.8,23.9,30.4,84.3,7.14,1426.4,coconut
12.9,42.0,16.7,30.8,82.6,6.61,1790.8,coconut
47.5,39.2,38.5,31.6,83.6,6.2,1943.9,coconut
59.6,35.2,25.1,32.3,80.7,7.01,1816.1,coconut
69.1,49.4,12.7,29.0,82.3,6.36,1951.6,coconut
95.9,26.9,24.8,33.1,82.7,6.68,2157.2,coconut
79.3,39.9,30.0,31.8,82.6,6.32,1960.4,coconut
75.7,37.3,24.5,32.2,82.9,6.77,2026.0,coconut
46.6,43.3,29.1,30.5,80.5,7.38,1581.3,coconut
63.7,49.0,32.0,32.4,85.1,6.55,1771.3,coconut
77.7,38.4,27.9,31.7,79.8,6.87,1802.0,coconut
57.4,47.2,17.2,31.4,82.0,6.82,2106.7,coconut
64.2,64.0,45.5,33.4,82.0,6.51,1817.4,coconut
56.5,26.7,20.9,30.6,82.8,5.92,1767.3,coconut
64.2,34.6,40.1,33.3,80.6,6.84,1543.6,coconut
84.8,45.8,28.9,31.3,79.2,6.42,2089.0,coconut
68.4,50.3,39.4,30.5,80.4,6.1,1814.1,coconut
70.0,36.4,29.3,30.4,82.5,6.25,1664.0,coconut
54.2,61.5,11.9,30.8,83.0,7.27,1844.2,coconut
44.2,32.7,52.0,31.7,80.6,6.26,1459.3,coconut
93.2,39.5,10.0,29.8,83.4,6.68,1454.1,coconut
57.8,39.3,16.2,30.4,80.2,6.4,1668.0,coconut
62.7,27.4,32.7,31.8,83.0,6.99,2049.9,coconut
54.9,63.3,39.5,30.3,82.4,6.89,1546.6,coconut
65.5,45.1,12.8,30.3,86.5,6.48,1644.0,coconut
37.3,36.1,32.1,28.7,80.5,6.6,1907.0,coconut
43.5,35.5,26.2,28.3,82.7,6.44,1759.9,coconut
66.4,44.6,34.5,33.6,81.6,6.56,1727.8,coconut
50.7,41.3,28.9,31.8,83.5,6.66,1482.3,coconut
69.8,42.9,22.7,31.0,79.4,6.69,1782.0,coconut
71.5,46.1,10.0,29.8,84.0,7.06,1783.4,coconut
44.1,61.2,17.0,30.2,81.2,6.27,1807.4,coconut
72.3,25.9,30.5,30.7,80.9,6.74,1616.5,coconut
44.5,24.4,41.0,30.8,80.7,6.99,1667.1,coconut
82.3,37.1,35.3,31.3,82.4,6.38,1533.5,coconut
68.1,33.4,30.0,31.0,82.9,7.01,2013.4,coconut
29.1,56.0,16.6,30.7,80.5,7.08,1644.9,coconut
24.0,49.6,31.3,31.7,79.4,7.0,1642.6,coconut
72.6,45.4,26.7,32.4,83.6,6.91,1864.8,coconut
58.7,26.2,28.8,30.7,82.0,7.37,1769.6,coconut
67.7,51.3,32.4,29.9,82.7,6.82,2108.9,coconut
86.9,48.8,28.9,30.5,80.2,6.55,1758.7,coconut
56.9,44.7,35.8,33.7,83.1,6.49,1638.3,coconut
44.4,27.7,49.9,30.7,85.9,6.64,1596.7,coconut
55.4,46.9,33.5,34.3,81.3,6.72,1811.7,coconut
57.1,64.7,51.5,31.0,82.1,6.93,1734.5,coconut
72.8,54.2,42.8,30.5,82.4,6.38,1683.9,coconut
46.0,26.7,25.1,30.7,78.8,6.37,1709.6,coconut
43.1,45.1,22.0,30.6,85.0,7.01,1745.5,coconut
60.8,55.8,50.1,31.2,81.6,6.25,1990.3,coconut
37.9,43.9,26.2,30.2,83.0,6.1,1774.1,coconut
43.6,19.5,24.0,29.1,82.6,6.6,1875.9,coconut
60.5,57.0,31.5,31.1,80.4,6.47,1620.1,coconut
44.2,46.0,41.8,29.0,77.9,6.72,1379.3,coconut
46.5,44.0,37.7,31.8,86.0,6.44,1708.4,coconut
54.8,16.5,34.2,27.6,79.5,5.88,1953.6,coconut
65.5,20.0,39.6,31.5,84.8,6.49,1806.6,coconut
54.5,14.0,42.4,30.3,81.9,6.57,1697.9,coconut
52.6,52.8,48.7,30.1,82.1,6.78,1681.4,coconut
54.5,29.8,34.2,33.2,81.4,6.39,1796.4,coconut
63.8,35.8,28.5,30.7,81.9,6.76,1747.0,coconut
31.5,27.1,27.6,30.8,81.0,6.44,1873.0,coconut
35.7,44.4,38.3,30.4,83.5,6.29,1390.2,coconut
43.2,38.1,29.1,27.8,82.1,6.51,1875.1,coconut
73.3,22.6,36.6,34.0,82.5,7.01,1845.7,coconut
59.8,53.8,10.0,31.1,80.6,6.55,1621.6,coconut
53.1,43.0,14.1,29.3,82.2,6.64,1785.9,coconut
51.2,46.1,26.5,33.8,83.4,6.23,1826.6,coconut
46.6,50.9,21.6,31.4,80.0,6.99,1607.1,coconut
84.5,37.7,31.2,30.8,82.1,6.87,1679.0,coconut
64.9,42.7,41.4,30.6,81.2,6.24,1765.9,coconut
57.6,9.1,19.5,31.1,83.5,6.94,1741.3,coconut
55.1,48.9,36.0,32.4,85.0,6.45,2062.7,coconut
51.0,43.2,27.8,27.7,82.4,6.2,1757.9,coconut
57.8,49.6,23.8,32.2,84.3,6.76,2072.8,coconut
64.0,46.4,28.7,30.3,79.6,7.05,1524.2,coconut
56.7,26.6,25.9,33.5,82.5,6.59,2072.4,coconut
72.5,30.8,47.5,30.6,78.2,6.58,1343.5,coconut
29.8,31.0,30.4,30.6,79.8,6.63,1594.7,coconut
69.8,51.3,19.9,29.1,82.5,6.17,1654.2,coconut
49.2,27.3,38.4,30.7,83.2,6.5,1727.2,coconut
44.7,37.7,20.3,30.2,84.5,6.65,1607.6,coconut
68.1,47.8,22.9,29.4,82.1,6.38,1650.0,coconut
31.8,28.5,18.4,30.8,80.6,6.66,1663.7,coconut
54.4,39.9,32.4,29.8,79.5,6.5,1550.9,coconut
58.4,34.5,22.0,31.5,82.6,6.51,1602.5,coconut
45.9,33.6,53.2,30.7,83.1,6.93,1662.7,coconut
81.8,43.8,25.7,28.6,84.5,7.27,1454.8,coconut
29.8,25.9,32.8,30.6,84.3,6.79,1823.5,coconut
83.2,51.7,30.7,24.0,77.2,6.03,773.9,cashew
57.1,56.2,31.1,28.1,71.0,6.15,1052.1,cashew
63.6,35.0,35.0,28.2,74.5,5.97,1394.2,cashew
45.3,23.1,30.1,27.5,74.7,5.89,1147.3,cashew
45.3,34.5,51.4,29.3,75.0,6.05,967.7,cashew
35.9,29.5,38.1,27.4,76.9,6.01,745.8,cashew
73.3,33.4,26.8,28.3,72.7,5.94,1507.1,cashew
59.6,21.3,34.7,26.2,69.8,6.0,1375.0,cashew
38.2,33.6,51.7,30.2,73.2,6.08,1006.0,cashew
75.9,15.7,30.5,28.0,70.7,5.7,1179.0,cashew
80.3,50.2,44.7,30.7,73.9,6.09,1125.5,cashew
57.8,25.3,22.7,21.7,78.2,6.06,1355.3,cashew
67.0,18.6,29.7,31.2,73.4,5.81,1241.0,cashew
70.7,56.0,21.7,31.8,78.3,6.02,1449.2,cashew
45.7,22.0,36.9,27.4,73.5,5.98,1077.7,cashew
43.4,34.6,38.5,27.3,77.0,5.89,1056.1,cashew
36.3,27.8,40.3,26.6,73.6,6.09,1723.9,cashew
49.6,35.5,16.1,31.1,80.7,6.16,1212.5,cashew
75.0,42.0,36.9,26.4,75.1,6.0,1309.8,cashew
43.1,61.8,31.2,28.6,77.3,6.1,1321.7,cashew
74.4,49.2,48.4,25.1,75.7,6.07,1233.8,cashew
69.1,33.2,32.4,27.8,71.3,6.12,1210.3,cashew
37.2,35.1,33.1,27.5,74.3,6.01,1293.8,cashew
32.5,34.6,50.9,25.7,80.2,5.86,1347.3,cashew
59.8,50.2,12.9,28.4,73.4,6.07,1251.6,cashew
69.4,20.3,25.7,28.3,77.4,5.86,1041.5,cashew
50.1,23.6,33.5,29.6,71.2,6.01,1050.9,cashew
48.6,27.2,40.4,28.2,76.3,5.75,1279.2,cashew
54.4,24.3,12.2,28.1,73.3,5.92,1542.1,cashew
64.1,29.7,31.4,27.4,73.5,5.9,1241.4,cashew
84.3,57.9,19.2,27.9,75.0,6.09,1240.9,cashew
65.7,23.0,13.8,22.2,75.1,5.99,1382.6,cashew
53.0,71.2,11.6,24.6,76.7,6.24,979.8,cashew
49.6,40.4,34.5,26.2,68.6,6.19,1295.8,cashew
43.3,26.6,14.2,23.5,75.3,5.96,1858.1,cashew
55.8,29.3,41.8,27.8,77.9,5.93,1599.2,cashew
39.2,34.4,18.3,31.3,72.7,6.09,1657.4,cashew
41.9,45.8,25.7,24.6,73.3,6.04,1310.5,cashew
68.1,24.7,50.1,26.8,77.5,6.02,924.9,cashew
66.8,16.4,40.8,27.6,78.4,6.05,1126.0,cashew
84.2,32.7,15.7,28.6,73.5,5.91,1559.4,cashew
50.0,25.5,40.2,27.5,75.4,5.93,1505.7,cashew
70.1,27.8,44.0,25.0,74.0,6.06,716.4,cashew
61.0,46.0,25.6,25.9,74.7,6.1,1433.9,cashew
78.9,58.2,29.0,25.7,76.5,6.32,1178.9,cashew
71.5,23.4,20.2,26.2,73.5,5.83,699.1,cashew
48.7,47.2,28.8,28.9,72.2,6.19,1329.2,cashew
41.0,27.3,46.2,31.6,72.3,6.23,1480.3,cashew
88.2,42.6,11.3,27.4,76.1,5.87,1328.0,cashew
68.4,30.3,46.9,26.4,74.7,5.93,1420.0,cashew
82.6,43.3,38.7,23.2,73.1,6.3,997.9,cashew
54.9,23.3,12.1,28.6,74.4,6.03,1543.7,cashew
39.1,40.1,24.5,25.8,76.1,6.03,1156.9,cashew
85.2,14.6,21.2,26.9,78.2,5.94,1270.1,cashew
40.1,28.5,38.8,27.3,71.7,6.01,957.7,cashew
44.3,6.7,20.2,31.8,75.3,5.86,1202.0,cashew
71.0,59.9,36.1,29.4,75.4,6.03,1106.3,cashew
42.0,23.2,24.1,26.9,75.8,5.72,1449.2,cashew
78.2,25.2,43.0,27.2,77.1,5.99,643.4,cashew
35.4,51.3,40.7,24.9,75.3,6.0,948.7,cashew
63.5,23.7,24.7,26.2,76.9,5.91,1032.6,cashew
80.1,24.2,33.2,24.3,72.5,5.89,1575.3,cashew
35.9,18.9,30.4,31.3,73.6,6.14,1622.4,cashew
84.0,63.6,38.8,27.3,76.4,6.09,1411.9,cashew
73.9,33.3,23.7,27.4,75.0,5.93,1198.6,cashew
43.4,33.7,22.7,27.1,74.8,6.0,807.8,cashew
74.6,57.1,19.4,23.6,71.1,6.01,1620.4,cashew
69.2,28.9,10.0,30.7,76.4,6.22,1290.3,cashew
39.7,44.3,16.6,29.1,73.0,6.02,1351.8,cashew
68.8,43.3,19.0,30.5,75.7,6.05,1775.2,cashew
74.5,54.8,34.5,31.0,76.4,6.13,1362.5,cashew
81.8,23.8,32.3,25.4,74.9,5.89,1354.2,cashew
38.1,40.3,10.0,25.7,77.3,6.26,1236.4,cashew
56.6,58.7,32.5,26.4,75.4,6.2,1279.3,cashew
49.5,31.5,41.4,26.2,75.3,6.02,1297.7,cashew
72.2,42.3,41.5,30.1,74.7,6.05,1042.8,cashew
65.6,28.7,28.3,27.3,81.4,6.01,1636.7,cashew
54.4,52.1,34.1,27.9,74.5,6.09,1424.6,cashew
73.0,14.2,22.9,28.4,74.8,5.95,1134.9,cashew
74.0,45.1,23.4,30.5,78.1,6.1,1296.9,cashew
32.1,28.4,44.9,27.7,74.6,5.93,938.0,cashew
57.8,40.8,39.6,30.7,77.7,5.71,944.1,cashew
65.9,28.0,35.5,25.7,77.1,5.96,1229.2,cashew
42.2,51.3,43.6,30.1,75.2,6.04,1744.9,cashew
47.1,65.7,46.1,29.2,74.0,6.01,903.5,cashew
71.8,41.1,26.2,29.8,75.3,5.85,1486.8,cashew
57.9,38.3,10.0,26.1,77.3,6.14,1459.7,cashew
63.6,18.6,33.8,27.6,69.5,6.24,1109.0,cashew
51.8,18.1,30.2,32.2,77.4,5.85,1550.9,cashew
75.7,29.1,34.0,29.4,72.7,5.98,1359.3,cashew
37.8,38.8,47.7,25.3,72.2,5.9,1290.0,cashew
69.1,56.6,46.9,25.0,74.2,6.15,1056.1,cashew
76.1,45.7,40.4,28.7,78.4,6.14,1324.6,cashew
44.3,51.3,49.8,26.7,74.2,6.28,1108.1,cashew
46.4,35.8,42.8,28.5,76.4,5.94,1170.4,cashew
47.7,12.8,15.4,26.7,75.5,5.99,1128.0,cashew
48.3,15.0,21.5,24.5,75.5,5.9,990.0,cashew
60.8,52.7,22.2,24.3,77.6,6.19,1230.1,cashew
48.9,24.6,46.2,28.9,76.1,5.9,1032.1,cashew
69.7,26.7,36.5,29.6,72.4,5.9,1067.6,cashew
83.7,50.8,42.6,26.2,75.7,6.16,1333.9,cashew
57.0,24.9,28.3,27.5,74.9,5.98,1075.2,cashew
80.2,33.7,30.9,26.4,77.0,5.89,1217.3,cashew
86.6,35.1,32.3,21.5,75.3,6.08,705.6,cashew
60.3,24.2,39.7,24.5,75.0,5.94,1399.7,cashew
48.9,14.8,19.6,26.4,77.1,5.97,1249.2,cashew
44.6,25.4,32.9,25.9,73.2,5.97,1490.3,cashew
51.5,66.1,38.5,28.4,75.0,6.04,1689.1,cashew
57.2,67.2,14.5,29.7,76.9,6.14,1522.3,cashew
52.9,45.4,26.4,26.8,74.6,6.08,1682.9,cashew
45.4,36.2,17.6,30.4,70.6,5.9,1322.7,cashew
46.7,17.2,32.1,26.8,78.1,5.89,1777.9,cashew
62.2,41.0,22.3,26.3,75.8,6.01,1307.6,cashew
41.2,35.7,31.5,23.9,73.0,6.12,1263.6,cashew
71.4,44.4,48.1,30.7,75.5,6.08,1151.8,cashew
64.9,51.3,22.8,26.5,76.7,6.03,1682.7,cashew
90.0,21.4,16.1,27.9,79.0,5.92,1189.4,cashew
64.8,36.7,57.7,25.3,79.1,5.83,1037.5,cashew
92.8,32.0,42.1,27.2,72.1,5.95,1278.0,cashew
71.1,19.5,10.0,29.1,79.8,5.94,1517.0,cashew
62.1,28.4,49.6,28.2,74.8,5.92,1281.1,cashew
45.3,22.6,30.6,28.8,73.1,5.88,1396.8,cashew
74.1,22.0,29.3,28.0,69.4,5.95,1045.5,cashew
74.5,34.6,51.2,23.5,76.0,5.93,1281.1,cashew
67.3,16.9,32.7,25.2,72.0,6.08,1321.6,cashew
68.6,30.1,35.0,27.0,74.3,6.26,953.7,cashew
66.8,44.7,61.3,22.7,79.2,6.11,979.9,cashew
55.9,38.6,19.4,28.3,74.8,5.97,1179.2,cashew
86.1,32.3,28.1,26.2,77.5,6.04,793.8,cashew
53.6,57.3,42.6,24.6,74.1,6.04,1363.9,cashew
27.5,29.1,30.2,27.7,74.7,5.99,1513.3,cashew
52.8,33.4,45.7,29.7,73.1,5.98,1428.6,cashew
39.2,17.6,25.5,29.5,76.3,5.88,1746.4,cashew
96.6,50.5,32.7,25.8,74.5,6.01,1263.6,cashew
60.0,41.5,18.6,30.2,72.9,6.11,1048.3,cashew
91.8,53.7,31.0,26.3,73.8,6.27,1147.6,cashew
71.7,41.2,50.0,26.0,75.9,6.16,991.3,cashew
64.6,21.7,18.6,27.5,72.5,5.96,1180.6,cashew
22.0,30.9,32.9,27.8,74.1,6.0,1325.9,cashew
60.4,44.1,31.4,31.0,76.8,6.15,1196.8,cashew
67.9,35.3,37.8,23.5,72.6,5.89,1346.7,cashew
51.3,33.5,37.3,29.0,77.2,6.21,1334.4,cashew
31.2,36.1,24.0,23.2,75.7,5.93,1225.3,cashew
93.4,29.3,25.1,26.1,67.6,6.19,1582.1,cashew
72.5,80.0,14.1,28.7,77.5,6.06,1312.7,cashew
67.5,15.0,23.9,30.9,72.3,5.9,1619.8,cashew
45.9,28.8,29.0,28.1,74.4,5.89,1079.1,cashew
46.8,28.6,49.9,27.8,75.5,5.96,1426.0,cashew
36.9,14.7,10.0,29.7,69.9,5.91,873.7,cashew
50.4,22.9,19.0,28.1,72.1,5.92,960.4,cashew
76.1,28.9,31.9,30.0,76.0,5.95,1319.8,cashew
49.1,31.4,60.6,30.0,75.5,5.92,832.4,cashew
45.3,60.4,26.1,30.7,74.2,6.16,1251.7,cashew
54.4,26.2,28.9,27.4,75.1,5.89,1116.7,cashew
50.7,23.6,36.6,21.3,79.0,5.85,1868.5,cashew
87.1,20.2,55.9,28.7,80.9,5.95,975.3,cashew
73.8,30.7,29.2,28.4,76.5,6.02,1036.1,cashew
62.7,38.9,52.0,29.5,72.1,6.01,793.1,cashew
62.4,24.4,23.3,27.2,75.8,5.86,1505.7,cashew
55.1,54.7,24.7,23.7,72.9,6.13,955.0,cashew
69.4,55.1,10.0,25.7,74.3,6.03,1109.4,cashew
69.6,53.4,55.3,32.6,75.3,6.12,984.8,cashew
45.4,6.0,20.6,28.5,71.9,5.91,1437.5,cashew
72.7,12.5,23.5,24.9,76.7,5.9,1017.2,cashew
43.5,50.2,29.4,26.5,75.2,6.04,1546.5,cashew
54.8,16.4,41.6,23.1,75.7,5.96,1425.1,cashew
40.9,37.4,34.7,29.3,75.1,5.91,985.4,cashew
57.7,34.7,53.9,25.4,74.4,5.73,952.4,cashew
72.5,26.1,30.4,28.7,75.6,5.89,1851.3,cashew
72.2,26.1,34.6,28.2,79.7,5.8,1151.0,cashew
76.8,27.4,24.2,26.5,77.2,5.9,1628.5,cashew
81.9,30.3,43.4,23.3,73.2,6.07,1442.2,cashew
66.6,50.7,26.6,24.6,79.6,6.11,1620.8,cashew
74.4,24.1,26.4,24.2,80.7,5.85,1065.0,cashew
56.9,45.7,37.0,31.7,77.3,6.3,1273.2,cashew
61.8,5.4,15.5,26.7,77.8,6.1,1373.0,cashew
45.5,30.4,45.5,32.1,77.9,5.85,1011.3,cashew
53.5,26.2,29.5,29.1,71.6,5.73,1339.1,cashew
69.8,26.9,10.0,33.0,74.2,6.21,864.5,cashew
44.8,32.2,53.7,26.5,73.9,6.29,997.1,cashew
67.7,25.9,12.4,28.2,77.0,5.91,1624.7,cashew
61.8,26.5,48.7,32.9,74.7,5.94,985.0,cashew
34.2,26.8,45.2,26.3,73.3,5.93,1520.5,cashew
80.8,23.6,20.3,26.9,72.3,5.83,1691.2,cashew
39.7,22.8,29.8,28.2,77.4,5.96,1333.2,cashew
83.2,32.0,27.8,30.3,74.1,6.04,872.9,cashew
65.3,42.4,15.4,29.2,73.6,6.07,680.7,cashew
48.2,25.1,25.1,24.3,74.8,5.97,1585.7,cashew
69.3,25.2,52.3,29.6,77.1,6.21,986.6,cashew
53.0,30.5,31.2,26.3,75.3,5.97,1119.2,cashew
69.9,37.3,18.0,22.7,78.0,6.08,1505.8,cashew
85.6,39.6,25.4,27.9,75.7,6.21,1637.0,cashew
74.4,17.8,47.8,26.4,72.6,6.07,1218.4,cashew
51.1,18.4,30.0,26.2,75.8,5.9,1176.2,cashew
43.1,52.1,38.1,26.0,71.7,6.06,1344.3,cashew
75.5,20.7,45.6,22.2,68.5,5.85,1460.6,cashew
52.8,17.7,20.7,29.3,73.6,6.19,1142.7,cashew
50.6,17.1,38.8,27.8,81.0,5.92,1053.6,cashew
64.6,25.6,14.9,26.8,77.9,6.05,1453.5,cashew
75.4,29.2,30.3,23.8,80.8,5.93,1268.1,cashew
72.9,34.9,25.6,26.9,73.9,6.08,1142.5,cashew
47.8,32.6,46.5,26.0,77.2,6.18,1500.0,cashew
78.6,29.1,30.9,30.8,72.8,6.03,1002.3,cashew
53.7,55.2,28.5,30.2,74.8,6.18,1199.3,cashew
89.5,28.4,26.8,24.8,73.5,5.85,1389.2,cashew
64.0,22.1,37.7,26.7,79.0,5.93,1632.7,cashew
49.2,49.4,45.6,26.6,72.4,6.13,767.0,cashew
33.2,24.1,24.2,25.7,73.4,5.95,1211.3,cashew
50.3,23.8,40.9,27.7,76.6,5.93,1381.7,cashew
55.6,27.9,22.0,26.2,72.2,6.06,1078.9,cashew
75.5,47.9,32.1,29.2,73.3,6.07,1286.0,cashew
69.8,33.6,46.0,31.7,75.2,6.13,1581.1,cashew
55.0,53.1,17.1,31.7,76.6,6.12,1549.5,cashew
84.7,37.4,43.5,26.7,76.0,6.13,623.0,cashew
78.7,49.0,24.4,27.5,75.8,6.23,1702.1,cashew
76.2,26.5,35.9,24.8,75.2,5.85,1272.3,cashew
85.9,25.1,28.1,31.7,69.8,5.93,1055.9,cashew
75.7,45.7,21.6,26.2,73.6,5.94,1248.4,cashew
56.1,34.0,45.6,26.2,79.0,6.09,1110.5,cashew
59.9,41.3,31.0,27.6,69.6,6.1,1240.2,cashew
41.6,30.8,58.8,29.9,72.0,6.24,691.9,cashew
52.0,31.1,31.6,27.6,79.0,5.93,1264.8,cashew
54.1,14.7,25.8,30.1,75.5,5.99,1088.8,cashew
57.3,29.3,32.2,26.2,76.4,6.06,1563.2,cashew
59.9,23.8,34.5,31.0,76.1,5.94,1035.4,cashew
69.2,40.8,29.3,27.1,71.1,6.03,1124.2,cashew
61.5,27.4,10.9,31.2,77.7,6.04,1655.2,cashew
66.4,33.2,23.5,30.9,83.5,5.93,1278.5,cashew
60.8,15.6,31.1,26.8,74.0,6.05,1201.4,cashew
60.4,50.9,52.7,28.4,79.1,6.04,1239.8,cashew
42.4,28.5,43.5,27.1,79.6,5.97,1513.4,cashew
58.6,23.9,21.4,26.8,72.9,5.97,1523.9,cashew
77.2,38.9,13.0,26.7,76.7,6.0,758.2,cashew
90.2,17.8,32.5,28.3,77.7,5.97,1084.4,cashew
32.7,19.4,28.2,29.0,71.7,5.97,1167.4,cashew
51.7,32.4,15.2,30.0,74.0,5.94,1319.9,cashew
68.6,47.8,32.1,25.4,76.5,6.19,877.6,cashew
60.6,39.3,38.7,28.7,73.6,6.0,1062.3,cashew
65.7,25.1,31.7,27.8,81.0,6.0,1677.4,cashew
47.0,18.1,30.9,25.8,77.5,6.01,778.5,cashew
69.6,24.4,13.1,25.8,70.6,6.05,1222.4,cashew
58.7,52.4,38.4,30.0,76.6,6.01,1212.8,cashew
83.3,52.3,11.3,28.5,73.9,6.07,1363.3,cashew
67.4,25.1,28.9,28.6,77.8,6.15,1383.5,cashew
89.8,21.9,29.3,25.5,78.5,5.94,958.5,cashew
51.9,21.1,19.6,29.0,75.7,5.93,1230.4,cashew
65.4,67.2,34.3,29.9,75.4,6.08,1301.5,cashew
53.8,46.0,23.2,22.4,72.7,6.06,1126.5,cashew
66.8,57.1,41.3,28.0,74.2,6.03,1118.3,cashew
77.9,54.3,30.2,29.9,73.8,6.08,1357.9,cashew
78.4,36.6,26.7,26.6,68.9,6.2,1448.0,cashew
43.9,41.9,36.4,32.7,74.3,6.22,991.4,cashew
51.9,47.2,34.3,32.7,71.6,6.03,1114.2,cashew
68.7,38.1,17.1,24.6,73.5,5.94,1710.0,cashew
53.8,45.9,17.5,26.3,73.6,6.02,1489.2,cashew
81.7,8.2,23.4,28.3,76.7,5.93,1371.4,cashew
86.1,37.7,32.2,33.6,77.8,6.02,1257.2,cashew
47.2,39.3,24.6,29.7,70.4,6.06,1633.2,cashew
58.4,18.6,36.4,21.9,71.7,5.99,1514.5,cashew
66.3,9.0,46.8,26.6,71.4,5.88,1071.1,cashew
73.4,16.5,20.1,27.1,76.5,5.95,1033.1,cashew
47.5,33.8,23.4,29.0,75.5,6.03,1549.5,cashew
69.3,54.2,27.8,30.7,76.3,6.25,1597.7,cashew
64.9,20.2,35.6,27.1,72.7,5.94,1210.9,cashew
76.2,30.6,38.2,25.6,75.0,5.74,1053.3,cashew
38.2,42.4,26.2,29.4,75.6,6.05,1221.3,cashew
54.1,8.1,48.6,32.1,74.7,5.85,1202.1,cashew
57.3,16.1,14.7,29.0,76.3,5.88,1158.2,cashew
79.6,19.2,36.2,29.4,70.7,5.9,1223.7,cashew
58.0,27.5,24.3,25.7,76.3,5.92,1310.9,cashew
42.5,31.5,10.0,27.0,75.3,6.13,1014.1,cashew
73.6,44.4,17.4,28.8,76.3,6.07,850.2,cashew
53.6,38.7,29.0,27.2,76.3,6.07,1299.0,cashew
38.1,12.8,37.0,24.3,74.8,5.9,1008.3,cashew
29.8,29.8,25.9,28.4,74.2,5.93,1287.0,cashew
58.2,27.8,31.7,29.1,79.1,6.02,1015.5,cashew
66.8,11.6,52.0,29.0,74.7,5.99,689.7,cashew
47.8,14.6,33.1,29.3,73.3,6.14,1443.7,cashew
53.5,31.4,19.2,27.3,72.4,5.96,1555.0,cashew
44.8,44.7,32.6,30.7,73.9,6.01,1066.2,cashew
76.5,45.0,34.8,26.0,75.8,6.07,1321.3,cashew
66.2,9.7,42.0,24.7,73.6,6.04,866.6,cashew
51.3,28.9,38.1,30.3,78.6,5.93,1814.9,cashew
81.9,23.7,20.3,30.3,71.9,5.83,1399.4,cashew
70.8,27.8,29.4,24.7,79.0,5.97,1114.3,cashew
32.3,29.7,38.1,22.6,73.1,5.79,1459.2,cashew
52.3,39.0,39.5,21.8,75.9,6.02,1119.4,cashew
63.6,31.4,23.2,28.6,73.9,5.84,1411.8,cashew
62.6,21.3,40.9,28.1,70.8,5.98,1249.3,cashew
73.7,13.0,52.8,24.4,75.0,5.98,1787.8,cashew
75.3,29.2,60.5,25.8,75.0,5.87,1471.8,cashew
63.8,22.0,37.6,28.5,70.4,5.91,1091.6,cashew
65.2,28.4,31.0,28.4,74.0,5.89,938.2,cashew
31.9,48.7,40.6,23.4,75.8,6.04,1953.1,cashew
49.5,23.2,41.0,28.3,75.3,5.89,1283.5,cashew
66.7,23.3,31.9,28.2,73.4,5.73,1064.6,cashew
57.5,17.2,19.0,35.1,75.5,5.92,1138.2,cashew
56.7,21.4,42.3,23.0,75.6,5.96,979.2,cashew
29.9,30.8,22.0,27.7,74.2,6.09,1257.8,cashew
72.0,48.9,39.3,29.1,72.6,6.02,1115.2,cashew
45.4,30.5,12.0,27.8,74.4,5.96,1320.2,cashew
41.8,45.8,43.7,24.2,74.7,6.02,1716.8,cashew
22.1,21.5,11.8,31.1,77.9,6.0,870.9,cashew
86.3,22.6,33.3,29.0,73.4,5.99,1203.3,cashew
75.0,38.2,54.1,29.1,76.4,6.11,946.5,cashew
73.8,39.1,25.1,28.7,77.3,6.22,1267.0,cashew
75.6,13.8,28.2,28.8,77.8,5.88,1288.6,cashew
51.5,23.2,18.7,29.0,76.1,6.17,1221.9,cashew
40.9,19.0,32.3,27.3,74.2,6.27,1561.5,cashew
68.2,26.6,26.4,26.1,75.1,5.85,1061.9,cashew
70.1,19.7,34.8,28.0,74.4,5.94,1728.1,cashew
56.1,26.4,23.8,29.6,74.2,5.83,1599.9,cashew
74.1,15.1,30.1,27.8,73.6,5.9,1685.7,cashew
67.6,26.6,42.6,26.2,74.6,5.92,836.7,cashew
59.4,27.8,37.5,25.1,75.6,5.89,1108.6,cashew
39.3,27.8,27.4,26.1,75.5,5.91,1152.0,cashew
69.1,20.7,28.6,28.8,75.2,5.77,1106.9,cashew
63.3,24.9,37.7,27.1,75.2,6.0,1163.1,cashew
98.0,26.0,14.2,27.2,74.7,5.87,1335.1,cashew
60.4,18.0,44.8,27.3,74.6,5.8,1151.9,cashew
62.4,53.2,23.8,27.2,77.2,6.06,1429.7,cashew
40.4,24.4,40.7,29.4,75.2,5.85,1146.1,cashew
82.2,35.5,16.4,27.0,76.0,5.98,1672.5,cashew
57.5,36.3,28.9,27.4,76.8,6.08,1378.3,cashew
86.3,32.9,45.5,25.6,76.3,6.07,908.9,cashew
80.8,34.8,34.1,26.9,73.4,6.01,1213.6,cashew
47.8,28.4,26.9,26.0,74.6,6.24,884.2,cashew
73.6,38.7,25.5,32.0,76.6,6.17,1526.3,cashew
55.2,53.3,20.3,30.1,72.7,6.07,1277.9,cashew
57.1,46.0,32.8,28.9,75.5,6.03,1290.0,cashew
63.3,46.0,36.0,27.8,71.6,6.07,1551.6,cashew
82.1,37.5,19.9,29.1,73.4,6.06,1153.7,cashew
55.7,24.9,27.0,29.5,75.8,5.87,1041.5,cashew
78.9,23.1,33.0,28.1,73.7,5.93,1330.0,cashew
44.8,19.2,47.1,24.1,76.1,5.75,1699.1,cashew
43.5,39.1,29.1,33.8,77.7,6.16,1382.9,cashew
65.8,34.7,30.6,31.0,80.5,6.06,1774.2,cashew
89.0,28.8,32.0,30.2,76.4,5.89,1488.3,cashew
44.9,25.9,10.0,29.7,73.2,5.95,1090.8,cashew
77.6,27.3,28.3,26.3,74.4,5.97,758.0,cashew
66.3,24.4,19.6,26.5,72.3,6.27,1608.0,cashew
58.4,30.7,33.9,29.6,76.1,6.01,1434.6,cashew
52.2,44.9,38.0,31.5,75.7,6.13,1242.4,cashew
38.0,42.9,37.2,25.7,74.4,6.11,925.3,cashew
46.6,44.4,37.0,26.9,70.8,6.15,1325.4,cashew
79.1,20.5,26.2,31.2,71.3,5.8,1241.4,cashew
47.9,52.6,10.0,24.7,79.4,6.0,1153.8,cashew
57.8,21.8,20.4,27.5,74.3,5.82,1161.0,cashew
57.8,23.7,31.5,26.5,80.4,5.57,765.6,cashew
52.0,5.0,21.2,26.9,71.9,5.78,1408.9,cashew
65.1,31.3,23.9,26.1,78.2,6.04,1272.9,cashew
69.3,55.3,32.8,26.0,73.9,6.04,1218.0,cashew
44.4,21.2,21.7,28.3,76.8,5.96,1539.5,cashew
20.2,20.4,61.4,27.8,74.0,5.95,1372.1,cashew
54.8,30.2,44.9,30.3,76.2,6.12,1582.8,cashew
56.1,55.3,32.2,24.8,79.5,6.12,1372.6,cashew
56.5,19.8,15.4,27.2,72.8,5.82,1435.2,cashew
45.8,34.3,47.8,27.6,72.6,6.0,1114.6,cashew
70.0,30.8,37.9,29.3,76.0,5.92,1143.1,cashew
61.3,27.1,34.2,26.6,76.2,6.03,1426.8,cashew
52.8,33.1,10.0,26.8,73.2,6.05,929.2,cashew
64.0,27.0,36.9,30.2,75.1,5.94,974.4,cashew
82.8,29.4,14.5,28.2,71.6,6.15,1254.8,cashew
57.6,37.9,25.1,30.6,78.2,6.15,981.9,cashew
75.9,39.4,58.2,27.7,75.9,6.08,1372.7,cashew
66.0,52.5,10.0,28.6,76.0,6.05,1349.5,cashew
48.1,19.7,21.8,26.9,78.4,5.82,838.1,cashew
48.6,46.9,44.9,26.7,78.8,6.05,725.8,cashew
52.7,23.8,39.8,25.1,74.5,6.14,1426.7,cashew
55.6,20.7,26.1,26.9,75.7,5.88,1243.9,cashew
45.2,40.8,36.8,30.6,72.9,6.17,1056.1,cashew
72.5,33.4,55.1,29.2,73.2,5.78,898.7,cashew
67.8,17.2,10.0,27.4,73.6,5.81,1192.1,cashew
77.0,13.2,37.6,30.8,75.6,5.98,1095.7,cashew
73.8,19.0,24.7,27.4,74.0,5.95,1363.6,cashew
70.3,20.8,11.7,26.9,74.3,5.97,887.8,cashew
65.4,47.3,33.8,27.6,72.0,6.04,1130.9,cashew
63.6,19.3,48.7,29.3,80.1,6.18,1333.8,cashew
52.8,22.2,10.0,26.8,76.2,5.99,1406.6,cashew
51.4,48.2,27.7,24.6,75.1,6.07,1127.3,cashew
65.5,31.0,35.4,26.6,76.8,5.97,1263.0,cashew
48.3,25.4,37.8,25.8,76.5,5.98,1130.1,cashew
76.6,32.3,39.8,29.8,75.1,6.05,1505.3,cashew
50.8,36.4,21.2,29.2,70.8,5.93,1425.5,cashew
87.5,35.4,28.6,24.8,74.1,6.05,946.1,cashew
63.2,26.5,52.2,31.4,70.6,5.94,1677.9,cashew
59.8,59.2,49.7,26.1,73.1,6.14,963.2,cashew
38.9,43.4,18.9,25.8,78.0,6.18,1465.7,cashew
50.9,54.6,43.3,26.8,75.7,6.06,1191.6,cashew
46.2,21.4,39.2,28.0,74.8,5.77,1681.3,cashew
84.1,25.6,10.0,25.0,81.2,6.03,1234.7,cashew
85.8,33.7,34.7,23.5,74.4,5.96,1520.9,cashew
48.5,22.9,29.7,30.5,75.9,5.85,1211.7,cashew
77.2,22.1,44.3,30.0,82.1,6.29,1559.6,cashew
73.4,43.0,25.9,32.2,70.8,6.03,1285.0,cashew
76.3,37.7,38.4,27.3,76.2,6.18,1573.0,cashew
53.4,23.8,19.8,31.3,76.7,5.81,1287.7,cashew
70.6,60.6,29.4,27.8,75.8,6.17,1674.1,cashew
26.9,29.5,33.5,25.8,71.1,6.07,1445.7,cashew
77.0,40.0,52.0,24.3,71.7,6.09,1147.6,cashew
64.9,45.0,24.0,26.9,71.4,5.98,916.5,cashew
59.4,15.9,25.5,25.9,75.2,5.92,1369.5,cashew
60.2,26.8,25.4,24.7,76.9,5.99,1510.7,cashew
61.1,32.8,35.6,23.3,76.2,6.12,1164.9,cashew
82.9,29.4,62.3,27.9,70.5,5.93,989.7,cashew
66.9,26.5,10.0,27.4,68.3,5.76,1240.4,cashew
22.7,28.2,21.1,27.8,75.8,5.93,1501.4,cashew
54.8,47.0,19.9,28.8,77.3,6.05,1424.6,cashew
67.4,26.0,12.0,30.8,79.5,5.97,1079.4,cashew
44.6,32.7,42.6,28.8,74.7,6.01,1057.7,cashew
70.6,31.7,36.8,24.2,74.1,6.12,1397.7,cashew
53.7,22.2,27.1,26.1,75.3,5.96,1677.7,cashew
80.4,30.6,27.1,29.3,72.9,6.13,1125.8,cashew
67.3,35.7,20.2,30.6,79.0,6.09,1364.8,cashew
58.1,11.7,43.8,24.5,78.5,5.87,1242.6,cashew
34.0,10.3,26.2,25.5,76.2,6.19,1817.1,cashew
53.6,23.2,33.7,27.6,78.9,5.96,1406.3,cashew
77.1,7.3,28.2,24.4,75.8,5.83,800.9,cashew
102.1,25.3,23.1,24.1,72.8,6.14,1081.7,cashew
69.1,25.7,51.3,27.1,76.4,5.83,985.1,cashew
68.4,36.4,12.1,27.5,76.3,5.98,1433.2,cashew
58.4,61.0,58.9,22.4,77.2,6.18,1574.6,cashew
64.8,45.4,52.7,30.4,76.8,6.02,1395.4,cashew
63.7,24.6,30.7,25.6,75.0,6.08,1194.4,cashew
47.4,63.1,15.0,27.2,77.1,6.15,1247.9,cashew
93.2,10.6,45.5,25.7,76.8,5.78,1194.5,cashew
57.7,54.1,16.1,26.5,69.4,6.09,1273.6,cashew
89.4,32.6,63.9,31.1,75.6,5.82,820.9,cashew
54.1,23.3,41.8,26.8,74.9,5.98,1171.9,cashew
82.4,17.4,51.9,29.9,76.8,5.83,957.0,cashew
67.3,31.7,52.1,29.1,74.0,5.97,1173.8,cashew
69.8,36.0,41.5,31.8,75.7,5.93,1394.9,cashew
77.8,42.8,39.6,28.2,75.3,6.09,1100.4,cashew
70.7,46.7,24.6,30.2,73.6,6.21,1177.4,cashew
60.0,33.3,32.7,22.4,76.2,6.09,1370.0,cashew
50.3,37.8,27.8,30.6,71.6,5.98,1387.4,cashew
54.7,25.1,18.8,31.2,74.0,5.88,1305.7,cashew
52.8,29.4,46.4,29.1,71.4,5.83,1038.0,cashew
65.7,24.8,14.2,26.9,74.8,5.73,1333.1,cashew
105.4,40.1,36.9,31.7,70.8,6.07,1400.0,cashew
76.0,37.2,34.5,26.1,78.9,6.08,1137.7,cashew
56.5,45.1,12.0,27.3,74.7,6.22,1403.6,cashew
38.6,32.8,28.1,30.5,73.4,5.85,956.4,cashew
59.3,32.4,48.9,23.9,77.8,5.95,870.1,cashew
73.6,39.8,49.6,28.0,71.8,5.96,1567.7,cashew
70.4,43.1,21.0,24.5,76.2,5.98,1268.6,cashew
62.9,37.8,23.1,24.4,73.8,6.08,1409.2,cashew
40.9,56.8,28.6,27.7,77.8,6.01,1152.2,cashew
58.5,22.9,23.7,32.7,73.0,5.96,1182.5,cashew
75.7,39.2,36.6,26.4,74.4,6.27,1662.6,cashew
52.4,47.1,23.0,26.2,78.3,6.07,1516.6,cashew
65.5,37.5,23.6,24.0,70.9,5.95,1315.2,cashew
37.7,53.0,10.0,25.0,75.5,6.01,1447.3,cashew
44.4,20.4,51.9,28.0,75.3,5.97,1556.5,cashew
35.6,24.6,26.4,26.1,72.9,5.96,1363.9,cashew
59.5,38.0,28.3,30.9,73.9,6.11,1038.7,cashew
44.1,34.7,35.0,25.0,75.2,5.85,1141.7,cashew
41.9,30.0,23.3,28.3,75.6,5.7,1114.1,cashew
54.6,26.2,13.7,27.0,73.1,5.92,1339.6,cashew
59.2,32.6,36.8,28.3,75.3,5.91,1244.1,cashew
26.0,32.5,37.7,30.6,76.7,5.92,1024.9,cashew
77.2,13.9,36.2,31.2,75.4,5.97,884.2,cashew
55.3,24.3,37.5,27.7,76.0,6.0,1435.4,cashew
30.7,13.1,27.9,25.4,74.4,5.74,1191.5,cashew
64.2,37.3,32.4,28.8,70.9,6.12,1095.7,cashew
54.9,25.6,34.8,24.9,75.8,5.98,1508.0,cashew
49.3,31.2,23.1,23.1,74.2,5.95,1054.4,cashew
52.8,36.0,12.5,24.8,78.8,6.0,1133.0,cashew
48.8,32.2,26.3,27.0,76.1,5.98,1309.3,cashew
51.9,27.5,29.1,25.0,74.2,5.96,1057.7,cashew
54.0,16.4,27.6,29.7,74.1,5.94,1269.6,cashew
64.9,19.2,34.1,28.7,75.4,6.42,1444.4,cashew
58.6,16.9,27.9,30.3,71.3,5.77,1183.6,cashew
53.8,32.4,31.2,26.6,77.1,5.93,1616.9,cashew
54.1,13.1,18.3,28.3,73.1,6.12,1545.2,cashew
82.4,18.8,26.1,25.2,74.7,5.96,1585.1,cashew
47.6,17.5,34.0,27.6,75.8,6.07,1236.9,cashew
58.0,64.1,16.1,22.9,76.8,6.14,1330.6,cashew
80.2,26.8,51.4,31.1,75.1,6.02,1058.3,cashew
38.6,16.4,43.1,22.1,76.4,6.13,1230.0,cashew
77.0,22.1,37.3,28.1,73.7,5.91,773.8,cashew
63.0,42.3,20.9,26.9,77.3,6.09,1667.8,cashew
60.2,35.8,38.6,29.7,71.8,5.98,1156.0,cashew
49.7,23.2,18.2,25.0,68.5,6.05,1509.6,cashew
56.5,56.5,27.8,31.2,75.9,6.12,1362.9,cashew
71.3,6.2,28.5,19.6,67.6,5.97,1652.0,cashew
50.3,16.4,11.4,27.1,76.2,5.83,1479.4,cashew
41.8,16.6,35.7,25.9,76.1,6.05,1620.8,cashew
60.8,19.2,33.9,30.0,76.9,5.96,1290.8,cashew
67.7,19.4,48.0,27.0,77.0,5.96,1401.4,cashew
41.8,44.9,10.0,31.0,73.1,6.03,1323.7,cashew
55.2,28.4,24.9,24.8,78.5,6.05,1342.0,cashew
66.3,17.7,44.1,23.1,80.5,6.02,1150.7,cashew
55.9,46.5,25.3,31.3,76.5,5.92,1303.8,cashew
40.1,29.3,30.2,32.1,76.1,5.98,1763.5,cashew
59.5,54.1,29.8,27.2,75.8,6.06,1130.7,cashew
23.1,29.1,53.7,27.1,74.5,5.99,969.0,cashew
59.2,31.0,15.3,33.0,74.7,6.06,1017.5,cashew
65.8,31.0,33.3,27.7,75.0,5.99,1557.5,cashew
43.8,24.3,24.6,24.4,73.4,5.91,1364.8,cashew
49.1,19.7,65.2,26.8,72.2,6.68,733.6,groundnut
66.3,45.9,52.6,23.6,71.7,6.68,883.5,groundnut
76.4,31.6,45.0,29.0,69.0,7.13,813.5,groundnut
58.8,49.9,25.8,28.5,74.4,6.73,847.9,groundnut
62.6,41.7,43.4,26.2,69.9,6.6,1021.4,groundnut
65.4,29.8,66.9,30.2,74.1,6.99,873.9,groundnut
43.9,55.2,41.4,30.7,68.5,6.5,708.7,groundnut
69.1,47.7,27.7,25.8,72.1,7.0,938.2,groundnut
34.4,48.6,34.2,27.7,64.1,6.82,846.4,groundnut
73.9,27.0,40.2,26.6,68.5,6.71,791.5,groundnut
92.8,58.6,37.9,32.8,70.0,6.91,771.7,groundnut
85.5,16.8,49.2,28.5,72.7,6.73,825.7,groundnut
67.8,49.5,65.2,29.4,65.9,7.0,556.2,groundnut
66.5,39.3,32.1,26.6,77.3,6.99,1044.9,groundnut
63.5,56.4,48.6,27.9,67.2,6.83,853.2,groundnut
62.2,31.9,59.2,25.7,70.0,6.59,722.1,groundnut
73.8,44.4,50.6,29.0,69.6,6.79,965.8,groundnut
62.9,53.3,33.4,25.8,68.5,7.14,950.1,groundnut
55.7,17.3,44.3,27.0,65.6,6.26,819.3,groundnut
81.2,34.5,15.4,27.1,68.7,6.75,521.2,groundnut
62.6,46.4,48.5,23.1,67.5,6.71,789.2,groundnut
63.2,41.5,24.5,26.0,66.2,6.78,923.4,groundnut
50.9,74.2,35.8,25.2,69.0,6.86,925.4,groundnut
58.5,5.0,10.0,30.5,72.8,6.68,1127.3,groundnut
51.2,28.3,55.1,27.5,67.2,6.76,782.1,groundnut
52.9,23.8,30.5,24.3,70.6,7.01,931.3,groundnut
58.8,48.4,55.8,27.4,72.0,6.71,965.2,groundnut
64.1,28.0,15.7,28.3,70.6,6.8,883.6,groundnut
63.0,40.8,47.4,25.3,71.6,6.7,795.8,groundnut
15.1,42.0,53.3,26.4,65.9,6.81,765.3,groundnut
57.6,48.3,35.7,27.1,68.9,6.75,892.6,groundnut
69.7,64.0,47.1,24.5,69.7,6.62,888.1,groundnut
51.6,47.2,46.5,29.5,73.6,6.87,867.7,groundnut
53.5,20.7,41.8,26.5,66.8,6.82,995.0,groundnut
23.1,14.1,47.8,26.5,67.4,7.13,781.9,groundnut
55.9,49.6,39.3,28.7,68.5,6.87,687.9,groundnut
74.9,51.5,36.3,26.2,69.8,6.63,679.9,groundnut
61.0,36.5,62.4,27.4,68.7,6.55,806.7,groundnut
58.9,21.4,25.8,26.6,74.5,6.62,1130.7,groundnut
67.5,38.5,60.2,28.4,68.0,6.74,874.0,groundnut
42.2,20.6,33.6,27.3,66.0,6.68,664.8,groundnut
65.7,28.8,39.6,29.5,70.8,7.02,795.9,groundnut
61.2,36.2,16.0,26.4,70.5,6.7,908.7,groundnut
74.1,60.6,33.2,22.7,72.6,6.79,952.0,groundnut
82.1,35.5,43.4,25.7,73.5,6.62,935.8,groundnut
35.5,28.8,59.5,26.6,67.4,6.94,879.1,groundnut
66.1,34.2,61.0,33.2,73.8,6.99,788.4,groundnut
50.8,41.5,35.3,27.0,64.6,6.67,904.3,groundnut
53.3,37.3,51.3,26.2,68.1,6.44,849.5,groundnut
34.0,32.5,10.0,27.0,68.2,6.75,895.5,groundnut
76.0,24.2,52.3,24.5,71.5,6.82,701.4,groundnut
103.1,45.1,47.8,26.1,69.6,7.05,1059.3,groundnut
67.6,37.9,15.2,26.7,69.8,6.86,1003.0,groundnut
52.5,35.8,34.6,24.1,70.5,6.93,985.4,groundnut
56.2,56.3,31.3,23.3,69.2,6.75,809.6,groundnut
54.9,33.7,34.6,29.6,70.1,6.89,885.1,groundnut
59.6,41.4,46.9,28.0,69.6,6.88,636.0,groundnut
82.9,37.4,26.7,27.7,73.6,7.24,660.6,groundnut
67.7,44.6,60.8,31.3,72.3,6.56,866.7,groundnut
83.0,46.8,51.1,29.5,74.7,6.7,869.5,groundnut
73.7,41.5,56.8,34.9,66.5,6.97,600.2,groundnut
36.4,52.8,30.0,24.7,73.5,7.07,1078.1,groundnut
34.6,52.7,33.6,33.5,67.8,6.86,880.5,groundnut
55.8,46.2,48.4,27.1,69.2,7.06,879.1,groundnut
44.5,64.1,30.7,27.6,64.3,6.96,758.0,groundnut
67.2,26.1,51.4,30.7,74.0,6.82,865.2,groundnut
78.2,41.4,56.7,29.8,72.8,6.83,870.3,groundnut
50.1,35.4,24.8,28.2,69.2,6.73,1090.0,groundnut
57.6,45.2,45.4,32.6,69.7,7.02,1094.1,groundnut
60.5,43.9,50.2,26.9,71.2,6.6,733.3,groundnut
72.8,52.7,26.7,29.2,72.1,7.04,885.9,groundnut
73.4,46.7,51.1,28.1,75.8,6.34,899.1,groundnut
70.8,33.0,65.2,24.1,74.7,6.53,873.5,groundnut
54.6,29.5,37.8,29.6,68.1,6.72,905.6,groundnut
38.5,45.0,68.9,22.6,69.0,6.62,934.6,groundnut
89.2,19.3,31.4,26.7,71.4,6.72,1010.4,groundnut
35.6,47.7,32.4,26.6,67.1,6.9,887.1,groundnut
85.5,26.3,42.4,28.7,67.9,7.05,767.7,groundnut
68.2,34.6,47.9,29.4,69.9,6.89,842.3,groundnut
63.9,21.6,16.6,26.8,68.2,6.61,808.6,groundnut
48.8,32.1,28.9,27.1,67.4,7.08,850.4,groundnut
64.0,30.9,32.6,29.9,67.6,6.91,1047.9,groundnut
61.0,57.9,40.8,24.2,67.5,6.69,820.8,groundnut
47.8,62.8,53.7,25.0,64.8,6.91,851.9,groundnut
59.9,35.1,48.3,27.8,68.9,6.68,815.3,groundnut
65.3,41.0,19.1,31.2,72.8,6.5,862.0,groundnut
53.2,43.2,53.6,26.9,63.3,6.71,949.8,groundnut
23.6,48.1,24.9,29.2,73.0,6.68,963.4,groundnut
53.3,20.0,19.7,28.2,68.1,6.86,684.7,groundnut
37.2,36.8,58.6,30.3,69.2,6.64,808.8,groundnut
62.8,44.5,13.8,25.6,71.9,6.77,629.7,groundnut
77.4,45.3,49.4,27.2,69.9,6.74,878.3,groundnut
57.1,39.1,43.2,27.1,69.2,6.75,551.4,groundnut
35.7,36.7,10.0,29.9,69.5,7.04,750.0,groundnut
49.8,53.0,47.1,26.9,65.5,6.79,861.9,groundnut
39.8,26.3,37.2,26.1,73.9,6.73,825.7,groundnut
64.9,46.2,14.5,30.3,67.3,6.75,792.8,groundnut
66.8,29.7,47.0,28.3,68.9,6.96,880.4,groundnut
105.6,36.5,62.0,22.8,69.0,6.87,794.3,groundnut
60.1,67.6,47.8,30.9,73.3,6.62,694.9,groundnut
50.3,10.5,34.6,25.9,66.2,6.95,902.0,groundnut
49.8,39.2,56.0,26.2,67.1,6.82,908.2,groundnut
65.1,55.0,35.1,30.2,68.1,6.81,998.8,groundnut
43.6,66.0,41.8,23.8,73.4,6.81,949.0,groundnut
68.1,55.6,38.4,25.9,74.2,6.45,978.0,groundnut
56.1,65.8,30.7,27.9,73.8,6.54,834.9,groundnut
52.7,46.0,77.4,23.6,72.7,6.74,848.8,groundnut
84.9,35.8,14.4,26.9,71.0,6.59,1091.8,groundnut
52.0,50.4,40.0,28.2,74.5,6.83,795.7,groundnut
40.8,32.9,53.9,28.3,67.1,6.79,571.9,groundnut
81.2,40.6,24.0,28.8,70.0,6.62,986.1,groundnut
74.7,47.7,35.5,31.6,72.4,6.81,857.9,groundnut
53.5,36.8,17.4,26.6,70.3,6.75,933.2,groundnut
63.0,40.4,46.8,28.8,70.3,6.74,775.4,groundnut
45.3,33.2,42.6,25.3,70.1,6.59,841.6,groundnut
70.1,22.3,60.5,24.8,68.5,6.75,959.9,groundnut
57.7,30.6,46.4,25.3,71.3,6.41,1004.9,groundnut
66.2,40.3,18.7,28.0,73.2,6.85,623.9,groundnut
57.1,19.3,29.4,31.5,73.6,6.75,822.0,groundnut
60.0,34.4,28.0,30.8,71.3,6.86,934.1,groundnut
61.2,37.8,15.3,26.4,68.1,6.75,866.5,groundnut
79.5,50.2,44.2,24.9,64.7,6.94,831.1,groundnut
98.3,49.8,24.1,24.4,73.5,6.54,885.8,groundnut
18.0,24.4,39.9,25.0,69.9,6.68,791.1,groundnut
60.1,30.0,49.3,28.0,68.3,6.78,955.3,groundnut
74.0,22.8,44.7,28.7,72.7,6.46,1120.4,groundnut
72.2,32.2,26.0,26.8,73.3,6.84,887.0,groundnut
68.5,36.4,37.7,27.6,69.7,7.06,926.9,groundnut
83.0,45.5,39.2,26.1,69.0,6.79,905.4,groundnut
51.3,24.0,42.8,26.9,71.0,6.89,1004.1,groundnut
54.2,39.5,68.7,30.2,72.1,7.01,726.6,groundnut
63.9,46.4,21.2,30.7,68.4,6.71,764.5,groundnut
56.7,34.9,37.6,26.0,71.9,6.76,631.9,groundnut
21.4,61.4,50.2,28.5,68.2,6.56,711.1,groundnut
96.0,51.4,10.3,25.5,67.1,6.84,877.8,groundnut
81.2,23.7,40.3,23.7,69.0,6.74,676.6,groundnut
71.4,32.2,42.7,20.9,66.6,6.35,729.9,groundnut
76.1,43.1,45.3,24.0,67.6,6.96,987.2,groundnut
54.4,30.1,27.1,25.0,70.5,6.79,661.0,groundnut
69.5,33.7,31.0,23.8,68.3,6.57,961.5,groundnut
59.6,32.9,67.9,30.3,67.3,6.4,715.7,groundnut
81.8,33.7,37.5,26.0,67.8,6.9,925.8,groundnut
75.7,42.4,63.7,27.0,72.5,6.63,881.5,groundnut
55.8,46.2,28.3,28.3,71.8,6.75,686.1,groundnut
62.1,42.0,47.4,27.0,71.7,6.69,789.4,groundnut
46.5,42.2,16.2,26.3,72.6,7.1,990.5,groundnut
71.7,44.0,10.0,24.7,69.7,6.57,936.9,groundnut
66.9,34.2,37.8,30.3,68.6,6.5,857.1,groundnut
33.4,33.1,56.2,27.6,70.7,7.03,911.2,groundnut
72.7,33.1,49.2,32.7,71.3,6.91,986.0,groundnut
52.1,40.9,24.9,25.1,68.8,6.84,866.0,groundnut
81.1,50.7,41.3,26.6,65.4,6.76,985.8,groundnut
63.5,52.0,24.8,29.4,71.8,6.98,764.2,groundnut
73.3,5.0,49.2,24.6,76.2,6.77,941.2,groundnut
51.8,55.4,43.1,26.3,71.9,6.77,1083.5,groundnut
72.4,46.8,24.4,25.5,72.5,6.8,986.7,groundnut
35.1,19.1,31.3,28.4,67.3,6.6,835.1,groundnut
45.7,40.4,47.5,30.3,67.0,7.11,699.4,groundnut
64.8,25.6,61.5,27.0,68.0,6.63,844.7,groundnut
45.4,47.1,52.2,23.0,67.3,6.84,875.0,groundnut
59.4,46.6,15.5,29.8,73.8,6.76,793.1,groundnut
85.1,30.4,52.0,26.9,68.5,6.74,892.4,groundnut
65.6,48.9,37.3,25.9,71.3,6.9,859.5,groundnut
56.3,42.1,53.5,26.4,65.4,6.67,970.7,groundnut
61.9,59.2,54.5,28.0,72.1,6.8,824.6,groundnut
49.8,38.6,41.3,34.1,73.2,7.03,622.1,groundnut
68.8,44.5,41.4,26.4,78.3,6.75,810.3,groundnut
62.4,43.7,57.4,24.7,69.9,6.46,962.6,groundnut
63.4,34.7,47.6,24.1,68.3,6.59,836.5,groundnut
62.8,39.5,31.3,25.3,70.7,6.83,833.5,groundnut
78.0,24.5,42.8,31.5,67.2,6.38,875.0,groundnut
58.6,38.9,24.0,24.5,70.8,6.9,866.7,groundnut
43.9,24.5,62.6,26.9,70.1,6.72,854.5,groundnut
46.4,57.6,11.5,29.0,71.0,6.87,1125.2,groundnut
60.6,16.8,11.6,29.1,73.6,6.73,863.0,groundnut
64.6,42.4,49.9,28.4,70.7,6.72,982.9,groundnut
43.6,37.3,49.0,25.1,67.5,6.96,879.9,groundnut
65.0,47.7,14.4,24.2,75.6,6.93,755.0,groundnut
53.1,41.5,16.6,29.1,68.8,7.09,1078.1,groundnut
63.4,32.5,56.6,28.6,69.4,6.59,867.4,groundnut
74.6,41.4,11.4,28.1,72.5,6.67,793.3,groundnut
63.3,40.5,83.2,29.0,71.4,6.79,843.8,groundnut
51.4,52.9,44.8,28.8,66.2,6.83,643.7,groundnut
46.0,28.8,64.8,28.4,71.4,6.78,742.6,groundnut
64.3,23.8,38.1,28.9,68.6,6.75,805.4,groundnut
57.9,37.4,23.1,22.4,73.6,6.51,847.1,groundnut
65.8,36.0,60.1,26.4,67.6,6.78,695.8,groundnut
57.2,64.2,20.0,29.3,69.7,6.55,1079.6,groundnut
46.2,49.4,61.6,29.6,69.1,6.66,729.9,groundnut
69.4,38.9,59.9,29.8,66.3,6.77,853.1,groundnut
82.5,46.3,27.9,27.0,72.5,6.91,780.1,groundnut
78.4,35.1,52.2,21.0,68.5,7.0,649.0,groundnut
68.1,45.6,22.0,24.1,69.3,6.87,994.8,groundnut
65.6,27.4,21.0,26.0,71.3,6.55,973.0,groundnut
49.4,39.6,46.7,25.9,67.0,6.92,838.8,groundnut
41.2,28.2,37.8,32.1,69.2,6.56,919.2,groundnut
84.7,30.9,46.9,30.5,68.6,6.77,835.0,groundnut
59.2,53.6,46.1,26.6,71.6,7.01,873.5,groundnut
55.3,36.2,33.0,24.3,75.8,6.73,827.2,groundnut
68.3,35.6,41.9,24.1,68.1,6.68,581.9,groundnut
74.7,54.5,59.8,24.5,70.9,6.87,649.9,groundnut
56.6,44.7,59.0,29.2,70.7,6.69,783.4,groundnut
77.7,62.3,41.9,29.4,70.2,6.82,849.0,groundnut
52.3,40.1,40.2,27.0,72.6,6.85,868.4,groundnut
77.0,52.2,39.6,25.9,67.0,6.72,773.2,groundnut
63.0,29.3,61.8,32.0,69.1,6.38,843.6,groundnut
35.1,44.4,20.8,24.4,70.5,6.53,1000.2,groundnut
32.7,54.2,16.5,22.6,72.2,6.54,1080.9,groundnut
31.5,45.5,75.7,27.7,68.7,6.57,901.1,groundnut
48.2,42.5,27.6,24.6,71.9,6.29,733.7,groundnut
53.8,40.9,43.2,28.8,70.3,6.61,898.2,groundnut
69.5,32.1,48.7,31.1,69.1,6.86,935.1,groundnut
47.0,26.6,66.7,26.9,72.5,6.94,884.1,groundnut
45.3,42.6,38.2,32.0,69.3,6.69,935.5,groundnut
66.8,18.6,17.2,27.3,72.4,6.83,715.8,groundnut
69.8,36.1,45.6,24.8,68.8,6.56,940.2,groundnut
48.1,36.7,52.2,25.0,73.3,6.98,846.9,groundnut
51.1,55.1,27.7,27.7,73.5,6.79,891.2,groundnut
60.9,37.0,55.0,27.4,67.0,6.73,782.5,groundnut
50.2,20.6,36.5,25.6,67.0,7.2,892.2,groundnut
72.6,53.2,43.7,28.1,72.7,6.87,953.0,groundnut
78.0,55.2,22.7,25.6,68.2,6.95,860.4,groundnut
38.4,50.3,16.8,30.2,70.9,6.91,783.1,groundnut
51.5,32.8,37.9,27.0,73.3,6.9,963.9,groundnut
54.6,53.6,40.8,27.6,69.8,6.66,952.1,groundnut
58.4,38.4,57.3,31.3,68.7,6.67,960.9,groundnut
67.1,44.7,32.8,26.1,70.8,6.88,863.0,groundnut
53.4,42.1,57.8,26.6,69.5,6.58,878.9,groundnut
47.3,39.8,26.5,25.1,71.9,6.67,721.6,groundnut
74.2,27.1,46.8,33.0,70.5,6.85,759.7,groundnut
63.9,38.7,39.5,23.4,69.9,6.89,886.1,groundnut
70.2,32.6,53.1,23.9,73.8,6.79,755.0,groundnut
29.0,48.8,42.4,26.8,69.8,6.99,682.4,groundnut
54.1,37.7,24.2,34.0,65.6,7.01,1117.7,groundnut
70.1,15.5,27.7,25.8,64.1,6.63,1003.7,groundnut
25.2,45.2,28.8,24.5,70.1,6.92,877.3,groundnut
68.5,48.4,39.6,31.1,68.0,6.65,798.3,groundnut
66.2,59.0,28.1,25.1,71.7,6.85,711.8,groundnut
42.1,27.8,38.3,32.4,68.7,6.74,889.4,groundnut
51.0,24.6,32.2,29.4,75.4,6.74,767.8,groundnut
38.5,9.1,31.9,31.1,71.5,6.76,1051.1,groundnut
81.9,62.4,50.3,26.5,71.0,6.5,786.1,groundnut
75.1,45.4,58.9,26.7,69.2,6.81,779.5,groundnut
79.3,66.2,44.4,28.9,69.9,6.53,970.5,groundnut
61.3,30.9,29.2,26.1,69.1,6.76,905.2,groundnut
69.1,38.3,27.9,27.3,71.4,6.8,826.9,groundnut
79.2,35.3,10.0,24.9,68.8,6.63,965.4,groundnut
29.3,17.7,33.1,28.1,68.2,6.72,785.9,groundnut
73.4,40.5,39.2,28.9,69.2,6.75,819.3,groundnut
63.6,30.2,35.5,26.1,70.4,7.0,804.6,groundnut
50.3,26.2,41.3,30.3,66.5,6.83,859.1,groundnut
65.2,34.0,32.3,25.4,70.2,7.0,944.8,groundnut
46.2,66.9,48.3,26.6,66.4,6.8,907.6,groundnut
65.9,33.2,38.8,29.1,66.0,6.75,858.5,groundnut
78.5,30.0,69.1,29.1,70.7,6.85,863.0,groundnut
81.6,19.4,37.7,32.3,71.7,7.09,785.4,groundnut
49.4,21.1,38.7,26.2,72.4,6.53,949.9,groundnut
55.5,49.6,34.7,26.8,74.5,6.8,904.2,groundnut
48.0,49.7,24.6,27.1,67.0,6.69,870.3,groundnut
76.3,45.9,33.9,25.2,68.0,7.06,767.1,groundnut
72.3,37.2,28.3,27.3,69.2,6.55,1034.3,groundnut
64.6,52.5,62.2,26.9,71.2,6.69,831.9,groundnut
60.7,37.1,16.8,25.2,72.8,6.99,969.1,groundnut
68.7,25.8,27.3,27.7,70.8,6.71,1057.9,groundnut
38.1,43.8,52.7,29.5,68.7,7.08,915.2,groundnut
85.0,43.9,57.4,30.6,71.9,6.75,864.2,groundnut
51.5,17.7,13.6,24.6,71.3,6.85,836.7,groundnut
55.6,40.5,29.2,25.1,62.4,6.72,1175.2,groundnut
66.8,29.1,29.6,25.0,65.9,7.1,968.9,groundnut
59.1,46.5,49.7,30.4,70.1,6.74,693.4,groundnut
43.0,40.7,45.8,28.5,70.6,6.66,980.8,groundnut
62.3,14.8,61.7,23.1,67.8,6.58,901.7,groundnut
48.8,34.0,38.2,29.8,69.5,6.78,711.2,groundnut
55.0,45.2,57.5,27.5,70.1,6.82,834.5,groundnut
65.5,42.9,26.1,28.6,66.5,6.64,1053.1,groundnut
60.8,34.7,52.9,29.0,72.9,6.55,874.3,groundnut
41.4,37.0,74.8,28.9,72.5,6.75,793.8,groundnut
83.0,48.8,49.8,27.0,70.7,6.74,877.6,groundnut
91.0,58.7,38.3,26.8,69.2,6.83,931.1,groundnut
73.7,31.0,38.6,28.1,69.4,6.33,721.9,groundnut
40.8,47.9,26.9,26.4,73.4,7.01,970.2,groundnut
50.7,53.1,36.7,27.9,69.3,6.79,962.4,groundnut
66.9,34.0,50.0,26.2,72.3,6.49,889.7,groundnut
68.0,32.5,40.8,26.2,68.2,6.78,749.3,groundnut
41.7,39.1,57.0,25.9,68.8,6.62,806.3,groundnut
62.9,21.3,39.9,27.7,72.0,6.66,815.2,groundnut
51.1,45.9,26.4,26.7,68.9,6.31,632.7,groundnut
59.4,53.8,25.0,25.7,70.7,6.67,672.7,groundnut
35.5,25.1,36.1,30.7,72.6,6.73,820.2,groundnut
55.7,38.9,50.3,23.3,72.0,6.47,911.8,groundnut
58.1,30.2,71.8,28.5,66.5,6.75,801.7,groundnut
77.8,47.4,55.2,27.9,68.6,6.91,774.2,groundnut
73.5,28.1,31.0,24.4,67.1,6.9,844.7,groundnut
55.1,62.0,54.4,25.1,69.7,6.76,876.3,groundnut
66.6,38.0,58.5,27.1,65.8,6.45,671.5,groundnut
54.0,43.7,41.1,29.3,67.9,6.44,589.9,groundnut
83.6,49.8,49.1,27.5,75.8,6.78,713.1,groundnut
57.6,10.6,39.8,29.0,68.5,6.73,785.2,groundnut
66.2,38.0,45.2,28.9,67.3,6.76,698.0,groundnut
60.3,38.2,45.1,27.8,69.9,6.74,805.1,groundnut
68.9,30.2,57.6,29.9,64.2,6.49,900.7,groundnut
48.9,28.4,41.2,23.8,67.8,6.96,946.3,groundnut
56.6,34.1,17.1,23.8,72.2,7.02,739.4,groundnut
40.2,41.8,34.1,29.1,67.0,6.8,798.4,groundnut
64.1,38.9,11.9,28.0,70.5,6.42,680.5,groundnut
53.6,12.8,44.7,27.5,68.9,6.51,931.5,groundnut
83.1,48.8,24.8,29.4,69.4,6.96,795.3,groundnut
76.0,17.7,37.7,30.6,70.6,6.81,922.0,groundnut
71.3,26.0,54.4,24.7,68.0,7.33,897.9,groundnut
50.9,26.5,10.0,26.5,69.6,6.41,860.7,groundnut
65.6,41.2,47.7,26.2,66.3,6.95,819.5,groundnut
68.0,35.5,61.0,28.9,73.9,6.36,881.2,groundnut
66.3,32.4,42.0,28.4,73.6,6.72,836.7,groundnut
95.4,25.3,41.1,32.7,71.1,6.49,950.4,groundnut
41.6,59.9,20.7,28.7,68.2,6.88,923.7,groundnut
78.9,45.9,29.2,26.2,69.6,7.03,916.6,groundnut
73.2,45.1,36.0,27.2,67.9,6.7,679.6,groundnut
67.8,52.8,27.2,25.6,68.6,6.88,939.2,groundnut
49.8,24.6,28.4,26.4,69.2,6.62,849.7,groundnut
58.4,56.9,52.8,29.2,70.7,6.7,954.0,groundnut
69.5,22.7,50.4,21.0,68.7,7.04,750.6,groundnut
65.0,31.9,40.7,34.7,67.8,7.03,946.1,groundnut
59.2,49.5,20.9,26.9,67.0,6.64,768.3,groundnut
46.2,29.6,23.2,24.1,69.2,6.68,862.3,groundnut
68.8,39.6,47.1,23.0,71.2,7.06,889.4,groundnut
40.8,39.5,27.5,26.6,71.6,6.81,750.5,groundnut
43.6,32.0,50.1,29.8,74.3,6.97,800.2,groundnut
75.1,36.6,47.0,27.6,70.1,6.73,817.3,groundnut
65.6,32.2,37.6,28.7,69.8,6.78,995.1,groundnut
75.0,39.5,58.9,25.2,73.9,6.39,930.2,groundnut
74.4,69.4,32.1,28.2,69.7,6.76,963.3,groundnut
45.0,46.1,43.1,27.8,69.4,6.65,765.5,groundnut
93.6,39.0,40.7,25.3,72.2,6.66,714.1,groundnut
80.1,28.2,47.5,26.9,66.5,7.01,685.5,groundnut
62.5,54.8,46.0,30.8,70.0,6.65,695.4,groundnut
92.4,47.2,35.1,29.0,71.7,6.74,591.1,groundnut
50.5,31.4,37.3,32.2,70.7,6.49,841.6,groundnut
70.9,63.6,43.4,24.5,70.3,6.47,649.3,groundnut
67.2,25.9,36.0,28.2,71.6,6.74,590.9,groundnut
70.4,52.7,29.3,30.6,69.2,6.92,761.1,groundnut
59.4,59.0,59.0,27.1,67.6,6.57,745.2,groundnut
66.1,46.7,43.6,28.8,67.4,6.7,743.6,groundnut
55.7,42.2,38.1,27.3,68.6,6.48,875.0,groundnut
68.4,5.0,40.8,23.7,68.5,7.0,825.2,groundnut
75.2,22.0,56.8,24.7,64.3,6.91,680.5,groundnut
77.5,55.8,39.5,32.8,67.7,6.74,825.9,groundnut
54.2,42.3,12.0,25.2,69.8,6.77,878.3,groundnut
35.9,46.2,53.9,28.4,69.5,6.77,982.6,groundnut
65.9,33.3,47.5,31.6,71.3,6.42,573.0,groundnut
74.1,43.2,51.9,28.6,68.9,6.78,859.7,groundnut
68.0,33.8,42.3,24.0,68.8,6.9,857.5,groundnut
39.9,57.8,55.8,27.1,70.9,6.76,895.8,groundnut
78.6,15.6,14.4,27.7,71.5,6.62,910.5,groundnut
58.9,36.2,20.9,25.7,70.3,6.76,889.2,groundnut
38.5,36.7,55.8,24.1,67.3,6.48,700.2,groundnut
52.5,27.0,35.7,28.6,68.3,7.11,741.9,groundnut
40.2,44.7,54.8,26.1,70.1,6.99,750.1,groundnut
86.9,46.2,74.3,28.6,71.3,6.62,970.7,groundnut
46.2,48.9,42.0,22.8,72.2,6.84,1128.9,groundnut
44.5,55.3,38.8,23.1,68.4,6.86,916.5,groundnut
69.5,38.9,42.9,29.4,70.7,6.59,962.7,groundnut
64.5,39.6,32.1,26.6,70.1,6.64,641.2,groundnut
44.9,50.1,28.8,32.8,70.2,7.1,813.6,groundnut
63.8,31.1,49.7,26.9,72.9,6.56,896.2,groundnut
57.4,25.3,47.7,29.9,68.0,6.54,927.9,groundnut
78.8,52.1,38.8,31.0,71.3,6.6,758.2,groundnut
50.7,41.5,34.8,29.4,67.0,6.84,947.7,groundnut
53.3,53.3,26.5,27.6,67.1,6.42,957.4,groundnut
66.1,52.0,33.8,26.2,73.5,6.88,986.2,groundnut
69.9,35.9,50.4,29.2,74.0,6.95,757.0,groundnut
73.3,27.6,51.0,27.5,71.5,6.39,785.1,groundnut
49.6,28.9,55.3,23.8,71.1,6.91,801.7,groundnut
57.8,29.1,40.9,32.3,63.5,7.04,743.8,groundnut
67.2,60.4,26.5,32.4,72.0,6.78,926.7,groundnut
66.3,47.0,37.2,29.4,69.8,6.54,846.0,groundnut
42.6,57.1,68.1,31.1,64.7,6.85,859.7,groundnut
69.2,30.5,68.2,30.0,71.5,6.61,849.9,groundnut
94.8,31.3,40.9,25.0,69.6,6.86,658.9,groundnut
82.9,30.5,10.0,27.5,67.5,6.4,727.1,groundnut
84.3,52.5,10.0,26.5,71.3,6.85,992.2,groundnut
100.3,28.4,10.0,26.3,70.5,6.85,900.7,groundnut
56.5,34.2,34.7,21.4,69.6,6.47,957.5,groundnut
58.9,42.1,40.7,22.7,71.8,6.77,919.2,groundnut
73.3,23.8,75.2,23.1,70.5,6.61,752.2,groundnut
78.2,35.9,45.9,32.7,66.3,6.65,816.9,groundnut
81.8,46.1,57.7,27.6,71.3,6.69,916.7,groundnut
78.8,22.5,45.4,26.9,76.7,6.74,830.7,groundnut
68.7,27.4,31.3,26.5,68.3,6.67,1029.5,groundnut
66.9,24.3,26.2,26.0,69.8,7.09,866.4,groundnut
59.4,47.2,81.9,26.4,73.5,6.65,768.3,groundnut
47.4,49.6,26.3,27.1,68.9,6.93,1043.8,groundnut
52.8,48.7,16.0,29.8,71.6,6.83,944.1,groundnut
48.8,32.8,43.6,33.9,71.4,6.84,925.2,groundnut
59.8,52.6,42.5,26.3,69.8,6.82,711.8,groundnut
42.8,39.4,38.0,31.5,69.7,6.54,1119.1,groundnut
61.6,51.7,54.0,26.6,68.7,6.69,853.1,groundnut
54.9,47.3,42.0,21.9,71.6,6.73,929.2,groundnut
71.2,45.3,33.8,26.9,71.3,6.65,1103.3,groundnut
72.1,40.2,27.8,29.7,70.7,6.59,794.9,groundnut
74.0,46.5,51.1,27.4,72.3,6.98,877.4,groundnut
57.0,37.1,44.1,26.8,68.3,6.76,722.7,groundnut
57.7,15.5,56.3,30.0,68.8,6.52,883.0,groundnut
52.5,35.6,45.6,27.7,73.3,6.85,1056.5,groundnut
76.5,44.9,60.5,28.7,69.2,7.01,696.7,groundnut
71.2,49.6,47.6,24.4,69.7,6.66,780.8,groundnut
41.9,30.9,46.5,24.9,70.8,6.45,1056.5,groundnut
51.6,46.1,36.2,25.3,72.7,6.92,726.3,groundnut
51.1,51.2,41.1,29.0,71.3,6.75,814.4,groundnut
63.9,45.6,35.6,30.0,69.9,6.97,909.7,groundnut
63.1,27.7,59.4,26.4,67.8,6.78,871.9,groundnut
54.9,48.9,28.3,31.1,69.6,6.78,1009.8,groundnut
73.8,80.0,13.6,28.1,67.3,6.74,893.3,groundnut
59.5,38.1,49.5,25.9,66.9,7.12,780.5,groundnut
62.1,56.7,49.3,26.0,68.6,7.01,936.2,groundnut
33.5,34.1,34.7,21.7,74.1,6.69,708.6,groundnut
53.1,30.0,45.7,30.7,69.7,6.96,754.0,groundnut
30.5,50.6,25.0,29.5,71.6,6.65,843.3,groundnut
52.5,57.8,35.4,26.0,72.4,6.74,877.4,groundnut
38.2,31.5,39.4,26.9,70.3,7.02,666.5,groundnut
80.5,14.7,57.1,28.8,70.1,6.63,885.3,groundnut
42.6,28.5,48.1,32.6,68.5,6.8,936.5,groundnut
68.6,38.6,41.2,29.0,67.0,7.19,892.9,groundnut
50.1,36.0,29.3,26.0,76.2,6.59,749.5,groundnut
56.5,21.5,35.3,27.5,69.7,6.69,800.2,groundnut
52.3,52.1,70.2,27.2,69.3,6.92,818.2,groundnut
35.7,50.7,34.4,25.9,70.6,6.76,893.8,groundnut
71.5,47.5,37.9,30.4,72.8,6.85,848.2,groundnut
71.7,31.1,43.8,26.6,71.7,6.75,902.5,groundnut
83.7,47.2,16.3,30.4,69.7,6.92,879.6,groundnut
52.3,50.4,48.0,25.6,68.8,6.77,969.1,groundnut
63.6,80.0,18.8,25.9,72.3,6.86,950.2,groundnut
77.2,33.3,47.1,26.8,73.2,6.7,851.0,groundnut
58.9,28.5,35.8,29.7,72.0,7.02,780.4,groundnut
68.8,46.0,58.5,27.3,67.8,6.88,965.2,groundnut
52.9,22.8,42.0,28.2,69.9,6.76,787.9,groundnut
24.1,37.0,20.0,28.1,70.1,6.58,845.7,groundnut
48.9,52.0,23.0,28.4,69.9,6.69,725.3,groundnut
76.3,39.8,58.1,21.6,73.8,6.7,707.7,groundnut
44.6,37.0,47.2,25.4,72.0,6.51,883.2,groundnut
66.7,48.8,52.8,25.5,72.4,6.74,982.9,groundnut
78.7,56.0,44.8,28.8,65.9,6.78,782.0,groundnut
38.5,52.0,15.5,26.4,67.3,6.63,957.6,groundnut
53.7,21.9,21.1,28.5,71.0,6.57,1121.4,groundnut
41.4,46.9,71.5,25.7,70.3,6.23,752.8,groundnut
48.7,29.7,64.2,28.6,72.1,6.96,752.2,groundnut
75.2,52.6,18.5,24.8,71.4,6.99,1054.5,groundnut
40.3,21.1,34.3,29.3,69.4,6.38,998.1,groundnut
69.3,53.6,20.7,24.0,75.1,6.91,776.7,groundnut
69.3,51.3,48.0,25.1,68.3,6.68,862.0,groundnut
54.7,22.3,37.4,30.4,75.0,6.9,539.4,groundnut
39.0,37.0,55.1,25.5,71.7,6.63,991.3,groundnut
58.0,39.4,68.3,28.9,68.7,6.93,686.3,groundnut
62.8,43.8,49.2,24.8,68.9,6.68,981.1,groundnut
41.4,47.6,44.6,27.1,70.3,6.65,928.9,groundnut
74.6,38.7,44.0,25.8,68.5,6.38,684.7,groundnut
54.9,32.5,28.5,26.5,71.8,6.68,1056.6,groundnut
29.9,33.0,50.3,28.5,69.3,7.02,890.7,groundnut
54.7,29.9,27.1,31.0,73.7,7.07,872.9,groundnut
75.4,34.6,19.2,23.9,67.6,6.53,706.7,groundnut
32.6,50.9,34.7,26.5,69.3,6.71,879.2,groundnut
98.3,31.0,51.2,24.2,68.8,6.77,837.5,groundnut
84.2,39.4,60.5,26.7,73.1,6.78,804.5,groundnut
39.9,42.4,28.6,26.7,71.1,6.77,770.1,groundnut
75.1,45.1,74.1,29.5,69.1,6.56,772.6,groundnut
57.6,18.4,27.3,30.7,66.1,6.63,798.5,groundnut
51.9,40.1,45.9,30.0,67.8,6.85,749.8,groundnut
82.7,50.6,35.9,26.0,71.7,6.81,940.0,groundnut
51.6,40.5,63.4,25.6,69.8,6.74,868.1,groundnut
55.1,39.4,53.5,29.2,73.1,6.89,866.0,groundnut
59.1,53.6,68.4,28.1,66.9,6.65,899.7,groundnut
45.1,16.4,42.5,25.2,71.1,7.15,777.5,groundnut
53.3,31.5,41.0,24.1,72.0,6.71,916.2,groundnut
65.2,56.9,25.3,24.2,68.2,6.8,796.3,groundnut
40.2,62.2,16.1,26.6,71.2,6.63,959.1,groundnut
70.2,27.9,52.0,24.4,72.4,6.59,871.8,groundnut
22.8,38.2,45.8,29.5,72.2,6.57,747.6,groundnut
53.4,39.8,74.5,29.4,67.4,6.75,975.2,groundnut
67.3,52.5,67.7,27.0,69.4,6.91,735.6,groundnut
76.4,21.4,16.8,32.0,71.9,6.42,756.4,groundnut
47.5,41.8,53.8,27.0,67.7,6.65,958.6,groundnut
48.3,29.3,33.9,27.5,73.8,6.94,777.6,groundnut
41.6,41.7,44.2,30.0,73.3,6.68,547.7,groundnut
61.0,48.0,30.8,29.7,70.9,6.84,983.8,groundnut
76.1,55.1,16.8,26.5,74.1,6.63,667.2,groundnut
82.3,47.8,40.6,27.8,68.6,6.49,926.6,groundnut
63.3,44.5,33.2,24.9,70.4,6.66,731.6,groundnut
67.2,28.0,34.9,31.7,67.6,6.83,761.9,groundnut
43.6,30.1,57.1,23.6,72.0,6.51,784.1,groundnut
35.9,54.5,10.0,30.0,65.5,6.77,605.3,groundnut
64.7,42.1,54.1,25.6,73.7,6.75,874.3,groundnut
27.4,21.7,50.1,28.3,71.9,6.95,936.1,groundnut
79.8,48.1,39.5,32.4,69.4,6.93,887.9,groundnut
66.5,51.5,39.3,27.6,73.3,6.83,880.7,groundnut
47.1,43.8,33.8,28.1,68.4,6.64,1079.2,groundnut
61.9,6.0,10.0,22.7,67.3,6.83,962.5,groundnut
33.5,13.8,44.5,24.7,65.3,6.96,987.4,groundnut
54.4,47.4,35.0,27.4,67.0,6.81,644.7,groundnut
64.6,47.7,24.1,30.0,71.5,6.51,716.2,groundnut
54.5,60.5,26.7,28.4,71.2,6.61,915.8,groundnut
51.1,44.4,50.6,27.9,70.8,7.01,825.9,groundnut
35.4,30.6,50.9,24.4,60.3,6.75,489.6,sunflower
61.9,43.6,34.3,24.2,57.4,6.77,544.2,sunflower
57.4,8.9,51.3,25.3,61.0,7.03,604.0,sunflower
77.5,41.6,29.9,28.3,58.6,6.77,530.8,sunflower
69.4,48.3,23.2,23.4,67.8,6.53,554.8,sunflower
39.6,45.4,37.8,26.3,62.4,6.68,609.8,sunflower
77.5,49.8,35.8,26.1,57.7,6.76,512.5,sunflower
89.7,36.3,42.0,23.0,59.2,6.74,512.9,sunflower
50.1,35.6,26.1,26.3,63.7,6.65,546.1,sunflower
68.6,31.2,48.6,25.1,59.2,6.85,531.5,sunflower
57.0,60.0,42.6,23.1,63.6,6.71,486.3,sunflower
59.0,55.5,37.8,24.6,61.2,7.02,487.5,sunflower
77.0,44.7,10.0,23.7,58.1,7.01,504.8,sunflower
60.6,45.2,56.3,27.5,58.4,6.69,509.1,sunflower
65.7,46.4,28.5,25.9,59.1,6.59,526.2,sunflower
45.8,46.2,63.6,23.2,58.9,6.53,557.7,sunflower
37.9,59.4,13.0,26.7,59.8,6.9,446.7,sunflower
46.9,46.4,36.6,26.0,60.5,6.77,510.4,sunflower
49.2,54.1,44.4,26.0,59.4,6.85,497.9,sunflower
60.1,46.7,64.3,28.3,60.7,6.71,518.2,sunflower
68.8,30.4,39.8,27.4,57.3,6.68,557.5,sunflower
71.6,52.5,74.2,25.3,59.6,6.46,600.8,sunflower
68.7,35.2,46.4,24.3,60.9,6.85,467.8,sunflower
59.0,48.2,39.5,25.2,57.3,6.69,501.5,sunflower
65.1,48.0,38.7,24.1,59.8,6.62,547.4,sunflower
32.7,25.4,53.4,27.7,61.3,6.68,576.5,sunflower
52.8,50.0,53.6,23.5,57.8,6.72,542.1,sunflower
79.7,33.2,64.3,22.3,59.3,6.95,581.2,sunflower
38.3,52.3,33.3,22.0,59.0,6.56,481.8,sunflower
46.9,58.6,42.4,25.1,62.7,7.04,553.2,sunflower
69.9,53.2,26.9,25.3,60.8,7.04,513.4,sunflower
87.0,32.0,47.0,24.3,61.3,6.81,528.4,sunflower
64.4,24.2,65.4,25.8,59.8,6.63,508.3,sunflower
56.4,43.7,36.9,24.6,55.7,6.68,495.3,sunflower
39.8,36.1,75.2,29.8,61.5,6.83,472.1,sunflower
54.4,28.1,21.8,24.1,59.7,6.76,609.2,sunflower
88.2,29.9,46.9,24.0,61.4,6.68,556.4,sunflower
60.7,34.3,54.0,22.8,61.3,6.71,537.6,sunflower
53.8,44.3,51.3,26.5,61.8,6.85,543.3,sunflower
61.2,36.3,56.5,24.7,56.7,6.53,548.8,sunflower
53.7,38.6,29.0,24.7,59.9,6.82,572.9,sunflower
76.6,42.6,33.4,23.2,62.7,6.92,563.8,sunflower
65.7,47.2,60.8,23.8,61.3,6.77,451.9,sunflower
57.3,57.5,37.2,24.5,58.8,6.43,544.9,sunflower
80.3,28.8,60.8,23.5,62.2,6.85,541.0,sunflower
37.4,32.3,33.6,21.6,56.3,6.84,440.4,sunflower
62.7,35.6,37.5,26.2,62.3,6.48,578.3,sunflower
49.6,52.2,39.0,24.9,58.2,6.67,505.7,sunflower
63.9,25.1,67.6,26.7,63.5,6.51,570.5,sunflower
54.5,23.7,46.7,26.0,59.2,6.91,505.4,sunflower
61.9,41.2,34.7,27.1,61.9,6.64,522.0,sunflower
57.9,41.7,42.1,23.4,58.3,6.66,494.6,sunflower
36.5,27.9,24.4,24.8,57.9,6.79,525.6,sunflower
72.1,42.2,24.9,24.0,60.4,6.8,537.1,sunflower
57.5,47.7,40.1,25.0,59.2,6.82,486.1,sunflower
43.9,34.5,43.1,22.5,61.6,6.84,508.6,sunflower
64.6,48.3,26.7,24.1,60.6,7.09,510.9,sunflower
67.2,50.7,58.9,22.9,59.6,6.79,488.5,sunflower
58.4,13.3,20.6,21.5,64.2,6.82,484.1,sunflower
92.7,39.5,17.7,26.5,61.4,6.67,505.5,sunflower
75.7,37.1,25.7,26.0,58.4,6.79,528.1,sunflower
42.9,17.8,74.4,25.3,60.8,6.99,498.2,sunflower
64.5,11.0,50.5,25.2,57.5,6.66,473.1,sunflower
56.5,42.9,60.8,23.9,61.0,6.92,586.8,sunflower
50.4,29.8,57.8,23.6,61.3,7.01,543.4,sunflower
59.6,5.4,44.0,24.6,58.8,6.49,487.5,sunflower
60.6,44.7,40.5,22.4,58.2,6.59,577.9,sunflower
68.7,30.7,23.0,22.3,59.8,6.73,529.9,sunflower
81.0,22.5,18.5,26.0,60.7,6.52,443.8,sunflower
46.1,44.3,44.3,28.9,58.0,6.52,577.6,sunflower
100.0,51.0,36.9,24.3,58.0,6.4,596.5,sunflower
66.5,44.6,10.0,25.3,55.9,6.75,530.0,sunflower
79.7,39.6,36.8,25.3,59.9,6.52,544.4,sunflower
49.6,16.9,47.9,24.7,64.9,6.96,463.9,sunflower
69.0,19.8,44.1,26.2,59.2,6.44,527.7,sunflower
46.1,34.3,15.8,26.2,59.4,6.28,512.2,sunflower
75.3,61.1,59.1,27.1,58.8,7.08,492.6,sunflower
51.8,11.8,46.6,26.2,56.3,6.9,491.6,sunflower
93.4,55.8,55.2,25.4,63.5,6.59,470.8,sunflower
60.2,60.8,29.5,24.0,60.7,6.7,532.2,sunflower
66.1,51.8,25.6,25.8,56.1,6.95,501.5,sunflower
58.5,46.0,66.8,24.0,61.9,6.97,541.4,sunflower
80.8,32.9,27.4,24.4,59.6,6.79,536.7,sunflower
64.7,40.5,42.1,26.5,56.4,6.69,587.9,sunflower
56.6,22.1,29.8,25.1,53.6,6.75,494.4,sunflower
68.9,66.7,47.9,26.5,60.5,6.55,516.8,sunflower
58.2,60.7,66.8,25.7,58.3,6.93,535.5,sunflower
46.8,42.8,47.8,24.1,58.5,6.97,556.9,sunflower
43.0,53.9,64.1,26.3,61.1,6.79,482.4,sunflower
74.1,31.4,16.1,25.1,59.1,7.23,519.5,sunflower
77.2,7.5,48.1,24.3,60.6,6.76,507.5,sunflower
67.6,35.0,39.5,26.5,57.8,6.66,450.1,sunflower
62.1,50.4,43.9,23.7,58.4,6.59,527.7,sunflower
77.6,34.8,31.9,24.6,58.9,6.74,567.0,sunflower
61.1,32.2,45.1,26.2,63.0,6.39,483.4,sunflower
56.5,39.0,36.0,27.4,56.5,6.97,476.8,sunflower
75.0,33.4,59.7,24.4,59.4,6.59,487.0,sunflower
49.0,31.1,52.6,26.1,57.3,6.71,483.2,sunflower
49.0,52.9,30.6,25.5,57.3,6.41,576.3,sunflower
30.6,32.1,47.2,27.7,61.5,6.75,502.8,sunflower
19.2,33.3,27.9,24.9,59.6,6.78,506.8,sunflower
29.8,29.1,34.7,26.2,60.4,6.77,556.6,sunflower
44.6,12.8,51.8,24.8,55.1,6.93,524.8,sunflower
45.5,44.7,26.6,23.5,55.6,6.67,553.8,sunflower
89.3,35.6,28.4,25.7,58.4,6.92,507.4,sunflower
37.4,26.2,61.8,24.8,55.5,6.56,529.5,sunflower
42.5,34.5,58.4,21.2,59.1,6.8,540.5,sunflower
60.6,22.7,53.7,24.2,53.2,6.85,583.7,sunflower
70.6,68.2,26.5,23.8,57.5,6.65,534.6,sunflower
49.4,28.4,32.9,27.1,61.6,6.89,580.8,sunflower
55.4,50.3,23.8,25.4,58.1,6.62,512.4,sunflower
77.8,36.1,28.4,25.9,58.7,6.81,546.9,sunflower
36.0,55.1,37.3,23.4,62.0,6.74,489.8,sunflower
45.5,37.7,46.6,25.8,57.9,6.52,550.1,sunflower
25.9,51.5,37.0,28.1,55.1,6.72,562.4,sunflower
61.5,28.6,44.4,25.1,60.2,6.62,515.2,sunflower
87.3,21.6,21.0,25.5,59.8,6.94,544.9,sunflower
64.5,20.1,42.9,24.7,61.2,6.84,506.2,sunflower
47.0,45.0,39.7,28.1,59.8,6.87,546.5,sunflower
62.0,42.5,42.2,23.1,60.1,6.9,535.2,sunflower
58.1,23.1,62.4,25.2,61.8,6.57,572.5,sunflower
45.8,47.9,39.9,23.8,64.6,6.64,493.3,sunflower
63.8,50.6,52.7,23.5,61.6,6.91,539.0,sunflower
57.9,50.2,44.1,24.2,61.6,7.01,596.1,sunflower
63.6,51.8,18.8,26.6,58.6,6.98,507.5,sunflower
61.3,45.8,42.5,23.7,63.2,6.99,503.2,sunflower
56.6,59.8,42.4,23.3,57.7,6.68,527.5,sunflower
66.5,10.3,27.9,24.3,58.3,7.25,550.6,sunflower
36.2,28.3,18.9,28.0,58.8,6.83,531.2,sunflower
50.1,49.4,28.4,24.4,61.5,6.84,592.1,sunflower
57.0,56.3,46.3,24.7,59.8,6.92,556.4,sunflower
87.6,22.2,34.2,23.5,59.4,6.93,502.4,sunflower
39.8,47.3,44.6,27.0,59.6,6.86,522.7,sunflower
62.7,15.4,55.7,25.3,59.8,6.76,570.0,sunflower
63.2,37.4,14.0,26.0,60.9,7.0,547.5,sunflower
56.6,29.1,54.2,22.9,60.2,6.64,512.3,sunflower
67.0,41.9,23.4,24.5,59.3,6.82,574.1,sunflower
72.6,41.3,14.0,24.4,64.1,6.12,438.5,sunflower
63.4,35.6,59.9,25.4,61.1,6.74,478.9,sunflower
43.0,16.1,45.3,23.3,59.6,6.73,496.9,sunflower
49.9,53.5,27.3,25.5,63.1,6.76,596.0,sunflower
45.2,17.1,34.0,26.5,64.9,6.55,465.2,sunflower
64.2,48.3,42.5,25.7,57.8,6.48,500.1,sunflower
79.2,55.3,51.9,26.2,58.4,6.71,474.4,sunflower
71.5,37.0,70.6,26.3,60.3,6.44,492.1,sunflower
51.3,39.7,25.2,25.4,59.3,6.63,493.5,sunflower
39.8,48.7,13.5,24.9,60.4,6.61,442.7,sunflower
64.0,42.8,53.7,26.0,57.8,6.7,544.5,sunflower
55.6,38.5,34.9,26.2,62.9,6.77,568.1,sunflower
76.6,48.7,39.4,27.4,62.8,6.66,493.4,sunflower
80.1,36.1,73.0,25.4,61.4,6.93,478.8,sunflower
38.5,26.4,21.7,24.5,59.6,6.72,506.3,sunflower
47.9,47.9,44.0,25.4,58.3,6.73,587.4,sunflower
57.4,51.9,31.4,26.5,59.9,6.71,483.1,sunflower
68.9,23.6,46.9,24.3,65.4,6.57,492.0,sunflower
70.6,45.6,29.8,23.1,60.8,6.74,531.3,sunflower
61.7,41.1,34.4,25.8,62.4,6.48,534.5,sunflower
79.9,44.9,16.6,26.8,61.8,6.61,495.4,sunflower
47.2,46.1,16.9,26.9,60.2,6.63,548.4,sunflower
67.8,36.8,65.0,23.9,56.5,6.49,554.1,sunflower
44.9,36.0,42.4,24.5,62.8,6.5,460.4,sunflower
75.9,29.3,39.2,25.6,53.6,6.57,565.0,sunflower
79.3,20.8,66.8,27.2,59.3,6.72,517.9,sunflower
24.9,54.6,10.0,24.6,58.0,6.54,510.8,sunflower
47.6,45.7,42.8,24.9,60.7,6.38,506.6,sunflower
74.6,46.6,42.7,23.9,64.3,6.95,529.3,sunflower
54.6,14.9,51.4,23.9,64.9,6.92,527.3,sunflower
78.8,35.0,43.9,26.6,58.3,6.38,502.4,sunflower
48.7,74.8,54.8,23.2,63.7,6.68,464.7,sunflower
47.4,45.0,64.9,23.8,56.0,6.69,555.7,sunflower
45.3,31.4,27.0,22.2,61.9,6.56,602.4,sunflower
51.4,43.6,56.9,23.6,59.5,6.89,449.4,sunflower
80.4,33.9,46.9,22.5,56.2,6.49,497.2,sunflower
37.8,40.4,40.4,25.3,60.4,6.77,554.5,sunflower
33.5,38.0,10.0,23.4,60.6,6.98,438.8,sunflower
61.0,28.4,38.0,26.1,59.8,6.87,574.3,sunflower
57.1,32.3,47.5,25.0,60.9,6.77,518.9,sunflower
70.1,29.3,34.9,25.7,57.9,6.54,532.4,sunflower
45.2,45.1,36.8,22.4,56.9,6.51,543.5,sunflower
46.9,16.3,32.8,23.9,61.3,6.38,593.9,sunflower
64.8,19.7,38.2,26.7,59.4,6.66,535.4,sunflower
67.9,19.5,28.7,25.3,57.8,7.12,471.9,sunflower
66.0,28.2,63.9,25.0,62.2,6.95,621.2,sunflower
59.8,43.3,42.9,26.4,64.3,7.04,578.1,sunflower
57.8,43.6,59.5,26.5,60.4,6.73,538.8,sunflower
53.5,30.6,62.6,23.4,60.9,7.06,528.0,sunflower
59.2,43.5,48.8,25.8,62.6,6.4,507.4,sunflower
62.4,31.3,26.2,23.6,63.9,6.75,489.9,sunflower
84.2,65.6,18.0,24.1,58.4,6.71,574.8,sunflower
59.8,38.4,53.2,21.5,57.6,6.84,495.3,sunflower
59.1,44.9,35.1,21.5,59.7,6.94,499.2,sunflower
81.7,45.0,36.9,24.9,59.4,6.76,512.8,sunflower
67.4,46.1,18.7,25.9,61.5,6.68,532.6,sunflower
22.9,52.3,10.0,24.4,59.2,6.56,517.9,sunflower
35.1,29.3,42.9,28.3,58.3,6.46,515.1,sunflower
46.4,46.0,24.7,27.4,60.9,6.4,460.5,sunflower
47.0,34.5,43.7,27.6,61.2,6.65,556.5,sunflower
94.2,29.2,14.7,25.4,58.2,6.46,490.9,sunflower
57.2,48.8,48.8,20.9,61.0,6.73,497.0,sunflower
81.4,30.7,31.3,23.5,60.2,6.64,535.9,sunflower
71.6,38.8,54.4,24.2,62.7,7.0,563.6,sunflower
52.8,45.0,36.8,25.6,58.8,6.72,519.8,sunflower
46.4,38.7,44.4,25.8,60.0,6.67,546.1,sunflower
75.1,55.7,24.8,22.7,59.7,6.58,450.9,sunflower
71.5,35.0,37.0,22.2,60.5,6.82,549.0,sunflower
63.8,50.6,71.0,26.4,65.1,6.81,543.6,sunflower
43.5,47.7,44.5,26.2,58.3,6.78,513.0,sunflower
41.1,15.8,30.9,25.9,63.4,6.54,450.9,sunflower
80.4,36.9,37.8,25.3,61.7,6.99,520.7,sunflower
67.6,48.2,58.2,24.8,65.1,6.81,507.8,sunflower
52.7,38.0,54.8,24.6,61.5,6.46,546.3,sunflower
34.1,18.6,37.9,30.8,58.8,6.83,506.8,sunflower
44.7,54.3,29.1,24.1,59.1,6.51,571.5,sunflower
86.6,46.6,52.3,24.4,58.5,6.81,512.4,sunflower
59.9,49.2,62.9,23.4,63.4,6.71,540.5,sunflower
55.2,24.4,36.0,27.0,60.8,6.64,472.2,sunflower
73.3,34.2,14.7,23.6,61.2,6.8,518.3,sunflower
63.9,51.9,30.2,27.7,61.5,6.85,547.8,sunflower
63.8,37.5,52.8,26.3,60.3,6.66,539.8,sunflower
63.8,38.3,66.8,24.2,61.4,7.15,482.1,sunflower
55.0,44.1,82.4,25.8,64.3,6.61,518.8,sunflower
73.6,31.9,22.8,23.5,60.6,7.03,477.7,sunflower
56.0,36.7,49.1,23.9,60.8,6.7,529.3,sunflower
60.2,32.0,63.7,25.6,60.9,6.4,550.9,sunflower
62.1,44.9,38.6,23.1,62.0,6.8,445.3,sunflower
50.2,25.4,45.8,24.2,57.3,7.03,532.0,sunflower
54.4,41.6,28.9,23.6,55.0,6.44,574.8,sunflower
56.5,26.4,48.6,24.6,58.2,6.45,597.1,sunflower
74.2,33.2,65.2,25.8,60.9,6.55,519.4,sunflower
81.7,44.3,72.1,24.5,59.5,6.86,506.2,sunflower
50.1,22.4,54.0,23.6,57.2,6.66,516.5,sunflower
56.6,46.1,39.7,26.0,60.8,6.67,508.3,sunflower
75.4,33.6,54.7,25.0,62.1,6.99,445.3,sunflower
25.0,42.3,23.2,25.7,59.2,6.73,488.9,sunflower
62.3,29.7,27.1,23.2,59.1,6.56,531.5,sunflower
56.5,32.4,30.7,27.0,60.8,7.04,531.7,sunflower
50.7,35.1,64.4,28.1,57.7,6.78,521.0,sunflower
48.6,52.0,29.2,25.2,58.9,6.4,471.7,sunflower
60.9,46.8,35.9,29.4,58.9,6.77,416.1,sunflower
52.6,36.9,49.3,27.1,59.4,6.54,473.8,sunflower
43.3,42.8,57.5,23.3,60.1,6.78,513.4,sunflower
76.0,48.1,22.6,26.9,61.3,6.72,513.4,sunflower
58.2,38.1,38.1,24.7,59.8,6.53,497.6,sunflower
81.1,38.8,43.9,25.4,62.0,6.91,460.8,sunflower
67.8,44.7,26.6,26.7,61.2,6.61,495.7,sunflower
76.2,45.0,40.2,25.9,59.6,6.9,506.7,sunflower
56.7,28.9,38.7,26.2,62.2,6.63,511.4,sunflower
100.6,54.2,55.3,27.5,64.1,6.63,588.5,sunflower
57.8,34.9,39.6,25.4,58.4,6.67,459.9,sunflower
81.3,35.4,51.7,25.8,59.5,6.7,528.2,sunflower
94.0,50.6,40.8,25.0,65.8,6.98,447.3,sunflower
55.7,41.7,47.1,26.0,57.9,7.14,505.1,sunflower
31.4,32.0,56.2,24.6,59.8,7.41,565.2,sunflower
78.2,41.7,28.7,22.4,59.2,6.73,533.2,sunflower
58.7,49.2,38.1,26.7,56.5,6.62,534.7,sunflower
70.9,37.8,23.5,26.6,58.3,6.76,528.0,sunflower
56.5,45.5,38.7,25.3,63.7,6.96,487.2,sunflower
66.3,17.4,44.9,27.5,60.5,6.57,457.9,sunflower
55.3,51.3,56.5,28.2,56.2,6.87,502.3,sunflower
49.1,32.2,59.6,26.7,64.6,6.9,523.9,sunflower
72.3,37.3,59.7,26.1,59.1,6.74,494.9,sunflower
77.5,40.9,32.1,25.6,57.1,7.03,581.8,sunflower
43.0,37.8,26.2,27.2,60.0,6.84,505.9,sunflower
91.4,32.4,21.1,22.4,58.4,6.87,611.8,sunflower
62.3,18.1,49.3,27.9,59.0,6.64,486.2,sunflower
55.4,40.7,30.2,25.8,62.1,6.84,561.1,sunflower
47.7,52.6,51.9,25.3,60.3,6.67,492.1,sunflower
67.1,45.9,43.5,25.1,57.8,6.74,452.4,sunflower
75.5,47.0,23.0,25.1,58.4,7.06,516.0,sunflower
61.6,17.4,38.6,23.0,58.7,6.54,523.7,sunflower
56.8,32.4,21.7,25.8,55.5,6.4,544.9,sunflower
42.0,28.0,34.9,21.4,59.7,6.71,488.2,sunflower
43.6,44.0,45.4,23.6,61.4,6.84,538.4,sunflower
48.4,37.6,31.4,27.5,63.1,6.66,607.3,sunflower
80.6,47.4,37.1,28.5,61.6,6.9,564.8,sunflower
50.8,58.5,37.6,26.2,57.2,7.2,555.6,sunflower
82.1,39.9,52.9,26.9,56.4,6.95,527.2,sunflower
67.7,52.3,65.3,23.8,62.8,6.82,527.6,sunflower
40.7,43.2,22.8,26.9,60.0,6.79,538.8,sunflower
59.4,54.4,35.9,24.4,59.0,7.01,556.3,sunflower
53.6,12.5,31.0,24.8,59.6,6.82,573.1,sunflower
71.7,59.1,35.2,27.4,62.2,6.92,539.0,sunflower
66.0,51.0,43.5,27.5,61.1,6.36,552.9,sunflower
56.0,34.9,41.5,27.1,59.3,6.77,579.0,sunflower
61.9,39.2,24.8,25.4,59.9,6.83,437.9,sunflower
47.4,42.4,31.6,22.8,55.5,6.74,502.8,sunflower
55.9,43.0,37.2,21.8,60.5,6.9,484.1,sunflower
80.7,31.9,42.6,24.6,59.9,6.64,491.2,sunflower
74.6,39.5,52.4,23.2,57.5,6.64,516.7,sunflower
74.3,45.9,33.6,24.6,62.0,6.88,555.6,sunflower
67.3,36.3,33.6,22.6,61.0,6.96,493.3,sunflower
47.3,31.4,29.6,25.1,60.1,6.66,550.3,sunflower
68.8,60.4,45.1,24.9,58.6,6.88,491.3,sunflower
56.2,25.8,25.6,22.7,60.3,6.74,460.8,sunflower
42.8,43.8,30.3,26.8,60.7,6.87,567.5,sunflower
58.8,29.1,56.7,27.1,56.1,6.52,545.2,sunflower
41.4,39.2,26.3,21.9,56.0,6.68,522.1,sunflower
57.5,57.0,45.4,23.8,58.9,6.24,569.3,sunflower
64.8,54.1,23.9,26.5,61.6,6.66,499.5,sunflower
61.3,47.5,29.7,22.0,60.8,7.06,507.5,sunflower
64.0,31.8,31.5,23.9,64.0,6.75,539.4,sunflower
61.6,38.9,51.9,26.9,58.1,6.71,464.4,sunflower
73.9,62.1,39.2,29.9,60.7,6.62,481.0,sunflower
58.0,48.0,21.3,26.7,63.2,7.07,484.7,sunflower
62.9,55.2,67.5,24.0,65.9,6.41,547.7,sunflower
57.0,41.2,30.7,24.7,61.9,7.08,579.0,sunflower
60.9,34.2,34.0,24.5,58.0,7.09,512.5,sunflower
77.1,33.6,46.9,22.4,57.8,6.64,550.5,sunflower
39.2,49.1,82.1,24.1,58.4,6.72,503.8,sunflower
48.5,34.7,55.7,26.0,61.7,6.46,486.6,sunflower
69.1,30.9,38.4,26.2,62.0,6.65,465.5,sunflower
50.5,28.4,34.3,23.6,57.0,6.59,520.7,sunflower
60.5,20.4,43.7,25.1,57.2,6.56,580.3,sunflower
51.9,51.5,39.8,25.0,65.6,6.76,547.7,sunflower
46.2,24.0,23.5,24.7,61.9,6.57,599.5,sunflower
62.5,34.6,30.5,26.9,55.5,6.84,503.8,sunflower
43.5,34.6,20.0,25.0,61.0,6.42,528.1,sunflower
63.4,42.8,10.0,25.8,58.5,6.87,553.1,sunflower
42.0,36.0,33.8,24.7,59.6,6.67,500.1,sunflower
100.9,51.9,42.5,26.5,58.6,6.52,519.1,sunflower
64.1,30.3,31.8,22.6,64.2,7.05,461.8,sunflower
74.3,24.6,41.2,23.6,59.5,6.9,611.6,sunflower
62.2,31.8,25.8,24.5,61.5,6.74,578.7,sunflower
36.5,43.9,49.2,23.7,62.3,6.87,545.6,sunflower
43.6,47.8,14.6,27.8,62.7,7.05,469.3,sunflower
54.8,47.3,27.2,25.0,61.7,6.74,481.7,sunflower
56.2,57.2,61.2,25.0,59.2,6.77,554.0,sunflower
71.7,50.8,61.4,24.9,57.5,7.17,520.1,sunflower
57.3,43.7,23.8,24.9,63.7,6.65,513.8,sunflower
42.4,35.6,62.4,26.3,58.6,6.97,547.9,sunflower
67.9,53.2,39.0,24.8,60.6,6.7,463.2,sunflower
73.0,52.8,52.7,21.0,57.5,6.85,548.3,sunflower
45.2,51.1,12.8,24.5,61.1,6.9,520.1,sunflower
63.0,33.2,47.1,21.5,61.3,6.87,456.2,sunflower
51.3,44.6,41.3,23.9,57.9,6.87,511.4,sunflower
43.2,33.3,35.9,27.7,63.1,6.9,527.9,sunflower
59.7,35.0,45.5,25.9,61.6,6.6,557.3,sunflower
84.5,60.3,30.2,22.3,55.6,6.55,524.0,sunflower
44.3,30.2,45.9,25.8,63.4,6.8,545.1,sunflower
50.6,38.1,38.8,22.0,62.1,7.25,453.5,sunflower
51.3,40.1,55.5,25.4,59.7,6.9,489.4,sunflower
77.7,36.9,45.2,24.9,54.3,6.54,461.0,sunflower
68.0,31.5,25.5,27.2,66.7,6.73,473.1,sunflower
39.4,33.8,22.9,25.0,60.2,6.35,499.6,sunflower
49.5,34.0,57.2,30.1,60.7,6.55,532.6,sunflower
35.1,23.2,37.2,22.6,61.1,6.32,510.7,sunflower
77.6,21.1,38.3,24.2,54.5,6.67,563.8,sunflower
60.6,27.5,21.5,26.3,56.9,6.82,583.6,sunflower
47.3,46.7,21.7,22.9,62.9,6.76,679.7,sunflower
52.3,51.6,39.3,25.5,59.6,6.64,559.9,sunflower
66.8,39.2,61.0,27.8,56.8,6.77,448.9,sunflower
56.9,72.2,41.4,23.4,62.7,7.08,525.7,sunflower
72.3,39.8,24.4,27.8,59.6,6.97,510.6,sunflower
51.6,50.7,37.8,29.4,60.2,6.39,513.6,sunflower
96.8,56.2,42.0,29.4,58.5,7.07,537.1,sunflower
42.9,40.9,56.8,24.7,60.9,6.82,456.6,sunflower
50.0,36.4,43.9,24.5,55.0,7.09,538.6,sunflower
74.0,7.2,20.9,24.7,59.1,6.64,565.0,sunflower
52.7,50.3,24.6,25.4,62.1,6.24,559.9,sunflower
57.4,46.8,48.9,24.6,60.2,6.84,543.8,sunflower
53.6,42.4,69.4,26.4,62.5,6.66,558.2,sunflower
81.2,28.6,23.8,25.4,63.7,7.03,594.9,sunflower
53.7,45.7,29.6,23.6,59.3,6.64,571.6,sunflower
60.1,35.7,49.1,24.2,62.3,6.44,512.3,sunflower
63.7,47.1,28.8,24.8,65.4,7.04,486.8,sunflower
66.1,41.0,47.8,25.3,63.1,6.55,635.6,sunflower
63.2,41.3,71.2,28.0,59.5,6.54,487.1,sunflower
60.4,41.7,36.7,23.6,53.4,7.11,562.8,sunflower
54.1,36.4,35.8,25.8,60.4,7.0,500.2,sunflower
75.9,24.4,51.2,26.6,58.9,6.78,518.7,sunflower
70.6,21.4,27.9,25.6,60.0,6.76,541.5,sunflower
65.4,37.4,48.9,22.2,63.1,6.34,600.5,sunflower
51.1,35.4,49.7,25.6,59.8,6.94,519.1,sunflower
35.5,37.6,42.5,26.4,58.8,6.44,537.2,sunflower
80.4,31.1,39.6,24.4,57.0,6.78,481.2,sunflower
61.8,41.4,27.2,23.8,59.7,6.94,550.1,sunflower
43.5,51.9,42.0,23.6,60.6,7.13,544.2,sunflower
52.3,50.8,33.1,23.4,58.4,6.65,413.5,sunflower
70.1,51.6,17.5,25.5,61.0,6.51,466.9,sunflower
49.9,31.6,33.6,28.2,60.9,6.89,506.1,sunflower
78.5,50.5,52.0,25.8,63.5,6.98,549.3,sunflower
60.7,44.0,10.0,24.3,56.1,7.01,501.9,sunflower
58.2,63.7,36.5,23.9,60.8,6.63,565.6,sunflower
97.2,57.7,43.5,25.2,60.5,6.98,524.7,sunflower
51.5,51.5,60.5,27.0,60.0,6.62,462.7,sunflower
76.7,67.2,58.0,22.8,58.4,6.88,517.7,sunflower
98.5,40.9,61.5,26.9,58.3,6.76,483.3,sunflower
70.3,24.5,12.6,24.3,59.9,6.66,524.0,sunflower
60.0,40.9,25.0,24.6,58.1,7.19,547.9,sunflower
63.6,29.2,61.6,26.0,60.5,6.81,567.7,sunflower
62.8,41.1,31.1,24.5,57.0,6.92,597.0,sunflower
53.9,34.8,44.9,26.1,64.5,6.88,547.3,sunflower
31.8,45.5,37.1,27.5,62.6,6.81,541.1,sunflower
52.9,36.2,38.2,27.0,64.5,6.72,593.8,sunflower
92.3,37.2,33.6,25.3,60.1,6.37,486.6,sunflower
81.3,50.5,22.4,25.9,54.9,6.62,559.9,sunflower
34.5,49.7,63.1,27.0,58.0,6.75,556.5,sunflower
29.0,52.9,58.1,24.4,61.1,6.71,524.8,sunflower
49.5,29.5,20.5,26.1,59.7,6.83,583.2,sunflower
64.0,60.7,41.8,25.6,62.7,6.42,528.7,sunflower
55.3,44.3,39.0,26.5,63.4,6.48,622.6,sunflower
38.9,45.9,30.5,27.2,59.8,6.95,524.2,sunflower
30.3,44.3,20.5,26.3,61.3,6.65,509.8,sunflower
59.7,11.6,45.9,27.5,61.8,6.7,548.5,sunflower
62.7,24.2,60.3,23.1,57.3,6.87,538.2,sunflower
57.5,58.4,46.0,24.7,62.6,6.65,488.3,sunflower
24.5,48.1,48.9,26.0,58.3,6.69,520.3,sunflower
51.4,33.8,51.2,22.5,52.5,7.15,540.8,sunflower
47.5,49.5,20.9,25.8,60.1,6.83,461.2,sunflower
72.0,55.0,65.6,26.0,58.9,6.44,462.8,sunflower
50.4,32.2,40.4,24.3,62.5,6.76,492.8,sunflower
78.2,37.5,52.6,27.0,63.3,6.72,481.0,sunflower
84.5,22.6,56.3,23.6,61.6,6.4,542.6,sunflower
46.7,37.1,32.8,24.2,61.1,6.69,557.0,sunflower
53.8,39.0,28.7,25.6,58.0,6.52,528.6,sunflower
68.9,33.1,59.2,25.6,62.5,6.82,515.8,sunflower
50.9,41.2,35.7,25.4,62.2,6.71,579.9,sunflower
31.1,44.6,29.2,23.8,64.8,6.5,480.9,sunflower
74.3,46.6,35.7,24.5,61.0,6.8,467.9,sunflower
79.4,56.7,32.3,22.3,57.9,6.54,491.8,sunflower
30.6,21.1,46.3,26.3,58.5,6.77,535.8,sunflower
69.9,45.5,37.9,26.6,57.4,6.92,562.7,sunflower
66.4,45.6,38.5,24.1,62.0,6.71,555.6,sunflower
77.4,31.2,67.3,23.8,62.2,6.59,527.9,sunflower
55.4,36.0,29.9,26.3,56.6,6.65,506.6,sunflower
76.8,40.2,54.2,25.1,58.0,6.95,521.2,sunflower
45.9,47.3,47.7,26.1,61.1,6.58,499.9,sunflower
65.6,48.8,29.3,25.8,55.7,6.47,530.9,sunflower
47.5,44.2,35.3,27.8,63.0,6.44,498.4,sunflower
43.6,37.3,33.9,26.4,63.6,6.66,536.0,sunflower
37.7,39.0,41.9,23.9,56.4,6.99,488.8,sunflower
59.2,39.9,22.0,25.6,56.4,6.6,523.1,sunflower
68.0,41.7,37.3,26.0,64.2,6.39,487.4,sunflower
80.0,33.5,31.3,26.0,59.2,6.55,494.7,sunflower
75.2,46.2,10.7,27.2,64.1,6.73,453.8,sunflower
51.6,53.4,25.5,26.1,59.4,7.07,480.4,sunflower
60.4,23.7,32.3,27.5,61.1,6.73,520.1,sunflower
46.6,60.1,37.9,23.8,60.2,7.01,470.5,sunflower
65.6,47.3,20.2,24.2,65.6,6.82,513.8,sunflower
56.4,40.0,35.4,26.8,57.6,6.66,490.4,sunflower
60.4,55.3,44.6,24.1,60.1,6.42,497.7,sunflower
52.5,41.4,21.5,26.2,61.6,6.64,582.5,sunflower
61.1,39.5,59.1,29.2,63.7,6.72,525.2,sunflower
33.8,32.5,46.4,29.1,59.4,6.83,464.1,sunflower
45.6,28.2,10.0,24.2,61.3,6.65,526.0,sunflower
61.2,44.3,14.0,25.9,63.0,6.87,518.2,sunflower
70.0,33.2,36.4,25.6,58.2,6.67,516.3,sunflower
76.6,42.1,15.4,26.0,60.4,6.73,514.4,sunflower
93.0,46.3,68.8,26.3,58.7,6.71,498.0,sunflower
66.2,23.6,24.8,25.1,64.5,6.9,555.6,sunflower
47.3,32.4,47.2,25.5,59.7,6.88,567.2,sunflower
59.6,22.5,35.4,25.1,58.7,6.47,509.2,sunflower
62.6,27.3,40.9,24.7,57.4,6.84,584.6,sunflower
49.3,13.3,31.3,22.8,59.5,6.92,527.6,sunflower
55.8,49.4,40.4,26.0,58.6,6.98,531.1,sunflower
68.6,25.2,48.4,26.1,63.4,6.6,557.0,sunflower
35.3,52.1,58.7,22.2,60.8,6.79,605.3,sunflower
58.5,42.0,54.3,24.6,59.1,7.07,506.8,sunflower
72.1,51.7,36.5,20.9,59.3,6.78,521.6,sunflower
38.9,44.5,37.0,24.8,61.9,6.97,526.0,sunflower
68.9,47.2,31.8,28.4,57.1,6.64,479.1,sunflower
45.5,35.0,39.1,26.7,62.1,6.49,506.9,sunflower
48.3,23.9,41.5,23.6,61.1,6.9,489.4,sunflower
56.0,37.0,27.8,25.8,64.2,6.59,481.3,sunflower
55.5,32.2,50.2,28.0,64.3,6.69,486.1,sunflower
43.2,30.6,60.5,28.3,59.2,7.02,501.5,sunflower
76.3,16.4,24.7,25.7,61.6,6.46,489.0,sunflower
48.9,38.6,52.6,25.6,60.0,6.86,472.4,sunflower
79.7,44.6,36.2,25.7,57.9,6.56,588.3,sunflower
79.0,41.2,19.6,24.0,59.0,6.9,558.9,sunflower
34.3,34.5,32.5,25.9,63.0,6.78,571.1,sunflower
63.2,12.5,33.9,26.4,62.2,6.62,542.2,sunflower
41.6,38.5,49.9,22.5,61.2,6.83,597.5,sunflower
53.5,30.2,45.1,23.5,62.8,6.55,506.0,sunflower
65.5,23.6,40.6,26.3,61.0,6.98,591.9,sunflower
47.2,36.9,38.7,25.1,59.8,6.68,569.4,sunflower
40.8,46.1,20.8,26.0,65.9,6.58,491.0,sunflower
77.1,45.1,40.7,25.0,61.6,6.78,496.1,sunflower
68.9,36.1,36.8,25.3,58.3,6.79,484.6,sunflower
50.7,39.3,62.7,24.3,60.0,6.87,540.7,sunflower
72.3,18.7,18.7,28.4,63.3,6.99,515.2,sunflower
69.2,61.5,30.9,24.2,57.7,6.85,504.2,sunflower
54.6,39.0,42.0,23.9,56.8,7.1,532.8,sunflower
67.2,34.1,49.2,24.8,65.9,6.77,513.5,sunflower
70.5,39.7,40.1,25.1,61.2,6.92,535.4,sunflower
24.5,43.7,28.4,23.1,60.3,6.92,517.7,sunflower
73.0,41.7,16.0,26.3,59.9,7.02,580.4,sunflower
80.2,41.6,58.4,25.6,52.9,6.54,490.5,sunflower
59.1,29.3,23.0,27.6,58.6,6.55,536.5,sunflower
66.4,37.8,51.3,23.9,59.4,6.73,513.8,sunflower
56.4,28.4,52.0,26.2,59.7,6.52,566.6,sunflower
64.1,39.4,23.6,22.5,60.5,6.89,539.2,sunflower
76.9,37.0,57.3,27.8,59.1,6.77,522.9,sunflower
73.2,45.2,63.9,25.3,60.6,6.88,555.6,sunflower
47.6,30.2,59.7,24.8,58.4,6.83,574.3,sunflower
48.4,55.6,49.0,28.5,57.5,6.75,518.3,sunflower
58.4,27.6,63.3,26.0,58.2,6.95,520.2,sunflower
55.5,53.5,31.4,29.1,60.9,7.09,531.6,sunflower
67.4,44.8,24.7,25.8,59.4,6.44,484.8,sunflower
71.7,29.2,51.5,28.7,59.6,6.57,528.2,sunflower
40.5,45.5,25.3,28.5,59.5,6.7,543.1,sesame
71.3,42.0,37.9,28.9,60.1,6.59,549.2,sesame
55.2,42.5,39.9,28.3,61.4,6.5,616.5,sesame
32.9,43.5,52.1,30.9,64.2,6.67,501.1,sesame
57.4,26.3,52.6,27.8,61.6,6.17,570.9,sesame
78.3,28.1,21.6,28.3,60.2,7.02,486.1,sesame
73.7,40.6,41.8,29.0,62.0,6.66,466.6,sesame
66.1,40.8,32.0,28.2,63.2,6.39,536.5,sesame
61.8,48.8,41.2,30.9,63.4,6.29,600.7,sesame
50.3,28.6,56.9,27.9,61.6,6.98,493.5,sesame
71.3,42.7,17.0,30.4,59.5,6.46,508.8,sesame
47.5,44.3,54.2,29.8,62.8,6.81,601.5,sesame
51.1,57.7,39.2,30.1,57.9,6.55,574.3,sesame
59.7,47.2,56.1,29.6,62.1,6.61,477.7,sesame
67.1,20.4,40.1,30.3,61.4,6.06,543.5,sesame
56.3,49.3,68.5,30.9,60.1,6.41,448.9,sesame
57.6,19.8,22.7,31.2,56.6,6.84,526.1,sesame
68.1,6.4,51.5,27.9,62.5,6.55,478.6,sesame
51.1,52.1,40.2,31.0,56.9,6.78,450.4,sesame
42.0,18.0,17.8,29.1,55.0,6.6,519.2,sesame
73.3,51.6,67.6,28.5,58.0,6.69,549.4,sesame
64.8,14.1,19.0,30.8,58.4,5.92,549.2,sesame
43.4,36.6,61.2,28.1,62.4,6.54,552.0,sesame
55.1,20.4,41.2,29.6,63.4,7.07,504.1,sesame
54.4,48.3,24.1,29.4,56.8,6.27,586.7,sesame
39.5,24.5,68.9,31.8,56.2,6.29,504.5,sesame
47.9,60.5,36.2,30.2,59.0,6.65,569.3,sesame
85.9,37.4,35.6,28.6,57.1,6.18,471.8,sesame
54.6,38.4,31.1,35.5,56.9,6.84,588.6,sesame
67.0,46.0,42.0,29.7,59.2,6.4,499.9,sesame
42.6,43.4,46.2,32.5,63.3,6.31,569.5,sesame
40.5,45.0,51.9,28.3,55.7,6.41,538.8,sesame
51.8,27.4,57.5,26.5,64.0,6.21,395.8,sesame
64.6,47.5,39.9,31.6,61.7,6.57,510.7,sesame
61.7,32.5,20.2,29.1,60.4,6.5,562.1,sesame
38.8,25.4,37.4,28.9,59.8,6.23,534.2,sesame
71.5,31.8,38.7,32.7,61.8,6.15,474.7,sesame
87.8,24.7,37.9,31.2,60.6,6.52,528.6,sesame
72.2,41.0,34.5,30.0,62.0,6.39,488.0,sesame
37.6,39.7,47.1,32.9,61.5,6.85,448.7,sesame
88.2,27.3,36.6,28.6,63.6,6.68,548.5,sesame
51.7,38.5,10.3,27.5,61.3,6.57,505.3,sesame
80.5,27.7,37.0,30.1,56.1,6.49,589.8,sesame
42.4,44.4,35.3,31.9,60.7,6.59,633.3,sesame
68.2,31.3,21.5,30.6,59.4,6.82,545.1,sesame
55.5,46.3,26.1,32.4,60.7,6.18,571.4,sesame
78.9,9.6,27.3,33.1,57.1,6.56,474.8,sesame
34.3,27.2,34.5,25.4,57.9,6.92,579.6,sesame
55.8,23.4,32.6,30.8,58.4,5.89,527.1,sesame
68.3,50.3,45.5,32.2,63.6,6.63,514.0,sesame
37.8,49.7,51.1,29.3,62.2,6.63,545.1,sesame
74.1,22.6,40.5,31.4,58.1,6.49,511.9,sesame
43.2,47.7,30.8,26.7,62.7,6.57,466.1,sesame
57.0,37.3,60.2,30.7,61.7,6.73,543.3,sesame
86.6,25.2,18.5,28.5,58.3,6.51,546.4,sesame
57.0,36.6,60.3,32.4,58.2,6.47,535.0,sesame
50.2,43.8,37.8,28.5,57.3,6.45,515.8,sesame
36.2,40.6,48.3,31.0,57.1,6.54,580.9,sesame
42.0,53.0,35.2,29.5,60.8,6.65,541.4,sesame
47.1,21.6,14.9,27.2,56.9,6.37,486.7,sesame
44.1,24.7,36.1,30.0,60.3,6.35,584.2,sesame
40.6,26.5,46.2,29.7,59.1,6.85,548.0,sesame
28.5,31.9,23.0,29.2,58.0,6.15,501.7,sesame
76.4,30.2,54.1,30.5,58.4,6.37,522.7,sesame
71.5,35.9,75.9,32.3,59.0,6.45,537.2,sesame
63.1,36.3,35.2,28.7,62.4,6.09,554.1,sesame
42.5,36.3,30.6,31.7,63.6,6.19,515.9,sesame
67.7,30.7,48.2,28.6,62.6,6.59,429.3,sesame
78.5,26.2,38.3,33.6,60.0,6.53,549.1,sesame
60.9,68.4,46.4,30.1,58.2,6.0,540.6,sesame
58.0,53.2,43.0,28.1,59.3,6.89,504.4,sesame
76.9,40.3,38.6,30.1,62.0,6.36,483.2,sesame
83.8,22.7,42.0,28.8,58.9,6.51,505.5,sesame
41.9,58.2,58.9,33.0,59.0,6.71,475.9,sesame
54.5,40.1,70.4,30.4,58.8,6.75,401.8,sesame
75.4,34.3,29.2,30.5,59.1,6.89,534.7,sesame
72.7,30.5,29.4,28.6,58.1,6.53,505.8,sesame
56.3,40.9,38.0,29.0,57.5,6.13,538.7,sesame
61.8,62.0,36.2,29.8,62.9,6.48,559.8,sesame
50.5,27.8,20.8,29.3,61.7,6.14,468.8,sesame
75.1,45.7,57.0,32.5,56.0,6.58,530.7,sesame
72.2,43.4,27.3,30.9,59.8,6.88,557.8,sesame
66.1,44.6,10.8,31.8,65.4,6.49,574.7,sesame
42.9,47.6,29.8,31.4,58.9,6.3,545.0,sesame
67.9,45.3,32.0,30.9,60.7,6.83,522.0,sesame
78.3,29.4,45.3,30.8,56.8,6.46,524.0,sesame
44.8,46.7,33.4,29.8,59.5,6.57,525.8,sesame
41.2,33.5,34.7,30.3,60.7,6.44,534.9,sesame
71.4,33.4,31.2,27.1,62.8,6.24,502.7,sesame
80.7,41.5,19.0,29.7,58.9,6.37,538.0,sesame
62.2,39.9,41.5,26.5,62.3,6.54,585.2,sesame
63.2,50.1,48.8,30.4,62.4,6.55,568.5,sesame
56.1,26.7,54.0,29.9,61.7,6.78,408.2,sesame
65.2,56.7,47.1,31.6,61.2,6.39,489.3,sesame
53.5,38.7,34.9,29.0,65.0,6.82,502.5,sesame
49.4,41.4,52.7,30.3,61.3,6.68,558.0,sesame
29.9,56.4,73.1,32.5,61.2,6.8,435.7,sesame
64.2,9.3,54.5,30.3,57.6,7.01,547.6,sesame
65.0,45.4,60.2,28.5,60.7,6.51,504.0,sesame
41.1,44.8,25.7,27.7,60.4,6.44,547.3,sesame
32.2,39.7,58.0,27.2,61.5,6.32,516.9,sesame
60.4,34.4,43.8,28.8,56.0,6.32,468.0,sesame
60.6,42.2,42.6,30.2,59.7,6.65,566.6,sesame
65.9,45.9,30.5,28.3,58.4,6.29,521.5,sesame
67.2,38.7,29.7,31.2,62.2,7.05,506.3,sesame
72.6,33.6,39.5,30.3,59.4,6.28,484.3,sesame
55.6,10.1,22.7,27.1,59.1,6.27,510.7,sesame
74.9,28.4,38.4,27.2,59.9,5.86,556.7,sesame
60.9,30.2,51.2,30.6,59.1,6.52,519.6,sesame
74.2,19.7,37.2,28.7,62.1,6.77,512.4,sesame
51.7,8.3,43.8,28.1,58.4,6.43,481.4,sesame
39.6,19.6,36.0,29.8,59.8,6.03,576.3,sesame
66.4,36.5,44.0,32.6,60.4,6.23,545.8,sesame
78.9,50.9,75.7,30.9,60.7,6.96,505.5,sesame
41.0,50.3,51.3,33.3,57.4,6.2,588.4,sesame
56.8,48.6,37.5,30.8,62.4,6.43,480.7,sesame
64.8,29.0,45.2,29.8,56.2,6.76,465.8,sesame
34.7,50.7,43.1,30.0,59.7,6.57,474.1,sesame
68.9,40.9,63.2,32.8,64.0,6.32,577.9,sesame
46.5,45.0,21.7,32.3,59.4,6.19,595.1,sesame
70.2,54.5,31.8,30.4,54.3,6.56,516.6,sesame
61.7,25.6,33.7,28.2,57.0,6.64,508.8,sesame
62.6,61.9,24.2,32.6,58.2,6.37,522.4,sesame
83.3,61.4,68.0,32.4,63.2,6.21,512.1,sesame
73.5,40.2,47.2,30.0,58.2,6.26,525.1,sesame
66.5,38.6,46.0,30.7,57.0,6.7,471.1,sesame
82.1,35.1,43.5,32.4,60.7,6.61,563.5,sesame
75.9,34.8,43.2,30.0,59.5,6.25,498.5,sesame
70.6,44.9,22.8,31.7,60.1,6.48,582.5,sesame
67.7,38.0,50.5,32.7,62.0,6.59,534.9,sesame
61.8,35.2,58.6,31.1,56.6,6.2,560.5,sesame
59.7,44.2,49.7,28.5,55.8,6.12,562.2,sesame
33.4,48.2,26.8,31.6,59.8,6.3,538.4,sesame
43.3,41.8,12.7,30.2,67.5,6.48,561.1,sesame
70.7,31.7,60.2,29.7,60.4,6.8,525.9,sesame
69.2,33.2,33.9,32.1,55.9,5.95,489.8,sesame
91.7,38.1,42.8,30.0,60.8,6.59,547.9,sesame
65.8,56.6,34.1,29.1,63.8,6.56,570.7,sesame
78.0,38.0,35.3,30.5,60.3,6.45,457.9,sesame
51.3,50.4,28.9,32.7,61.6,6.86,516.7,sesame
44.1,26.2,24.0,31.1,58.6,5.93,561.1,sesame
50.0,62.6,29.2,29.3,59.3,6.52,546.3,sesame
56.9,49.3,40.6,29.9,57.4,6.5,547.5,sesame
60.9,39.0,46.0,29.0,62.8,6.43,537.4,sesame
91.7,10.8,53.0,28.7,63.4,6.41,602.7,sesame
56.7,46.8,65.6,36.2,62.2,6.72,514.8,sesame
61.9,46.3,29.9,28.6,62.4,6.33,546.6,sesame
56.5,36.7,46.6,32.5,58.3,6.22,537.8,sesame
51.5,25.8,43.7,28.1,63.9,6.12,500.0,sesame
68.8,39.0,33.3,31.2,62.5,6.2,674.8,sesame
60.7,28.1,42.4,30.0,62.1,6.16,562.3,sesame
60.9,39.8,37.6,29.3,59.3,6.33,559.2,sesame
63.6,44.5,72.7,29.3,64.9,6.16,422.4,sesame
50.7,39.7,33.0,33.9,57.4,6.25,542.0,sesame
47.5,31.8,41.7,28.4,57.9,6.85,528.7,sesame
47.6,34.1,42.1,27.8,56.2,6.49,509.5,sesame
55.1,49.7,55.8,29.3,57.5,6.38,555.6,sesame
60.7,57.0,37.4,28.4,55.2,6.5,508.2,sesame
66.5,65.7,17.7,29.8,61.3,6.56,506.4,sesame
75.2,42.0,33.9,25.4,59.9,6.36,554.7,sesame
47.7,43.5,47.1,31.5,61.6,6.18,556.3,sesame
57.9,42.0,39.3,32.3,60.0,6.79,501.0,sesame
85.2,23.4,45.1,30.9,56.0,6.66,546.0,sesame
63.3,23.6,29.7,31.0,58.1,6.33,470.0,sesame
55.9,42.4,62.8,30.6,60.1,6.24,560.9,sesame
50.2,49.1,42.7,30.7,62.1,6.8,611.9,sesame
51.4,43.7,18.5,34.1,64.5,6.93,510.5,sesame
45.9,28.0,34.9,33.0,56.0,6.46,435.5,sesame
60.6,52.4,41.9,31.6,61.1,6.62,566.6,sesame
64.9,25.3,52.7,28.7,60.6,6.71,513.6,sesame
74.6,33.9,46.0,29.4,56.1,6.64,546.8,sesame
54.1,47.2,43.1,30.3,62.4,6.45,495.5,sesame
50.1,31.4,30.0,31.1,61.0,6.48,531.5,sesame
75.3,62.6,32.2,29.1,61.4,6.32,653.1,sesame
55.0,27.6,17.7,29.2,59.3,6.7,450.1,sesame
48.3,50.6,70.6,30.5,65.1,6.51,499.0,sesame
70.5,36.5,29.7,33.0,56.8,6.18,486.7,sesame
54.8,56.6,41.9,31.4,62.5,6.25,488.3,sesame
34.4,43.6,29.4,28.3,62.8,6.86,588.1,sesame
83.0,41.7,56.4,29.0,55.6,6.54,551.8,sesame
41.1,23.4,37.2,30.2,64.8,6.45,489.5,sesame
76.4,38.5,61.8,31.5,56.3,6.52,524.5,sesame
66.7,36.1,44.5,28.6,61.2,6.63,562.4,sesame
57.9,22.9,40.8,29.3,60.7,6.44,536.4,sesame
65.7,25.2,28.7,31.0,60.4,6.14,535.1,sesame
41.5,59.0,68.0,28.1,60.4,6.16,482.1,sesame
30.8,53.9,21.2,31.7,62.8,6.63,512.5,sesame
78.0,43.2,42.4,29.1,60.7,6.6,537.6,sesame
90.0,31.7,14.3,32.6,59.7,6.61,521.7,sesame
60.1,28.2,13.3,30.0,61.5,6.37,583.2,sesame
85.8,51.4,32.0,29.5,59.2,6.13,483.5,sesame
67.1,36.8,37.8,30.1,60.8,6.41,569.2,sesame
68.1,52.4,57.3,32.9,59.8,6.25,542.8,sesame
42.0,26.1,48.4,34.3,55.0,6.75,484.2,sesame
52.8,41.5,25.0,30.5,57.9,6.51,498.3,sesame
70.9,13.6,19.2,28.5,60.9,6.34,460.5,sesame
55.7,50.4,44.0,29.7,57.3,6.43,496.8,sesame
73.1,39.5,47.9,31.9,58.4,6.78,589.0,sesame
75.3,27.5,51.4,30.3,60.6,6.58,522.6,sesame
55.6,28.6,38.4,28.1,60.7,5.87,521.5,sesame
58.3,39.0,42.5,28.5,58.0,6.55,555.2,sesame
54.4,16.1,28.3,29.0,58.0,6.71,562.8,sesame
30.9,41.2,29.8,32.2,55.1,6.32,573.2,sesame
88.9,51.2,37.8,30.6,63.8,6.93,553.1,sesame
91.3,29.3,17.8,27.0,56.6,6.61,491.9,sesame
39.8,51.1,40.8,28.3,63.2,6.77,598.5,sesame
70.4,66.4,20.5,31.4,59.9,6.35,480.7,sesame
61.4,35.2,66.3,29.6,59.0,6.29,568.2,sesame
59.0,48.2,50.0,30.5,57.8,6.53,545.8,sesame
88.6,25.9,36.1,29.1,62.4,6.35,530.4,sesame
91.2,33.0,10.4,28.5,60.0,6.16,546.2,sesame
59.7,27.4,52.8,30.4,58.4,6.29,530.3,sesame
65.4,45.1,40.4,31.3,57.1,6.22,528.0,sesame
35.6,40.4,37.6,30.9,60.1,6.52,547.1,sesame
30.3,37.9,49.6,28.6,59.8,6.57,549.5,sesame
79.7,46.4,47.0,29.4,60.6,6.5,517.7,sesame
75.6,30.7,48.6,30.5,61.1,6.23,577.0,sesame
45.0,26.9,29.3,28.1,59.3,6.92,455.8,sesame
48.6,34.3,24.8,26.8,64.7,6.46,580.2,sesame
46.6,47.2,36.0,30.2,64.3,6.31,561.9,sesame
59.9,31.4,55.6,29.9,60.7,6.63,513.1,sesame
39.1,48.5,46.2,29.7,57.4,6.38,584.3,sesame
51.9,63.0,40.5,30.9,61.9,6.64,509.8,sesame
49.7,25.4,48.1,30.3,58.1,6.5,561.8,sesame
50.9,43.1,47.6,25.6,61.9,6.12,461.0,sesame
52.9,7.9,64.6,30.9,57.3,6.63,553.2,sesame
53.7,30.9,77.8,29.3,58.0,6.63,525.0,sesame
48.6,42.9,10.0,25.3,60.5,6.2,502.9,sesame
51.1,36.3,41.5,32.5,60.4,6.49,532.5,sesame
68.4,68.2,70.2,29.1,61.0,6.14,508.9,sesame
81.3,30.8,31.2,30.5,63.5,6.45,472.9,sesame
86.6,26.4,26.9,30.8,64.7,6.64,496.4,sesame
53.6,51.9,64.4,34.5,63.4,6.55,458.0,sesame
35.0,29.6,58.7,30.1,60.4,6.48,536.8,sesame
38.5,38.0,41.4,29.1,59.1,6.44,482.0,sesame
41.6,52.6,54.6,28.8,67.0,6.42,538.3,sesame
51.4,56.1,55.0,31.9,58.5,6.54,539.6,sesame
60.4,18.9,34.0,27.4,62.1,6.19,506.5,sesame
46.1,48.7,55.4,29.9,60.3,6.63,476.1,sesame
42.7,38.1,27.1,29.7,58.4,6.57,450.7,sesame
55.9,59.9,61.1,30.0,59.9,6.62,515.7,sesame
68.1,46.7,55.7,30.7,58.6,6.59,545.0,sesame
51.0,46.8,49.9,30.7,63.2,6.52,538.3,sesame
52.6,23.3,18.0,29.4,60.3,6.82,509.5,sesame
67.4,55.1,53.3,27.8,58.7,6.37,475.6,sesame
73.7,29.7,51.7,28.8,66.2,6.12,500.1,sesame
39.7,52.9,57.6,32.0,62.7,7.33,533.1,sesame
63.6,50.3,27.0,27.6,59.6,6.66,540.4,sesame
80.0,40.5,58.5,33.6,64.1,6.62,534.1,sesame
43.9,32.2,35.6,28.4,58.2,6.46,568.2,sesame
67.3,36.0,34.2,31.0,59.1,6.65,540.3,sesame
48.8,34.9,47.2,29.4,58.4,6.78,609.9,sesame
69.4,33.7,35.3,31.1,61.8,6.66,539.2,sesame
62.7,27.2,36.3,30.0,61.7,6.53,572.1,sesame
94.8,50.0,26.0,29.2,60.5,6.81,561.8,sesame
46.0,35.1,31.5,29.7,64.5,7.07,457.1,sesame
60.0,30.6,14.4,28.6,62.1,6.23,464.2,sesame
68.7,43.0,49.7,29.0,60.0,6.65,465.4,sesame
47.8,26.7,37.8,28.4,59.2,6.14,511.9,sesame
53.6,31.8,63.5,31.0,57.6,6.53,507.3,sesame
47.5,31.4,38.4,31.8,58.7,6.39,531.0,sesame
81.6,47.6,51.6,25.9,61.0,6.28,583.5,sesame
54.7,51.5,34.3,29.4,55.8,6.58,546.9,sesame
66.7,48.2,36.3,29.1,62.8,6.7,574.2,sesame
58.6,38.1,26.0,28.6,55.7,6.83,538.6,sesame
61.6,50.0,34.8,32.2,60.6,6.64,554.6,sesame
87.6,29.6,62.9,30.0,56.5,6.18,547.8,sesame
70.8,25.8,46.7,29.4,63.0,6.65,479.2,sesame
74.0,42.2,56.2,24.9,57.8,6.86,541.6,sesame
47.0,29.0,40.8,34.0,60.9,6.19,522.9,sesame
62.7,53.1,13.7,30.6,60.7,6.75,496.8,sesame
61.7,26.4,14.4,27.4,60.6,6.52,551.5,sesame
58.0,19.6,52.5,31.6,58.3,5.97,570.8,sesame
68.4,35.3,45.6,28.4,60.3,6.83,554.8,sesame
28.1,22.7,31.5,30.0,61.5,6.49,461.5,sesame
57.3,49.2,39.3,31.5,61.9,6.7,498.5,sesame
67.1,58.6,39.1,28.8,58.1,6.7,515.8,sesame
48.8,41.7,40.6,30.7,61.4,6.61,537.8,sesame
46.4,66.1,42.9,33.7,62.0,6.89,453.5,sesame
42.7,45.7,14.5,29.7,60.5,6.57,529.9,sesame
64.3,24.1,40.6,29.3,60.2,6.49,511.4,sesame
83.7,43.2,30.3,28.5,64.4,6.53,538.4,sesame
45.1,53.1,26.5,30.4,60.6,6.82,439.9,sesame
51.3,38.1,40.4,29.8,60.0,7.25,481.0,sesame
54.2,59.3,43.9,29.8,58.4,6.58,572.7,sesame
73.2,55.1,40.1,30.2,63.6,6.76,555.2,sesame
37.7,40.9,27.1,33.4,61.4,6.48,560.4,sesame
45.4,22.8,23.9,29.3,63.4,6.47,530.6,sesame
51.0,39.8,53.3,33.6,55.5,6.58,501.5,sesame
48.4,24.9,47.4,32.1,60.9,6.83,521.1,sesame
55.7,51.9,38.8,28.3,60.0,6.55,506.9,sesame
56.4,34.1,27.2,27.3,60.4,6.43,534.5,sesame
46.6,5.0,57.2,32.5,61.7,6.45,551.1,sesame
86.9,31.0,69.4,33.4,55.1,6.66,468.6,sesame
58.1,36.7,41.2,30.8,62.9,6.44,421.1,sesame
43.9,16.2,54.1,28.6,61.5,6.19,476.3,sesame
72.3,39.1,64.7,34.0,58.2,6.5,469.2,sesame
58.1,43.7,17.4,28.8,60.1,6.06,525.2,sesame
55.4,32.6,22.0,28.8,58.1,6.53,600.8,sesame
46.7,53.8,33.2,30.6,59.0,6.81,486.1,sesame
45.1,42.2,22.4,29.7,56.5,6.68,544.3,sesame
67.7,57.3,33.1,30.6,58.6,6.36,466.9,sesame
67.0,44.5,27.8,29.4,63.9,6.43,494.9,sesame
64.3,25.7,63.2,30.9,58.9,6.74,576.6,sesame
45.2,23.9,16.5,31.3,57.7,6.82,471.8,sesame
55.7,47.5,27.1,28.9,60.6,6.18,554.4,sesame
48.2,34.9,58.9,29.7,60.2,6.9,596.9,sesame
88.2,31.9,37.4,30.1,65.1,6.57,473.9,sesame
49.4,26.2,51.4,31.1,62.6,5.9,583.5,sesame
50.2,41.9,39.4,29.4,60.6,6.28,508.5,sesame
59.4,53.6,10.0,28.1,61.0,6.84,535.9,sesame
32.6,19.7,48.9,29.9,58.8,6.61,504.2,sesame
65.2,23.3,60.1,30.3,63.2,6.76,494.6,sesame
80.7,63.1,49.6,26.8,62.0,6.13,478.5,sesame
61.5,42.4,61.0,28.8,56.2,6.58,470.9,sesame
67.4,42.9,56.3,31.3,60.2,6.25,537.7,sesame
63.6,55.3,30.8,30.5,63.0,6.04,624.4,sesame
58.4,48.4,31.4,28.9,57.5,6.65,595.1,sesame
66.5,50.2,43.0,28.9,64.0,6.46,571.3,sesame
92.1,52.8,21.4,31.2,56.7,6.75,596.6,sesame
81.9,30.2,41.0,32.8,61.5,6.76,524.3,sesame
61.3,34.1,48.7,30.5,62.0,6.44,488.8,sesame
32.7,48.2,39.6,29.0,60.0,6.37,523.4,sesame
34.2,45.1,32.9,29.4,62.1,7.04,523.7,sesame
43.2,32.2,35.4,32.4,60.2,6.46,470.2,sesame
79.9,43.8,48.2,30.3,59.3,6.69,425.5,sesame
94.4,57.5,51.9,27.9,56.9,6.45,510.9,sesame
92.5,50.0,54.5,30.5,61.6,6.35,514.5,sesame
80.9,48.2,33.8,29.2,58.2,6.19,505.8,sesame
77.4,62.8,31.3,29.0,61.3,6.39,585.9,sesame
38.1,29.0,41.9,29.3,60.7,6.49,515.7,sesame
57.6,29.5,45.6,32.5,62.3,6.59,533.9,sesame
65.3,31.1,42.2,32.1,61.4,6.36,472.2,sesame
64.6,28.0,16.2,28.4,60.1,6.95,565.4,sesame
53.5,51.0,45.3,32.4,57.5,6.84,500.1,sesame
26.8,26.1,34.6,26.8,57.6,6.19,551.7,sesame
28.8,69.8,39.1,30.1,62.2,6.07,531.3,sesame
31.4,45.9,47.1,30.9,61.7,6.76,465.0,sesame
70.5,45.6,35.4,25.8,58.4,6.62,532.6,sesame
62.9,37.8,37.2,29.3,59.4,6.13,533.8,sesame
53.5,41.0,29.4,29.4,58.4,6.71,516.7,sesame
70.7,28.7,40.8,28.2,61.7,6.76,520.3,sesame
65.2,46.9,44.9,29.9,61.3,6.34,555.3,sesame
42.2,62.6,68.1,29.9,59.0,7.04,497.6,sesame
50.9,48.4,43.8,27.8,59.2,6.35,499.1,sesame
67.2,52.2,22.8,30.9,59.4,6.31,518.6,sesame
55.9,33.8,55.6,31.3,57.1,6.14,536.4,sesame
64.2,52.8,21.5,29.3,58.9,6.44,502.4,sesame
78.4,51.3,28.2,30.7,62.6,6.11,469.2,sesame
62.9,52.5,35.8,29.1,55.6,6.43,446.0,sesame
68.8,39.4,54.1,29.8,59.6,6.52,472.6,sesame
55.2,61.6,43.9,30.0,62.0,6.7,519.4,sesame
61.4,42.6,23.2,30.2,61.1,6.72,511.9,sesame
29.8,23.2,48.0,28.6,60.6,6.22,492.9,sesame
50.6,21.4,37.0,32.8,57.3,6.29,564.5,sesame
46.4,30.5,10.0,30.8,57.0,6.69,484.0,sesame
67.2,47.9,38.8,31.5,59.2,6.48,579.8,sesame
43.8,54.0,69.6,29.0,59.0,6.56,518.3,sesame
86.1,33.1,41.9,28.8,57.9,6.38,492.3,sesame
82.8,19.0,54.2,29.2,58.6,6.49,439.5,sesame
65.0,39.4,38.4,30.4,57.4,6.81,520.8,sesame
55.3,55.5,31.1,31.5,63.6,7.05,489.0,sesame
66.0,43.0,33.5,28.1,61.0,6.44,500.5,sesame
64.9,12.0,58.9,27.9,56.5,6.52,523.4,sesame
84.0,23.7,32.3,29.4,58.4,6.4,546.0,sesame
40.7,41.8,45.0,30.1,57.7,6.7,421.9,sesame
55.5,50.4,27.2,30.8,60.4,6.21,480.8,sesame
77.6,18.3,21.6,30.9,61.9,6.01,521.7,sesame
58.1,28.1,58.7,31.9,58.9,6.74,521.8,sesame
42.2,38.4,38.9,30.4,58.1,6.25,471.7,sesame
67.3,44.3,54.5,30.7,62.1,6.75,548.3,sesame
64.7,36.3,43.4,30.7,56.5,6.24,485.3,sesame
86.2,51.6,28.8,29.6,53.5,6.2,486.7,sesame
74.5,27.8,66.8,29.1,62.7,6.73,504.1,sesame
52.3,39.5,27.6,29.5,60.7,6.07,559.9,sesame
51.7,42.6,19.6,27.5,63.3,6.64,505.9,sesame
50.9,34.4,38.3,30.0,57.0,6.7,443.9,sesame
77.1,45.9,43.5,32.5,57.6,7.09,371.3,sesame
76.7,43.8,40.5,29.5,58.9,6.46,466.6,sesame
40.9,35.5,54.9,28.9,55.6,6.55,504.1,sesame
57.6,15.7,33.3,30.4,63.0,6.66,537.7,sesame
70.7,35.2,46.3,29.8,55.9,6.54,524.2,sesame
42.3,48.6,35.5,28.8,64.6,6.39,533.8,sesame
78.8,44.7,54.0,28.7,60.5,6.5,492.6,sesame
66.6,22.2,36.8,30.0,59.8,6.95,544.2,sesame
60.1,50.7,18.7,30.3,62.0,6.37,523.3,sesame
76.1,24.4,27.1,28.4,59.1,6.71,604.5,sesame
63.1,39.4,48.6,30.0,61.0,6.63,496.8,sesame
57.4,48.1,56.5,32.0,60.7,6.28,579.2,sesame
81.9,30.9,46.9,31.8,60.6,6.63,517.7,sesame
47.4,34.9,69.8,29.1,59.9,6.56,573.7,sesame
59.4,30.8,37.7,31.0,63.4,6.88,532.8,sesame
44.4,24.3,31.2,29.4,60.7,7.13,529.2,sesame
39.7,19.6,27.3,24.9,56.7,6.78,446.2,sesame
40.1,28.9,27.7,30.7,59.1,6.36,503.6,sesame
36.5,44.6,40.8,31.1,62.6,6.67,478.3,sesame
33.8,55.7,29.0,32.3,61.6,6.7,490.9,sesame
51.1,45.4,61.3,30.8,59.5,6.3,515.8,sesame
67.5,53.9,14.3,28.0,60.7,6.55,502.9,sesame
41.0,39.8,33.8,29.0,59.6,6.21,568.5,sesame
58.8,49.3,68.2,33.6,58.1,6.81,518.5,sesame
45.7,24.3,70.2,32.5,61.8,6.84,540.5,sesame
71.9,20.7,78.6,27.9,58.3,6.27,619.5,sesame
77.8,42.0,52.6,33.2,56.2,6.82,589.2,sesame
37.2,49.0,56.9,31.0,58.9,6.42,474.5,sesame
51.7,43.3,10.0,30.8,60.9,6.51,603.1,sesame
71.0,27.7,10.0,32.9,62.8,6.79,541.3,sesame
53.1,39.8,38.9,33.6,59.2,6.43,525.8,sesame
52.0,42.3,22.5,30.2,62.2,6.68,514.9,sesame
45.5,48.2,31.1,31.0,62.2,6.48,595.4,sesame
44.4,36.1,33.3,30.0,58.0,6.53,556.9,sesame
75.4,21.3,28.0,32.0,58.3,6.4,534.0,sesame
59.0,24.0,26.1,28.3,60.3,6.46,532.3,sesame
63.3,31.9,50.9,31.0,59.4,6.74,464.5,sesame
58.3,54.6,57.2,28.8,58.1,6.13,527.5,sesame
41.4,42.0,54.1,31.2,61.9,6.45,555.0,sesame
83.4,38.6,10.0,31.4,60.9,6.15,534.8,sesame
51.3,33.6,40.0,29.8,61.3,6.48,528.3,sesame
76.3,40.0,53.7,29.7,59.2,6.31,608.1,sesame
71.4,15.1,17.3,29.9,63.2,6.86,554.9,sesame
50.0,33.2,34.1,30.5,57.3,6.72,464.2,sesame
83.7,31.5,18.9,32.0,65.8,6.71,577.6,sesame
50.8,36.4,39.4,31.0,64.2,6.4,517.0,sesame
73.3,48.4,44.8,30.1,63.4,6.21,531.3,sesame
52.9,47.0,35.2,30.7,56.5,6.6,506.3,sesame
59.8,52.0,34.5,31.4,62.3,6.81,569.2,sesame
73.6,28.0,11.9,29.1,63.3,6.45,528.5,sesame
84.2,46.0,36.5,29.2,62.5,6.44,522.9,sesame
62.9,36.5,47.0,30.4,59.4,6.46,481.1,sesame
75.6,42.2,53.0,27.3,59.9,6.69,571.0,sesame
61.6,56.7,23.3,30.6,58.8,6.8,538.2,sesame
36.9,29.9,23.0,29.0,62.7,6.65,479.1,sesame
30.3,35.5,58.5,31.7,58.8,5.98,575.3,sesame
52.7,61.3,50.3,32.6,54.9,6.62,519.8,sesame
39.2,41.0,56.3,30.3,63.4,6.32,508.5,sesame
72.1,22.9,34.2,32.7,63.2,6.48,459.4,sesame
60.1,40.3,23.0,31.1,59.7,6.42,525.0,sesame
57.5,33.1,55.3,29.1,59.7,6.62,549.8,sesame
51.4,42.0,45.7,31.1,61.9,6.66,520.5,sesame
43.7,71.8,20.7,30.8,61.6,6.66,598.3,sesame
35.7,54.2,32.3,29.1,59.2,6.28,503.8,sesame
69.3,43.8,26.9,26.5,61.1,6.1,513.1,sesame
47.7,61.8,36.9,30.5,60.1,6.38,592.7,sesame
63.1,34.1,57.7,29.6,61.4,6.16,561.7,sesame
71.6,29.2,53.0,28.1,55.1,6.66,558.1,sesame
74.0,55.7,33.8,29.8,60.7,6.3,433.9,sesame
66.9,50.8,56.9,28.2,61.8,6.35,523.9,sesame
61.3,9.1,28.0,30.6,59.3,6.45,453.2,sesame
45.0,30.0,29.8,29.7,65.6,6.66,543.4,sesame
57.0,44.1,33.9,29.3,57.6,6.45,534.4,sesame
70.5,44.4,23.7,28.7,61.0,6.32,495.7,sesame
59.8,44.3,40.2,32.1,58.3,6.96,528.3,sesame
74.0,34.2,43.7,32.4,60.6,6.52,599.2,sesame
52.6,50.9,46.4,28.9,62.7,6.95,603.9,sesame
52.0,22.7,10.1,30.5,57.7,6.35,594.0,sesame
78.2,26.4,12.3,29.7,59.4,6.3,556.0,sesame
78.3,16.8,40.9,27.5,59.5,6.82,590.1,sesame
42.1,43.4,51.3,31.3,56.8,6.63,480.2,sesame
85.3,33.8,23.8,31.5,63.2,6.25,558.6,sesame
64.3,40.4,32.9,31.8,55.7,6.72,550.9,sesame
41.7,30.1,54.4,32.2,61.6,6.19,591.0,sesame
42.7,37.3,36.4,29.5,58.5,6.85,550.9,sesame
49.5,40.5,39.9,31.1,63.7,6.82,540.0,sesame
62.9,44.1,61.5,29.1,60.0,6.72,460.8,sesame
73.4,43.2,61.4,28.5,58.9,6.77,491.9,sesame
72.7,60.7,38.6,28.5,60.9,6.45,507.4,sesame
66.3,40.6,25.4,30.7,61.9,6.94,563.7,sesame
55.0,11.0,74.8,30.6,57.6,6.6,486.7,sesame
53.4,31.9,38.6,27.6,57.0,6.44,514.4,sesame
68.1,52.4,18.9,28.2,61.1,6.52,547.4,sesame
91.9,53.4,17.6,32.7,62.1,6.42,594.7,sesame
57.1,28.2,37.4,29.4,56.8,6.78,550.2,sesame
61.7,27.0,42.4,29.1,59.9,6.4,453.3,sesame
61.0,39.7,41.2,34.0,60.2,6.58,472.9,sesame
78.2,31.3,23.0,29.3,61.0,6.34,595.0,sesame
51.2,50.3,23.9,29.3,57.2,6.43,584.8,sesame
71.0,42.2,24.0,31.1,62.7,6.64,469.4,sesame
61.0,41.8,51.0,31.3,58.1,6.19,549.5,sesame
25.1,26.4,44.3,29.0,62.5,5.98,541.1,sesame
61.7,34.0,37.7,29.0,64.6,6.52,463.4,sesame
76.4,59.3,27.6,29.5,66.2,6.3,582.2,sesame
56.7,24.7,49.0,29.1,58.5,6.28,475.2,sesame
64.1,31.5,33.7,31.4,57.3,6.55,507.0,sesame
95.8,34.8,51.3,29.2,60.5,6.04,558.1,sesame
43.2,30.6,63.2,30.1,62.4,6.95,504.1,sesame
35.0,39.2,61.4,33.4,63.4,6.38,540.6,sesame
103.1,38.2,20.5,28.8,63.1,6.54,592.5,sesame
67.2,50.3,44.5,29.5,58.3,6.33,540.7,sesame
41.2,32.9,44.6,29.9,58.2,6.44,501.3,sesame
52.0,50.2,52.6,28.1,58.8,6.2,438.9,sesame
45.5,48.0,32.4,29.9,64.9,6.44,549.1,sesame
39.2,45.2,18.1,28.2,61.0,6.59,514.6,sesame
66.6,20.2,34.1,27.8,55.7,5.9,580.8,sesame
67.7,34.2,30.9,32.5,62.3,6.51,569.4,sesame
70.1,38.6,36.1,30.0,63.9,6.77,550.3,sesame
60.4,47.7,39.0,30.4,57.3,6.41,532.4,sesame
66.2,40.1,35.4,33.2,60.6,6.47,499.6,sesame
60.3,58.1,40.1,30.9,56.7,6.74,490.9,sesame
60.3,42.4,42.0,27.6,55.5,6.1,542.6,sesame
47.9,57.4,27.9,28.7,66.7,6.22,491.9,sesame
75.2,49.3,61.8,16.9,66.9,6.97,326.1,mustard
67.4,34.7,17.4,17.2,68.4,6.58,356.8,mustard
56.0,46.5,37.8,13.7,70.4,6.24,300.9,mustard
41.6,34.1,44.0,16.6,70.3,6.67,304.8,mustard
81.1,18.6,33.7,15.6,67.4,6.82,335.3,mustard
34.5,25.6,56.6,15.3,67.7,6.75,306.9,mustard
67.7,57.9,54.5,14.1,63.9,6.44,342.2,mustard
66.6,33.3,64.4,16.2,68.3,6.44,306.2,mustard
67.4,29.4,56.1,18.2,67.9,6.68,320.6,mustard
70.4,34.7,49.7,16.6,68.9,6.78,345.8,mustard
61.3,65.4,29.3,13.5,67.2,6.4,298.6,mustard
59.8,37.5,36.1,17.6,69.5,6.71,301.0,mustard
32.4,38.0,35.5,14.4,67.0,6.47,329.5,mustard
47.4,35.5,30.9,14.2,66.5,6.85,345.7,mustard
42.6,31.3,45.1,16.5,67.0,6.87,330.6,mustard
52.7,46.9,34.6,19.7,68.9,6.58,327.2,mustard
49.7,57.1,33.6,16.4,65.2,6.55,315.4,mustard
58.7,29.1,22.0,16.6,67.5,6.66,341.6,mustard
56.8,36.9,53.8,19.9,63.9,6.9,332.8,mustard
53.7,59.7,31.8,15.0,70.2,6.69,326.4,mustard
73.7,33.4,47.9,19.2,69.0,6.65,293.0,mustard
60.5,72.1,24.7,12.7,67.6,6.56,322.2,mustard
52.5,41.5,65.4,18.6,69.8,6.8,310.2,mustard
58.6,54.3,39.2,16.3,65.5,6.83,347.3,mustard
67.0,27.0,10.0,20.7,65.3,6.57,304.9,mustard
77.5,49.7,45.1,16.7,66.7,6.54,329.0,mustard
62.4,60.4,13.7,20.8,67.1,6.97,302.5,mustard
56.4,52.4,46.2,13.0,68.6,6.88,312.6,mustard
56.7,27.8,37.0,17.7,67.6,6.61,358.3,mustard
71.2,47.6,55.2,15.5,66.6,6.47,291.7,mustard
75.4,54.1,41.9,16.2,65.4,6.64,336.3,mustard
61.8,54.2,32.4,19.2,69.4,6.58,319.2,mustard
65.6,51.8,54.6,17.5,69.3,6.61,335.8,mustard
68.0,41.6,10.0,17.4,67.5,6.62,316.3,mustard
46.3,35.3,36.5,18.4,67.8,7.03,312.8,mustard
68.3,57.9,29.6,14.2,68.3,6.68,327.5,mustard
76.1,37.8,67.0,17.1,70.8,6.86,317.7,mustard
67.9,35.6,29.0,20.0,65.3,6.76,302.6,mustard
59.0,30.9,53.8,19.9,67.4,6.61,334.1,mustard
72.1,48.3,57.1,19.4,65.8,7.0,301.4,mustard
68.8,42.5,48.3,15.1,71.1,7.03,319.6,mustard
51.2,52.6,10.0,17.3,66.0,7.16,307.6,mustard
74.1,44.2,31.8,16.2,66.5,6.61,322.2,mustard
53.3,76.8,31.8,15.9,65.4,6.55,291.1,mustard
44.9,53.2,44.0,16.4,68.3,6.51,311.1,mustard
67.4,46.8,17.2,17.9,67.6,6.53,347.2,mustard
66.2,52.0,25.0,18.3,68.8,6.91,341.3,mustard
78.7,48.7,31.7,21.4,69.1,6.57,277.8,mustard
56.5,45.8,11.4,16.8,68.9,6.49,313.9,mustard
84.7,44.4,59.3,14.3,64.0,6.57,355.2,mustard
35.2,40.1,27.5,15.5,67.7,6.83,290.0,mustard
56.5,50.9,53.0,17.7,67.0,6.97,350.3,mustard
71.0,22.4,51.0,19.1,70.8,6.79,330.5,mustard
45.7,44.8,45.1,20.0,69.9,6.57,315.1,mustard
66.6,29.9,44.0,16.2,69.7,6.45,294.3,mustard
77.5,17.7,38.0,17.2,70.1,6.72,366.2,mustard
62.7,46.4,23.6,16.8,66.7,6.97,273.9,mustard
60.5,33.3,32.2,15.3,68.2,6.86,321.9,mustard
60.8,46.4,35.6,15.8,65.9,6.85,306.6,mustard
61.9,51.0,65.5,17.3,68.9,6.82,279.0,mustard
43.6,43.4,57.0,15.5,69.9,6.67,360.4,mustard
72.8,43.5,45.5,14.4,68.6,6.78,293.8,mustard
59.3,34.7,32.5,17.9,68.7,6.5,326.0,mustard
64.2,22.9,36.3,19.1,69.0,6.9,345.4,mustard
61.5,30.5,35.0,18.6,69.2,6.81,328.7,mustard
47.6,20.6,10.0,20.1,69.0,6.42,317.4,mustard
60.3,37.3,40.7,12.9,70.2,6.45,320.9,mustard
75.4,39.6,40.8,16.9,63.3,6.86,308.1,mustard
58.3,65.8,43.2,14.1,68.5,6.56,312.5,mustard
58.5,19.6,27.7,14.7,68.2,6.6,394.7,mustard
92.9,46.6,66.5,19.7,64.8,6.93,294.1,mustard
45.7,38.7,45.3,14.6,69.6,6.65,336.6,mustard
71.4,43.3,28.3,16.9,65.2,6.81,330.2,mustard
81.3,17.6,36.0,13.5,66.4,7.05,327.4,mustard
46.3,27.8,59.9,15.6,67.2,6.6,295.3,mustard
64.8,31.3,32.6,17.0,69.9,6.69,323.4,mustard
59.2,53.0,27.7,17.8,68.9,6.95,330.0,mustard
26.5,48.0,43.0,19.3,66.2,6.94,306.6,mustard
76.6,37.5,58.2,17.9,65.5,6.53,365.5,mustard
89.8,32.7,55.6,19.1,67.1,6.7,333.3,mustard
74.4,36.7,32.2,15.2,67.8,6.72,302.7,mustard
70.1,45.4,17.4,14.3,64.7,7.33,383.4,mustard
38.4,47.9,34.6,18.9,67.2,6.96,286.2,mustard
47.4,30.7,59.1,18.9,70.0,6.88,291.4,mustard
51.7,57.2,40.0,16.4,68.5,6.87,303.9,mustard
75.3,44.0,10.0,19.8,65.0,6.97,347.7,mustard
27.3,38.8,56.4,18.1,64.9,6.72,302.3,mustard
43.7,16.7,23.3,18.9,66.9,6.83,354.3,mustard
92.1,58.3,24.9,15.7,69.8,6.72,305.5,mustard
50.1,68.6,64.2,20.1,66.8,6.75,351.2,mustard
63.8,38.9,24.7,16.8,66.7,6.93,364.1,mustard
81.8,41.6,40.0,16.0,67.6,6.69,340.2,mustard
68.8,32.1,23.7,16.2,68.6,6.78,332.4,mustard
69.7,15.6,57.6,16.9,69.4,7.17,335.6,mustard
52.8,41.5,26.6,18.5,69.0,6.83,307.7,mustard
77.0,52.0,30.1,17.0,68.3,6.82,292.4,mustard
55.3,32.2,37.5,18.5,66.0,6.92,335.5,mustard
41.7,20.5,20.9,13.3,68.6,6.63,280.7,mustard
48.1,55.7,29.3,15.6,68.7,6.83,275.2,mustard
70.4,34.2,35.8,17.4,66.9,6.9,358.3,mustard
41.7,47.4,33.3,14.1,66.0,6.79,255.1,mustard
31.4,36.8,22.0,20.0,67.4,6.52,298.1,mustard
41.9,31.4,30.0,17.4,64.8,6.91,335.5,mustard
68.0,50.3,31.1,18.0,68.5,6.62,339.2,mustard
28.0,43.2,45.5,13.6,69.6,7.08,316.5,mustard
45.7,33.2,45.9,21.2,67.8,6.68,329.2,mustard
64.0,33.2,64.9,14.6,68.0,6.46,355.2,mustard
74.2,23.5,42.6,13.6,65.9,6.88,321.9,mustard
39.5,20.6,31.6,21.8,70.4,6.82,346.8,mustard
69.4,29.3,47.7,15.7,71.2,6.88,367.8,mustard
70.7,10.5,33.2,13.9,70.3,6.81,297.1,mustard
61.9,56.9,28.0,16.2,69.3,6.92,352.2,mustard
53.2,41.5,55.8,16.8,67.7,6.99,368.7,mustard
54.2,45.7,28.5,20.8,64.9,6.58,322.9,mustard
67.5,19.7,52.7,18.7,66.6,6.4,332.3,mustard
55.9,43.2,50.0,22.9,66.5,7.03,325.6,mustard
68.7,36.0,21.7,15.5,69.6,7.17,362.9,mustard
49.1,18.5,38.5,17.8,69.9,6.71,327.6,mustard
46.3,31.8,61.8,15.7,67.1,6.77,315.1,mustard
75.3,33.6,53.1,16.8,66.8,6.7,342.9,mustard
50.7,36.5,31.9,19.0,65.4,6.9,315.3,mustard
69.7,38.7,21.5,13.2,63.6,6.87,325.5,mustard
64.5,32.4,22.1,18.9,67.5,6.99,232.4,mustard
45.7,10.0,31.0,23.7,67.1,6.65,314.6,mustard
59.5,57.8,38.0,17.3,62.6,6.8,299.0,mustard
67.8,57.1,64.7,12.7,70.0,6.49,356.9,mustard
50.3,24.6,47.0,20.8,67.4,6.64,332.5,mustard
70.5,16.1,76.6,17.0,67.2,6.96,314.6,mustard
44.4,35.4,24.9,20.3,67.5,6.73,312.6,mustard
86.6,49.5,47.5,19.8,66.3,6.56,283.5,mustard
53.0,48.3,54.4,20.2,67.2,6.73,326.1,mustard
54.5,56.9,34.1,19.2,66.4,7.17,313.9,mustard
51.1,68.9,43.5,16.6,70.4,6.82,335.8,mustard
44.4,47.9,63.9,16.9,65.6,6.9,340.5,mustard
67.7,41.0,60.3,15.3,68.2,6.93,328.0,mustard
81.9,42.1,17.9,18.1,65.4,6.97,308.6,mustard
67.5,39.4,53.3,16.1,68.5,6.47,358.7,mustard
50.7,43.0,42.0,16.4,67.0,6.2,358.2,mustard
45.8,50.5,49.3,16.3,69.7,7.06,286.1,mustard
80.3,39.5,35.8,14.4,72.8,6.5,334.3,mustard
45.4,54.9,47.1,20.7,67.7,6.73,309.4,mustard
55.7,58.2,31.5,23.2,67.3,6.69,328.8,mustard
36.8,43.0,33.2,18.6,65.1,6.81,316.3,mustard
67.9,40.1,82.1,16.5,67.5,6.71,321.8,mustard
78.0,61.0,34.0,14.7,66.8,6.59,296.9,mustard
72.4,20.0,22.3,18.8,66.6,6.87,335.2,mustard
44.4,35.7,22.5,16.8,67.6,6.58,317.0,mustard
53.6,34.7,46.0,20.5,68.6,6.94,351.0,mustard
74.6,53.1,36.5,19.4,68.0,6.82,334.0,mustard
50.4,61.0,35.6,19.1,64.4,6.68,272.0,mustard
60.5,58.8,31.7,18.4,64.9,6.8,330.3,mustard
60.5,55.0,44.7,19.1,65.9,6.31,339.5,mustard
68.7,20.1,49.0,19.8,68.9,6.41,309.2,mustard
66.5,41.1,57.8,16.1,67.4,6.96,346.2,mustard
46.5,33.3,36.4,18.6,67.4,6.71,368.5,mustard
28.0,31.7,58.3,15.8,65.1,6.59,341.0,mustard
79.2,50.5,20.1,16.2,66.1,6.82,304.0,mustard
46.4,30.8,32.0,21.0,68.4,6.54,350.4,mustard
74.8,36.3,42.8,18.0,65.1,6.71,256.8,mustard
55.8,32.2,64.9,20.2,65.6,6.54,305.1,mustard
55.4,42.3,45.7,18.1,65.9,6.74,341.8,mustard
70.8,43.5,51.2,16.6,69.6,6.58,319.8,mustard
67.5,41.9,55.4,16.7,66.3,6.84,350.8,mustard
56.0,43.4,37.4,20.3,70.8,6.67,342.1,mustard
59.1,27.8,34.1,16.6,69.0,6.73,288.4,mustard
58.4,37.8,19.8,18.1,67.2,6.67,294.9,mustard
58.7,23.5,51.8,19.6,67.9,6.94,263.4,mustard
60.3,54.8,17.2,13.5,69.6,6.73,316.6,mustard
75.0,17.7,37.2,17.6,66.1,6.63,325.2,mustard
59.1,40.4,38.4,15.7,66.5,6.78,329.8,mustard
75.1,28.8,72.5,17.7,67.6,6.71,330.2,mustard
73.2,28.5,60.5,15.3,64.1,6.69,312.9,mustard
52.0,59.3,29.6,17.1,65.9,6.84,289.7,mustard
29.1,33.5,36.8,17.2,69.2,6.47,309.1,mustard
49.8,57.5,23.3,13.3,68.8,6.68,335.7,mustard
64.8,18.3,53.7,18.8,67.8,6.9,313.1,mustard
66.9,26.6,20.0,12.7,68.3,6.7,341.6,mustard
44.7,71.7,18.6,18.9,70.3,6.68,316.7,mustard
55.9,38.2,67.0,17.9,68.8,6.69,327.7,mustard
46.6,20.7,29.8,19.7,66.5,6.73,303.7,mustard
55.4,45.3,51.0,15.2,67.7,6.47,364.4,mustard
109.4,32.8,21.1,18.0,67.2,6.72,338.2,mustard
50.9,12.2,39.7,16.4,64.6,6.84,322.3,mustard
65.2,35.6,25.8,15.5,65.6,6.65,350.4,mustard
56.2,38.2,48.6,15.1,66.5,6.52,355.0,mustard
63.0,46.8,52.4,14.3,66.5,7.07,367.5,mustard
60.2,40.7,45.0,16.5,68.8,7.16,291.1,mustard
63.9,55.4,13.2,13.8,65.2,7.03,354.4,mustard
71.7,42.1,10.0,19.7,67.0,6.96,329.7,mustard
69.8,55.1,43.3,16.7,66.3,6.81,347.7,mustard
50.4,24.4,21.3,15.2,67.0,6.85,355.9,mustard
74.0,62.8,24.2,21.1,68.9,7.14,324.0,mustard
48.8,33.0,41.3,17.5,65.5,6.64,302.8,mustard
91.7,34.1,43.8,18.3,68.6,7.12,349.4,mustard
70.6,51.3,30.7,17.6,69.2,6.9,299.5,mustard
67.5,74.4,44.0,20.8,63.5,6.67,356.5,mustard
61.7,57.9,36.8,18.3,67.4,7.04,318.7,mustard
59.3,38.7,37.7,18.5,66.4,6.69,279.9,mustard
55.4,65.7,49.4,20.6,68.7,6.76,313.8,mustard
45.3,35.4,10.0,17.2,68.6,6.73,340.7,mustard
67.2,51.6,41.9,15.9,68.1,6.7,341.5,mustard
91.2,24.9,31.9,16.9,65.8,6.9,319.2,mustard
29.0,51.3,51.5,18.3,68.7,6.59,317.4,mustard
82.8,36.5,22.5,19.6,66.6,7.1,374.1,mustard
56.7,43.1,53.8,15.1,65.5,6.79,342.1,mustard
64.2,39.5,40.2,18.5,71.1,6.39,346.8,mustard
98.5,26.8,45.5,12.4,66.6,6.88,330.4,mustard
80.4,48.0,13.8,13.0,69.3,6.84,328.7,mustard
65.5,60.7,48.7,22.2,71.0,6.88,288.0,mustard
91.6,58.3,38.1,19.9,66.3,6.55,329.9,mustard
79.9,54.5,69.4,16.0,69.3,6.95,365.2,mustard
65.1,49.7,40.7,19.6,66.9,6.84,292.0,mustard
68.0,28.9,33.6,13.9,64.1,6.43,332.5,mustard
47.4,33.3,49.5,18.7,68.3,6.97,311.3,mustard
79.9,25.6,49.2,16.4,68.5,6.69,340.7,mustard
83.0,26.8,34.9,12.2,67.6,6.52,327.3,mustard
60.3,35.3,41.7,20.5,66.8,6.64,330.6,mustard
102.3,52.0,29.9,15.9,66.3,6.47,347.2,mustard
67.8,43.5,42.8,15.3,66.3,6.94,342.2,mustard
69.1,29.6,58.3,21.2,67.8,6.61,320.0,mustard
53.5,39.7,33.2,20.8,69.4,6.52,283.5,mustard
60.0,47.6,24.2,16.6,69.5,6.73,345.2,mustard
65.5,43.4,69.7,17.6,68.0,6.53,319.4,mustard
52.4,51.8,14.1,14.3,71.1,6.99,382.9,mustard
84.3,31.4,47.0,12.4,65.7,6.38,310.6,mustard
57.8,50.2,10.0,24.5,65.1,7.1,322.2,mustard
49.9,36.7,41.6,18.2,66.8,6.93,323.5,mustard
57.4,24.2,51.4,19.7,67.2,6.72,318.8,mustard
61.6,36.1,23.3,19.6,66.7,7.0,284.4,mustard
61.8,57.1,47.0,20.6,68.8,7.11,307.5,mustard
54.7,43.2,50.7,20.0,65.9,6.66,318.7,mustard
44.3,45.0,45.6,13.6,68.1,6.76,329.0,mustard
60.7,24.0,10.0,19.6,68.1,6.86,319.5,mustard
50.2,61.3,34.1,15.5,68.0,6.56,282.4,mustard
25.2,42.6,26.0,20.5,64.8,6.74,326.0,mustard
55.3,34.1,43.2,17.5,69.7,6.76,308.6,mustard
48.7,43.0,41.6,16.6,66.5,6.75,267.2,mustard
69.4,51.7,36.3,12.0,70.0,6.85,307.2,mustard
50.4,47.9,38.3,16.1,69.6,6.98,346.1,mustard
55.1,35.5,55.9,19.3,67.5,6.9,322.7,mustard
64.5,36.2,64.2,18.5,69.7,7.02,300.4,mustard
84.6,50.7,35.2,21.4,67.0,6.74,302.9,mustard
66.8,47.1,43.3,17.5,66.1,6.85,322.3,mustard
64.2,25.2,10.0,14.8,67.6,6.92,309.1,mustard
76.9,47.4,31.9,17.4,69.0,7.08,335.2,mustard
81.0,35.3,15.3,21.1,69.6,7.1,297.9,mustard
32.8,49.5,30.7,15.6,67.0,6.8,326.1,mustard
34.3,46.7,16.1,17.5,68.9,6.64,313.1,mustard
61.0,27.4,46.1,17.1,68.6,6.76,352.2,mustard
71.9,32.6,19.9,18.7,67.5,6.72,330.3,mustard
65.0,38.1,61.1,19.8,66.1,6.83,292.0,mustard
62.8,54.3,37.0,19.9,66.4,6.8,322.3,mustard
60.1,37.4,23.3,20.1,68.2,6.62,291.7,mustard
31.6,31.1,13.6,15.7,70.8,6.65,313.4,mustard
53.8,35.7,78.3,14.9,66.3,6.82,264.1,mustard
50.9,49.2,57.8,16.0,67.7,6.8,330.5,mustard
44.5,38.5,54.9,17.7,68.5,6.78,354.1,mustard
67.0,68.1,43.5,16.5,65.5,6.82,327.0,mustard
80.4,33.8,57.2,18.3,67.3,6.69,321.2,mustard
52.0,25.5,28.8,17.3,66.4,6.62,304.1,mustard
47.6,56.3,11.8,11.3,66.5,6.71,327.6,mustard
89.2,49.3,10.0,19.8,66.1,6.82,285.7,mustard
74.3,29.5,26.0,18.4,72.0,6.81,304.8,mustard
59.6,51.6,40.5,17.4,68.1,6.67,306.2,mustard
57.9,28.5,34.0,16.8,66.5,6.88,307.3,mustard
56.3,49.5,33.9,19.6,62.7,6.92,317.0,mustard
42.8,42.4,37.7,18.7,66.1,6.5,339.3,mustard
47.6,44.5,65.5,17.5,66.9,6.66,335.7,mustard
86.3,28.8,48.3,16.2,70.0,6.62,336.2,mustard
80.9,42.5,31.9,14.7,66.3,6.32,338.1,mustard
57.9,63.9,10.0,16.9,66.8,6.68,320.2,mustard
48.2,39.5,30.6,12.5,62.7,6.66,336.2,mustard
67.7,47.6,42.7,17.1,65.1,6.7,305.5,mustard
66.9,63.5,42.7,20.7,69.0,6.7,327.1,mustard
68.0,50.2,29.8,20.5,65.1,6.78,325.3,mustard
47.4,35.0,48.4,26.9,69.9,6.91,352.0,mustard
45.1,64.1,88.4,12.9,66.6,6.86,313.1,mustard
45.9,44.1,29.9,18.6,68.4,6.65,356.1,mustard
46.1,57.3,33.1,20.0,67.9,6.59,308.9,mustard
29.6,49.8,45.9,16.5,66.6,6.73,308.8,mustard
69.0,24.2,34.6,19.7,67.8,6.77,357.4,mustard
78.3,39.3,23.5,19.9,71.6,6.74,346.6,mustard
56.1,29.9,69.8,17.9,66.7,6.55,319.5,mustard
56.9,29.9,38.3,19.8,66.4,6.68,295.8,mustard
30.6,43.4,41.9,20.0,65.3,6.37,315.8,mustard
51.1,40.6,36.2,17.0,66.7,6.8,310.5,mustard
52.9,36.2,47.9,17.7,69.0,6.8,270.5,mustard
45.5,41.5,13.3,17.2,67.7,6.92,340.1,mustard
50.8,24.0,15.0,15.1,67.2,6.69,291.1,mustard
58.5,43.1,41.5,14.7,67.6,6.58,346.8,mustard
68.9,55.5,41.7,16.1,66.6,6.98,311.5,mustard
45.5,48.3,42.1,15.0,66.9,6.54,357.4,mustard
57.3,45.4,11.4,15.7,72.6,6.83,306.6,mustard
45.8,40.5,33.1,15.1,70.0,6.38,304.7,mustard
35.2,40.9,13.5,15.0,70.5,6.91,318.0,mustard
82.7,13.8,41.5,18.2,64.9,6.82,348.0,mustard
54.0,42.9,29.2,17.9,65.5,6.81,322.3,mustard
62.0,36.1,37.0,17.6,64.6,6.21,391.3,mustard
74.5,43.3,46.2,14.9,70.2,6.61,334.5,mustard
74.7,53.7,37.0,17.9,68.8,6.65,313.8,mustard
62.0,37.2,34.2,14.8,69.6,6.66,324.5,mustard
67.0,29.9,43.7,21.6,66.0,6.37,348.0,mustard
92.8,54.1,13.3,16.9,67.2,6.79,356.9,mustard
36.8,41.3,54.3,16.8,68.6,6.64,311.3,mustard
56.5,36.4,49.0,17.1,67.3,6.61,319.5,mustard
56.6,47.7,54.6,20.5,66.7,6.4,343.6,mustard
37.1,50.7,31.3,16.9,65.2,6.9,310.5,mustard
89.6,47.1,46.1,14.6,65.2,6.48,359.9,mustard
58.6,32.1,60.1,18.1,66.6,7.08,308.0,mustard
27.3,50.6,59.2,15.6,70.1,6.72,336.7,mustard
54.8,61.1,43.0,17.6,67.5,6.77,319.5,mustard
67.5,39.5,51.3,17.5,66.7,6.7,344.5,mustard
30.3,43.6,52.7,16.7,69.0,6.94,335.4,mustard
66.4,49.9,10.0,15.1,67.9,6.67,351.9,mustard
73.9,34.6,55.4,21.5,65.4,7.02,276.3,mustard
54.5,11.7,51.6,18.4,62.1,6.56,330.9,mustard
45.2,43.7,56.6,17.4,66.5,6.49,358.0,mustard
85.8,46.6,29.0,17.6,67.5,6.87,349.8,mustard
93.5,36.8,10.0,18.2,66.8,6.6,327.5,mustard
51.8,43.0,19.9,15.9,67.0,6.47,305.8,mustard
63.3,49.2,43.6,20.4,67.8,6.68,326.1,mustard
28.7,29.4,27.6,20.3,69.1,6.83,328.5,mustard
35.4,49.5,49.0,15.5,69.6,7.03,298.1,mustard
76.8,29.8,50.8,23.1,64.6,6.46,323.1,mustard
71.8,48.3,54.4,17.4,64.6,6.76,347.2,mustard
101.2,57.3,53.4,13.3,67.4,7.03,322.1,mustard
52.9,39.3,29.5,18.6,69.9,6.79,325.8,mustard
42.7,45.6,28.7,12.9,67.6,6.37,282.2,mustard
47.5,45.9,41.6,14.4,69.7,6.91,297.1,mustard
60.6,53.2,14.2,19.6,64.3,6.83,356.9,mustard
35.4,54.3,42.7,14.3,67.0,6.82,327.4,mustard
84.6,40.9,40.1,18.0,65.3,6.6,321.3,mustard
55.8,34.2,49.9,19.6,68.3,6.78,305.3,mustard
49.6,44.6,43.8,18.9,68.4,6.54,306.0,mustard
66.3,26.4,42.7,14.8,67.2,6.95,333.9,mustard
45.6,32.7,40.7,15.6,68.2,6.84,326.9,mustard
50.2,36.1,40.6,16.4,65.5,6.82,314.5,mustard
73.8,50.6,39.7,11.2,70.5,6.46,285.0,mustard
74.3,44.8,52.8,21.2,67.9,6.82,345.5,mustard
60.7,64.9,22.3,21.5,66.9,6.59,356.4,mustard
51.4,39.4,37.5,17.0,65.9,6.77,321.6,mustard
59.5,40.1,48.9,17.6,66.5,6.72,300.9,mustard
65.2,41.0,31.9,14.8,65.8,6.56,318.3,mustard
35.7,40.8,28.6,16.0,69.5,6.72,292.3,mustard
105.0,56.5,24.1,16.0,67.0,7.06,349.7,mustard
43.2,41.5,41.8,21.0,68.4,7.01,310.7,mustard
69.8,37.7,60.1,15.3,68.8,6.48,279.6,mustard
84.6,30.6,42.4,14.7,71.4,6.62,323.1,mustard
52.4,31.4,62.0,15.4,65.1,6.65,338.0,mustard
22.7,64.3,56.7,15.6,71.0,6.8,328.1,mustard
74.8,19.6,18.5,20.7,67.3,6.47,358.6,mustard
98.3,51.1,46.7,17.5,66.2,6.64,350.9,mustard
57.7,36.6,71.6,21.2,65.4,6.52,340.1,mustard
15.8,68.4,28.7,17.2,68.2,6.91,368.7,mustard
45.2,34.5,34.2,20.3,70.6,6.46,285.5,mustard
85.8,27.2,38.4,16.7,65.5,6.81,334.4,mustard
54.9,42.6,46.2,19.6,65.1,6.85,282.1,mustard
57.1,46.6,51.3,13.3,67.3,6.74,368.6,mustard
43.8,33.3,34.6,10.2,65.1,6.65,345.1,mustard
58.6,33.0,25.8,16.9,67.5,6.84,283.3,mustard
34.7,37.5,31.3,10.7,68.0,6.67,337.3,mustard
43.2,55.2,42.7,20.8,66.0,6.89,352.9,mustard
53.0,23.5,51.3,22.7,69.8,7.02,307.4,mustard
60.7,44.1,40.0,15.0,66.0,7.11,316.1,mustard
61.3,52.6,22.3,15.6,69.2,6.63,339.8,mustard
51.9,31.5,29.5,17.1,65.6,6.77,345.5,mustard
45.2,34.6,19.3,14.1,65.7,6.83,269.3,mustard
66.1,54.1,55.0,17.8,68.6,6.7,368.4,mustard
81.7,48.5,30.2,20.3,70.8,6.68,331.0,mustard
45.4,49.6,20.0,13.2,64.5,6.79,330.1,mustard
35.9,47.0,27.7,22.3,64.3,6.89,331.8,mustard
45.1,57.4,44.7,23.2,63.5,6.72,323.2,mustard
26.4,56.4,12.6,16.4,69.1,6.9,335.5,mustard
61.5,55.2,59.5,20.2,66.9,6.7,310.0,mustard
73.0,52.5,31.1,18.0,67.1,6.68,345.8,mustard
50.5,35.6,23.7,21.6,64.2,6.59,358.1,mustard
95.6,24.4,42.0,17.1,70.7,6.95,330.2,mustard
54.0,48.8,44.9,17.1,66.4,6.67,321.9,mustard
67.5,27.9,43.3,15.8,64.6,6.9,348.5,mustard
28.5,45.6,21.9,14.9,64.5,6.84,336.4,mustard
38.6,33.8,21.7,18.0,65.3,6.26,349.4,mustard
38.2,46.1,46.4,12.8,69.7,7.02,297.1,mustard
32.7,46.9,12.2,15.1,67.2,6.76,382.1,mustard
80.7,51.2,52.5,17.9,66.2,6.62,311.0,mustard
64.9,43.8,40.2,17.3,66.4,6.62,301.6,mustard
89.1,51.7,28.2,19.9,68.4,6.51,318.2,mustard
44.1,47.3,66.6,19.7,64.3,6.94,346.1,mustard
57.7,44.8,39.4,18.4,69.0,6.73,401.4,mustard
48.9,45.1,41.8,13.2,66.0,6.9,315.6,mustard
48.5,36.9,35.6,16.7,67.7,6.76,308.9,mustard
54.5,33.7,59.0,18.7,67.9,6.77,325.6,mustard
68.6,46.7,51.3,15.5,70.7,6.63,366.8,mustard
52.0,31.1,10.0,18.6,70.2,7.07,300.8,mustard
47.5,45.3,29.7,18.7,65.3,6.78,319.0,mustard
77.6,35.4,52.9,15.5,66.8,6.48,327.3,mustard
56.6,66.4,47.2,18.2,68.5,6.68,277.9,mustard
75.3,44.1,42.4,17.1,71.2,6.75,314.4,mustard
42.9,45.5,41.8,20.1,67.5,6.85,331.1,mustard
77.2,49.8,52.3,16.3,66.3,6.59,333.9,mustard
53.9,33.7,48.9,20.7,64.6,6.93,342.4,mustard
63.6,44.9,25.0,20.0,67.2,6.92,337.1,mustard
37.9,31.5,14.1,14.3,65.6,7.0,316.7,mustard
55.7,43.0,46.6,18.5,70.6,6.82,309.2,mustard
65.7,60.6,59.1,19.5,66.8,6.59,350.0,mustard
58.3,41.4,42.7,22.3,65.4,6.74,365.6,mustard
69.0,32.8,49.1,20.2,69.0,6.86,282.2,mustard
35.3,50.3,32.9,16.2,67.2,6.61,331.6,mustard
64.1,24.1,30.6,17.0,65.2,6.87,336.2,mustard
51.4,26.5,51.0,19.9,69.2,6.61,354.9,mustard
52.8,31.7,39.7,14.4,67.4,6.69,368.5,mustard
72.7,29.8,23.3,15.2,69.1,6.79,349.5,mustard
60.8,26.4,56.2,18.7,67.6,6.56,321.6,mustard
71.7,26.4,35.6,17.4,67.8,6.61,360.0,mustard
38.6,43.8,23.2,17.1,70.2,6.85,268.2,mustard
63.8,36.2,30.0,18.3,67.6,6.83,302.0,mustard
59.5,52.3,62.3,16.8,68.4,6.89,350.3,mustard
43.4,23.7,28.6,14.1,69.5,7.07,298.5,mustard
86.0,39.4,29.7,16.3,69.0,6.72,328.8,mustard
54.1,36.2,28.2,15.1,67.9,6.73,314.2,mustard
52.7,60.4,31.4,18.1,66.9,6.82,374.8,mustard
51.6,46.0,47.9,16.5,64.0,6.71,285.2,mustard
51.4,30.2,36.1,18.0,68.7,6.83,337.1,mustard
62.7,63.7,44.9,16.5,69.4,6.69,329.5,mustard
47.2,35.7,34.7,18.8,67.1,6.87,366.4,mustard
72.8,42.8,44.1,18.7,66.0,6.96,377.0,mustard
58.0,41.6,25.0,19.3,66.7,6.96,325.6,mustard
33.9,22.6,46.8,17.3,67.8,6.48,289.4,mustard
33.5,39.4,33.8,15.1,66.3,6.83,321.8,mustard
75.5,45.5,19.1,19.3,63.5,6.97,340.2,mustard
85.3,35.3,26.6,18.8,66.9,6.93,342.5,mustard
77.5,38.0,49.1,17.0,67.5,6.57,338.2,mustard
73.7,20.6,37.4,19.1,68.7,7.07,320.5,mustard
37.5,76.7,41.6,15.8,67.5,6.72,355.1,mustard
61.9,23.3,15.0,17.1,67.8,6.74,287.2,mustard
74.9,42.3,41.4,21.7,68.5,6.7,295.8,mustard
37.0,14.6,42.2,17.9,65.3,6.7,305.7,mustard
67.5,30.5,47.1,16.8,69.1,6.85,349.4,mustard
71.0,40.9,30.7,16.0,72.7,6.3,339.5,mustard
51.7,16.9,30.6,19.4,71.4,6.95,293.4,mustard
53.8,36.5,26.9,21.1,67.1,6.88,373.0,mustard
99.3,40.4,32.4,21.0,68.2,6.78,307.3,mustard
52.6,49.7,24.4,15.7,71.3,7.09,347.9,mustard
59.0,55.9,27.3,17.4,67.6,6.56,290.7,mustard
53.8,40.3,49.3,16.5,66.8,6.52,348.9,mustard
56.0,41.3,26.9,13.0,67.9,6.36,339.2,mustard
49.6,30.2,19.9,14.9,67.5,6.35,323.7,mustard
66.5,51.9,53.1,19.6,64.8,6.72,348.6,mustard
46.2,53.5,24.3,16.6,69.6,6.67,327.2,mustard
70.0,49.5,23.2,13.2,68.8,6.98,332.2,mustard
77.5,50.6,58.0,18.5,66.4,6.75,339.4,mustard
58.2,38.8,27.2,16.2,66.5,6.48,363.2,mustard
71.1,32.8,24.3,18.5,68.4,6.91,385.9,mustard
60.5,40.0,35.7,17.1,69.9,6.61,325.3,mustard
31.0,27.8,32.0,18.9,70.1,6.78,330.9,mustard
67.6,24.5,39.7,11.3,69.3,6.46,298.4,mustard
53.2,29.0,46.9,17.5,64.8,6.94,331.4,mustard
57.0,34.9,33.2,17.4,66.7,6.22,307.1,mustard
44.3,32.1,10.0,15.6,68.3,6.8,340.4,mustard
77.5,29.2,79.5,18.6,63.6,6.94,358.2,mustard
47.4,34.1,19.8,15.2,67.0,6.85,313.1,mustard
54.6,58.1,41.1,17.8,67.1,6.88,358.6,mustard
65.9,21.3,37.2,14.8,67.1,6.71,327.4,mustard
82.6,29.1,33.6,20.2,66.1,6.44,357.6,mustard
70.5,24.3,17.1,15.4,66.4,6.91,323.0,mustard
83.7,32.0,23.7,14.6,68.6,6.81,308.6,mustard
89.3,37.4,70.3,17.4,67.7,6.64,281.4,mustard
80.5,49.4,41.2,18.6,68.3,6.46,343.6,mustard
61.3,43.9,62.7,14.0,67.0,6.92,282.7,mustard
69.0,46.1,48.5,19.7,68.8,6.83,342.1,mustard
76.8,44.8,35.7,26.4,63.3,6.55,322.3,mustard
88.3,51.1,39.1,18.6,68.5,7.02,348.3,mustard
56.2,27.1,45.0,20.9,65.3,6.53,306.6,mustard
64.0,48.5,68.0,19.1,66.9,6.96,370.9,mustard
33.6,34.8,43.2,19.6,65.4,6.48,306.1,mustard
49.5,46.2,24.6,17.6,64.0,6.99,309.6,mustard
55.3,38.5,33.7,13.4,68.6,6.43,313.3,mustard
77.6,51.8,30.4,14.4,66.2,6.48,321.3,mustard
38.0,51.4,41.8,16.0,69.1,7.0,322.5,mustard
54.8,37.9,56.1,17.1,67.2,6.73,294.8,mustard
52.5,46.8,43.6,18.3,64.8,6.68,349.0,mustard
56.1,19.1,21.2,19.4,67.9,6.74,365.2,mustard
61.5,41.8,28.7,13.4,66.8,7.07,311.5,mustard
41.7,38.0,50.0,17.1,68.7,6.67,269.8,mustard
65.2,51.7,47.4,19.4,67.3,6.54,369.9,mustard
64.1,8.3,30.0,17.8,66.8,6.76,343.3,mustard
68.0,26.4,23.7,14.3,64.9,6.77,290.2,mustard
57.2,49.3,35.0,18.5,68.2,6.93,349.9,mustard
62.7,59.9,47.0,18.4,70.2,7.07,296.4,mustard
59.9,51.1,45.7,17.3,71.0,6.72,313.7,mustard
60.5,38.2,52.5,16.8,64.5,6.73,348.5,mustard
74.9,38.7,60.8,15.4,72.2,6.88,322.0,mustard
48.8,39.0,54.7,13.5,67.0,6.62,353.1,mustard
51.7,40.5,30.2,14.4,65.6,6.68,362.4,mustard
55.6,28.0,23.9,16.0,67.7,6.5,294.6,mustard
79.7,31.8,37.3,15.6,68.3,6.65,303.5,mustard
69.6,40.7,43.7,16.1,67.5,6.74,321.9,mustard
19.7,42.3,61.2,20.5,69.9,6.78,317.5,mustard
61.2,25.9,41.8,19.0,66.5,7.06,322.1,mustard
54.8,35.9,42.0,15.4,67.5,6.76,266.3,mustard
63.9,13.0,47.3,15.8,65.1,6.68,297.0,mustard
30.3,27.6,58.0,23.4,68.4,6.97,340.1,lentil
27.5,30.0,33.0,21.9,67.6,6.36,344.9,lentil
41.2,51.5,40.8,21.6,67.3,6.75,367.7,lentil
10.0,30.6,46.1,22.6,67.8,6.58,337.9,lentil
17.3,38.3,23.1,22.8,67.1,6.71,367.2,lentil
39.0,46.9,58.1,26.6,66.7,6.94,366.2,lentil
33.6,44.4,24.1,24.2,67.8,6.58,360.7,lentil
37.2,45.5,46.9,20.7,67.4,6.52,354.5,lentil
27.2,27.4,38.6,24.3,66.8,6.98,329.5,lentil
42.5,18.4,53.6,25.0,67.6,6.94,341.2,lentil
19.8,45.2,46.8,25.0,67.0,6.83,355.4,lentil
38.2,22.3,38.2,26.5,66.3,6.76,363.5,lentil
26.7,42.7,36.2,24.7,67.7,6.63,312.3,lentil
28.7,40.4,24.1,24.0,67.4,6.64,332.6,lentil
24.0,41.6,31.7,22.4,67.5,6.77,336.8,lentil
48.0,64.3,47.2,22.4,67.3,6.63,327.1,lentil
24.7,24.0,35.0,22.2,67.7,6.34,348.6,lentil
32.5,46.7,67.8,22.3,67.2,6.79,348.4,lentil
30.3,58.0,27.8,23.1,66.9,6.42,373.3,lentil
28.6,26.4,46.0,25.1,68.2,6.95,336.8,lentil
25.4,41.7,16.9,20.6,67.0,6.77,350.0,lentil
10.0,43.7,45.3,21.6,68.0,6.81,379.7,lentil
32.6,51.7,48.5,23.1,67.1,6.94,330.3,lentil
35.1,27.6,45.0,22.2,67.5,6.93,322.2,lentil
30.1,25.8,35.3,22.5,66.7,6.88,345.4,lentil
19.9,40.5,31.9,20.9,66.7,6.75,321.7,lentil
30.9,39.1,21.5,25.6,68.2,6.66,344.0,lentil
34.4,39.6,50.4,27.1,67.5,6.71,379.3,lentil
35.5,57.4,42.4,24.5,67.1,6.64,352.7,lentil
25.2,37.1,36.8,26.5,67.8,6.7,337.0,lentil
14.4,19.2,24.7,18.8,66.4,6.66,328.5,lentil
11.0,26.9,53.0,23.6,67.4,6.68,399.6,lentil
43.9,43.0,25.7,26.8,67.6,7.23,334.6,lentil
18.0,36.6,38.9,22.0,67.5,7.08,314.3,lentil
29.7,44.1,28.0,24.0,67.4,6.81,334.9,lentil
14.5,40.8,46.1,23.9,68.2,6.85,355.2,lentil
14.9,54.2,25.4,25.0,67.8,6.46,360.2,lentil
15.8,48.4,53.0,24.6,68.1,6.95,339.6,lentil
18.8,37.3,47.0,25.2,66.4,6.97,346.1,lentil
14.0,39.9,43.2,22.0,67.0,6.58,331.4,lentil
25.7,53.1,45.6,22.6,65.8,6.8,351.0,lentil
10.0,40.7,47.3,25.1,66.4,6.75,338.3,lentil
35.0,58.5,59.4,23.8,68.6,6.7,333.7,lentil
27.1,29.8,42.8,25.4,67.7,6.94,379.1,lentil
38.6,27.1,46.0,21.1,67.3,6.92,351.7,lentil
28.9,25.5,29.2,24.8,68.1,6.96,372.1,lentil
24.0,44.7,44.8,24.9,67.2,6.68,329.0,lentil
13.6,49.0,41.7,25.2,67.3,6.84,334.6,lentil
36.4,20.5,36.0,21.4,67.6,7.09,364.0,lentil
22.2,29.8,32.6,24.3,66.9,6.77,354.6,lentil
10.0,56.9,10.0,23.1,68.2,6.8,380.7,lentil
32.8,43.1,40.1,21.4,66.9,7.07,324.7,lentil
31.2,52.1,41.0,22.1,68.4,6.92,363.7,lentil
43.2,39.7,64.6,20.0,66.8,6.76,369.0,lentil
35.9,37.8,50.8,24.3,67.5,6.65,336.1,lentil
21.4,41.9,48.4,24.8,67.0,6.76,319.3,lentil
18.9,42.8,46.3,26.2,67.6,6.86,355.5,lentil
16.6,37.5,56.1,24.2,67.9,6.57,349.7,lentil
14.5,20.1,71.6,21.2,68.4,6.79,366.9,lentil
31.8,33.0,52.8,21.6,66.4,6.36,341.5,lentil
15.1,30.6,25.6,23.3,67.3,6.93,370.3,lentil
44.4,38.3,34.0,22.7,66.9,6.57,322.5,lentil
31.0,39.6,41.6,25.5,67.7,6.87,342.3,lentil
15.6,46.7,21.8,24.7,67.7,6.78,358.8,lentil
37.8,30.2,48.7,24.1,66.6,6.61,352.4,lentil
25.1,44.7,60.1,21.6,68.0,6.96,326.8,lentil
10.0,29.5,57.3,23.6,67.4,6.61,351.2,lentil
40.2,39.6,30.0,27.3,68.0,6.7,332.0,lentil
22.0,32.4,28.1,24.4,67.6,6.69,325.3,lentil
24.1,37.1,29.6,24.6,67.4,6.82,351.3,lentil
23.3,41.9,81.7,26.2,66.0,6.7,387.8,lentil
18.9,39.0,39.3,24.1,67.9,6.91,344.2,lentil
29.6,38.2,36.1,27.2,67.8,6.64,352.3,lentil
15.9,42.5,41.4,22.8,67.4,6.57,353.5,lentil
16.4,52.4,54.4,25.3,66.8,6.86,352.1,lentil
41.3,30.3,34.1,22.8,66.7,6.51,336.2,lentil
35.4,11.8,38.0,29.0,68.1,6.88,369.2,lentil
10.9,37.3,33.2,22.6,66.6,6.72,323.8,lentil
37.8,47.1,38.6,27.2,68.0,6.55,360.8,lentil
27.4,35.4,38.3,21.1,67.3,6.62,356.5,lentil
13.4,32.7,52.6,21.5,68.4,6.52,324.0,lentil
10.0,42.7,68.8,22.7,66.9,6.97,347.3,lentil
34.2,53.5,62.1,23.4,66.1,6.82,334.6,lentil
20.9,48.7,45.1,25.5,68.3,6.59,322.9,lentil
20.2,63.8,35.0,22.3,65.8,6.92,356.2,lentil
30.0,47.8,51.1,26.5,68.0,6.9,365.2,lentil
27.0,49.1,41.2,23.5,67.2,6.69,339.3,lentil
24.5,32.0,57.0,25.9,68.9,6.76,350.2,lentil
13.3,42.3,55.7,26.1,68.3,6.76,376.5,lentil
21.5,48.3,53.6,23.9,67.3,6.99,342.9,lentil
21.2,19.2,55.5,25.2,67.3,6.45,339.3,lentil
44.5,54.2,36.4,21.4,67.3,6.65,332.2,lentil
19.0,66.2,47.1,27.1,67.5,6.58,357.4,lentil
10.0,50.2,66.7,23.5,67.6,6.74,351.3,lentil
28.8,42.1,37.4,24.6,67.0,6.68,357.5,lentil
33.7,27.6,40.0,26.1,67.9,6.65,353.0,lentil
32.0,39.7,33.9,24.7,67.5,6.88,343.1,lentil
27.2,43.9,10.0,24.8,67.9,7.07,385.1,lentil
25.5,61.0,30.5,23.7,67.7,6.73,366.5,lentil
31.3,46.5,63.0,26.1,67.9,6.58,377.1,lentil
25.1,49.7,38.6,23.7,66.9,6.72,314.3,lentil
27.6,48.2,44.3,22.9,67.4,6.78,336.4,lentil
39.3,29.5,48.1,21.0,67.3,6.68,327.8,lentil
29.4,49.9,41.3,27.2,68.1,7.03,361.5,lentil
20.1,21.5,62.2,27.8,67.1,6.6,356.4,lentil
19.4,46.2,34.2,27.0,67.5,6.56,365.4,lentil
36.1,42.7,28.7,24.0,66.9,6.65,328.5,lentil
26.5,41.7,51.5,23.3,67.9,6.56,373.3,lentil
19.1,45.6,33.2,21.7,68.1,6.89,342.3,lentil
26.0,34.1,30.9,24.8,67.1,6.68,363.0,lentil
16.6,38.9,60.2,24.7,67.1,6.61,368.0,lentil
42.1,38.3,54.2,23.2,67.2,6.5,372.1,lentil
22.6,23.3,34.5,25.6,67.4,6.83,360.7,lentil
37.7,28.3,79.9,25.6,68.2,6.75,367.7,lentil
32.1,46.2,18.5,23.9,66.7,6.66,351.6,lentil
14.7,42.6,18.8,24.6,68.3,6.98,322.2,lentil
26.8,44.4,30.7,23.1,67.6,6.81,354.2,lentil
25.9,23.4,23.7,23.6,67.4,7.26,350.7,lentil
11.3,26.6,25.3,24.5,67.4,6.46,348.0,lentil
38.4,42.9,28.3,21.3,67.6,6.91,361.7,lentil
26.9,54.2,26.8,25.6,67.2,6.71,327.7,lentil
10.0,41.8,18.1,21.3,68.1,7.31,375.6,lentil
26.4,39.6,46.8,27.3,66.9,6.81,319.0,lentil
28.0,45.4,49.1,26.1,67.2,6.59,357.1,lentil
26.5,40.8,19.8,23.4,67.9,6.65,321.4,lentil
10.0,33.2,35.3,23.9,68.0,6.4,355.7,lentil
25.4,33.2,22.0,20.7,66.7,6.53,339.1,lentil
31.4,39.6,35.4,25.5,68.3,6.41,337.2,lentil
23.5,54.6,35.3,23.5,67.6,6.99,349.2,lentil
40.7,29.6,51.9,24.2,66.4,6.6,346.1,lentil
28.7,10.1,24.5,19.7,67.8,6.74,343.3,lentil
21.6,63.2,34.4,22.7,67.4,6.41,333.0,lentil
23.0,33.4,41.7,20.7,67.1,6.46,366.7,lentil
18.1,23.5,25.8,24.0,67.6,7.17,358.5,lentil
38.7,34.6,49.8,26.2,68.1,7.15,321.8,lentil
33.8,55.9,41.4,25.8,66.8,6.74,342.7,lentil
32.1,53.9,36.1,23.6,68.7,6.78,347.9,lentil
10.0,52.3,26.7,22.7,67.0,6.65,353.1,lentil
10.0,58.7,51.6,26.4,66.6,6.42,334.1,lentil
26.5,33.3,58.6,24.3,66.9,6.56,373.1,lentil
41.6,40.9,48.6,30.2,67.7,6.76,368.3,lentil
23.1,45.8,24.7,22.0,67.8,6.97,341.6,lentil
20.4,34.6,60.3,24.8,67.5,6.72,368.4,lentil
35.0,26.5,25.7,22.9,66.9,6.74,349.5,lentil
17.4,67.0,37.1,27.0,68.0,6.66,341.1,lentil
21.3,28.5,35.8,25.3,67.4,6.99,348.0,lentil
19.7,22.6,25.4,24.1,67.1,6.51,342.1,lentil
20.2,53.7,46.8,25.6,67.5,6.47,367.7,lentil
28.3,38.9,66.3,21.6,67.3,6.63,363.5,lentil
40.6,44.7,74.1,25.4,67.9,6.58,348.8,lentil
48.0,39.2,20.4,22.5,67.4,6.35,315.7,lentil
30.0,47.0,44.8,22.8,66.9,7.06,322.8,lentil
34.6,44.5,36.5,24.0,67.7,7.19,325.8,lentil
22.8,29.5,63.4,22.5,68.0,6.76,406.7,lentil
24.7,44.5,35.4,24.5,66.7,6.85,359.8,lentil
10.0,41.6,46.4,23.8,66.9,6.57,358.4,lentil
10.0,34.4,56.8,22.0,67.5,6.87,328.7,lentil
29.2,50.1,62.3,22.4,67.9,6.72,340.3,lentil
26.5,37.2,29.6,26.2,68.7,6.87,381.0,lentil
39.1,39.7,56.6,20.5,68.2,6.6,341.6,lentil
30.8,13.3,27.4,26.1,68.6,7.11,339.1,lentil
12.6,11.7,54.6,20.9,67.1,6.83,347.5,lentil
19.0,55.4,42.3,26.1,67.2,6.67,311.5,lentil
31.6,16.9,39.7,20.4,67.6,6.76,362.0,lentil
33.8,26.9,36.9,25.0,67.2,6.67,340.3,lentil
10.0,23.6,50.8,23.0,67.6,6.75,373.9,lentil
13.7,61.0,45.1,23.6,68.0,6.97,360.1,lentil
26.2,62.3,45.8,24.9,67.9,6.59,319.6,lentil
31.2,41.4,59.5,24.4,67.0,6.46,356.8,lentil
10.0,33.0,24.3,22.2,67.9,6.63,328.6,lentil
43.4,37.0,49.6,20.9,67.9,6.69,357.1,lentil
22.8,47.4,44.8,20.9,68.2,6.97,330.8,lentil
18.8,38.4,51.9,25.1,69.1,7.36,333.2,lentil
13.6,36.3,44.5,25.9,68.0,6.72,341.6,lentil
31.0,39.9,38.9,24.8,67.3,6.91,336.4,lentil
10.0,22.3,38.2,26.4,67.2,6.2,369.7,lentil
23.8,38.5,32.7,25.2,66.9,6.64,362.1,lentil
20.7,36.7,26.7,29.1,66.8,6.75,355.2,lentil
19.2,50.8,39.3,22.3,67.3,6.75,317.8,lentil
11.1,53.4,19.7,24.1,67.5,6.76,354.0,lentil
22.1,51.8,29.2,25.8,67.2,6.82,355.7,lentil
39.0,45.8,37.8,24.0,66.9,6.73,337.6,lentil
26.6,51.7,37.6,23.8,67.0,6.6,323.4,lentil
28.9,31.5,53.3,24.4,67.6,6.75,350.6,lentil
21.7,35.3,49.9,21.9,67.6,6.74,323.8,lentil
17.0,55.2,36.0,22.3,67.8,6.9,333.3,lentil
48.7,27.7,34.5,23.3,67.6,6.9,353.0,lentil
30.3,53.0,35.1,23.3,66.5,6.72,382.1,lentil
33.3,29.2,36.9,26.5,67.2,6.42,336.1,lentil
23.9,39.3,30.9,26.9,68.2,6.95,333.8,lentil
35.1,31.6,60.4,23.8,68.5,6.78,339.3,lentil
32.4,49.2,49.0,25.7,67.9,6.76,357.8,lentil
17.0,24.1,45.9,25.2,66.5,6.72,353.2,lentil
29.9,36.2,48.1,27.3,66.9,6.75,312.3,lentil
10.0,32.9,40.9,26.5,67.8,6.46,354.6,lentil
24.4,41.3,42.4,24.5,67.1,6.82,353.7,lentil
22.6,41.3,35.1,22.9,68.7,6.89,343.3,lentil
26.9,33.4,52.3,24.3,67.1,6.82,353.0,lentil
30.4,61.5,56.3,22.7,68.0,6.57,333.8,lentil
10.0,47.9,36.7,23.0,68.1,6.79,339.2,lentil
40.5,22.4,47.3,24.2,67.7,7.15,353.0,lentil
23.7,50.5,37.3,20.9,68.2,6.62,372.2,lentil
16.5,32.8,68.0,22.9,68.4,6.46,350.7,lentil
33.2,41.7,40.6,26.7,67.4,6.91,335.2,lentil
28.0,38.7,21.3,27.9,66.5,6.78,347.7,lentil
35.0,21.3,22.6,24.8,67.5,6.66,333.8,lentil
26.9,50.7,42.3,24.1,67.4,6.81,350.1,lentil
10.0,11.0,31.5,27.5,68.5,6.76,331.9,lentil
37.0,21.0,28.2,25.4,66.9,6.63,365.2,lentil
19.1,28.4,31.8,25.3,67.7,6.7,337.3,lentil
51.8,58.6,14.7,28.6,67.6,6.83,339.4,lentil
24.4,35.6,46.3,25.2,68.3,6.47,363.1,lentil
23.5,36.5,35.4,23.2,66.6,6.89,344.2,lentil
10.0,17.7,10.0,23.2,67.8,6.37,365.1,lentil
34.4,46.3,10.6,26.3,68.5,6.69,361.6,lentil
10.0,43.9,64.1,26.2,67.8,6.66,342.1,lentil
14.9,39.9,33.1,21.6,68.3,6.28,353.5,lentil
12.3,25.5,58.4,22.7,67.5,6.58,329.3,lentil
17.1,33.0,40.7,22.4,67.1,6.44,357.7,lentil
25.4,43.7,27.4,24.3,68.3,7.02,329.5,lentil
49.2,29.9,41.9,20.9,67.2,7.05,349.0,lentil
38.9,44.2,73.6,25.7,67.7,6.99,357.5,lentil
26.5,50.0,30.6,25.7,68.1,6.62,338.1,lentil
10.0,36.1,30.9,25.6,66.8,6.42,353.8,lentil
25.9,33.2,40.5,27.4,67.1,6.79,346.8,lentil
18.8,22.2,38.0,23.5,67.2,6.85,342.0,lentil
22.8,31.2,20.5,23.8,69.0,6.89,338.2,lentil
28.1,48.3,43.8,21.6,68.0,6.91,345.1,lentil
19.0,43.7,24.2,25.2,67.0,6.74,349.0,lentil
37.4,29.5,31.4,24.0,68.8,6.93,376.8,lentil
27.1,50.6,61.3,24.8,68.4,6.57,383.0,lentil
24.1,47.8,34.7,23.5,67.7,6.54,348.0,lentil
10.0,37.9,25.8,27.6,66.6,6.65,358.5,lentil
37.9,59.6,38.4,24.1,67.8,7.02,346.4,lentil
12.0,35.5,21.0,23.4,67.1,6.83,337.3,lentil
10.0,43.1,32.3,24.1,66.6,6.73,332.9,lentil
42.9,34.8,59.5,24.2,68.3,6.53,318.9,lentil
22.7,48.9,16.7,25.9,67.9,6.69,342.5,lentil
18.3,45.7,35.0,22.8,68.1,6.78,357.6,lentil
16.0,23.3,22.1,28.4,66.5,6.66,353.0,lentil
22.8,39.6,67.2,23.7,67.7,6.8,336.1,lentil
28.9,45.0,16.6,27.0,67.6,6.85,353.0,lentil
23.8,40.8,19.1,24.1,67.4,6.59,362.4,lentil
40.3,41.8,42.2,22.9,67.7,6.8,361.9,lentil
30.1,35.8,38.8,26.3,67.8,6.41,349.8,lentil
23.1,56.3,46.6,27.0,67.8,6.66,356.3,lentil
34.7,42.9,21.2,27.3,66.6,6.71,335.5,lentil
38.1,48.4,29.6,23.0,68.1,6.62,360.0,lentil
22.3,58.5,56.9,27.7,67.3,6.91,341.0,lentil
11.4,44.5,72.6,24.8,67.2,6.68,364.0,lentil
30.5,35.8,13.9,22.8,68.0,6.81,318.7,lentil
22.0,26.8,35.5,22.1,68.1,6.86,317.8,lentil
48.8,18.1,37.2,20.6,68.9,6.79,340.8,lentil
13.9,33.5,25.5,21.8,67.5,6.66,340.3,lentil
24.6,21.8,38.8,24.6,68.2,6.78,365.1,lentil
16.8,50.6,52.1,24.5,66.8,6.89,344.6,lentil
18.9,51.8,40.1,19.8,67.4,6.44,364.0,lentil
12.7,42.5,49.5,22.7,67.4,6.52,351.7,lentil
24.8,18.0,24.6,23.2,67.0,7.1,354.0,lentil
10.0,37.2,29.8,23.4,67.9,6.63,367.2,lentil
10.0,43.1,46.5,23.6,67.7,6.72,348.9,lentil
16.8,41.3,55.7,22.8,67.8,6.7,326.7,lentil
24.1,59.5,13.3,23.0,67.3,6.52,345.7,lentil
33.8,21.9,63.2,23.5,66.8,6.79,363.4,lentil
10.0,14.8,42.5,23.8,66.5,6.63,342.8,lentil
26.5,46.0,10.0,24.2,67.6,6.5,322.0,lentil
33.0,35.4,55.4,23.9,66.8,6.68,360.5,lentil
31.0,38.2,38.3,26.8,67.2,6.55,372.8,lentil
14.0,36.3,53.4,27.8,67.0,6.14,347.2,lentil
28.6,30.6,52.9,26.8,67.2,6.65,351.5,lentil
22.9,18.9,39.0,26.3,66.6,6.81,370.4,lentil
24.3,42.2,10.0,23.2,68.5,6.46,342.3,lentil
24.5,34.1,45.2,24.1,68.0,6.23,353.7,lentil
26.2,17.8,85.8,24.7,67.6,6.74,354.3,lentil
10.0,60.0,60.2,25.3,67.5,6.85,377.8,lentil
22.8,48.3,43.7,22.1,67.4,6.83,339.9,lentil
21.3,51.0,27.0,24.5,68.4,6.91,350.5,lentil
29.7,59.7,39.2,22.9,67.9,6.8,364.7,lentil
31.8,32.4,40.8,24.0,66.8,6.66,372.9,lentil
28.0,50.5,40.6,21.6,66.5,6.5,354.4,lentil
30.5,45.8,61.0,26.8,67.2,7.0,356.8,lentil
14.5,43.4,51.4,23.3,67.2,6.75,361.1,lentil
11.9,52.4,53.9,23.8,66.1,6.83,355.8,lentil
29.4,33.8,12.6,22.2,68.4,7.0,341.0,lentil
22.9,42.6,59.7,25.5,67.9,6.9,340.2,lentil
26.2,52.4,22.7,23.5,67.8,6.71,340.5,lentil
23.8,19.9,60.7,25.2,67.3,6.76,339.7,lentil
15.2,40.7,22.5,26.3,68.1,6.68,347.6,lentil
23.7,43.8,60.1,25.2,66.5,6.07,338.3,lentil
25.1,39.9,10.0,20.5,67.2,6.74,366.8,lentil
22.9,22.4,46.7,25.4,68.1,6.84,363.9,lentil
20.6,25.8,39.9,24.1,67.8,6.74,350.0,lentil
10.0,47.3,40.3,26.9,68.1,6.88,331.6,lentil
31.4,29.0,26.9,23.8,68.1,6.58,383.3,lentil
36.8,28.7,40.5,24.3,66.6,6.66,369.6,lentil
16.6,65.3,38.9,23.4,67.7,6.69,371.3,lentil
23.1,27.1,31.5,23.5,67.9,6.49,358.3,lentil
26.9,33.1,54.9,26.5,67.9,6.49,369.2,lentil
35.7,55.6,59.6,22.9,67.7,6.98,336.2,lentil
36.9,37.9,26.4,27.3,67.2,6.6,353.0,lentil
33.8,36.0,36.5,25.0,66.8,6.79,325.9,lentil
21.7,31.0,33.0,25.6,66.2,7.03,363.8,lentil
22.4,23.4,41.8,21.3,66.7,6.47,392.5,lentil
14.6,36.5,55.8,27.3,67.7,6.7,352.8,lentil
18.8,20.8,56.6,26.7,68.0,6.6,350.7,lentil
21.3,18.7,35.1,22.8,67.8,7.0,327.9,lentil
22.4,48.2,20.2,24.5,68.0,6.76,359.9,lentil
34.7,25.5,10.0,22.1,67.2,6.49,337.9,lentil
26.1,54.0,28.5,26.0,67.5,6.84,358.6,lentil
26.5,26.5,36.9,27.5,67.1,6.61,365.8,lentil
29.5,33.6,36.9,26.7,68.8,6.61,353.0,lentil
19.6,27.9,61.7,25.0,67.0,6.66,337.8,lentil
11.6,35.8,50.3,23.4,68.0,6.94,363.8,lentil
20.5,52.6,44.0,22.8,66.7,6.9,374.8,lentil
20.4,45.2,10.0,22.3,66.4,6.68,363.7,lentil
25.4,51.4,10.0,24.5,67.0,6.69,356.2,lentil
30.7,39.1,56.9,23.9,67.9,6.71,358.0,lentil
30.0,34.9,33.9,22.3,67.8,6.87,339.0,lentil
23.3,33.7,31.3,24.0,67.0,7.02,331.6,lentil
37.8,30.0,30.3,24.6,68.2,6.5,385.1,lentil
10.0,29.8,43.0,23.1,68.3,6.64,330.4,lentil
29.6,41.0,16.8,20.6,66.9,6.96,354.5,lentil
28.0,35.4,62.1,21.4,67.4,7.04,340.4,lentil
29.4,47.0,39.0,23.8,68.5,6.88,357.2,lentil
29.6,34.8,75.8,24.1,67.1,6.74,323.6,lentil
30.1,38.9,38.0,25.6,66.6,6.74,354.1,lentil
15.0,34.4,43.8,23.7,66.7,7.16,338.3,lentil
21.8,51.5,39.7,19.9,68.2,6.47,375.9,lentil
13.0,34.4,41.0,26.0,67.0,6.84,375.5,lentil
16.2,52.9,28.0,24.3,67.9,6.47,335.8,lentil
11.5,32.9,43.3,24.5,67.5,7.0,377.2,lentil
21.9,18.0,30.3,21.9,67.6,6.78,342.3,lentil
15.6,19.9,61.4,21.2,67.5,6.73,348.7,lentil
37.9,31.4,38.3,24.0,67.5,6.5,344.8,lentil
31.0,50.2,57.6,25.0,67.5,6.56,362.0,lentil
37.3,59.3,60.8,25.1,67.6,6.79,384.9,lentil
16.5,28.0,45.7,23.8,68.2,6.76,362.7,lentil
26.5,49.4,45.6,25.8,67.0,6.65,342.4,lentil
41.1,31.8,57.1,24.0,69.2,6.75,373.2,lentil
10.0,29.8,59.9,22.4,67.5,6.39,344.1,lentil
29.4,28.5,67.9,23.5,66.5,6.82,365.3,lentil
18.8,41.9,20.1,21.5,69.0,6.57,346.0,lentil
31.4,39.5,35.2,25.0,67.5,7.02,320.3,lentil
26.4,48.4,47.7,23.8,67.7,6.87,345.2,lentil
27.0,60.1,36.0,21.5,67.6,6.67,311.1,lentil
35.0,41.5,37.8,24.6,67.8,6.6,335.9,lentil
27.4,37.3,40.7,20.7,67.9,6.97,327.1,lentil
18.1,41.1,20.1,23.7,66.7,6.5,338.3,lentil
27.4,32.4,62.2,23.9,66.5,6.63,337.5,lentil
10.7,30.6,41.0,25.2,69.4,6.64,367.6,lentil
36.4,31.0,26.0,24.8,67.2,6.83,353.1,lentil
39.9,36.5,46.0,27.9,68.0,6.71,331.2,lentil
12.1,65.5,39.7,21.4,67.7,6.63,338.7,lentil
25.8,45.7,56.8,26.3,67.2,6.73,381.8,lentil
12.5,48.6,74.7,26.0,67.3,6.75,362.0,lentil
16.2,26.3,41.8,24.5,68.0,6.65,373.3,lentil
19.5,41.5,30.4,25.1,66.8,6.98,360.1,lentil
14.0,32.6,61.3,21.6,67.9,6.75,329.0,lentil
25.4,33.5,78.8,25.8,68.8,7.03,360.2,lentil
12.2,34.2,60.1,26.4,66.7,6.33,340.9,lentil
11.9,37.2,54.8,26.0,67.9,6.6,354.5,lentil
27.9,35.4,56.3,24.1,67.5,6.51,361.8,lentil
10.2,52.2,23.3,20.8,66.7,6.7,375.5,lentil
30.8,44.2,43.2,22.9,67.2,6.74,367.3,lentil
27.5,17.0,39.6,22.8,67.8,6.7,343.4,lentil
19.0,57.0,34.9,25.1,67.4,6.81,361.0,lentil
15.0,36.7,24.6,26.6,66.8,6.71,348.2,lentil
32.2,58.2,22.5,23.5,68.4,6.63,366.4,lentil
36.5,13.2,39.9,20.6,67.5,6.34,327.0,lentil
28.9,32.9,42.8,24.6,68.2,7.06,361.5,lentil
21.1,38.6,27.4,24.8,67.2,6.98,354.0,lentil
16.9,21.3,44.6,25.9,68.3,6.55,386.6,lentil
23.9,31.6,29.7,25.0,67.2,6.39,338.7,lentil
20.0,51.6,35.9,28.6,67.5,6.79,361.1,lentil
34.1,48.2,25.6,21.8,67.0,7.13,377.2,lentil
16.0,35.9,37.4,26.9,66.9,6.73,389.9,lentil
15.8,40.3,31.4,26.6,67.9,6.89,326.3,lentil
15.8,48.7,44.8,24.2,67.0,6.81,380.8,lentil
25.1,46.4,45.9,25.2,66.8,6.45,341.2,lentil
23.6,60.9,42.8,25.5,67.4,6.31,341.0,lentil
33.3,43.9,52.8,28.0,68.1,6.88,357.2,lentil
21.4,25.5,45.8,23.0,68.5,6.82,372.4,lentil
25.6,45.8,47.8,24.0,66.9,6.55,339.2,lentil
11.1,34.9,66.9,30.4,68.2,6.75,362.1,lentil
30.5,47.3,37.8,22.3,67.5,7.04,351.4,lentil
18.2,23.1,51.5,19.5,67.5,6.78,343.5,lentil
32.2,43.8,33.8,23.4,66.4,6.71,349.9,lentil
30.6,49.9,41.7,22.9,67.7,6.82,346.9,lentil
30.4,49.1,33.6,27.5,67.0,6.81,361.0,lentil
22.2,48.9,23.9,20.1,67.4,6.36,374.2,lentil
21.3,49.7,40.2,21.8,67.6,6.64,345.8,lentil
23.1,24.1,40.1,21.0,67.4,6.58,369.8,lentil
32.3,37.1,31.3,25.1,67.3,6.64,340.4,lentil
31.2,35.1,35.6,24.3,67.4,6.6,345.4,lentil
12.5,43.9,31.2,24.4,68.0,6.62,382.7,lentil
20.2,14.3,42.8,23.5,67.4,6.71,346.9,lentil
26.2,42.2,51.1,25.2,68.0,6.81,334.3,lentil
15.1,18.5,21.9,25.1,68.3,6.85,323.7,lentil
13.5,25.7,39.7,26.5,68.0,7.13,348.1,lentil
38.8,44.9,44.7,24.6,66.9,6.63,362.8,lentil
10.0,51.3,48.0,23.1,68.2,6.74,371.9,lentil
35.0,42.6,53.8,24.2,67.8,6.69,369.5,lentil
19.7,51.1,30.9,24.3,68.4,7.01,359.3,lentil
35.5,47.2,27.1,25.6,66.6,6.8,347.8,lentil
12.1,41.2,26.5,24.5,68.0,6.94,347.8,lentil
10.0,36.8,17.5,24.4,67.5,6.8,326.9,lentil
14.5,31.2,38.9,25.7,67.3,7.0,317.6,lentil
46.5,30.9,35.6,24.1,67.3,6.88,311.3,lentil
27.2,46.4,14.3,24.8,68.4,6.74,336.4,lentil
36.3,40.0,63.0,24.5,67.0,6.84,339.5,lentil
42.8,44.4,30.7,23.5,66.8,7.04,321.3,lentil
28.4,25.7,23.1,23.4,67.5,6.85,349.3,lentil
19.6,41.6,50.3,25.1,67.4,6.75,343.3,lentil
29.1,37.1,28.6,23.7,68.5,6.59,372.9,lentil
27.3,51.6,29.5,23.9,68.0,6.91,314.4,lentil
39.4,43.5,36.1,18.4,66.7,6.75,342.0,lentil
26.2,41.9,37.2,26.2,67.8,6.63,378.2,lentil
19.7,28.1,33.0,26.6,66.8,6.51,364.1,lentil
11.0,28.4,24.2,24.0,67.6,6.69,347.0,lentil
24.1,43.5,43.9,22.4,67.3,6.58,356.8,lentil
40.6,37.0,13.0,28.8,67.7,6.95,340.1,lentil
24.5,31.9,53.7,23.4,69.2,6.49,355.9,lentil
25.8,46.3,42.0,22.8,66.2,6.8,324.5,lentil
30.1,28.6,13.6,24.6,67.0,6.75,357.7,lentil
21.8,23.8,60.2,24.7,68.3,6.87,346.9,lentil
29.6,51.4,41.7,25.6,68.1,6.52,371.5,lentil
12.5,18.1,31.7,23.4,67.0,6.73,342.2,lentil
24.7,52.6,39.8,22.8,68.4,6.71,387.3,lentil
36.5,36.8,58.9,23.6,67.4,6.54,345.8,lentil
19.4,32.2,41.1,26.2,68.3,6.71,357.8,lentil
19.5,41.9,53.5,25.4,68.7,6.84,356.4,lentil
25.4,33.8,35.7,23.1,68.2,6.9,339.5,lentil
12.9,57.4,57.7,24.6,68.1,6.78,362.2,lentil
14.0,30.7,34.2,26.0,68.0,6.77,372.8,lentil
23.7,23.8,65.0,25.6,68.4,6.66,376.5,lentil
30.7,43.0,14.0,21.1,68.4,6.82,347.1,lentil
20.4,56.5,39.4,24.9,67.1,6.89,360.3,lentil
32.2,48.5,21.7,25.1,68.0,6.77,355.0,lentil
20.9,56.7,19.4,25.3,67.4,6.7,342.4,lentil
15.5,48.3,41.7,18.5,67.4,6.6,340.7,lentil
22.1,27.1,38.6,29.0,67.7,6.85,336.9,lentil
17.1,55.5,42.4,25.1,67.3,6.73,338.9,lentil
16.2,47.2,39.6,23.6,67.6,6.98,363.6,lentil
24.2,53.6,32.0,26.7,67.7,6.81,366.1,lentil
34.1,22.8,54.0,23.9,67.0,6.56,360.6,lentil
36.2,74.7,65.6,23.3,68.4,6.41,329.8,lentil
15.3,43.0,48.2,23.4,68.2,6.6,375.6,lentil
34.1,53.5,42.1,26.1,67.6,6.66,366.6,lentil
39.5,40.5,31.1,23.6,66.6,6.61,342.0,lentil
24.5,15.6,25.2,23.9,67.8,6.68,343.9,lentil
39.0,5.1,39.1,24.6,67.9,6.8,347.5,lentil
18.6,34.7,26.2,25.3,67.3,6.67,351.3,lentil
40.7,51.4,57.7,23.5,68.2,6.59,336.1,lentil
24.0,34.6,49.8,23.9,66.4,6.91,331.1,lentil
34.7,41.2,53.6,29.3,68.2,6.72,350.6,lentil
29.1,56.2,48.8,25.2,66.6,6.33,339.3,lentil
13.3,31.9,19.2,26.8,67.8,6.33,377.9,lentil
27.7,29.6,41.0,20.7,66.8,6.6,349.4,lentil
21.8,65.8,63.0,23.4,67.1,6.5,367.9,lentil
29.6,23.7,37.1,27.3,67.6,6.56,357.0,lentil
10.0,49.2,49.5,24.8,67.8,6.65,339.9,lentil
18.8,44.2,48.7,22.8,69.1,6.88,348.5,lentil
12.2,25.7,33.5,23.4,66.4,6.72,347.2,lentil
46.3,22.4,38.6,24.9,67.3,6.48,317.1,lentil
49.4,53.7,41.8,21.5,66.1,7.02,356.2,lentil
30.4,33.6,37.0,23.2,66.7,6.63,333.0,lentil
44.7,56.5,51.7,24.5,68.7,6.45,366.0,lentil
10.0,38.2,30.8,23.3,68.2,6.68,342.8,lentil
10.0,40.4,46.5,26.1,69.0,6.74,327.1,lentil
12.9,40.4,39.6,26.5,67.6,6.76,351.1,lentil
39.7,37.5,37.8,22.6,67.3,6.86,318.4,lentil
10.0,46.6,33.4,23.4,67.2,6.86,355.1,lentil
36.3,40.1,44.9,23.8,67.5,6.85,323.3,lentil
33.1,26.4,19.2,25.2,68.3,6.5,337.4,lentil
25.3,26.1,36.2,22.3,66.8,6.91,359.9,lentil
25.1,34.9,36.9,25.6,68.0,6.93,371.5,lentil
22.7,55.8,45.5,26.9,67.5,6.82,335.8,lentil
18.3,45.6,49.1,24.4,68.2,6.68,353.5,lentil
32.0,27.0,49.2,25.1,67.5,6.76,311.2,lentil
27.0,46.9,50.6,22.8,68.4,6.79,348.9,lentil
10.0,31.5,22.5,18.5,68.3,6.77,364.4,lentil
50.4,31.7,40.1,24.1,68.2,7.01,352.3,lentil
48.1,47.6,23.9,24.0,67.7,6.89,338.8,lentil
12.1,29.6,56.2,21.3,67.9,6.76,336.4,lentil
21.7,52.4,66.6,26.6,67.7,6.91,313.3,lentil
15.7,46.7,30.7,26.1,67.0,7.07,357.1,lentil
29.9,38.3,22.4,21.9,68.4,6.55,372.3,lentil
35.3,43.1,38.3,22.2,67.7,7.13,343.6,lentil
12.3,36.5,20.0,20.8,68.2,6.93,339.7,lentil
33.8,49.1,36.4,25.4,66.6,6.86,356.7,lentil
10.0,34.0,36.5,25.2,66.2,6.87,366.0,lentil
31.8,45.9,43.5,25.2,67.9,6.66,348.5,lentil
24.3,43.5,40.7,23.3,67.5,6.61,346.5,lentil
27.1,33.9,42.6,21.9,67.5,6.67,345.6,lentil
23.4,47.6,31.6,25.3,67.7,6.97,344.2,lentil
21.4,45.8,36.5,24.5,66.3,7.02,344.3,lentil
33.3,59.3,44.3,21.9,67.9,6.59,371.0,lentil
11.4,39.0,32.4,25.9,67.0,6.86,372.4,lentil
10.0,35.2,18.8,23.1,66.9,6.54,336.4,lentil
25.8,42.9,40.7,22.5,66.6,6.81,334.1,lentil
10.1,14.5,12.0,26.0,67.0,6.5,292.4,chickpea
40.4,43.1,47.8,24.2,66.2,6.69,291.3,chickpea
41.6,52.4,48.5,26.5,67.1,6.82,287.1,chickpea
10.0,35.2,35.0,24.4,65.4,6.54,297.3,chickpea
25.1,41.9,36.6,25.9,65.0,6.53,345.0,chickpea
10.0,25.3,17.0,23.5,66.0,6.87,365.9,chickpea
10.0,43.6,32.7,24.5,64.8,6.69,339.2,chickpea
21.4,48.4,22.2,26.8,64.8,6.64,273.7,chickpea
35.4,15.7,46.9,24.7,65.8,6.68,298.4,chickpea
38.6,34.4,46.4,25.0,63.7,7.07,332.2,chickpea
15.0,54.1,48.6,23.2,64.0,6.81,320.6,chickpea
50.5,37.2,47.4,28.3,63.1,6.8,305.9,chickpea
32.3,35.2,26.1,26.1,65.3,6.88,258.0,chickpea
35.5,50.5,77.4,23.8,65.1,6.5,291.8,chickpea
14.6,24.6,32.8,25.5,63.1,6.46,293.9,chickpea
10.0,40.4,15.3,23.7,65.7,6.87,336.8,chickpea
18.6,48.8,31.8,26.0,63.3,6.67,275.5,chickpea
21.3,46.3,44.9,25.0,64.3,6.56,269.5,chickpea
25.9,41.4,26.3,27.2,64.8,6.64,255.4,chickpea
19.1,55.6,43.0,25.5,66.7,6.48,295.2,chickpea
16.3,40.4,42.4,23.5,62.6,6.87,297.8,chickpea
40.6,36.3,26.4,24.5,64.6,6.28,214.3,chickpea
24.3,30.0,28.1,21.5,65.5,6.71,319.6,chickpea
23.1,65.2,60.3,27.0,65.4,6.68,287.1,chickpea
24.3,31.0,50.4,26.2,66.0,6.42,296.9,chickpea
31.1,55.3,18.6,26.3,64.9,6.73,338.5,chickpea
29.1,23.9,38.7,24.7,66.2,6.62,223.7,chickpea
36.9,58.8,32.2,24.1,66.2,6.58,274.3,chickpea
26.9,52.8,36.5,27.8,67.8,7.09,330.5,chickpea
21.3,36.1,40.0,27.2,64.5,6.62,261.8,chickpea
18.5,34.7,38.5,26.1,65.6,6.57,304.2,chickpea
25.8,37.1,60.7,27.1,64.1,6.87,302.4,chickpea
11.2,36.6,40.1,26.3,64.9,6.69,298.2,chickpea
17.7,31.2,48.2,22.8,67.9,7.05,263.3,chickpea
10.0,30.1,34.1,24.3,64.9,6.66,302.9,chickpea
22.8,47.7,36.1,23.9,67.1,6.84,258.2,chickpea
21.2,16.9,60.0,28.9,67.1,6.94,396.7,chickpea
28.5,30.7,37.6,24.2,65.5,6.86,300.8,chickpea
25.9,36.4,39.9,24.5,64.6,6.7,335.9,chickpea
16.1,43.1,54.5,23.2,64.3,6.81,262.4,chickpea
10.0,42.2,26.5,22.5,63.3,6.49,268.3,chickpea
36.3,32.0,10.3,25.3,63.8,6.89,331.7,chickpea
25.2,19.0,47.6,23.0,64.7,6.94,381.6,chickpea
41.8,22.7,50.4,24.0,64.1,7.07,365.6,chickpea
20.7,47.0,18.8,24.4,65.5,6.78,338.8,chickpea
15.3,32.1,26.4,26.6,65.6,6.57,328.0,chickpea
13.4,33.5,56.6,25.5,64.5,6.66,282.9,chickpea
21.5,52.0,39.5,26.4,66.9,6.65,316.2,chickpea
27.1,43.8,40.7,23.5,63.8,6.99,260.4,chickpea
32.6,59.3,43.9,23.8,62.9,6.98,212.2,chickpea
27.9,40.0,32.5,26.2,63.0,6.95,257.2,chickpea
10.0,47.5,38.9,28.0,66.9,6.75,271.9,chickpea
26.0,62.3,75.0,24.3,61.8,6.79,303.7,chickpea
27.5,35.5,20.4,24.5,66.7,6.77,332.9,chickpea
11.2,36.4,61.4,26.9,64.7,6.95,267.4,chickpea
44.4,54.5,45.5,22.6,63.4,6.93,285.5,chickpea
14.0,21.2,43.6,24.7,65.8,6.51,325.8,chickpea
24.1,55.4,17.1,24.5,66.5,6.81,320.2,chickpea
38.0,19.1,50.1,25.1,64.8,6.65,292.9,chickpea
38.7,40.6,54.3,23.3,65.6,6.85,232.1,chickpea
34.0,29.2,34.6,26.5,63.4,6.88,305.2,chickpea
33.3,47.5,41.6,22.1,63.8,6.87,330.9,chickpea
37.4,42.9,39.6,26.7,66.3,6.67,296.9,chickpea
15.1,34.3,48.0,25.0,64.5,6.8,340.3,chickpea
19.5,50.8,44.6,24.0,66.8,6.64,332.3,chickpea
34.7,70.3,40.4,22.6,65.2,7.12,272.4,chickpea
33.8,57.0,58.8,21.0,63.8,6.48,383.1,chickpea
29.7,39.8,55.5,25.7,65.4,7.01,237.6,chickpea
27.6,39.6,35.8,26.6,65.6,6.73,286.6,chickpea
14.0,38.7,36.2,23.8,65.8,6.64,314.3,chickpea
28.2,35.6,61.0,26.7,63.4,6.71,333.6,chickpea
20.9,18.1,58.2,22.5,65.1,6.61,277.4,chickpea
21.1,41.7,33.9,26.0,66.2,6.71,232.7,chickpea
29.7,38.6,38.8,25.0,64.5,6.62,266.1,chickpea
28.4,39.0,49.3,23.4,65.6,6.97,322.7,chickpea
24.1,41.4,30.6,23.8,64.3,6.98,285.6,chickpea
31.7,28.4,41.3,25.5,66.7,6.73,299.0,chickpea
10.0,42.2,55.0,25.6,65.3,6.54,268.8,chickpea
23.8,25.0,69.7,21.5,66.4,6.37,324.9,chickpea
25.2,27.2,51.2,25.1,66.2,6.68,243.6,chickpea
33.5,52.3,12.4,25.9,64.4,6.58,326.0,chickpea
10.0,60.4,75.3,25.6,65.0,6.87,308.5,chickpea
24.7,37.4,37.0,25.4,64.1,6.89,317.0,chickpea
29.3,49.7,24.3,23.5,67.0,6.6,343.4,chickpea
32.0,35.3,45.1,24.1,66.5,6.92,280.0,chickpea
13.6,33.8,44.0,26.9,64.0,6.36,348.3,chickpea
19.0,35.0,48.3,25.9,65.5,6.87,297.8,chickpea
14.6,37.4,36.6,25.7,66.0,6.77,256.2,chickpea
10.0,41.5,33.0,23.5,65.4,6.98,304.3,chickpea
27.7,41.5,22.7,24.4,66.3,6.97,368.1,chickpea
21.5,22.8,44.3,27.9,65.5,6.68,268.0,chickpea
13.4,16.3,67.5,21.9,64.3,6.83,217.9,chickpea
31.5,46.7,51.2,28.4,64.5,6.85,322.3,chickpea
29.2,50.7,27.0,26.0,65.1,6.9,288.3,chickpea
22.0,51.0,48.5,25.5,65.1,6.62,273.0,chickpea
33.5,32.2,37.5,23.3,66.0,7.1,284.2,chickpea
20.6,43.0,33.8,25.6,65.2,6.58,311.1,chickpea
28.8,31.0,63.9,26.6,66.6,7.14,240.8,chickpea
44.4,32.8,41.9,24.5,65.4,6.97,274.0,chickpea
28.2,28.8,41.1,25.2,65.3,6.85,284.5,chickpea
25.3,36.3,44.6,23.1,65.0,6.84,247.2,chickpea
23.9,43.1,10.0,27.9,67.7,6.72,307.7,chickpea
18.5,41.7,29.8,25.2,65.9,6.64,266.5,chickpea
47.2,54.5,34.7,23.8,66.8,6.71,298.3,chickpea
15.1,55.2,41.1,25.6,64.9,6.81,311.4,chickpea
17.1,15.1,42.4,26.6,67.4,6.71,283.2,chickpea
41.2,36.9,10.0,26.3,65.0,6.56,329.0,chickpea
14.0,32.6,38.2,24.8,61.9,6.66,233.8,chickpea
28.6,59.6,31.6,22.9,63.7,6.65,318.4,chickpea
27.6,31.7,42.7,24.1,64.9,6.75,325.8,chickpea
22.4,39.9,19.0,28.5,67.6,6.46,295.4,chickpea
41.2,47.4,52.5,24.5,64.1,6.76,275.9,chickpea
22.6,36.5,48.1,25.5,64.8,6.75,269.6,chickpea
23.9,41.5,46.2,26.6,64.9,7.0,345.8,chickpea
30.5,26.8,17.1,26.6,63.4,6.7,365.9,chickpea
30.2,57.7,69.3,24.7,65.7,6.62,267.7,chickpea
27.7,46.4,24.1,25.5,66.7,6.8,275.1,chickpea
24.8,53.2,64.9,23.0,64.5,6.86,326.5,chickpea
10.0,47.4,34.4,25.3,65.0,7.0,329.2,chickpea
10.0,54.7,11.4,26.1,65.5,6.68,296.6,chickpea
29.5,54.4,52.1,23.3,65.6,6.94,315.9,chickpea
18.8,49.7,18.0,22.3,64.3,7.08,305.3,chickpea
29.8,52.2,53.5,24.7,63.1,6.69,303.9,chickpea
25.0,24.0,10.0,25.2,63.6,6.43,315.0,chickpea
30.2,45.1,36.3,24.5,64.0,6.82,289.5,chickpea
23.6,41.3,43.5,24.3,64.9,6.89,259.1,chickpea
30.5,65.5,41.6,24.8,65.0,6.8,277.3,chickpea
11.1,27.2,40.2,25.7,65.1,6.56,276.6,chickpea
21.6,36.1,51.3,22.2,65.1,6.51,308.6,chickpea
10.0,5.0,33.4,23.7,64.6,6.68,343.2,chickpea
22.3,36.2,31.2,22.2,64.6,6.96,262.3,chickpea
27.5,30.3,53.3,25.4,65.6,6.53,379.6,chickpea
18.3,15.1,14.7,24.8,66.2,7.12,313.2,chickpea
12.1,42.3,44.3,24.3,64.8,6.75,316.8,chickpea
46.7,33.9,44.3,21.7,66.0,6.8,366.1,chickpea
18.7,51.6,63.3,22.5,65.8,6.62,357.8,chickpea
25.4,20.1,32.2,24.1,63.9,6.86,326.3,chickpea
10.0,30.2,42.7,26.4,63.5,6.55,315.9,chickpea
25.0,61.9,21.8,26.2,65.2,6.54,242.6,chickpea
36.7,37.6,47.9,25.0,65.7,6.66,201.4,chickpea
28.8,30.9,10.0,28.2,65.9,6.98,320.8,chickpea
22.8,33.4,49.9,24.0,64.5,6.72,321.6,chickpea
26.4,35.8,33.7,25.9,65.9,6.76,296.0,chickpea
25.5,53.6,56.4,24.2,65.6,6.65,295.5,chickpea
10.0,50.5,46.3,23.3,65.8,6.66,379.4,chickpea
22.0,37.3,62.4,23.5,63.3,6.49,303.6,chickpea
10.0,41.3,65.9,25.0,64.1,6.8,284.8,chickpea
23.4,54.6,38.5,26.7,64.1,6.84,370.1,chickpea
37.2,28.1,33.0,26.8,64.8,6.69,267.5,chickpea
40.6,36.1,37.9,24.7,64.6,6.77,237.5,chickpea
28.2,47.2,34.1,24.1,64.6,6.73,283.7,chickpea
25.0,33.2,44.0,25.3,64.1,6.98,284.7,chickpea
26.7,39.9,67.3,26.8,65.5,6.85,281.0,chickpea
10.0,53.0,20.3,24.4,64.5,6.82,297.9,chickpea
10.0,37.3,46.5,25.7,67.0,6.8,280.6,chickpea
51.6,27.5,43.7,24.5,61.7,7.11,266.0,chickpea
11.7,30.9,53.2,24.2,64.6,6.69,333.4,chickpea
13.6,38.0,54.9,26.0,66.7,6.51,295.6,chickpea
11.5,13.8,35.7,27.7,64.2,6.99,220.3,chickpea
37.1,57.4,16.3,26.9,66.6,7.06,306.7,chickpea
33.3,37.2,58.7,24.1,64.5,6.94,268.3,chickpea
20.9,30.4,61.9,22.8,66.0,7.04,376.4,chickpea
28.1,55.4,40.7,25.3,65.1,6.69,281.8,chickpea
10.0,34.4,38.7,21.5,64.6,6.72,272.7,chickpea
10.0,65.7,30.9,23.8,66.6,6.65,298.8,chickpea
20.1,42.8,48.3,24.6,63.3,6.8,301.1,chickpea
12.7,46.7,40.2,27.0,64.7,6.64,358.4,chickpea
34.2,42.9,41.2,24.7,64.2,6.86,258.8,chickpea
47.1,58.6,46.4,27.1,66.1,6.6,328.6,chickpea
22.6,27.4,45.4,23.9,65.5,6.8,269.6,chickpea
28.5,36.1,65.6,24.7,65.0,6.93,250.5,chickpea
20.8,55.3,44.7,23.8,64.4,6.76,312.5,chickpea
32.3,43.0,50.9,25.4,64.8,6.88,287.5,chickpea
45.0,51.7,40.0,27.3,62.7,6.79,319.2,chickpea
39.9,20.8,22.8,26.2,65.7,6.89,290.2,chickpea
10.0,55.3,46.0,24.3,66.3,6.77,324.1,chickpea
37.2,49.6,30.5,25.7,66.8,6.72,221.9,chickpea
11.9,29.5,22.9,25.7,62.8,6.93,336.8,chickpea
18.1,41.2,28.9,28.8,62.6,6.62,306.6,chickpea
41.3,62.8,38.9,22.5,64.9,6.72,346.3,chickpea
14.9,42.8,38.8,23.2,67.9,6.59,300.2,chickpea
21.2,26.9,36.5,25.5,64.8,6.65,307.1,chickpea
26.6,39.7,41.3,24.8,65.6,6.71,289.1,chickpea
14.7,18.5,53.4,23.2,66.4,6.81,267.8,chickpea
16.0,40.0,38.6,26.1,65.1,6.79,284.9,chickpea
33.7,33.1,29.9,23.4,65.4,6.55,306.8,chickpea
29.3,35.2,48.7,26.2,64.0,6.83,323.5,chickpea
14.3,7.9,55.4,21.8,66.1,6.66,279.5,chickpea
25.8,16.3,28.4,23.8,65.5,7.05,248.6,chickpea
19.3,37.2,35.1,26.7,63.3,7.23,307.1,chickpea
19.1,42.4,32.3,26.5,62.7,6.4,292.3,chickpea
20.0,30.7,31.9,26.0,63.4,6.79,348.0,chickpea
21.4,44.2,38.6,26.2,64.4,7.11,302.8,chickpea
45.1,32.5,41.3,22.4,64.3,6.67,289.8,chickpea
25.3,46.1,15.2,26.4,63.7,6.8,274.5,chickpea
23.6,29.5,34.4,27.7,66.3,7.2,302.0,chickpea
37.7,54.0,42.2,24.7,66.6,6.75,305.7,chickpea
14.7,39.2,47.4,22.4,65.9,6.71,329.8,chickpea
17.9,59.4,25.4,23.0,68.9,6.54,260.1,chickpea
31.6,58.2,47.6,23.3,62.7,6.65,331.2,chickpea
29.4,42.1,25.4,25.8,66.6,6.99,305.1,chickpea
16.9,54.3,53.1,23.7,64.8,6.54,236.1,chickpea
32.0,58.6,43.5,23.9,67.8,6.59,286.7,chickpea
39.4,33.4,42.2,25.7,64.5,6.78,243.4,chickpea
30.4,41.8,21.9,27.1,65.5,6.64,335.9,chickpea
33.6,32.9,39.1,24.7,66.9,6.61,318.4,chickpea
18.0,46.4,22.1,24.3,65.8,6.9,364.6,chickpea
31.7,71.5,38.7,20.8,66.7,6.67,285.0,chickpea
23.7,46.7,25.2,28.0,64.3,6.84,229.8,chickpea
25.2,52.7,31.3,28.4,65.9,6.56,351.4,chickpea
16.9,36.3,31.7,27.5,64.8,6.93,313.7,chickpea
31.6,35.6,49.6,22.3,63.9,6.61,230.7,chickpea
34.6,36.0,24.1,22.3,63.2,6.66,311.1,chickpea
10.0,58.1,20.6,27.1,66.8,6.52,329.9,chickpea
21.4,51.1,31.4,25.0,64.2,6.52,296.1,chickpea
31.1,34.5,52.1,22.9,62.5,6.81,303.0,chickpea
20.2,36.9,50.1,24.9,63.7,6.93,291.0,chickpea
28.7,39.6,15.0,23.6,65.0,6.45,274.7,chickpea
46.0,29.8,27.2,21.4,64.5,6.98,281.7,chickpea
34.8,68.3,21.6,27.4,69.4,6.71,312.5,chickpea
17.4,39.6,34.5,23.4,64.9,6.78,314.0,chickpea
25.3,51.4,37.4,25.9,63.1,6.99,331.3,chickpea
30.2,63.2,56.6,26.8,65.5,6.76,329.2,chickpea
12.7,50.1,42.0,26.1,64.2,6.61,281.6,chickpea
13.2,26.0,25.6,25.6,64.1,6.73,246.0,chickpea
35.6,53.5,34.8,25.8,64.8,7.04,215.8,chickpea
14.0,16.4,53.2,28.2,65.6,6.85,281.0,chickpea
31.8,45.6,48.1,23.5,65.5,6.75,296.9,chickpea
47.9,44.9,37.4,25.6,65.0,6.84,251.5,chickpea
22.7,22.7,33.0,26.1,66.8,6.73,277.5,chickpea
32.0,30.0,32.8,24.9,64.5,6.74,357.6,chickpea
28.9,71.6,42.5,27.2,64.1,6.82,249.7,chickpea
23.1,51.0,35.4,24.0,66.4,6.62,285.8,chickpea
10.6,26.5,30.3,26.0,63.8,6.65,249.1,chickpea
10.0,41.5,32.2,28.5,66.0,6.88,313.2,chickpea
22.0,29.4,54.4,22.4,62.7,6.75,315.2,chickpea
26.1,29.2,38.5,24.7,65.8,6.9,307.5,chickpea
33.2,39.0,24.1,26.3,65.6,6.63,279.6,chickpea
38.6,50.0,58.3,29.3,61.9,6.58,304.6,chickpea
12.1,36.8,10.0,24.4,64.7,6.82,326.6,chickpea
24.1,77.5,37.2,24.8,65.2,6.54,271.0,chickpea
24.3,42.4,55.9,24.0,61.2,6.68,303.7,chickpea
18.9,43.5,62.5,25.7,62.6,6.94,261.8,chickpea
11.0,51.6,45.2,25.5,65.4,6.7,248.3,chickpea
22.1,55.5,41.5,28.2,64.1,6.82,301.1,chickpea
22.2,41.1,31.5,23.9,65.4,6.79,306.7,chickpea
19.8,44.8,15.6,25.4,64.0,7.12,269.3,chickpea
18.5,51.3,22.8,24.4,65.5,6.44,329.7,chickpea
32.7,38.9,44.0,25.8,63.0,6.88,308.4,chickpea
29.6,35.2,35.2,23.8,65.3,6.94,291.3,chickpea
16.3,60.8,46.6,25.2,65.0,6.25,292.2,chickpea
36.9,46.1,14.1,25.9,65.4,6.78,315.1,chickpea
38.6,37.4,45.1,23.8,68.0,6.77,280.2,chickpea
17.2,41.7,33.5,25.1,63.9,6.75,282.7,chickpea
21.4,49.6,13.9,26.4,64.9,6.7,273.0,chickpea
39.6,52.9,18.9,21.9,67.4,6.82,289.3,chickpea
15.7,45.8,49.6,25.0,63.7,6.43,270.8,chickpea
38.5,47.6,16.5,25.6,64.4,6.56,270.7,chickpea
10.0,66.8,56.6,25.5,65.5,6.89,264.1,chickpea
29.1,45.7,53.4,23.7,65.9,6.37,298.5,chickpea
31.4,28.5,31.9,23.4,66.2,6.57,309.9,chickpea
29.1,27.5,51.8,22.1,66.0,6.95,218.6,chickpea
26.0,35.6,42.0,25.4,65.5,6.63,317.0,chickpea
23.6,38.3,51.2,26.3,65.9,6.76,279.9,chickpea
36.9,59.7,43.8,24.7,67.0,6.91,296.3,chickpea
10.0,54.0,43.3,28.9,63.4,6.65,316.2,chickpea
46.9,41.8,41.3,24.2,64.8,6.59,306.0,chickpea
20.4,13.3,17.9,24.8,62.8,6.99,261.1,chickpea
11.0,59.2,15.1,26.0,64.4,6.96,323.1,chickpea
22.3,52.6,23.7,25.9,66.0,6.42,308.2,chickpea
31.4,56.9,29.9,27.4,62.9,6.59,233.6,chickpea
18.6,55.4,28.6,25.4,65.8,7.15,341.7,chickpea
19.6,28.7,30.5,25.6,65.4,6.54,302.7,chickpea
28.2,60.4,42.2,24.8,64.1,6.86,266.9,chickpea
20.5,30.8,33.6,27.9,62.7,6.68,249.6,chickpea
32.6,37.4,33.6,26.2,65.9,6.98,285.5,chickpea
31.2,32.2,41.8,27.2,65.4,6.9,355.6,chickpea
23.5,37.8,28.7,25.6,64.8,6.53,345.7,chickpea
28.0,41.3,47.5,26.7,61.9,6.99,336.4,chickpea
21.6,40.7,42.1,22.1,65.9,6.85,284.1,chickpea
25.1,45.6,40.7,25.7,63.1,6.59,372.6,chickpea
19.3,45.7,57.8,23.4,65.4,6.8,316.1,chickpea
19.0,25.1,31.2,26.4,63.8,6.89,262.1,chickpea
27.3,45.7,42.2,23.9,64.8,6.42,291.0,chickpea
28.2,43.7,61.2,25.9,63.4,6.75,317.6,chickpea
25.6,55.8,42.7,25.7,66.1,6.92,302.3,chickpea
20.3,28.1,28.5,24.2,64.1,7.02,331.0,chickpea
10.0,55.1,18.3,26.3,64.0,6.68,278.4,chickpea
24.2,59.5,74.2,26.9,65.7,6.76,339.1,chickpea
27.7,31.5,27.1,21.8,64.6,7.16,324.3,chickpea
10.0,47.7,51.0,24.9,63.6,6.48,228.7,chickpea
14.6,35.2,19.9,26.5,65.6,6.75,264.4,chickpea
18.0,52.2,57.1,22.1,64.2,6.91,271.7,chickpea
31.8,50.0,34.9,25.3,63.7,6.59,284.9,chickpea
18.5,25.3,26.5,25.3,64.3,6.82,249.7,chickpea
41.9,37.6,38.1,22.6,66.0,7.02,264.8,chickpea
38.7,34.1,58.1,26.3,64.0,6.62,257.9,chickpea
18.0,19.5,31.3,23.8,67.1,6.79,264.7,chickpea
33.0,36.7,48.4,28.1,61.8,6.67,287.8,chickpea
20.2,20.9,47.1,25.7,64.1,6.65,291.4,chickpea
24.6,33.5,16.9,23.9,66.6,6.67,337.2,chickpea
18.8,29.6,53.3,24.0,65.7,7.09,299.9,chickpea
19.6,39.9,50.1,20.4,66.4,6.57,266.6,chickpea
16.6,27.5,58.8,24.9,64.6,6.7,298.0,chickpea
10.0,39.6,40.0,23.9,66.2,6.36,292.8,chickpea
32.7,42.2,12.7,22.4,63.1,6.8,238.4,chickpea
21.3,43.5,70.2,22.9,65.0,6.64,292.9,chickpea
19.2,55.2,58.7,26.7,64.8,6.73,287.7,chickpea
37.5,47.2,64.9,25.4,64.3,6.85,350.3,chickpea
33.6,52.2,10.0,25.9,63.6,6.67,294.1,chickpea
40.1,50.7,72.9,24.1,65.2,6.61,315.5,chickpea
26.9,47.2,47.3,24.4,65.2,7.13,247.8,chickpea
34.9,30.8,10.0,22.8,64.3,6.7,268.2,chickpea
10.0,28.6,40.2,23.6,66.7,6.6,284.7,chickpea
30.0,34.4,30.1,21.1,65.6,6.75,319.4,chickpea
32.6,28.3,39.7,24.0,67.5,6.61,289.2,chickpea
10.0,42.7,56.0,24.9,65.1,6.62,186.8,chickpea
27.3,43.9,52.5,25.0,67.7,6.74,334.4,chickpea
39.9,52.8,23.8,23.8,66.3,6.81,335.1,chickpea
23.9,54.9,55.5,25.1,66.3,6.27,327.8,chickpea
22.7,40.5,36.4,22.5,65.5,6.73,269.2,chickpea
38.0,33.0,41.2,24.4,66.0,6.77,319.7,chickpea
33.4,43.1,17.1,24.7,65.7,6.97,251.1,chickpea
37.7,41.1,37.3,26.1,64.9,6.77,361.2,chickpea
31.8,41.9,28.2,25.0,66.2,6.35,326.5,chickpea
36.7,30.7,43.2,27.4,63.4,6.89,321.8,chickpea
31.2,41.4,51.6,24.9,64.6,6.67,300.6,chickpea
29.6,42.2,44.9,26.8,64.0,7.0,353.6,chickpea
28.1,22.4,42.6,24.8,66.0,6.86,246.7,chickpea
30.2,54.1,35.1,25.8,65.5,6.42,362.0,chickpea
33.0,28.8,25.9,22.4,65.2,6.65,362.5,chickpea
31.9,39.7,37.0,24.4,64.2,6.85,308.0,chickpea
32.7,33.6,15.4,26.4,63.7,6.98,319.9,chickpea
24.7,44.6,48.4,25.5,65.3,7.01,307.6,chickpea
10.0,30.5,41.0,24.3,66.7,6.67,325.9,chickpea
34.8,44.2,37.4,22.4,65.0,6.87,282.6,chickpea
25.3,55.8,35.1,24.3,66.0,6.85,298.2,chickpea
10.0,36.5,52.1,26.8,63.6,6.76,285.3,chickpea
31.6,31.1,43.2,26.3,64.1,6.55,344.6,chickpea
23.9,42.7,43.4,23.3,64.4,6.75,284.9,chickpea
13.4,28.1,50.6,25.8,65.6,6.94,288.7,chickpea
24.8,39.7,41.8,26.3,65.8,6.68,289.1,chickpea
18.1,56.5,57.8,27.3,63.3,6.64,382.7,chickpea
32.3,44.7,33.1,26.5,65.3,6.45,286.9,chickpea
42.3,23.6,44.0,26.3,62.7,6.99,293.3,chickpea
25.9,55.5,74.2,27.5,62.3,6.71,255.9,chickpea
34.6,17.3,53.9,26.1,65.6,6.72,241.8,chickpea
10.0,42.0,45.1,27.6,66.5,6.9,307.4,chickpea
29.5,69.3,26.4,23.2,62.9,6.75,310.5,chickpea
30.7,29.1,48.1,26.2,66.4,6.74,259.4,chickpea
27.7,39.8,58.6,24.0,63.6,6.68,295.8,chickpea
28.3,64.8,42.4,24.0,64.6,7.06,353.2,chickpea
10.0,29.2,43.3,22.4,65.0,7.06,292.1,chickpea
33.4,39.3,50.6,25.5,62.5,6.62,341.7,chickpea
24.5,31.3,41.7,24.8,64.2,6.7,334.6,chickpea
30.5,42.9,31.2,24.3,65.3,6.61,310.5,chickpea
14.0,60.2,48.3,26.5,66.3,7.02,303.8,chickpea
14.0,17.7,37.9,25.5,65.4,6.33,277.1,chickpea
25.1,18.5,55.8,27.3,65.7,6.71,308.7,chickpea
30.1,36.4,38.8,25.9,65.4,6.66,326.1,chickpea
35.8,22.3,41.7,26.9,64.4,6.82,333.6,chickpea
23.7,42.6,18.7,25.2,63.8,6.52,243.8,chickpea
24.4,43.8,66.1,23.8,67.3,6.64,293.6,chickpea
16.9,37.0,33.3,25.3,63.1,6.89,359.4,chickpea
22.6,31.9,44.4,23.2,63.8,6.63,336.7,chickpea
38.7,34.8,32.7,21.9,64.0,6.59,269.8,chickpea
12.2,43.8,39.4,25.3,64.2,6.8,333.9,chickpea
30.3,55.5,48.1,23.2,66.5,6.92,242.6,chickpea
22.0,44.6,62.7,23.4,66.9,6.65,306.6,chickpea
31.5,23.5,19.8,26.1,65.1,6.77,271.5,chickpea
25.2,62.0,34.1,24.8,63.9,6.76,299.3,chickpea
36.3,60.3,42.3,23.1,64.3,6.83,348.6,chickpea
34.6,50.3,60.5,23.1,64.9,6.55,313.7,chickpea
16.1,33.7,49.0,25.4,67.3,6.49,244.8,chickpea
34.0,53.4,52.0,24.5,63.6,6.71,320.9,chickpea
25.9,29.4,53.3,25.8,64.0,6.89,278.1,chickpea
19.1,36.3,49.2,24.0,64.4,6.63,346.7,chickpea
27.2,64.3,39.8,24.8,64.9,6.56,354.0,chickpea
41.2,35.1,10.0,22.1,65.4,6.4,271.2,chickpea
24.1,59.7,40.2,29.1,64.3,6.58,349.1,chickpea
18.1,37.9,37.7,22.6,65.6,6.49,343.2,chickpea
29.7,27.9,40.7,26.5,65.5,6.95,336.7,chickpea
18.6,20.5,41.3,24.1,64.1,6.81,338.5,chickpea
24.7,27.2,27.8,25.5,65.9,6.52,334.2,chickpea
28.0,26.5,38.0,25.5,63.0,6.81,317.2,chickpea
23.2,45.3,23.2,23.2,66.3,6.92,238.9,chickpea
28.8,33.9,17.2,26.4,63.4,6.81,305.8,chickpea
18.1,33.1,26.4,24.2,65.9,6.81,337.7,chickpea
22.8,32.0,40.7,25.3,66.4,6.47,307.3,chickpea
21.9,51.3,47.3,26.1,65.9,6.86,277.2,chickpea
31.7,26.7,54.9,23.9,66.1,6.65,274.8,chickpea
35.6,48.2,48.2,22.4,64.4,6.99,247.0,chickpea
15.3,42.5,37.1,23.8,66.7,6.96,251.0,chickpea
20.5,38.7,38.9,23.3,65.3,6.72,253.0,chickpea
20.4,31.6,29.8,25.5,66.2,6.9,340.6,chickpea
27.6,40.3,56.6,26.5,62.9,6.94,325.5,chickpea
26.8,47.4,74.6,25.5,64.1,6.79,270.4,chickpea
27.7,28.1,18.4,27.1,65.1,6.7,270.2,chickpea
20.4,43.6,23.6,22.8,64.1,7.15,217.5,chickpea
35.9,56.3,49.9,23.7,64.2,6.75,266.7,chickpea
24.3,35.2,55.1,26.2,67.6,6.61,287.2,chickpea
31.0,44.1,27.8,24.3,66.2,6.55,305.6,chickpea
43.0,31.0,78.3,24.1,65.3,7.02,296.2,chickpea
10.9,41.4,53.6,24.2,66.8,6.56,361.2,chickpea
26.1,30.3,34.5,25.0,65.6,6.46,301.5,chickpea
41.4,35.4,51.2,22.9,65.4,6.72,256.3,chickpea
38.3,47.3,60.9,27.0,65.3,6.98,306.0,chickpea
37.5,36.8,53.5,25.3,65.4,6.63,263.9,chickpea
32.9,54.6,48.8,23.7,64.7,6.5,265.1,chickpea
26.3,54.3,41.3,27.3,64.5,6.77,323.0,chickpea
11.7,53.4,37.1,23.2,64.8,6.76,255.7,chickpea
19.5,35.0,35.9,26.5,66.2,6.56,271.7,chickpea
26.6,37.1,43.1,26.8,63.8,6.55,312.4,chickpea
17.6,25.2,49.4,22.3,62.9,6.71,374.4,chickpea
34.8,58.9,44.9,24.7,64.4,6.87,261.6,chickpea
10.0,39.8,21.0,24.2,65.6,7.0,279.0,chickpea
40.2,43.9,39.7,25.1,62.8,6.44,357.4,chickpea
10.0,29.3,12.1,26.5,65.3,6.75,358.6,chickpea
33.8,44.7,38.7,25.1,64.5,6.84,347.3,chickpea
21.6,49.8,45.2,22.7,66.5,6.76,323.8,chickpea
25.5,32.9,51.3,27.7,65.9,6.83,284.8,chickpea
16.5,45.3,45.4,27.7,65.2,6.86,233.5,chickpea
38.0,50.6,20.3,26.2,63.4,6.75,288.7,chickpea
23.3,33.0,76.3,24.7,65.7,6.73,296.3,chickpea
21.0,34.8,48.0,22.0,65.2,6.87,301.0,chickpea
17.8,44.3,51.0,24.4,66.4,6.56,277.6,chickpea
15.2,51.8,25.1,24.6,65.3,6.7,315.7,chickpea
22.1,52.4,54.6,29.5,67.0,6.95,282.7,chickpea
24.8,42.2,55.1,24.4,63.1,6.86,242.7,chickpea
26.8,27.2,39.9,24.4,64.2,6.77,325.0,chickpea
40.1,42.6,32.9,26.4,66.8,6.66,317.0,chickpea
37.4,32.3,40.5,25.3,65.4,6.44,276.1,chickpea
26.4,44.7,59.6,27.0,65.8,6.97,279.1,chickpea
44.8,51.6,40.3,23.1,62.9,6.65,339.8,chickpea
25.2,49.0,49.6,28.4,65.7,6.73,263.4,chickpea
33.2,42.6,32.9,25.2,66.7,6.81,325.2,chickpea
31.9,41.2,25.6,25.1,62.8,6.81,323.0,chickpea
27.5,36.8,18.2,26.2,67.1,6.95,278.7,chickpea
24.3,33.1,25.4,28.0,67.1,6.34,280.2,chickpea
17.4,29.1,10.0,25.5,64.5,6.79,354.5,chickpea
30.0,48.7,17.8,23.9,63.2,7.1,292.3,chickpea
22.5,45.3,40.1,25.7,64.9,6.81,351.0,chickpea
24.3,53.1,68.3,24.5,65.0,6.81,313.5,chickpea
10.0,46.3,26.1,25.4,64.5,6.87,317.5,chickpea
44.1,38.9,45.0,27.3,64.8,6.87,327.9,chickpea
25.2,42.3,31.6,25.8,64.6,6.91,319.1,chickpea
33.1,34.2,30.9,26.8,63.2,6.36,270.7,chickpea
32.2,44.9,53.5,25.0,65.5,7.18,259.4,chickpea
10.2,41.8,40.5,29.1,64.5,6.65,287.0,chickpea
28.1,44.3,66.1,25.5,62.6,6.38,265.6,chickpea
25.4,51.8,60.6,27.0,63.6,6.85,255.8,chickpea
31.5,25.3,34.3,25.6,63.7,6.57,302.1,chickpea
30.9,55.0,36.4,23.1,64.8,6.7,267.0,chickpea
14.3,22.8,61.1,23.0,66.2,6.56,288.9,chickpea
18.6,41.6,31.9,21.2,63.6,6.68,263.8,chickpea
38.5,17.9,47.0,23.3,63.5,6.94,284.4,chickpea
34.4,51.5,41.7,25.2,64.4,6.62,303.1,chickpea
26.3,38.6,54.8,22.3,64.5,6.74,302.2,chickpea
34.0,45.0,31.2,23.9,64.6,6.9,332.6,chickpea
34.7,31.6,42.0,22.0,64.5,6.77,315.8,chickpea
29.3,71.5,39.5,22.3,64.2,6.32,312.3,chickpea
15.1,21.6,45.0,23.2,64.5,6.83,321.1,chickpea
29.4,33.3,58.1,24.0,66.2,6.66,277.1,chickpea
24.9,45.2,34.9,27.9,63.8,6.9,322.6,chickpea
22.8,31.8,34.8,24.3,67.4,6.81,308.2,chickpea
32.4,47.0,60.3,27.6,64.5,6.54,283.5,chickpea
26.3,44.8,15.4,26.3,66.9,7.0,295.7,chickpea
15.8,67.8,51.3,25.5,64.9,6.84,303.5,chickpea
19.3,21.3,56.0,26.2,66.2,6.77,323.6,chickpea
22.0,53.9,17.9,26.0,63.4,6.41,259.0,chickpea
43.1,30.4,19.0,25.1,63.2,6.62,249.5,chickpea
19.3,44.8,39.5,24.1,64.7,6.62,282.4,chickpea
36.8,33.4,41.2,23.3,67.8,6.83,319.2,chickpea
13.4,37.4,21.5,23.1,64.1,6.67,220.3,chickpea
34.3,48.3,40.5,28.1,63.9,6.63,257.6,chickpea
20.9,53.2,47.1,23.9,63.9,6.76,209.4,chickpea
34.8,46.8,31.1,23.8,63.1,6.8,322.4,chickpea
10.0,52.6,62.2,26.3,63.6,6.57,241.6,chickpea
21.2,26.5,47.3,24.6,63.7,6.67,340.5,chickpea
21.0,66.9,50.4,24.8,65.1,6.92,283.5,chickpea
23.8,29.2,44.8,25.5,67.3,6.81,302.5,chickpea
22.1,47.0,49.6,26.0,64.7,6.79,357.2,chickpea
35.4,58.2,18.5,24.1,65.1,6.81,301.8,chickpea
18.7,58.4,33.1,26.6,65.7,6.81,268.6,chickpea
31.8,36.4,26.1,26.6,63.0,6.73,301.2,chickpea
39.6,58.9,33.5,26.0,64.9,6.5,291.1,chickpea
27.6,40.4,57.7,23.8,65.3,6.6,379.9,chickpea
12.4,40.8,12.0,28.8,65.9,6.67,298.9,chickpea
26.0,23.0,51.7,29.2,65.4,6.42,334.8,chickpea
10.0,30.4,22.1,27.0,63.0,6.46,301.5,chickpea
26.2,47.8,56.6,24.0,64.2,6.62,349.1,chickpea
13.1,36.7,28.8,28.1,64.8,6.37,276.6,chickpea
39.9,26.7,63.0,23.6,66.1,6.48,267.4,chickpea
32.9,28.5,34.4,22.7,65.3,6.74,257.1,chickpea
37.8,38.5,62.1,24.9,65.6,6.9,317.9,chickpea
32.4,44.2,17.7,24.7,65.5,6.76,304.3,chickpea
10.0,38.9,29.1,22.2,63.9,6.84,310.9,chickpea
29.5,43.7,54.4,25.8,65.7,6.95,261.1,chickpea
30.8,23.5,21.4,26.4,66.3,7.04,238.0,chickpea
32.9,36.3,47.9,21.3,66.6,6.83,334.8,chickpea
46.4,25.2,61.6,29.9,70.3,7.08,817.5,blackgram
66.9,29.1,55.5,31.8,70.1,6.87,842.6,blackgram
74.4,28.8,49.0,27.9,70.8,7.05,800.0,blackgram
45.0,43.8,60.2,29.5,67.7,7.13,809.7,blackgram
52.7,40.0,52.9,33.7,70.7,7.11,851.5,blackgram
42.7,26.0,44.9,29.6,71.5,7.09,674.6,blackgram
65.4,48.1,34.8,36.0,69.3,6.77,804.0,blackgram
18.7,27.1,45.9,29.7,68.7,6.88,780.0,blackgram
50.8,32.1,59.6,28.4,67.9,7.05,828.0,blackgram
38.8,40.8,33.1,26.1,71.0,6.96,836.8,blackgram
58.2,41.8,38.0,31.7,70.0,6.87,858.0,blackgram
62.0,40.9,39.3,29.6,68.4,6.97,759.5,blackgram
57.6,40.8,23.3,26.8,71.5,7.09,747.1,blackgram
62.1,40.6,43.1,28.2,69.6,6.93,753.7,blackgram
54.0,40.0,32.9,26.8,70.4,6.95,970.8,blackgram
62.7,51.8,52.2,28.7,71.1,6.99,794.5,blackgram
33.7,30.7,50.0,32.8,68.9,6.89,698.6,blackgram
71.9,48.0,42.9,32.3,72.4,6.9,825.8,blackgram
65.0,46.5,39.0,29.8,71.0,7.06,781.8,blackgram
56.9,41.0,31.2,31.3,70.1,7.0,754.3,blackgram
74.4,51.3,36.1,34.3,71.5,7.08,878.6,blackgram
65.9,36.1,15.5,29.5,70.9,6.79,747.7,blackgram
38.3,38.2,27.0,30.5,70.5,6.94,782.0,blackgram
26.9,34.9,50.5,26.9,69.2,6.98,856.6,blackgram
52.8,45.6,49.4,26.6,69.1,7.09,790.6,blackgram
45.8,28.7,22.5,29.4,69.7,7.04,832.7,blackgram
57.6,49.8,59.8,30.4,71.2,6.97,880.5,blackgram
58.9,62.9,27.4,26.4,70.2,6.99,766.2,blackgram
45.7,36.5,53.0,29.0,68.0,6.92,735.9,blackgram
67.4,50.0,34.6,28.9,71.2,6.99,855.7,blackgram
71.3,37.8,48.2,29.6,70.6,6.99,824.4,blackgram
44.3,48.0,35.2,30.6,71.7,7.12,758.0,blackgram
68.5,35.0,10.0,31.3,70.7,7.15,872.4,blackgram
39.2,34.7,35.1,28.1,70.6,6.84,760.0,blackgram
72.8,28.7,57.0,30.1,69.3,6.98,883.1,blackgram
61.3,37.5,21.8,28.3,69.1,7.19,769.7,blackgram
65.6,43.8,32.5,31.9,69.1,7.0,853.0,blackgram
70.8,50.8,68.2,32.5,69.7,7.12,784.4,blackgram
48.0,39.0,52.0,28.9,69.0,6.93,809.3,blackgram
39.3,35.8,37.6,29.4,68.9,6.91,809.7,blackgram
47.3,41.2,41.0,29.9,70.4,6.97,749.1,blackgram
53.3,40.8,22.6,29.8,70.5,7.33,872.8,blackgram
55.8,20.1,72.1,29.2,70.6,7.12,673.6,blackgram
49.1,48.1,59.4,29.3,71.0,6.88,767.9,blackgram
67.3,23.9,34.5,29.6,71.2,6.71,704.7,blackgram
58.2,42.0,40.0,30.5,69.4,6.94,734.9,blackgram
64.3,21.6,10.0,30.0,71.8,7.06,871.4,blackgram
57.0,41.9,30.4,29.4,69.7,7.09,902.3,blackgram
71.5,44.5,43.1,31.3,69.0,6.8,801.6,blackgram
46.0,25.1,39.7,28.5,69.1,7.11,850.7,blackgram
64.1,41.1,10.0,31.1,70.2,7.14,852.5,blackgram
54.0,27.6,30.7,28.3,68.8,6.96,870.6,blackgram
61.5,50.6,60.6,29.9,69.6,6.91,721.8,blackgram
51.5,36.0,30.0,30.1,71.8,7.05,732.6,blackgram
59.0,68.2,38.1,31.2,70.4,7.14,865.4,blackgram
64.4,31.8,38.5,26.8,69.5,7.13,860.9,blackgram
71.9,32.5,56.0,27.6,70.4,7.1,749.1,blackgram
46.2,54.2,46.5,30.0,71.3,7.03,839.3,blackgram
39.7,37.4,38.8,30.7,71.5,7.05,720.2,blackgram
59.0,33.3,42.2,30.1,70.0,7.12,786.4,blackgram
33.0,45.2,56.4,31.8,67.1,6.84,849.5,blackgram
48.4,53.2,30.9,29.9,68.8,7.14,808.4,blackgram
77.3,36.8,19.6,32.7,68.7,7.15,706.0,blackgram
49.6,35.4,53.0,25.8,70.5,7.02,893.1,blackgram
68.0,50.5,18.7,28.1,70.8,7.2,856.8,blackgram
75.1,41.7,26.9,29.6,70.5,7.01,793.4,blackgram
63.9,42.4,35.4,28.3,70.4,7.02,901.1,blackgram
44.2,24.5,54.4,31.0,71.1,6.99,867.7,blackgram
76.7,55.6,19.1,29.2,68.9,7.02,810.0,blackgram
65.7,41.2,37.2,31.2,72.2,7.24,740.6,blackgram
60.7,46.3,46.5,32.5,70.4,6.97,810.6,blackgram
63.5,31.4,10.0,31.5,69.8,7.04,815.8,blackgram
81.4,31.0,49.1,28.4,71.1,6.88,716.8,blackgram
77.9,31.5,54.8,33.2,72.4,6.88,840.2,blackgram
61.9,45.2,17.5,29.9,70.0,6.96,816.1,blackgram
37.9,43.7,51.5,29.5,70.2,7.12,843.6,blackgram
52.6,33.2,49.3,29.5,71.7,6.63,774.3,blackgram
52.1,52.5,44.1,31.7,69.2,7.03,871.3,blackgram
55.6,37.7,51.0,29.9,71.2,7.04,812.8,blackgram
50.0,74.2,10.0,28.3,67.6,7.01,863.5,blackgram
58.5,8.1,68.7,29.5,71.0,7.16,754.1,blackgram
52.0,14.2,33.8,31.7,69.8,7.04,920.8,blackgram
65.1,14.5,10.0,28.5,68.0,7.08,793.8,blackgram
51.6,24.7,36.8,28.6,72.7,6.87,854.5,blackgram
71.4,33.0,28.5,29.7,68.2,7.12,865.1,blackgram
55.1,35.1,42.3,29.6,69.6,6.77,749.4,blackgram
68.4,42.7,38.5,32.1,68.8,6.78,787.6,blackgram
81.4,40.6,29.8,30.3,70.4,7.04,855.8,blackgram
69.7,30.5,52.6,32.2,68.5,7.05,762.2,blackgram
59.8,60.1,35.0,30.0,70.0,6.92,768.7,blackgram
53.1,31.5,36.3,29.4,69.4,6.84,742.7,blackgram
63.9,44.8,51.0,28.3,69.0,6.95,965.1,blackgram
56.8,40.6,49.3,29.6,71.9,6.89,743.3,blackgram
93.0,30.3,53.5,30.7,70.3,6.81,761.1,blackgram
88.6,40.9,48.5,28.4,68.7,7.11,842.7,blackgram
92.5,25.5,42.4,31.6,71.2,6.94,761.4,blackgram
89.0,50.0,65.1,28.3,73.1,7.04,879.5,blackgram
53.1,37.6,30.8,31.4,72.0,6.94,917.3,blackgram
63.6,16.5,23.0,30.9,70.7,6.96,898.0,blackgram
56.5,35.3,22.9,29.5,69.7,7.03,834.5,blackgram
68.8,41.3,44.1,30.7,70.2,6.92,769.8,blackgram
73.0,38.7,25.4,28.7,70.4,6.82,745.4,blackgram
62.1,47.6,23.7,27.5,67.2,7.06,867.4,blackgram
59.3,56.8,42.1,28.9,70.1,7.11,821.7,blackgram
78.3,39.7,39.7,32.7,72.2,6.91,914.7,blackgram
88.4,35.8,38.9,31.4,67.9,7.0,776.4,blackgram
53.8,55.7,71.8,30.7,69.8,7.02,775.6,blackgram
39.3,39.0,58.9,30.8,70.6,6.86,767.4,blackgram
58.5,25.6,57.9,32.3,70.9,7.03,826.3,blackgram
47.6,33.1,41.7,29.3,70.0,6.88,855.0,blackgram
70.1,63.2,54.4,32.0,69.0,6.84,847.3,blackgram
35.5,44.6,44.7,33.4,70.0,7.17,766.7,blackgram
58.4,25.3,47.9,32.3,69.7,6.91,735.4,blackgram
82.3,38.8,60.0,30.3,70.4,7.05,781.7,blackgram
34.6,13.7,62.6,28.6,72.0,7.15,758.6,blackgram
60.1,36.5,34.4,29.8,70.3,6.93,758.1,blackgram
63.2,49.6,41.1,26.8,71.4,7.1,731.3,blackgram
47.9,31.4,43.8,27.2,70.6,6.78,725.8,blackgram
72.9,42.0,25.1,29.7,70.6,7.04,812.4,blackgram
50.1,39.2,17.2,27.9,69.9,7.0,826.8,blackgram
42.4,25.9,33.0,27.7,67.3,6.87,995.3,blackgram
63.7,31.5,28.1,27.8,70.1,7.06,846.4,blackgram
61.3,22.6,45.6,32.2,70.2,7.01,807.6,blackgram
64.5,43.9,10.9,34.3,72.2,7.02,804.7,blackgram
67.8,28.8,54.2,27.5,72.2,6.94,788.1,blackgram
70.4,56.2,16.6,27.5,70.0,6.98,872.1,blackgram
56.0,42.4,54.4,31.1,69.2,6.69,689.6,blackgram
75.7,65.0,32.0,30.5,71.2,7.17,803.6,blackgram
52.8,48.5,46.9,32.1,68.4,7.0,702.2,blackgram
56.2,51.1,84.1,32.6,70.6,6.86,836.2,blackgram
47.7,34.3,38.6,28.6,70.0,7.01,878.5,blackgram
71.3,37.0,56.1,31.5,69.4,6.93,900.6,blackgram
56.6,45.6,25.1,31.1,71.2,7.06,760.6,blackgram
38.2,39.3,43.7,29.3,69.7,7.06,852.5,blackgram
17.5,29.1,10.0,29.0,70.3,6.87,807.5,blackgram
54.4,32.0,28.7,31.2,68.5,6.87,875.5,blackgram
52.7,41.6,36.6,27.1,68.8,6.8,796.4,blackgram
38.7,5.0,27.3,30.8,69.9,7.18,929.3,blackgram
57.4,39.5,58.2,29.3,70.8,6.92,719.8,blackgram
82.0,57.0,10.0,29.0,71.5,7.18,767.0,blackgram
73.5,46.3,48.3,28.4,70.7,7.22,936.7,blackgram
53.5,44.5,50.9,29.7,68.6,6.93,802.6,blackgram
40.1,20.7,45.4,31.6,71.2,7.1,927.1,blackgram
52.6,45.5,49.0,29.5,68.6,7.0,809.8,blackgram
52.4,31.9,51.6,30.5,69.8,7.21,725.0,blackgram
57.1,49.7,57.7,29.1,69.1,7.12,740.1,blackgram
75.0,34.9,24.4,29.3,69.7,6.9,789.4,blackgram
42.8,22.1,53.0,32.8,69.9,6.93,784.8,blackgram
48.9,46.0,33.7,29.1,69.0,6.96,659.3,blackgram
75.8,43.4,50.4,31.4,68.7,6.91,857.6,blackgram
53.6,52.4,38.3,31.2,73.1,7.12,754.6,blackgram
49.5,30.7,35.2,30.2,68.9,7.1,758.7,blackgram
75.4,39.8,27.5,28.2,69.4,7.12,803.4,blackgram
63.4,47.7,61.8,29.7,72.0,6.96,775.4,blackgram
65.7,33.4,34.9,29.4,70.2,7.14,702.1,blackgram
67.5,41.0,53.2,28.6,68.9,7.05,784.8,blackgram
27.1,34.5,20.9,32.0,70.2,6.93,896.1,blackgram
37.7,22.3,59.3,30.0,70.9,7.1,854.1,blackgram
62.9,61.7,28.1,26.6,69.8,6.96,846.5,blackgram
59.3,13.1,41.7,29.3,68.9,7.11,874.9,blackgram
60.1,53.7,34.4,30.1,70.9,7.07,814.3,blackgram
61.5,20.7,26.6,30.5,67.4,6.9,741.7,blackgram
39.4,27.8,55.9,32.9,70.6,6.89,781.0,blackgram
81.1,67.0,49.8,29.5,69.1,7.09,808.2,blackgram
58.9,52.2,65.2,28.4,71.7,6.77,674.9,blackgram
78.7,46.8,22.1,28.5,69.8,6.91,810.6,blackgram
65.0,36.6,38.5,29.7,70.5,7.24,774.8,blackgram
58.1,35.1,39.0,30.7,71.4,7.02,684.5,blackgram
63.4,37.6,59.4,28.4,70.7,6.91,691.4,blackgram
36.5,57.6,28.1,30.8,71.0,7.22,873.5,blackgram
80.8,17.1,44.5,28.2,69.5,7.05,716.7,blackgram
50.1,25.2,33.8,28.4,69.3,7.01,716.4,blackgram
48.4,42.7,53.0,31.0,69.4,6.98,826.6,blackgram
70.3,37.8,24.4,28.7,70.7,7.32,766.3,blackgram
58.7,28.6,54.3,31.8,69.7,6.95,745.5,blackgram
61.8,30.6,24.3,30.7,69.7,6.96,779.7,blackgram
72.2,49.8,44.8,29.6,71.9,7.02,842.8,blackgram
57.2,43.2,34.8,30.8,69.1,6.88,773.8,blackgram
57.4,43.5,64.9,29.9,72.8,7.2,700.9,blackgram
64.1,43.5,12.0,31.3,70.6,6.83,761.9,blackgram
72.7,32.9,30.6,31.7,69.6,6.97,829.4,blackgram
62.3,43.5,57.8,28.8,70.8,6.86,852.5,blackgram
70.0,42.8,14.0,29.3,70.7,6.93,765.0,blackgram
47.7,29.8,42.9,29.6,70.9,6.94,814.1,blackgram
51.3,33.1,66.0,30.0,70.6,7.03,753.7,blackgram
47.0,46.9,13.6,26.4,69.7,7.12,698.0,blackgram
31.8,40.1,29.2,29.6,71.1,7.08,820.0,blackgram
63.6,40.7,10.0,29.8,70.9,7.0,779.0,blackgram
32.9,26.9,41.2,30.1,70.6,7.06,797.4,blackgram
67.5,56.7,35.9,30.9,70.6,7.24,779.0,blackgram
51.3,50.3,18.1,31.0,71.3,6.75,868.2,blackgram
80.6,34.0,23.3,28.6,69.1,6.86,838.6,blackgram
56.2,41.1,26.5,28.2,70.4,7.16,883.5,blackgram
39.9,44.2,28.6,31.5,72.3,6.86,731.2,blackgram
55.5,36.0,46.4,29.2,71.9,7.01,870.0,blackgram
56.8,41.2,42.7,26.1,68.7,7.03,793.6,blackgram
62.9,39.4,31.4,30.7,71.5,7.02,746.8,blackgram
81.1,39.8,38.9,31.0,72.6,6.91,815.2,blackgram
46.2,42.6,40.3,28.5,69.8,7.06,825.2,blackgram
73.2,46.0,42.4,29.3,70.0,7.07,807.2,blackgram
54.2,50.6,30.3,28.3,71.1,7.05,755.0,blackgram
70.9,50.4,42.1,28.6,71.7,6.94,866.8,blackgram
75.9,53.1,39.3,29.7,70.2,6.97,759.8,blackgram
66.0,38.4,49.5,30.9,72.0,7.0,827.4,blackgram
42.2,45.3,40.8,29.2,72.5,6.92,721.5,blackgram
67.1,41.3,49.5,28.2,69.3,6.84,810.3,blackgram
53.3,29.6,49.0,28.7,68.8,7.01,856.8,blackgram
61.2,29.4,36.1,30.9,69.8,7.01,784.8,blackgram
70.0,42.3,29.6,28.6,67.1,6.99,838.2,blackgram
72.7,42.6,39.7,25.7,71.2,6.98,822.8,blackgram
60.8,61.7,32.1,30.8,71.6,7.08,801.0,blackgram
56.8,39.5,47.3,30.8,71.3,7.04,835.8,blackgram
72.5,40.8,33.6,33.6,71.2,7.13,700.4,blackgram
47.6,38.5,32.5,29.2,71.1,6.8,863.8,blackgram
47.0,52.5,36.3,31.1,73.5,6.94,766.1,blackgram
37.0,59.8,20.2,31.5,71.3,6.95,888.2,blackgram
61.1,32.3,46.7,33.4,69.7,6.94,791.3,blackgram
27.1,21.1,58.8,29.9,68.8,6.96,727.6,blackgram
67.0,32.1,55.7,32.0,70.8,7.06,862.5,blackgram
109.3,27.2,52.0,28.4,69.4,6.88,968.8,blackgram
37.1,44.1,44.7,30.6,71.4,7.1,843.7,blackgram
58.3,25.5,31.7,31.3,69.0,6.89,799.6,blackgram
18.9,44.1,27.6,29.2,73.0,6.88,782.7,blackgram
60.9,55.4,53.2,31.9,70.1,6.83,789.1,blackgram
79.3,43.6,48.6,30.3,70.6,7.05,718.2,blackgram
64.1,41.6,10.0,29.4,70.6,7.03,762.3,blackgram
57.6,41.4,29.7,31.0,69.3,7.09,845.2,blackgram
62.5,36.1,34.7,30.0,69.6,7.23,693.6,blackgram
72.9,48.3,54.6,28.9,68.8,7.1,808.5,blackgram
51.2,39.3,53.4,31.6,71.7,7.06,821.6,blackgram
72.3,56.1,16.4,30.8,70.1,6.9,764.9,blackgram
76.9,42.6,32.5,30.7,68.3,7.16,728.8,blackgram
72.4,40.9,21.5,29.5,72.5,7.24,759.3,blackgram
88.0,38.2,55.5,29.7,69.2,7.17,801.4,blackgram
68.5,34.8,52.4,30.5,71.5,7.2,750.3,blackgram
69.0,36.7,57.7,29.6,71.9,6.92,860.1,blackgram
65.1,54.6,37.3,30.1,73.1,6.9,902.0,blackgram
71.5,30.6,34.9,31.1,68.1,7.09,775.6,blackgram
43.7,36.5,37.3,29.7,71.3,7.07,847.3,blackgram
81.2,41.0,32.7,29.6,71.6,7.12,865.5,blackgram
73.1,29.1,37.5,28.1,69.0,7.23,780.6,blackgram
53.8,40.7,35.7,29.1,69.5,6.96,758.4,blackgram
58.2,24.8,36.2,31.9,70.0,6.95,802.4,blackgram
64.2,36.1,49.7,32.1,70.4,7.15,753.3,blackgram
51.9,42.9,55.9,30.0,70.4,6.8,858.8,blackgram
51.4,31.6,72.9,31.3,69.8,6.92,861.4,blackgram
55.6,47.5,32.6,33.1,70.5,6.98,720.6,blackgram
68.1,29.8,51.1,29.2,71.7,7.26,833.8,blackgram
73.8,60.2,10.0,29.4,72.0,7.18,801.6,blackgram
42.5,54.7,48.3,28.9,70.0,7.14,844.6,blackgram
39.6,47.8,57.1,30.2,72.8,6.86,692.3,blackgram
51.6,55.1,28.2,29.8,69.5,7.06,745.1,blackgram
68.3,32.3,49.5,27.4,69.2,7.06,906.3,blackgram
64.8,51.2,41.2,29.3,69.9,7.22,754.2,blackgram
71.5,45.3,30.7,29.1,69.8,6.95,823.3,blackgram
47.1,34.5,40.4,31.5,71.1,6.92,799.5,blackgram
59.9,46.0,34.7,29.7,69.0,6.75,885.1,blackgram
69.2,47.0,48.3,30.4,68.8,7.07,748.3,blackgram
78.7,50.8,17.7,30.7,70.9,6.9,790.4,blackgram
40.1,52.2,46.7,31.4,73.0,6.87,854.5,blackgram
71.7,67.2,32.8,27.8,69.6,6.95,935.6,blackgram
82.3,34.7,53.6,31.0,69.9,7.22,734.0,blackgram
44.4,43.7,27.9,30.3,67.8,6.95,794.8,blackgram
25.3,36.2,27.3,26.3,70.7,6.91,823.1,blackgram
64.7,41.3,33.9,27.6,69.5,6.9,788.3,blackgram
69.0,37.3,77.2,30.3,68.8,7.01,794.4,blackgram
68.9,32.9,43.8,29.9,70.3,7.08,829.1,blackgram
79.7,30.1,43.7,29.5,69.8,6.98,762.0,blackgram
35.9,57.8,75.7,30.4,71.4,7.07,783.1,blackgram
40.7,52.2,48.5,33.3,68.6,7.02,831.6,blackgram
59.1,38.3,44.8,33.7,69.0,7.17,856.0,blackgram
69.6,40.8,18.7,29.2,73.0,7.15,762.0,blackgram
36.5,38.5,43.1,31.7,69.7,7.11,766.3,blackgram
47.0,46.6,56.5,31.2,68.1,7.03,770.5,blackgram
49.0,56.0,43.2,30.3,70.3,7.03,717.8,blackgram
55.2,51.3,39.5,30.3,72.2,7.19,802.2,blackgram
59.9,29.6,20.1,31.2,69.8,6.8,753.6,blackgram
45.3,36.3,24.4,30.2,69.2,7.24,728.4,blackgram
63.3,46.9,13.3,32.3,71.4,7.05,814.7,blackgram
61.5,36.8,55.2,28.1,70.4,6.86,832.6,blackgram
47.4,40.2,39.9,30.4,69.1,6.96,824.8,blackgram
80.3,47.9,27.3,31.2,69.9,6.72,881.7,blackgram
75.0,32.8,17.9,37.0,69.2,6.95,805.5,blackgram
61.9,36.2,36.2,32.1,69.4,7.11,798.6,blackgram
39.6,29.0,13.1,30.6,70.6,7.22,875.4,blackgram
64.9,32.0,62.3,29.3,70.8,7.1,912.0,blackgram
73.2,34.5,19.3,29.1,72.4,7.07,788.5,blackgram
63.4,41.4,50.0,27.8,69.6,7.0,758.5,blackgram
50.0,46.5,20.9,30.5,70.5,7.02,866.5,blackgram
74.3,39.3,53.5,32.1,69.7,6.95,867.6,blackgram
73.4,39.4,55.4,31.8,68.1,6.99,749.6,blackgram
53.1,37.9,55.8,28.1,70.1,6.87,677.6,blackgram
60.3,55.3,71.6,31.3,71.4,7.27,770.5,blackgram
50.2,35.3,40.6,31.2,70.7,6.89,781.2,blackgram
53.5,59.2,52.7,30.5,72.1,6.99,735.8,blackgram
63.3,49.9,29.7,30.7,70.1,7.0,827.5,blackgram
53.8,18.0,33.0,30.9,71.8,6.96,759.1,blackgram
67.7,35.3,76.1,31.6,67.7,6.86,900.3,blackgram
48.9,68.6,31.5,31.0,71.4,7.0,876.6,blackgram
63.3,42.9,43.0,29.0,69.6,6.88,819.7,blackgram
74.9,40.4,22.7,27.6,69.9,7.15,709.0,blackgram
72.2,59.5,45.8,31.6,71.1,7.22,929.7,blackgram
26.4,41.6,43.9,27.6,70.7,6.86,811.8,blackgram
76.0,36.1,36.0,30.1,71.2,7.15,896.5,blackgram
56.6,35.5,41.1,28.8,67.8,6.97,850.8,blackgram
72.8,70.3,42.9,28.6,71.2,7.11,876.1,blackgram
71.6,41.6,70.0,29.9,69.6,6.93,936.0,blackgram
52.8,50.6,24.8,30.6,71.1,6.85,778.2,blackgram
22.7,44.8,58.9,29.4,71.5,7.11,865.2,blackgram
39.7,37.8,47.5,33.4,68.4,7.04,723.8,blackgram
64.0,44.2,64.7,31.6,71.2,7.12,835.0,blackgram
57.0,44.0,58.8,31.2,70.3,6.84,854.4,blackgram
65.0,52.2,70.4,32.8,71.4,6.89,783.6,blackgram
63.3,46.0,34.3,28.3,72.2,7.21,730.3,blackgram
91.1,58.0,48.3,29.8,70.0,7.02,686.6,blackgram
35.2,37.6,39.2,28.4,69.7,7.13,767.9,blackgram
59.4,57.2,50.5,27.5,67.1,6.97,863.5,blackgram
48.5,37.4,23.4,27.0,68.1,6.99,738.9,blackgram
24.1,53.3,39.4,28.8,70.9,6.88,850.0,blackgram
70.4,67.1,30.7,28.9,69.6,6.98,723.2,blackgram
35.0,17.1,58.7,32.2,69.4,6.76,764.9,blackgram
54.8,38.9,20.2,30.9,68.3,6.97,906.3,blackgram
63.2,51.4,38.5,31.5,69.4,7.17,725.5,blackgram
45.2,39.2,25.4,31.8,67.4,6.81,831.0,blackgram
82.4,21.6,53.7,32.0,69.8,7.02,837.0,blackgram
58.1,48.4,26.8,30.6,71.4,7.05,988.8,blackgram
32.7,46.9,51.1,27.1,70.5,6.84,811.4,blackgram
62.6,71.1,46.4,28.8,71.6,7.12,704.2,blackgram
49.2,61.1,43.1,30.0,69.6,6.82,750.7,blackgram
55.6,60.4,14.0,31.0,72.3,7.1,680.5,blackgram
40.1,51.9,33.5,34.2,68.2,6.91,787.4,blackgram
65.5,26.2,33.4,26.2,67.8,7.13,688.0,blackgram
88.3,33.7,66.1,29.9,69.2,6.92,768.2,blackgram
53.7,48.5,33.8,29.3,71.5,7.01,845.9,blackgram
65.6,39.9,45.6,29.7,69.2,7.17,857.5,blackgram
69.2,35.3,21.1,28.1,70.5,7.28,867.6,blackgram
35.0,57.3,37.8,28.9,70.3,6.81,866.1,blackgram
52.2,54.1,19.0,29.9,70.3,7.08,784.9,blackgram
66.2,52.0,10.0,32.3,68.5,7.2,826.4,blackgram
73.4,12.1,30.7,28.7,70.1,7.1,783.7,blackgram
73.3,36.2,49.1,29.3,71.2,7.11,826.3,blackgram
59.4,54.6,51.1,27.0,71.9,6.8,836.5,blackgram
57.9,43.2,53.2,32.1,71.8,7.07,818.5,blackgram
39.7,24.7,47.8,29.8,70.0,6.78,784.3,blackgram
27.3,43.6,58.4,32.9,70.0,7.03,751.8,blackgram
59.3,50.8,10.5,28.5,71.0,6.88,790.8,blackgram
38.7,22.2,29.5,30.4,71.2,7.23,763.6,blackgram
46.7,62.3,37.9,31.0,71.9,6.83,795.5,blackgram
33.2,55.1,45.0,33.4,70.2,7.08,852.2,blackgram
49.7,45.0,29.7,26.7,69.7,7.14,802.5,blackgram
65.6,34.4,23.7,26.5,69.8,6.95,703.6,blackgram
65.0,44.7,58.4,29.5,69.9,6.71,684.0,blackgram
49.1,33.2,64.3,29.1,67.9,7.04,842.6,blackgram
43.5,22.1,21.5,28.6,70.0,7.11,831.6,blackgram
68.7,21.4,47.7,27.5,69.8,7.08,773.4,blackgram
63.3,34.6,41.3,28.8,66.9,6.97,840.1,blackgram
48.9,9.1,40.3,31.8,71.1,7.09,779.7,blackgram
70.6,23.9,46.0,32.1,70.4,6.93,875.3,blackgram
65.1,27.9,33.7,31.7,68.7,6.99,794.7,blackgram
27.6,43.3,17.2,31.4,70.2,6.9,864.0,blackgram
38.1,44.3,39.4,30.2,70.8,6.86,758.0,blackgram
35.4,24.9,39.9,31.2,69.4,7.09,886.2,blackgram
52.9,51.1,36.6,29.4,72.2,6.73,652.3,blackgram
52.7,45.6,35.9,31.0,70.2,7.17,747.6,blackgram
50.5,48.1,54.1,30.2,68.5,6.86,830.7,blackgram
43.4,51.5,25.6,32.9,69.3,7.01,772.9,blackgram
48.4,27.3,62.3,28.1,69.2,6.96,707.8,blackgram
40.5,33.1,45.6,29.5,70.6,6.93,821.7,blackgram
69.2,52.9,17.5,28.3,66.6,6.99,834.6,blackgram
45.7,58.1,50.1,30.5,72.8,7.0,910.8,blackgram
64.4,51.2,40.4,33.3,67.9,7.06,921.6,blackgram
58.3,40.1,24.2,33.3,69.7,7.13,787.2,blackgram
43.4,35.8,54.5,28.7,69.4,6.89,714.1,blackgram
42.9,61.8,43.9,28.1,71.1,6.82,824.1,blackgram
52.8,51.3,33.6,30.9,69.4,6.74,766.6,blackgram
77.5,30.4,56.4,33.3,67.9,7.09,773.8,blackgram
74.8,51.9,80.6,29.2,71.3,7.01,893.7,blackgram
52.0,32.3,39.5,30.0,69.1,7.09,688.6,blackgram
69.4,18.8,33.7,33.3,67.7,7.23,733.7,blackgram
92.7,37.3,31.1,31.0,69.3,7.02,788.0,blackgram
58.1,31.3,27.3,29.8,67.8,6.99,757.6,blackgram
56.3,27.5,36.2,29.3,73.0,7.11,902.5,blackgram
65.4,49.2,36.3,33.1,71.0,6.94,843.6,blackgram
53.2,48.2,40.3,27.5,67.8,7.09,786.8,blackgram
46.8,25.5,55.5,32.6,71.8,7.09,843.1,blackgram
79.0,38.0,46.5,30.5,69.8,6.97,727.2,blackgram
72.4,57.6,48.2,29.6,71.5,6.93,755.5,blackgram
69.8,65.6,61.3,29.1,73.3,7.13,712.5,blackgram
42.8,53.0,12.9,31.5,70.0,7.19,809.5,blackgram
57.5,32.2,58.4,28.0,72.0,7.01,801.4,blackgram
83.9,23.6,30.3,30.7,72.1,6.83,800.5,blackgram
77.1,49.0,60.7,31.4,70.7,6.97,848.4,blackgram
52.5,26.9,26.1,29.9,71.9,7.24,844.0,blackgram
47.6,39.3,32.7,28.0,72.8,7.03,1012.2,blackgram
57.9,50.1,42.8,27.3,70.7,6.91,811.0,blackgram
45.4,58.0,37.8,28.9,72.0,7.2,810.5,blackgram
79.8,42.6,45.5,30.8,68.2,7.04,858.7,blackgram
67.7,34.1,56.8,31.6,70.1,7.05,784.3,blackgram
44.2,37.1,26.3,28.9,70.1,7.11,756.9,blackgram
69.6,50.7,21.6,29.4,70.1,6.79,751.3,blackgram
65.0,31.8,31.4,30.1,68.3,7.23,875.1,blackgram
51.7,43.1,29.9,30.3,70.8,6.93,791.9,blackgram
69.7,54.4,41.5,29.5,67.9,7.03,861.1,blackgram
44.7,15.3,58.6,29.8,69.4,7.12,719.7,blackgram
52.0,44.7,42.1,29.6,68.7,7.0,862.9,blackgram
73.6,54.9,44.1,31.2,71.3,6.91,785.1,blackgram
52.0,66.5,36.7,28.6,69.7,6.86,672.0,blackgram
70.4,62.4,39.0,27.6,71.2,7.03,759.9,blackgram
63.3,56.1,37.3,32.5,69.3,7.18,845.3,blackgram
32.6,46.1,52.1,26.9,70.7,6.93,653.9,blackgram
54.8,26.1,19.8,30.2,71.0,6.98,790.3,blackgram
43.8,43.1,38.1,30.0,72.1,7.01,746.9,blackgram
90.2,31.1,33.8,30.7,69.1,7.03,829.2,blackgram
41.8,29.3,58.9,27.9,69.9,6.81,884.3,blackgram
50.7,56.1,42.3,30.2,69.1,7.0,786.8,blackgram
83.2,42.6,46.6,28.3,72.1,6.97,752.6,blackgram
65.3,36.5,40.5,29.1,68.5,6.91,854.0,blackgram
30.1,34.2,37.2,30.9,70.1,7.23,797.5,blackgram
61.6,48.7,31.9,31.6,66.9,7.14,850.6,blackgram
94.6,39.5,15.7,31.0,69.9,7.2,827.3,blackgram
62.5,27.7,18.4,30.9,70.4,7.06,750.1,blackgram
76.6,16.8,47.2,28.2,71.8,6.96,793.5,blackgram
70.8,26.5,21.6,32.7,69.8,7.02,740.7,blackgram
58.0,29.2,27.6,31.1,68.8,7.08,835.2,blackgram
48.1,47.5,38.9,29.5,70.3,6.9,989.7,blackgram
91.2,38.6,38.6,29.9,68.5,7.01,770.3,blackgram
51.9,50.0,30.7,31.0,68.9,6.94,799.6,blackgram
49.6,10.1,73.4,28.1,71.1,7.04,876.2,blackgram
25.5,37.0,10.0,33.9,70.2,6.9,809.7,blackgram
77.5,40.2,36.5,31.3,69.0,7.1,822.9,blackgram
89.1,28.3,10.0,29.9,70.1,7.07,919.2,blackgram
79.6,18.9,24.8,30.2,68.9,7.06,846.1,blackgram
42.2,17.4,32.5,30.6,69.4,7.04,735.1,blackgram
71.3,25.6,25.5,30.4,68.4,6.89,850.5,blackgram
69.0,45.6,38.4,32.4,68.6,7.02,771.1,blackgram
59.8,30.1,42.8,28.7,71.3,6.92,908.9,blackgram
48.2,26.9,44.2,30.2,71.8,7.09,822.3,blackgram
52.5,61.1,34.5,31.2,68.3,7.11,946.4,blackgram
51.0,28.6,30.1,32.0,70.6,6.91,967.6,blackgram
66.5,44.8,67.3,28.8,69.0,7.02,961.0,blackgram
68.1,63.6,11.3,27.6,68.8,7.18,714.4,blackgram
67.4,32.3,47.9,31.0,68.0,7.06,830.9,blackgram
73.9,22.5,41.8,28.2,71.5,6.9,848.9,blackgram
21.3,58.7,20.4,30.1,69.5,7.21,776.4,blackgram
52.9,46.5,38.1,32.8,70.5,7.15,867.4,blackgram
61.5,38.5,30.4,30.5,70.8,6.95,857.2,blackgram
76.2,44.6,36.0,31.7,73.0,6.91,887.4,blackgram
49.5,55.2,42.4,31.5,69.9,6.99,804.1,blackgram
61.5,45.3,51.9,31.3,68.9,7.31,907.3,blackgram
47.9,23.5,57.3,28.5,69.7,7.02,746.5,blackgram
57.4,67.4,42.9,28.2,68.5,6.92,861.0,blackgram
60.4,56.9,22.8,30.4,68.9,7.09,790.7,blackgram
47.8,54.3,38.3,32.2,69.0,7.04,815.5,blackgram
43.1,39.2,43.9,28.7,69.0,7.19,763.0,blackgram
40.3,30.7,41.8,29.3,72.6,6.96,710.1,blackgram
71.6,44.7,35.5,29.7,70.4,6.85,706.5,blackgram
71.9,29.2,45.8,35.4,69.8,7.2,762.5,blackgram
49.7,57.8,28.7,31.7,69.5,7.23,624.1,blackgram
72.4,32.9,70.5,30.4,69.1,6.78,805.5,blackgram
59.5,20.3,53.4,29.5,70.6,6.91,790.8,blackgram
53.2,45.5,46.3,27.4,69.6,6.92,858.1,blackgram
78.6,43.6,58.8,29.3,68.5,6.71,744.7,blackgram
45.2,46.8,42.6,31.7,69.4,7.02,868.5,blackgram
45.8,58.2,48.2,30.8,71.4,6.94,793.0,blackgram
46.0,34.5,49.7,29.4,69.5,6.73,691.5,blackgram
30.0,50.5,33.2,30.0,71.5,6.86,742.3,blackgram
62.8,48.2,54.5,31.2,69.1,6.85,748.6,blackgram
62.3,50.6,33.9,32.5,68.7,7.16,834.7,blackgram
53.7,57.5,35.8,30.2,68.6,6.78,809.1,blackgram
72.2,37.8,39.7,30.0,71.2,6.85,795.8,blackgram
77.8,41.3,55.0,30.7,70.4,6.92,795.6,blackgram
73.9,45.1,70.3,30.9,71.2,7.03,861.3,blackgram
73.2,35.3,33.5,30.3,71.0,6.94,826.3,blackgram
61.4,46.1,39.8,29.2,70.5,7.01,649.8,blackgram
62.8,43.8,44.5,31.2,68.6,6.97,759.4,blackgram
70.0,45.5,36.5,34.0,70.4,6.95,658.4,blackgram
74.7,56.2,29.1,28.2,69.6,6.85,767.3,blackgram
49.2,20.9,21.7,27.0,68.1,7.08,762.0,blackgram
61.1,26.4,16.9,27.7,69.0,6.98,849.0,blackgram
54.4,27.3,31.1,29.6,69.3,7.24,880.6,blackgram
83.4,33.1,51.8,26.4,69.6,6.9,829.9,blackgram
52.7,42.6,34.2,29.8,70.4,7.06,858.5,blackgram
68.4,51.8,63.8,27.9,69.3,7.03,731.1,blackgram
42.2,31.4,18.6,28.9,68.5,7.01,892.3,blackgram
51.7,48.0,57.6,30.0,69.2,6.92,742.1,blackgram
91.8,37.3,20.6,27.9,70.4,7.0,799.7,blackgram
62.4,57.4,68.8,29.0,70.5,6.95,811.7,blackgram
58.5,51.0,53.4,32.2,70.9,6.98,871.3,blackgram
40.8,36.9,39.5,30.9,67.7,7.04,870.3,blackgram
78.4,36.2,38.2,29.4,71.1,7.07,746.2,blackgram
74.5,53.8,56.1,34.4,68.1,7.11,777.1,blackgram
58.2,52.6,47.6,28.5,70.6,7.09,845.5,blackgram
64.1,39.0,51.5,30.6,71.0,6.98,768.0,blackgram
66.9,42.9,28.0,30.3,71.2,7.1,738.1,blackgram
76.8,41.8,47.6,30.1,70.6,7.09,755.2,blackgram
55.9,21.3,39.0,29.4,69.2,7.08,723.1,blackgram
43.0,57.8,41.4,29.5,70.5,7.26,788.7,blackgram
38.3,34.1,43.5,31.9,70.1,7.05,827.5,blackgram
67.1,56.0,45.6,27.8,68.9,7.06,804.1,blackgram
52.9,40.2,37.6,28.2,68.4,7.05,762.9,blackgram
21.9,48.6,29.0,30.0,71.1,6.61,665.4,mungbean
17.4,43.3,33.2,31.4,71.2,6.72,671.8,mungbean
27.4,35.5,27.3,31.4,68.9,6.77,595.3,mungbean
11.3,44.4,38.0,32.9,72.7,6.6,675.2,mungbean
15.3,32.8,17.3,31.3,70.0,6.63,595.6,mungbean
19.3,26.9,48.3,32.6,69.8,6.86,645.3,mungbean
21.1,24.9,47.9,30.2,70.7,6.73,543.4,mungbean
11.9,45.0,45.3,30.9,70.7,6.6,687.8,mungbean
41.9,43.1,51.6,31.9,71.2,7.1,649.0,mungbean
11.8,52.8,75.9,31.2,71.9,6.61,541.6,mungbean
12.0,27.8,32.7,32.1,71.3,6.74,638.5,mungbean
39.4,38.1,18.8,31.9,69.5,6.83,690.0,mungbean
19.1,38.2,58.7,32.3,69.4,6.91,740.3,mungbean
34.3,49.4,62.2,31.2,70.9,6.54,581.4,mungbean
10.0,36.5,40.7,30.5,70.0,6.65,606.5,mungbean
21.5,32.5,37.0,32.1,69.7,6.9,660.3,mungbean
18.5,34.3,68.2,32.2,70.7,6.77,626.4,mungbean
24.5,40.0,50.7,31.6,69.1,6.78,520.2,mungbean
21.4,36.1,46.9,30.6,69.8,6.73,657.6,mungbean
33.8,40.6,42.2,30.4,72.0,6.77,620.5,mungbean
22.3,39.8,80.0,30.5,70.3,6.81,663.3,mungbean
16.2,45.0,55.2,31.5,70.7,6.72,608.5,mungbean
26.3,48.8,52.7,30.7,69.2,6.6,713.1,mungbean
30.4,35.3,54.8,31.9,68.9,6.66,593.3,mungbean
33.3,42.6,38.3,33.7,70.1,6.77,603.3,mungbean
13.8,55.1,55.1,29.7,70.8,6.87,629.9,mungbean
29.7,30.3,18.5,31.7,71.7,6.69,610.7,mungbean
32.8,48.7,77.3,32.3,70.6,6.57,669.6,mungbean
26.1,48.0,31.8,31.2,69.5,6.65,564.6,mungbean
18.8,41.6,55.7,32.7,67.3,6.69,650.2,mungbean
18.6,62.4,47.5,30.1,72.0,6.65,641.7,mungbean
30.1,31.8,26.6,33.2,69.5,6.58,616.0,mungbean
40.6,52.5,39.3,31.7,69.9,6.71,667.1,mungbean
10.0,61.9,40.6,32.2,70.4,6.61,693.3,mungbean
15.0,44.0,45.0,32.1,69.7,6.6,606.0,mungbean
32.9,67.2,17.9,31.6,70.7,6.36,655.0,mungbean
27.0,45.9,37.3,29.3,71.2,6.55,565.4,mungbean
36.0,42.5,27.1,30.9,68.4,6.8,633.8,mungbean
22.1,53.6,26.3,31.4,69.3,6.7,639.9,mungbean
22.3,50.5,65.0,31.2,69.9,6.73,606.6,mungbean
22.3,47.3,40.9,27.7,69.9,6.7,694.4,mungbean
23.7,49.2,47.4,32.4,70.7,6.8,650.7,mungbean
31.4,36.1,50.8,31.7,68.9,6.75,615.2,mungbean
16.9,80.0,56.9,30.7,69.3,6.62,644.0,mungbean
23.4,51.0,24.2,32.1,68.6,6.51,630.2,mungbean
27.7,42.6,31.3,32.2,70.2,7.03,659.6,mungbean
30.2,17.6,38.0,30.7,68.4,6.67,594.9,mungbean
19.1,45.7,40.0,30.6,69.5,6.8,688.9,mungbean
24.7,57.1,29.8,32.1,72.3,6.72,700.4,mungbean
31.7,37.3,21.7,32.1,69.8,6.61,620.6,mungbean
22.3,32.7,53.4,30.0,71.3,6.47,656.5,mungbean
15.7,53.9,40.8,30.4,68.4,6.85,648.8,mungbean
30.6,47.9,52.7,30.5,70.9,6.91,680.4,mungbean
19.9,31.6,39.4,27.6,71.3,6.73,669.2,mungbean
11.9,49.6,59.0,31.3,70.0,6.78,660.4,mungbean
13.5,47.1,11.9,29.5,71.1,6.75,628.1,mungbean
28.3,31.0,31.5,32.1,70.0,6.8,717.3,mungbean
33.7,57.7,44.2,31.1,71.5,6.89,637.6,mungbean
23.6,43.8,40.8,28.4,69.0,6.78,650.2,mungbean
38.8,45.3,78.2,30.9,69.4,6.75,608.0,mungbean
18.6,47.4,29.1,32.2,71.4,6.52,660.9,mungbean
44.5,48.9,48.8,33.2,71.0,6.71,625.4,mungbean
28.4,22.6,35.0,31.1,70.1,6.77,621.6,mungbean
30.9,37.3,40.7,31.9,70.5,6.65,601.9,mungbean
24.8,41.7,86.8,31.7,71.1,6.55,676.4,mungbean
48.1,22.1,36.9,32.6,68.5,6.68,656.1,mungbean
34.8,48.4,44.7,33.0,69.8,6.78,761.0,mungbean
26.9,42.8,37.0,33.1,70.6,6.92,710.4,mungbean
18.3,52.3,20.2,28.7,70.3,6.55,663.0,mungbean
28.9,50.5,44.5,31.5,68.6,6.71,693.5,mungbean
11.2,45.6,81.4,32.0,70.5,6.8,626.1,mungbean
30.0,39.1,52.1,30.9,69.1,6.86,658.4,mungbean
25.1,40.1,52.2,32.6,70.6,6.74,591.7,mungbean
24.2,36.0,55.9,29.8,70.2,6.63,625.5,mungbean
30.7,57.3,35.3,31.5,70.0,6.84,736.8,mungbean
17.7,52.1,39.5,31.8,68.2,6.81,585.0,mungbean
14.6,5.0,29.9,32.6,67.0,6.66,690.5,mungbean
25.9,51.0,52.9,29.6,69.1,6.76,648.3,mungbean
18.1,37.6,53.2,32.5,69.6,6.64,665.4,mungbean
14.5,49.1,68.9,32.6,70.2,6.71,573.6,mungbean
34.0,32.1,28.5,31.0,70.7,7.01,648.2,mungbean
27.2,31.0,37.8,31.5,71.0,6.7,646.2,mungbean
20.0,30.7,47.7,32.1,70.0,6.73,758.9,mungbean
17.3,41.7,44.4,32.1,68.3,6.82,584.5,mungbean
25.0,23.3,23.0,31.7,70.8,6.85,637.6,mungbean
12.4,45.2,29.2,33.2,71.2,6.53,610.9,mungbean
43.6,37.7,38.6,33.0,68.9,6.54,648.8,mungbean
10.0,48.8,36.2,31.2,70.3,6.7,660.7,mungbean
21.8,24.2,61.6,32.7,70.0,6.72,732.1,mungbean
10.0,41.7,26.4,31.0,67.8,6.56,660.7,mungbean
27.3,41.6,10.0,30.9,68.1,6.63,657.0,mungbean
38.7,40.0,33.1,32.0,70.2,6.73,593.2,mungbean
10.0,22.0,54.0,30.3,68.2,6.6,667.8,mungbean
21.1,40.4,28.1,30.5,68.8,6.83,633.2,mungbean
23.3,45.3,49.4,33.8,69.3,6.88,581.9,mungbean
32.3,35.4,47.5,32.1,71.0,6.46,704.9,mungbean
33.5,33.3,40.1,30.1,69.5,6.64,688.3,mungbean
20.0,50.5,42.2,31.7,69.6,6.66,662.6,mungbean
25.8,16.8,17.3,32.6,70.8,6.64,687.7,mungbean
18.0,56.3,36.4,27.9,71.6,6.78,633.7,mungbean
23.7,18.2,29.6,33.2,70.0,6.57,568.6,mungbean
19.0,36.9,46.4,32.6,70.7,6.69,677.1,mungbean
18.2,46.6,23.4,32.2,70.1,6.75,571.0,mungbean
38.3,36.0,24.6,31.9,69.3,6.61,514.9,mungbean
39.1,35.9,35.4,32.7,70.4,6.62,652.6,mungbean
27.4,27.4,24.0,32.0,73.0,6.84,674.6,mungbean
10.2,27.6,34.3,31.6,71.7,6.76,741.3,mungbean
21.0,34.6,34.3,31.4,71.5,6.87,629.4,mungbean
22.8,30.7,40.1,31.0,69.6,6.83,669.5,mungbean
18.5,50.5,32.1,31.3,69.7,6.45,651.5,mungbean
32.1,52.4,52.2,29.3,71.1,6.91,654.8,mungbean
25.6,54.0,43.6,31.7,69.9,6.79,593.1,mungbean
22.2,27.4,51.0,31.1,69.0,6.71,671.2,mungbean
25.4,32.9,39.4,30.4,69.5,6.74,663.4,mungbean
18.3,12.1,22.5,31.6,72.3,6.58,713.1,mungbean
19.8,34.6,26.9,30.4,68.0,6.66,543.8,mungbean
23.2,23.3,28.7,34.8,69.9,6.86,668.7,mungbean
28.3,32.8,42.7,33.4,67.8,6.8,632.6,mungbean
40.1,28.2,72.9,33.0,69.7,6.85,685.9,mungbean
30.4,33.9,43.6,31.6,70.1,6.77,683.7,mungbean
31.8,73.4,46.6,32.8,71.3,6.52,623.6,mungbean
21.1,29.0,41.3,29.9,72.0,6.77,694.3,mungbean
34.9,49.4,56.2,32.2,71.7,6.33,559.2,mungbean
27.7,23.0,28.4,29.9,73.0,6.68,701.9,mungbean
30.6,22.9,39.3,31.2,68.7,6.65,583.8,mungbean
37.2,40.3,45.5,29.7,71.8,6.73,647.4,mungbean
24.5,21.9,49.5,30.5,69.2,6.55,685.0,mungbean
30.9,41.6,15.7,33.8,69.7,6.76,635.8,mungbean
52.2,31.3,18.8,32.9,68.5,6.35,703.8,mungbean
21.2,18.2,46.5,28.1,70.7,6.94,624.6,mungbean
33.1,46.7,44.0,31.8,69.6,6.72,615.1,mungbean
33.8,44.2,62.4,31.6,70.7,6.84,747.1,mungbean
10.0,24.9,33.7,30.6,68.4,6.71,691.3,mungbean
22.8,60.7,39.4,33.6,70.9,6.89,641.8,mungbean
15.4,52.1,23.4,30.3,70.8,6.66,705.1,mungbean
22.2,48.2,28.7,29.0,71.1,6.79,708.2,mungbean
11.6,34.3,36.7,31.7,70.0,6.76,738.9,mungbean
13.2,53.9,29.5,32.8,70.4,6.48,753.1,mungbean
26.8,24.1,35.7,32.4,70.1,6.73,667.9,mungbean
43.9,29.1,32.7,34.0,68.6,6.64,595.0,mungbean
10.0,43.0,25.2,30.3,69.7,6.76,623.9,mungbean
26.0,58.9,48.9,32.0,69.7,6.58,575.4,mungbean
22.5,32.5,29.0,32.2,69.8,6.68,646.4,mungbean
10.0,44.3,39.6,30.6,68.8,6.73,635.6,mungbean
28.3,32.7,26.4,33.4,68.7,6.7,714.9,mungbean
23.2,26.4,50.5,31.8,70.0,6.68,683.0,mungbean
43.8,45.4,30.7,31.7,70.6,7.03,656.3,mungbean
30.1,42.3,48.7,32.5,70.2,6.81,638.9,mungbean
29.4,25.8,40.5,32.8,70.7,6.59,584.1,mungbean
22.6,39.0,30.1,31.6,70.8,6.66,645.4,mungbean
31.8,22.4,35.2,31.0,71.0,6.6,686.1,mungbean
38.2,34.6,40.7,30.2,70.0,6.88,653.8,mungbean
17.7,31.0,32.9,30.5,68.1,6.77,617.3,mungbean
18.2,39.2,37.1,30.9,71.0,6.71,605.3,mungbean
15.2,60.2,45.1,31.3,70.5,6.94,679.2,mungbean
14.2,38.9,68.1,31.4,69.3,6.72,604.6,mungbean
10.0,12.6,46.8,31.8,68.7,6.76,672.5,mungbean
22.7,48.4,18.7,31.7,67.8,6.8,719.1,mungbean
22.9,44.3,26.4,32.0,71.7,6.63,572.1,mungbean
19.1,27.6,39.1,32.4,68.0,6.64,707.8,mungbean
26.4,42.3,18.8,32.0,72.0,6.7,607.8,mungbean
20.5,30.9,31.7,29.7,71.6,6.82,710.3,mungbean
17.9,42.6,55.3,29.1,69.9,6.68,634.8,mungbean
19.4,41.2,32.2,30.3,65.3,6.86,623.3,mungbean
10.0,48.6,26.9,31.6,69.2,6.76,676.8,mungbean
37.1,43.3,42.4,32.2,73.4,6.81,674.1,mungbean
18.0,32.9,37.1,29.3,72.4,6.7,719.4,mungbean
29.6,51.6,34.4,30.6,71.2,6.68,662.5,mungbean
14.8,46.8,45.8,33.4,71.7,6.73,746.6,mungbean
22.7,40.3,30.4,33.6,69.1,6.93,632.4,mungbean
25.3,25.0,57.3,31.7,70.0,6.72,650.1,mungbean
24.3,35.1,37.3,32.5,69.1,6.84,678.6,mungbean
33.7,33.1,46.1,31.3,71.0,6.72,591.5,mungbean
19.0,58.9,36.3,31.4,70.4,6.79,628.9,mungbean
25.0,54.5,24.9,34.1,69.6,6.44,612.6,mungbean
47.3,54.6,35.5,32.3,70.4,6.81,617.2,mungbean
20.7,49.7,37.6,29.7,71.8,6.71,675.1,mungbean
10.0,25.7,27.8,31.2,70.9,6.57,665.8,mungbean
18.2,53.0,13.0,33.8,70.6,6.63,626.9,mungbean
39.2,29.3,17.1,33.0,70.1,6.84,649.8,mungbean
30.2,47.1,36.1,29.6,68.8,6.54,651.0,mungbean
32.6,55.9,12.6,31.2,68.5,6.77,662.5,mungbean
23.1,37.3,34.0,32.1,72.0,6.68,679.1,mungbean
16.0,47.6,39.5,30.5,69.1,6.76,598.9,mungbean
36.5,25.9,29.5,32.1,69.7,6.85,685.0,mungbean
39.2,35.8,62.5,31.1,71.6,6.74,701.2,mungbean
20.6,32.5,48.2,32.6,70.8,6.85,658.8,mungbean
33.8,43.3,23.4,31.3,71.9,6.6,650.2,mungbean
25.4,42.2,14.3,30.0,69.4,6.57,533.5,mungbean
22.3,45.3,54.5,29.1,69.5,6.59,677.6,mungbean
36.3,24.5,10.0,31.5,71.2,6.81,662.2,mungbean
12.5,30.7,46.3,30.6,69.9,6.86,696.8,mungbean
41.7,38.7,56.3,31.7,69.8,6.69,660.9,mungbean
23.9,49.8,17.7,31.5,69.9,6.67,704.9,mungbean
23.9,48.8,57.6,31.0,69.8,6.6,683.1,mungbean
14.7,42.8,32.5,30.2,69.1,6.69,734.7,mungbean
20.1,47.2,20.7,30.8,69.8,6.62,670.5,mungbean
16.5,29.5,69.4,31.9,70.7,6.87,595.0,mungbean
10.0,39.5,32.7,32.4,69.9,6.55,635.0,mungbean
10.0,26.4,23.6,32.3,69.6,6.65,650.6,mungbean
27.5,40.8,32.4,32.4,70.3,6.92,679.3,mungbean
23.3,37.5,59.1,31.2,71.5,6.76,606.9,mungbean
27.6,19.4,13.8,32.3,68.2,6.67,611.1,mungbean
21.7,51.1,50.6,31.0,70.3,6.71,687.9,mungbean
21.6,43.9,36.9,33.7,71.5,6.65,643.1,mungbean
29.3,46.5,45.8,31.0,69.3,6.96,677.5,mungbean
24.8,53.2,44.7,33.7,71.3,6.89,721.6,mungbean
11.2,52.1,43.1,32.9,70.3,6.57,656.3,mungbean
35.8,45.9,59.3,32.0,69.0,6.56,665.1,mungbean
29.6,44.7,29.8,30.3,71.0,6.92,653.8,mungbean
17.4,40.5,32.6,31.3,69.2,6.83,584.4,mungbean
18.5,25.6,24.8,31.8,70.5,6.75,619.9,mungbean
37.5,48.8,33.1,32.3,69.0,6.7,567.9,mungbean
13.1,39.0,46.4,30.8,71.8,6.55,643.1,mungbean
20.5,42.0,10.0,30.4,71.0,6.69,689.7,mungbean
27.1,50.6,45.8,29.3,68.1,6.61,670.5,mungbean
23.8,50.5,39.7,31.4,69.5,6.7,649.1,mungbean
10.5,28.3,41.2,31.1,70.2,6.75,692.8,mungbean
36.2,35.0,31.8,32.5,69.1,6.74,685.0,mungbean
30.1,46.0,46.8,32.3,70.2,6.54,715.7,mungbean
14.4,33.2,50.2,30.8,72.0,6.68,759.7,mungbean
18.0,30.5,43.4,32.1,70.4,6.81,680.2,mungbean
26.1,42.9,28.4,30.3,70.2,6.62,572.7,mungbean
37.2,42.9,60.9,31.5,68.1,6.76,621.9,mungbean
18.4,41.0,55.0,32.2,70.1,6.94,617.4,mungbean
23.7,32.1,60.1,32.5,72.4,6.71,618.8,mungbean
41.9,54.0,25.9,30.1,71.5,6.78,633.7,mungbean
25.2,25.1,32.9,32.1,70.8,6.57,591.1,mungbean
13.8,41.7,51.6,31.0,71.1,6.61,643.7,mungbean
32.4,54.1,49.1,31.3,69.9,6.68,680.2,mungbean
28.3,34.6,63.4,31.6,70.0,6.58,583.8,mungbean
35.9,38.2,47.9,32.9,68.2,6.6,680.2,mungbean
10.5,48.4,47.8,30.0,69.6,6.78,572.0,mungbean
10.0,40.9,52.4,32.8,71.7,6.6,618.4,mungbean
32.9,37.3,37.0,30.7,71.3,6.88,662.7,mungbean
19.2,48.6,37.7,31.1,71.0,6.58,652.7,mungbean
41.3,44.7,54.3,31.7,69.8,6.6,682.0,mungbean
25.5,27.7,10.0,31.2,71.5,6.74,665.4,mungbean
18.9,38.0,63.7,33.6,73.1,6.77,651.1,mungbean
37.9,47.3,63.5,33.2,68.1,6.51,696.8,mungbean
17.3,25.0,50.0,31.4,70.4,6.76,602.8,mungbean
41.8,47.0,36.7,30.5,72.1,6.8,750.6,mungbean
18.2,53.8,39.0,33.4,69.5,6.57,677.1,mungbean
20.5,23.6,28.6,33.6,71.0,6.62,682.4,mungbean
38.3,26.8,31.8,30.8,72.5,6.63,640.3,mungbean
32.7,42.3,18.3,31.8,70.0,6.68,699.8,mungbean
10.9,22.2,67.4,33.3,70.3,6.73,667.8,mungbean
18.6,35.3,37.4,31.1,69.6,6.73,646.8,mungbean
34.7,47.8,19.4,32.0,70.0,6.47,681.2,mungbean
13.2,64.6,39.9,31.4,71.4,6.78,634.9,mungbean
10.0,16.8,36.1,32.4,68.9,6.64,642.5,mungbean
28.4,40.6,60.0,30.7,68.9,6.99,635.6,mungbean
30.8,42.2,27.3,34.0,70.5,6.65,585.7,mungbean
33.4,33.6,35.6,32.7,70.4,6.81,646.7,mungbean
15.1,41.1,54.3,31.1,69.8,6.76,593.9,mungbean
20.8,25.0,35.9,32.8,66.8,6.68,563.7,mungbean
10.0,38.0,82.9,30.7,69.0,6.7,608.1,mungbean
27.9,25.8,27.9,32.5,71.3,6.88,628.5,mungbean
25.4,31.7,50.3,30.5,71.3,6.96,570.0,mungbean
26.3,28.0,44.5,32.9,70.3,6.48,615.2,mungbean
29.8,38.0,13.6,30.9,72.7,6.71,650.7,mungbean
28.2,50.8,22.7,30.8,70.7,6.75,622.8,mungbean
14.1,40.6,29.1,33.9,68.3,6.75,566.0,mungbean
45.2,39.0,19.1,32.1,69.3,6.7,648.1,mungbean
33.9,30.6,20.0,29.4,70.3,6.88,616.1,mungbean
15.6,37.8,44.3,31.3,69.5,6.78,644.4,mungbean
24.7,26.8,26.9,29.7,71.2,6.8,666.0,mungbean
18.7,36.0,49.8,31.3,68.8,6.74,657.6,mungbean
43.7,27.3,51.7,28.6,69.7,6.57,647.8,mungbean
17.8,13.2,38.6,32.3,68.6,6.79,668.8,mungbean
24.7,51.3,50.5,31.7,69.1,6.93,687.5,mungbean
24.2,39.0,30.3,32.1,69.7,6.77,709.5,mungbean
18.9,32.5,28.7,31.4,70.8,6.75,718.0,mungbean
37.1,42.8,64.0,33.0,68.1,6.82,693.0,mungbean
43.9,32.3,25.7,30.3,71.7,6.78,661.2,mungbean
22.5,25.9,30.8,30.7,72.7,6.62,636.4,mungbean
27.2,53.7,33.4,31.7,69.8,6.59,539.0,mungbean
35.4,42.6,63.7,31.7,71.2,6.67,625.4,mungbean
40.8,68.2,38.6,32.1,71.2,6.92,654.1,mungbean
10.0,44.8,60.7,31.8,68.9,6.77,634.8,mungbean
21.2,46.7,33.4,32.5,67.7,6.91,688.3,mungbean
26.7,26.4,56.0,31.3,71.5,6.67,689.8,mungbean
23.8,44.5,56.0,29.0,67.1,6.66,579.1,mungbean
21.2,35.9,39.4,31.1,68.2,6.77,673.6,mungbean
27.0,36.9,29.3,30.6,71.6,6.85,640.5,mungbean
11.9,27.7,10.0,30.3,70.0,6.46,708.6,mungbean
34.9,44.4,79.4,30.6,70.3,6.7,537.2,mungbean
25.3,52.0,56.1,31.1,71.4,6.73,620.8,mungbean
17.0,46.1,54.8,29.4,70.6,6.37,642.7,mungbean
18.9,22.6,32.8,31.1,70.1,6.68,595.4,mungbean
44.0,38.2,53.5,29.7,69.9,6.62,612.6,mungbean
18.5,39.7,30.1,31.6,69.2,6.68,590.2,mungbean
26.5,26.9,56.6,31.6,71.0,6.74,698.1,mungbean
42.2,35.8,64.5,29.4,68.9,6.78,632.9,mungbean
36.7,36.1,49.2,30.9,69.2,6.85,619.2,mungbean
32.8,45.6,10.0,30.9,69.4,6.82,704.2,mungbean
24.4,30.6,38.5,32.4,70.3,6.81,710.3,mungbean
32.9,55.7,23.5,33.3,69.1,6.81,669.4,mungbean
10.0,50.4,32.6,30.7,69.7,6.37,722.4,mungbean
27.2,35.2,15.4,30.7,70.3,6.83,732.5,mungbean
17.5,41.4,32.4,31.0,68.6,6.79,632.0,mungbean
26.2,34.7,40.8,30.5,69.2,6.67,577.1,mungbean
15.1,41.1,63.0,31.8,71.4,6.83,688.3,mungbean
44.7,50.0,46.1,30.9,70.4,6.52,716.3,mungbean
21.4,27.0,28.4,32.0,69.4,6.79,664.7,mungbean
10.4,21.1,69.4,29.5,68.6,6.62,638.0,mungbean
25.3,36.4,45.8,31.6,69.2,6.74,634.0,mungbean
22.6,22.0,34.7,32.2,70.0,6.75,540.2,mungbean
22.5,44.3,38.3,31.4,71.1,6.82,661.3,mungbean
37.2,46.9,34.2,32.6,70.8,6.68,688.5,mungbean
24.1,27.5,48.7,31.6,70.6,6.74,616.0,mungbean
14.6,46.4,27.0,31.8,70.8,6.67,584.5,mungbean
39.6,53.6,35.3,29.6,69.0,6.73,658.6,mungbean
36.0,62.9,27.9,31.4,68.8,6.83,555.5,mungbean
31.0,33.9,39.9,31.4,70.0,6.85,591.0,mungbean
25.3,61.1,61.3,29.9,70.5,6.87,608.5,mungbean
22.2,16.6,26.9,32.6,69.9,6.56,653.7,mungbean
44.6,43.2,49.8,31.9,72.1,6.52,652.5,mungbean
20.0,33.5,53.6,33.3,66.5,6.96,683.1,mungbean
28.9,30.0,25.9,30.4,67.4,6.69,672.3,mungbean
16.1,17.8,15.2,32.6,69.1,6.77,649.2,mungbean
10.0,46.4,28.8,31.4,69.6,6.74,634.6,mungbean
34.4,46.8,37.1,31.6,71.8,6.58,686.8,mungbean
22.6,61.2,62.8,32.1,68.6,6.84,624.9,mungbean
28.6,28.2,34.2,30.0,69.8,6.76,732.5,mungbean
13.0,51.4,63.1,32.9,68.4,6.82,664.9,mungbean
13.0,24.2,30.7,30.3,71.2,6.92,706.2,mungbean
41.4,33.1,47.1,30.2,70.1,6.71,784.5,mungbean
29.8,38.2,41.0,29.7,72.2,6.86,634.3,mungbean
13.3,15.9,50.5,32.0,72.1,6.51,555.5,mungbean
17.3,38.2,37.5,33.8,69.3,6.63,585.3,mungbean
39.2,33.6,53.4,32.5,68.2,6.86,649.0,mungbean
24.4,54.2,76.9,32.9,69.4,6.89,647.3,mungbean
29.7,15.8,40.1,32.5,68.9,6.59,578.2,mungbean
16.2,49.3,36.8,30.7,69.9,6.52,538.1,mungbean
21.3,36.9,24.5,32.8,71.4,6.86,691.7,mungbean
34.3,35.8,41.8,31.9,68.6,6.71,654.2,mungbean
10.0,32.4,33.0,31.9,70.7,6.65,677.6,mungbean
33.0,31.5,24.4,33.1,71.8,6.77,592.5,mungbean
11.2,41.6,60.2,33.4,68.8,6.53,601.7,mungbean
27.1,45.1,20.2,31.7,71.1,6.4,676.4,mungbean
35.2,47.3,46.4,32.3,69.8,6.94,624.7,mungbean
16.8,32.4,71.7,30.5,70.1,6.57,622.3,mungbean
23.9,60.7,63.2,32.9,68.6,6.71,653.8,mungbean
37.3,43.6,80.9,30.4,69.3,6.58,685.1,mungbean
13.5,35.0,22.4,31.2,69.1,6.71,603.3,mungbean
22.6,33.1,17.0,30.7,70.6,6.66,615.4,mungbean
15.5,45.0,30.1,30.6,68.3,6.65,725.1,mungbean
38.4,35.7,48.7,31.7,69.9,6.61,705.1,mungbean
21.3,52.9,50.6,30.9,70.9,6.91,682.7,mungbean
19.7,41.1,29.6,31.3,68.0,6.67,600.6,mungbean
24.8,50.9,36.1,32.3,70.2,6.51,637.7,mungbean
10.0,39.2,19.0,29.5,71.2,6.52,630.2,mungbean
10.0,11.5,42.8,29.5,71.9,6.63,644.7,mungbean
13.6,53.2,41.2,31.7,71.2,6.8,642.2,mungbean
38.7,34.7,40.7,31.0,68.9,6.56,589.4,mungbean
21.9,36.0,19.2,29.0,69.1,6.95,589.0,mungbean
10.0,42.1,51.2,30.7,71.4,6.41,617.9,mungbean
12.0,42.8,47.7,30.4,69.8,6.56,707.0,mungbean
23.2,35.3,73.7,28.6,68.0,6.7,618.0,mungbean
37.2,23.9,43.6,33.2,68.8,6.59,667.6,mungbean
28.3,43.0,44.3,33.8,71.5,6.78,564.8,mungbean
16.7,35.1,36.0,32.0,70.5,6.64,620.1,mungbean
16.6,59.9,20.8,33.5,70.2,6.53,705.9,mungbean
26.8,27.0,45.6,32.3,70.8,6.72,618.4,mungbean
14.8,36.0,46.8,31.5,69.0,6.64,640.2,mungbean
21.2,39.0,45.7,29.8,69.3,6.86,648.6,mungbean
23.9,7.1,28.8,33.5,73.0,6.84,668.9,mungbean
10.0,41.0,37.0,32.3,67.6,6.73,586.8,mungbean
37.9,30.9,71.2,29.7,69.2,6.82,744.6,mungbean
23.2,47.8,45.1,30.5,70.4,6.52,644.4,mungbean
15.9,36.4,43.3,33.0,69.7,6.63,590.6,mungbean
36.1,45.7,22.8,30.7,70.4,6.85,613.6,mungbean
18.6,44.9,24.6,30.4,69.4,6.73,619.3,mungbean
12.7,48.5,27.5,32.8,70.6,6.71,643.5,mungbean
18.6,43.7,44.5,30.9,69.0,6.6,558.6,mungbean
24.5,57.8,43.6,34.1,72.3,6.55,694.6,mungbean
15.2,32.3,27.0,31.7,68.2,6.87,681.3,mungbean
12.5,32.0,51.4,31.6,69.4,6.54,668.9,mungbean
27.6,33.2,48.1,29.0,69.1,6.75,730.1,mungbean
33.1,29.7,82.8,29.0,67.5,6.72,651.7,mungbean
37.4,65.8,26.7,32.6,69.8,6.65,691.5,mungbean
12.9,22.5,53.0,30.9,71.8,6.58,671.6,mungbean
16.8,22.3,51.0,32.5,72.2,6.51,574.3,mungbean
24.2,41.8,47.9,33.1,69.9,6.71,698.9,mungbean
32.7,61.4,32.5,31.2,70.9,6.48,617.1,mungbean
24.4,33.6,45.2,31.3,70.0,6.71,644.5,mungbean
26.1,20.9,55.0,32.5,68.8,6.85,627.4,mungbean
32.6,58.0,54.0,30.2,69.7,6.63,632.0,mungbean
36.5,32.9,66.4,32.2,72.9,6.76,630.2,mungbean
19.0,39.1,40.5,29.1,71.0,6.51,554.4,mungbean
18.7,36.6,43.2,33.7,68.3,6.72,652.4,mungbean
28.9,46.4,11.2,32.5,70.2,6.84,676.4,mungbean
16.7,30.3,66.3,33.4,69.1,6.75,610.5,mungbean
10.0,51.9,43.6,33.4,69.4,6.63,640.3,mungbean
14.0,62.3,62.0,30.8,67.6,6.89,767.2,mungbean
34.4,53.0,49.1,30.1,70.6,6.63,680.0,mungbean
24.8,45.0,34.8,30.8,69.1,6.67,735.1,mungbean
34.1,71.3,42.9,31.2,67.4,6.8,574.1,mungbean
16.3,50.1,48.7,30.3,69.1,6.75,583.6,mungbean
14.3,34.1,23.1,32.0,71.5,7.0,573.3,mungbean
39.3,23.6,42.8,31.8,69.9,6.85,676.7,mungbean
10.0,57.8,35.8,32.0,69.6,6.74,664.9,mungbean
26.4,24.0,35.5,30.8,72.2,6.95,567.4,mungbean
25.0,20.9,33.1,31.3,70.4,6.79,612.0,mungbean
30.2,59.5,39.6,31.1,71.8,6.68,631.3,mungbean
26.0,55.7,59.2,31.5,72.0,7.05,656.1,mungbean
10.0,32.8,58.1,33.0,70.1,6.9,689.7,mungbean
12.3,50.5,25.9,30.2,68.5,6.83,751.4,mungbean
34.2,40.9,41.3,32.4,70.6,6.78,652.3,mungbean
22.4,51.6,51.0,31.3,71.5,6.73,634.2,mungbean
10.0,37.7,31.2,33.0,68.5,6.72,612.1,mungbean
23.9,51.6,42.3,30.7,70.4,6.72,554.2,mungbean
21.3,26.5,39.1,31.7,70.3,6.67,686.2,mungbean
29.2,33.7,60.2,32.8,69.4,6.8,670.6,mungbean
13.2,29.0,73.0,30.0,69.0,6.83,648.9,mungbean
31.9,39.8,30.2,31.6,70.0,6.66,687.1,mungbean
27.9,49.3,27.5,32.5,70.9,6.8,705.6,mungbean
28.0,29.8,38.4,32.0,69.2,6.93,654.7,mungbean
29.7,38.9,39.8,31.8,70.8,6.74,707.2,mungbean
17.9,35.6,46.2,33.0,72.3,6.56,758.2,mungbean
29.5,51.7,56.8,30.0,70.6,6.59,622.8,mungbean
43.4,21.6,53.8,32.0,68.6,6.78,693.5,mungbean
39.2,18.9,13.8,32.0,68.6,6.59,718.4,mungbean
28.1,38.2,70.2,32.6,70.5,6.46,533.6,mungbean
15.7,57.3,39.1,30.1,70.4,6.51,633.0,mungbean
40.1,43.7,54.9,30.5,69.5,6.66,664.6,mungbean
15.8,37.3,41.9,31.9,70.1,6.86,617.9,mungbean
19.9,22.9,38.3,30.0,70.5,6.51,688.4,mungbean
23.6,47.0,47.2,31.2,69.3,6.59,624.9,mungbean
20.2,48.7,56.5,31.0,70.2,6.69,559.8,mungbean
20.7,40.8,65.8,33.3,69.8,6.97,741.2,mungbean
23.0,56.5,38.7,30.4,71.5,6.65,677.6,mungbean
17.1,58.9,30.8,31.1,69.3,6.65,594.8,mungbean
19.6,47.5,40.6,33.6,71.4,6.66,745.1,mungbean
24.5,41.6,53.6,31.7,68.4,6.69,713.8,mungbean
26.1,57.1,44.3,34.3,70.8,6.58,640.0,mungbean
35.9,26.7,41.8,33.6,70.3,6.53,619.7,mungbean
14.1,45.6,52.7,33.8,69.0,6.43,679.4,mungbean
36.7,50.6,44.5,31.4,69.6,6.67,589.4,mungbean
28.8,39.6,69.0,32.7,71.4,6.76,668.9,mungbean
23.7,42.8,62.8,32.0,68.4,6.86,631.7,mungbean
21.2,45.8,27.2,32.1,70.6,6.72,676.0,mungbean
30.8,48.3,10.0,31.1,68.9,6.78,558.0,mungbean
31.6,27.9,54.8,31.6,70.9,6.69,703.1,mungbean
13.2,37.4,44.2,31.2,69.9,6.62,608.1,mungbean
40.8,42.9,50.4,32.4,73.0,6.73,673.2,mungbean
10.0,36.7,25.3,31.5,70.7,6.83,669.7,mungbean
26.8,48.6,48.5,29.1,69.7,6.63,678.0,mungbean
15.6,39.0,17.5,30.8,71.1,6.46,656.4,mungbean
15.2,35.0,19.6,30.3,70.3,6.7,714.9,mungbean
14.7,38.7,46.1,31.2,71.6,6.59,561.1,mungbean
25.2,45.1,46.7,31.6,69.0,6.72,685.1,mungbean
19.8,35.8,50.0,32.5,69.8,6.56,747.9,mungbean
25.0,25.0,38.7,32.3,70.2,6.66,662.9,mungbean
42.8,43.0,37.4,31.7,68.1,6.74,700.1,mungbean
32.0,14.3,34.1,32.3,68.6,6.69,651.7,mungbean
19.9,30.7,28.5,30.0,70.7,6.67,647.2,mungbean
34.9,27.1,36.2,32.2,72.1,6.76,677.6,mungbean
24.4,47.3,57.7,30.1,69.3,6.74,636.7,mungbean
16.9,40.4,25.2,31.8,70.2,6.93,646.4,mungbean
10.0,49.7,59.7,31.1,70.5,6.71,678.7,mungbean
33.4,56.3,32.3,29.7,68.5,6.82,680.1,mungbean
17.2,22.6,34.5,30.8,69.8,6.64,744.4,mungbean
12.7,23.4,38.0,32.5,69.9,6.7,578.2,mungbean
40.7,48.3,63.1,32.7,69.4,6.7,598.4,mungbean
33.9,44.5,10.0,32.5,68.0,6.38,700.8,mungbean
33.4,25.4,14.7,30.6,71.0,6.71,627.2,mungbean
26.7,15.3,38.5,29.2,69.8,6.71,674.5,mungbean
29.3,40.4,21.1,32.7,69.1,6.62,704.4,mungbean
24.7,34.8,54.0,31.0,68.7,6.94,685.4,mungbean
32.1,42.3,52.4,31.9,68.0,6.72,684.5,mungbean
38.5,52.2,32.8,33.3,70.1,6.91,688.1,mungbean
26.5,44.1,58.2,30.5,70.5,6.64,636.9,mungbean
18.5,27.0,59.0,33.5,69.0,6.8,651.7,mungbean
44.1,24.2,48.7,30.8,68.5,6.8,711.7,mungbean
30.4,29.4,42.1,31.0,73.8,6.56,603.6,mungbean
28.5,45.7,54.2,31.6,69.9,6.7,680.5,mungbean
13.3,25.5,25.3,31.0,69.0,6.76,584.9,mungbean
30.6,31.2,50.8,30.7,70.1,6.68,605.5,mungbean
28.8,49.1,13.6,30.4,68.2,6.7,751.1,mungbean
20.4,48.2,14.7,30.1,69.3,6.77,642.9,mungbean
13.2,37.6,34.9,32.9,71.6,6.77,729.4,mungbean
11.7,45.0,48.1,31.5,70.3,6.59,626.0,mungbean
31.4,19.5,36.6,30.2,71.5,6.7,660.7,mungbean
13.7,31.6,52.4,31.2,70.2,6.81,679.4,mungbean
10.0,42.1,21.5,32.3,69.7,6.64,619.3,mungbean
10.0,66.1,39.4,31.3,69.6,6.94,615.8,mungbean
19.6,32.5,10.0,32.2,71.5,6.69,574.5,mungbean
28.4,56.3,15.6,30.3,68.7,6.82,602.5,mungbean
28.2,30.8,10.0,30.5,69.2,6.62,664.9,mungbean
30.5,34.6,10.0,30.7,70.0,6.67,711.2,mungbean
18.7,53.4,54.4,29.7,70.0,6.84,614.2,mungbean
23.2,47.8,61.4,30.8,70.6,6.76,662.6,mungbean
18.0,20.7,14.4,34.1,70.1,6.65,666.1,mungbean
34.6,35.0,10.0,32.3,69.2,6.71,620.7,mungbean
24.4,28.3,38.5,30.0,71.8,6.96,746.9,mungbean
31.6,56.8,15.8,30.8,69.7,7.11,732.3,mungbean
11.7,44.4,24.6,33.9,69.7,6.58,649.0,mungbean
31.8,35.7,29.6,33.0,69.8,6.57,634.3,mungbean
75.6,42.7,41.4,25.2,67.7,6.68,865.6,pigeonpeas
61.5,62.5,27.3,26.0,68.9,6.8,846.7,pigeonpeas
55.3,50.1,24.1,26.7,67.8,6.56,742.7,pigeonpeas
75.8,50.8,27.1,29.6,67.8,6.83,724.4,pigeonpeas
59.3,40.3,38.8,28.2,68.6,6.94,747.0,pigeonpeas
62.0,47.2,43.3,26.2,69.3,6.7,755.6,pigeonpeas
39.7,22.6,29.2,25.8,68.6,6.82,795.9,pigeonpeas
54.4,59.9,74.1,26.7,64.2,6.5,754.7,pigeonpeas
64.2,38.4,33.1,29.1,67.6,6.77,788.7,pigeonpeas
66.5,20.3,68.1,31.8,69.2,6.42,717.7,pigeonpeas
61.5,36.5,54.9,25.6,69.3,6.55,809.8,pigeonpeas
58.7,55.1,19.2,30.1,65.0,6.66,823.4,pigeonpeas
32.3,34.5,48.3,26.8,67.1,6.75,886.7,pigeonpeas
65.5,50.7,49.0,25.5,65.7,6.99,683.2,pigeonpeas
67.2,54.6,27.6,33.7,67.4,6.7,867.9,pigeonpeas
68.6,55.7,45.5,28.6,68.1,6.69,812.7,pigeonpeas
41.1,33.0,28.5,23.0,70.7,6.53,737.4,pigeonpeas
52.0,36.1,58.7,27.5,68.3,6.66,830.8,pigeonpeas
72.3,32.8,43.6,26.4,67.3,6.65,824.5,pigeonpeas
61.8,39.7,32.4,29.1,68.1,6.76,829.0,pigeonpeas
68.8,26.3,45.4,26.0,67.8,6.8,799.1,pigeonpeas
63.2,42.8,14.6,28.3,68.3,6.61,821.9,pigeonpeas
76.2,32.8,33.8,31.0,67.9,6.35,740.9,pigeonpeas
73.2,50.2,22.1,25.0,67.7,7.04,767.0,pigeonpeas
60.3,35.5,44.7,28.1,65.4,6.63,771.5,pigeonpeas
55.2,22.7,16.9,24.4,67.9,6.66,959.0,pigeonpeas
61.9,27.3,53.5,27.0,65.1,6.58,814.2,pigeonpeas
47.4,57.5,65.0,28.3,67.8,6.59,770.5,pigeonpeas
89.2,32.9,21.4,26.4,66.7,6.96,800.8,pigeonpeas
29.1,25.7,67.3,29.8,69.9,6.79,847.1,pigeonpeas
61.0,25.2,26.0,27.4,63.9,6.84,741.9,pigeonpeas
84.5,39.8,27.7,25.5,70.7,6.68,830.1,pigeonpeas
96.4,43.3,47.7,31.0,70.0,6.82,831.8,pigeonpeas
81.7,40.8,50.4,25.7,67.2,6.88,863.7,pigeonpeas
57.9,51.3,12.5,31.0,67.8,6.45,734.1,pigeonpeas
77.5,51.4,31.9,25.4,69.1,6.84,716.0,pigeonpeas
74.6,48.8,32.6,27.1,70.2,6.85,774.9,pigeonpeas
42.2,46.8,32.2,25.2,70.3,6.81,833.2,pigeonpeas
80.7,44.9,27.2,23.1,66.0,6.99,907.5,pigeonpeas
54.2,42.9,14.8,30.4,67.4,6.7,746.2,pigeonpeas
57.0,47.4,39.0,25.8,68.5,6.88,739.8,pigeonpeas
74.0,22.8,20.4,26.8,67.9,6.55,821.6,pigeonpeas
46.3,38.7,21.4,24.9,70.4,6.99,798.6,pigeonpeas
72.2,31.8,27.1,25.8,67.1,6.97,928.6,pigeonpeas
73.2,32.0,40.4,27.4,69.2,6.7,790.8,pigeonpeas
80.5,38.3,46.9,25.0,65.8,6.84,686.5,pigeonpeas
81.2,50.1,35.3,26.7,69.6,6.99,768.6,pigeonpeas
60.6,20.8,56.1,26.0,71.1,6.47,689.2,pigeonpeas
65.3,55.2,45.3,28.5,67.9,6.88,887.9,pigeonpeas
78.7,43.0,44.1,30.0,66.0,6.61,934.6,pigeonpeas
43.6,46.5,47.0,29.1,64.5,6.8,816.0,pigeonpeas
33.2,34.3,65.8,28.3,71.4,7.17,791.9,pigeonpeas
49.4,40.2,47.5,30.0,69.8,6.6,782.2,pigeonpeas
54.1,40.0,45.0,28.6,67.8,6.72,818.2,pigeonpeas
54.8,33.6,42.6,25.5,67.7,6.78,709.0,pigeonpeas
40.8,38.0,50.6,27.4,71.2,6.41,795.6,pigeonpeas
34.3,45.1,37.7,25.8,67.2,6.72,720.9,pigeonpeas
58.4,34.4,44.2,28.8,63.3,6.74,829.9,pigeonpeas
61.4,33.3,35.4,26.7,67.0,6.6,753.0,pigeonpeas
60.0,60.1,48.5,23.8,68.2,6.99,724.4,pigeonpeas
63.0,11.2,35.8,26.9,66.0,6.82,901.8,pigeonpeas
26.4,49.4,34.0,31.8,66.5,6.85,767.7,pigeonpeas
65.6,41.9,43.5,24.9,68.3,7.03,860.2,pigeonpeas
73.0,31.9,27.4,27.1,68.8,6.73,736.1,pigeonpeas
77.1,18.6,31.6,27.8,67.9,6.73,803.5,pigeonpeas
18.3,49.6,42.6,27.7,67.0,6.57,806.1,pigeonpeas
37.3,35.5,53.2,29.8,65.6,6.71,665.7,pigeonpeas
47.9,56.3,45.2,25.4,66.0,6.9,882.4,pigeonpeas
68.8,28.3,59.2,28.6,66.2,6.83,734.9,pigeonpeas
83.0,57.7,35.4,27.9,68.1,6.5,834.7,pigeonpeas
57.5,63.1,52.7,32.4,67.9,6.71,810.9,pigeonpeas
44.7,42.6,62.4,27.9,66.6,6.71,768.4,pigeonpeas
72.8,39.3,71.1,30.6,67.7,6.34,672.0,pigeonpeas
64.3,34.9,37.0,28.6,64.9,6.76,737.1,pigeonpeas
42.4,60.5,26.9,25.6,66.7,6.65,812.9,pigeonpeas
52.5,37.6,24.8,29.3,68.1,6.74,783.8,pigeonpeas
67.5,46.1,21.8,31.8,68.7,6.88,780.4,pigeonpeas
99.6,62.5,61.2,23.3,65.6,6.84,677.1,pigeonpeas
85.6,33.4,66.7,24.8,67.7,6.49,869.3,pigeonpeas
78.4,41.4,55.4,29.1,64.9,6.81,765.1,pigeonpeas
53.2,33.6,17.8,27.5,67.0,6.84,768.5,pigeonpeas
60.9,44.4,49.3,27.9,65.0,6.67,769.8,pigeonpeas
50.9,31.6,32.9,27.9,68.2,6.6,744.8,pigeonpeas
43.4,40.3,37.9,29.7,68.7,6.97,833.2,pigeonpeas
52.0,42.3,46.3,28.3,64.6,6.98,820.6,pigeonpeas
59.3,37.2,50.1,27.4,67.8,6.74,724.4,pigeonpeas
36.9,41.6,47.0,31.5,68.9,6.88,918.1,pigeonpeas
44.5,43.0,46.2,22.3,67.3,6.59,927.4,pigeonpeas
53.4,31.0,69.4,30.8,67.4,6.72,741.7,pigeonpeas
49.5,28.8,35.9,29.7,68.3,6.93,806.6,pigeonpeas
64.1,38.6,58.2,29.9,67.1,6.54,948.5,pigeonpeas
41.1,36.3,29.0,27.8,66.7,6.79,833.4,pigeonpeas
65.8,51.5,36.6,28.1,65.2,6.84,783.4,pigeonpeas
52.4,37.9,44.7,26.2,68.2,6.83,747.2,pigeonpeas
55.0,58.0,44.0,27.4,70.1,6.51,803.7,pigeonpeas
72.2,31.9,41.8,25.4,68.1,6.93,820.4,pigeonpeas
62.4,42.4,33.5,28.9,67.6,6.44,747.7,pigeonpeas
60.9,30.6,59.1,29.7,65.7,6.96,868.6,pigeonpeas
66.6,52.5,46.0,27.8,66.2,6.77,731.9,pigeonpeas
63.8,49.1,46.6,24.5,71.7,7.11,762.0,pigeonpeas
66.4,35.4,51.6,30.9,67.9,7.0,845.9,pigeonpeas
59.6,45.1,57.8,29.3,69.9,6.87,770.4,pigeonpeas
50.8,33.7,67.8,27.8,65.9,6.33,781.3,pigeonpeas
98.7,18.1,35.9,23.5,64.7,6.66,784.3,pigeonpeas
73.6,56.2,54.9,23.3,69.3,6.44,821.8,pigeonpeas
52.1,49.9,36.9,28.3,70.7,6.7,708.3,pigeonpeas
63.2,53.7,32.9,25.5,67.2,7.01,776.0,pigeonpeas
75.5,29.6,45.5,25.2,67.0,6.73,869.1,pigeonpeas
33.6,33.3,41.9,27.2,68.8,7.13,825.4,pigeonpeas
64.7,50.5,38.3,27.1,64.0,6.63,763.2,pigeonpeas
68.1,33.2,32.3,28.4,68.2,6.52,800.2,pigeonpeas
63.9,33.3,33.2,27.3,66.3,6.96,787.5,pigeonpeas
59.5,38.2,60.6,27.6,65.9,6.76,774.3,pigeonpeas
79.9,37.3,29.2,27.4,68.3,6.52,738.8,pigeonpeas
66.4,55.5,18.5,26.7,63.4,6.73,825.7,pigeonpeas
59.5,42.9,51.6,22.5,68.2,6.63,783.7,pigeonpeas
79.2,30.8,35.3,29.6,66.2,6.47,729.9,pigeonpeas
37.9,19.0,29.4,26.1,65.7,7.03,867.5,pigeonpeas
60.3,61.4,31.2,32.6,68.2,6.74,673.0,pigeonpeas
64.7,35.6,34.7,28.6,66.5,6.63,800.8,pigeonpeas
67.7,49.6,48.8,25.0,68.4,6.65,757.4,pigeonpeas
28.2,24.5,37.3,30.4,69.2,6.7,865.8,pigeonpeas
60.5,42.2,48.9,28.6,66.3,6.88,865.4,pigeonpeas
33.5,57.1,31.9,29.8,66.8,7.09,755.1,pigeonpeas
88.6,25.4,20.2,28.3,71.0,6.73,867.5,pigeonpeas
67.6,42.1,36.6,27.6,66.3,6.63,701.2,pigeonpeas
81.9,43.2,48.1,29.2,70.8,6.76,784.2,pigeonpeas
66.4,20.5,30.3,19.7,67.9,6.65,762.6,pigeonpeas
81.2,50.1,44.9,23.8,69.0,7.03,797.5,pigeonpeas
62.6,55.6,21.9,24.0,68.9,6.8,930.9,pigeonpeas
62.4,29.9,40.6,26.5,65.3,7.1,650.5,pigeonpeas
76.9,61.8,19.2,30.0,69.1,6.52,811.0,pigeonpeas
41.0,36.6,42.0,29.2,68.3,6.78,859.7,pigeonpeas
32.3,48.7,35.7,33.8,69.8,6.86,720.6,pigeonpeas
63.5,43.5,30.1,30.6,69.4,6.55,795.7,pigeonpeas
60.6,53.3,48.0,26.9,69.4,6.71,775.8,pigeonpeas
86.0,12.3,34.2,27.9,67.4,6.85,737.2,pigeonpeas
70.6,47.6,36.6,26.1,64.3,6.92,748.6,pigeonpeas
70.3,27.2,63.0,26.2,68.3,6.59,735.7,pigeonpeas
66.2,64.5,56.3,27.2,66.5,6.97,770.9,pigeonpeas
80.2,36.1,27.3,25.4,67.8,6.79,794.3,pigeonpeas
90.2,57.0,27.4,29.1,66.4,6.41,834.1,pigeonpeas
53.8,38.6,26.1,27.1,68.6,6.7,798.1,pigeonpeas
50.4,41.7,10.0,29.9,65.6,6.81,841.2,pigeonpeas
78.9,60.5,51.5,26.9,65.5,6.68,887.1,pigeonpeas
63.6,27.6,14.4,31.4,64.3,6.86,878.1,pigeonpeas
85.7,32.3,34.7,29.6,67.8,6.87,792.2,pigeonpeas
69.8,46.9,38.4,26.7,71.0,6.93,755.9,pigeonpeas
75.4,38.6,72.4,21.7,66.9,6.91,943.7,pigeonpeas
60.1,48.2,37.7,30.3,69.3,6.98,754.5,pigeonpeas
29.1,59.2,59.9,26.4,67.8,6.71,811.5,pigeonpeas
45.0,41.7,46.2,25.5,65.7,6.46,782.3,pigeonpeas
67.8,28.8,70.8,25.2,68.1,6.63,783.0,pigeonpeas
66.2,25.4,43.5,26.0,65.5,6.37,780.0,pigeonpeas
62.0,70.1,37.1,26.1,67.4,6.46,881.9,pigeonpeas
62.9,27.9,52.6,26.3,66.4,6.76,841.7,pigeonpeas
59.8,58.0,64.6,30.3,68.9,6.91,749.1,pigeonpeas
68.1,51.4,45.2,26.1,68.5,6.92,831.3,pigeonpeas
56.1,34.2,40.1,33.4,65.8,6.92,802.7,pigeonpeas
72.5,40.8,46.3,28.5,69.0,6.67,758.6,pigeonpeas
49.6,62.2,47.6,24.7,68.5,7.13,695.6,pigeonpeas
68.2,40.2,46.4,26.4,68.4,7.04,781.0,pigeonpeas
59.9,42.7,37.5,25.1,68.2,6.8,759.3,pigeonpeas
67.0,29.5,55.8,24.8,68.7,7.07,741.4,pigeonpeas
72.4,25.0,53.0,27.7,67.7,6.96,850.3,pigeonpeas
51.6,45.5,18.2,27.9,68.8,6.84,793.9,pigeonpeas
106.7,53.1,37.5,29.8,68.5,6.67,829.3,pigeonpeas
64.7,52.6,33.0,29.0,68.3,6.13,837.9,pigeonpeas
63.5,33.5,56.4,23.7,67.8,7.08,766.4,pigeonpeas
47.8,52.2,68.1,26.8,66.1,6.87,710.5,pigeonpeas
54.2,15.3,45.9,31.1,65.3,6.34,769.0,pigeonpeas
51.7,36.0,37.9,31.4,66.6,6.99,824.4,pigeonpeas
39.8,41.8,47.0,25.4,69.6,6.76,797.8,pigeonpeas
65.2,43.0,16.5,26.6,69.7,6.7,791.5,pigeonpeas
36.5,22.5,38.8,24.6,68.7,7.07,792.3,pigeonpeas
72.2,66.9,30.9,29.0,68.2,6.91,738.2,pigeonpeas
35.6,57.9,16.2,21.6,69.4,6.96,753.5,pigeonpeas
53.6,42.1,20.4,26.6,66.8,6.85,835.3,pigeonpeas
40.3,37.8,21.7,31.5,66.9,6.84,790.4,pigeonpeas
55.5,48.8,35.8,25.6,68.4,6.65,795.6,pigeonpeas
77.4,34.7,50.1,25.7,67.5,6.73,828.5,pigeonpeas
49.0,21.7,31.0,21.9,67.6,6.72,780.0,pigeonpeas
64.7,32.9,50.2,26.2,69.4,6.54,813.1,pigeonpeas
52.5,50.7,67.1,30.0,68.5,6.33,844.4,pigeonpeas
82.7,46.3,37.0,29.7,67.7,6.67,838.8,pigeonpeas
41.9,25.7,57.9,28.2,68.3,6.89,817.8,pigeonpeas
62.2,33.0,65.2,25.6,68.3,6.75,785.3,pigeonpeas
67.6,42.3,45.7,29.3,72.1,6.63,802.8,pigeonpeas
47.1,34.9,47.5,28.2,68.2,6.84,984.4,pigeonpeas
34.9,55.7,35.3,26.8,67.2,6.63,844.1,pigeonpeas
66.5,54.4,53.9,26.9,66.4,7.06,857.3,pigeonpeas
36.8,24.6,36.3,29.5,65.5,6.93,768.5,pigeonpeas
54.4,42.1,10.0,26.8,67.2,6.73,718.0,pigeonpeas
55.4,46.1,52.6,29.7,67.2,6.76,918.2,pigeonpeas
59.9,36.4,49.8,24.7,65.8,7.01,768.1,pigeonpeas
66.0,34.4,74.3,26.6,64.5,6.99,757.3,pigeonpeas
54.7,39.5,46.5,29.0,71.1,6.72,751.5,pigeonpeas
43.5,41.4,10.1,26.5,67.0,6.68,920.5,pigeonpeas
58.7,31.5,10.0,24.9,67.8,6.8,823.5,pigeonpeas
66.5,46.7,30.8,27.6,65.2,6.82,675.4,pigeonpeas
44.8,32.9,45.5,26.8,67.7,6.75,807.9,pigeonpeas
80.7,34.6,69.0,29.1,67.9,7.13,815.6,pigeonpeas
69.4,34.9,52.4,29.7,68.8,6.62,912.0,pigeonpeas
74.4,35.1,31.8,23.8,68.2,6.96,825.1,pigeonpeas
31.3,22.3,18.9,25.9,67.1,6.93,782.9,pigeonpeas
74.1,53.5,51.4,27.2,68.2,6.57,839.1,pigeonpeas
62.1,44.6,37.2,26.3,69.4,6.74,799.3,pigeonpeas
59.5,29.1,39.5,26.3,68.8,6.52,828.1,pigeonpeas
34.7,33.4,42.3,30.8,67.2,7.14,836.1,pigeonpeas
50.8,67.3,10.0,25.0,69.4,7.05,704.4,pigeonpeas
58.5,24.7,41.9,27.8,67.5,6.76,724.7,pigeonpeas
49.5,44.3,47.7,27.5,64.8,7.01,814.7,pigeonpeas
77.2,60.2,40.4,28.8,63.8,7.07,726.9,pigeonpeas
64.3,39.6,55.2,29.6,68.2,6.75,736.1,pigeonpeas
68.1,55.6,65.9,25.1,67.6,6.9,772.7,pigeonpeas
38.2,27.6,49.4,29.3,65.4,6.46,816.6,pigeonpeas
83.5,55.6,54.2,24.0,67.5,6.53,891.4,pigeonpeas
51.0,18.7,37.8,27.8,64.2,6.63,840.7,pigeonpeas
41.1,46.7,54.3,28.2,67.1,6.65,740.5,pigeonpeas
72.2,44.2,22.8,29.5,65.7,6.68,799.5,pigeonpeas
47.4,51.4,43.7,27.8,66.9,6.75,797.9,pigeonpeas
50.2,52.6,42.2,30.1,67.6,7.08,708.3,pigeonpeas
45.7,50.2,57.1,30.2,70.0,6.86,767.0,pigeonpeas
65.2,16.4,49.1,30.7,67.9,7.17,714.1,pigeonpeas
77.7,38.9,36.7,29.9,66.4,6.5,892.5,pigeonpeas
49.2,31.7,14.9,25.3,66.3,6.45,818.5,pigeonpeas
69.0,21.4,54.2,26.9,67.0,6.84,726.4,pigeonpeas
59.3,34.0,50.6,31.7,70.5,6.83,833.4,pigeonpeas
31.8,36.1,53.3,24.2,70.5,6.84,841.6,pigeonpeas
60.3,13.9,58.2,26.5,64.8,6.38,845.5,pigeonpeas
47.4,31.8,44.2,25.6,69.9,6.76,823.3,pigeonpeas
29.4,43.3,48.3,25.3,67.6,6.68,789.2,pigeonpeas
51.5,18.5,42.8,25.2,66.6,6.42,821.4,pigeonpeas
33.6,43.6,47.0,29.3,70.1,6.98,988.5,pigeonpeas
54.9,46.4,44.8,26.2,68.3,6.4,701.1,pigeonpeas
19.9,26.5,51.8,28.2,66.1,6.65,786.1,pigeonpeas
57.4,55.6,53.3,27.3,66.8,7.13,880.4,pigeonpeas
57.7,45.5,64.5,28.8,69.9,6.71,890.3,pigeonpeas
39.0,47.6,31.9,28.9,68.2,6.62,905.5,pigeonpeas
52.8,27.0,25.8,29.4,66.7,6.57,813.4,pigeonpeas
63.5,42.4,57.6,21.1,67.8,7.13,649.8,pigeonpeas
51.1,38.4,32.2,27.9,64.9,6.75,809.9,pigeonpeas
55.8,38.7,42.2,26.2,67.8,6.57,786.1,pigeonpeas
102.1,41.9,24.9,30.4,69.5,6.89,870.0,pigeonpeas
83.8,69.1,18.6,32.0,70.7,6.72,810.8,pigeonpeas
62.9,30.8,58.6,25.4,69.3,6.78,851.6,pigeonpeas
58.3,39.2,16.4,30.6,64.9,6.79,845.6,pigeonpeas
51.9,41.7,26.0,26.1,67.8,6.74,811.4,pigeonpeas
48.9,42.6,52.5,28.6,66.0,6.92,835.8,pigeonpeas
65.8,34.6,34.0,27.4,67.5,6.89,764.9,pigeonpeas
54.9,24.0,73.8,27.4,68.2,6.71,858.7,pigeonpeas
64.6,38.5,35.9,26.7,70.0,6.67,756.3,pigeonpeas
70.1,45.8,37.3,28.8,65.7,6.71,826.1,pigeonpeas
61.1,47.4,44.6,25.2,68.9,7.24,885.6,pigeonpeas
64.4,39.7,10.0,23.9,64.0,6.6,819.0,pigeonpeas
78.1,20.9,12.5,28.0,68.8,6.73,723.4,pigeonpeas
64.1,43.9,51.4,30.3,72.3,6.81,886.3,pigeonpeas
51.6,49.3,66.9,27.6,66.8,6.67,673.4,pigeonpeas
58.9,20.5,33.7,27.3,66.9,6.54,726.9,pigeonpeas
45.1,39.2,56.6,29.4,68.4,6.85,799.9,pigeonpeas
57.9,43.1,39.6,28.1,67.0,6.58,824.0,pigeonpeas
46.2,33.7,55.1,27.1,68.7,6.71,792.5,pigeonpeas
60.9,52.3,28.8,28.0,68.2,6.6,726.5,pigeonpeas
76.9,32.3,44.4,24.8,67.3,6.78,829.2,pigeonpeas
57.3,51.6,12.2,28.0,68.7,6.84,712.4,pigeonpeas
65.5,28.8,49.2,26.3,66.3,6.57,843.9,pigeonpeas
59.3,35.1,59.0,29.8,67.2,6.64,786.5,pigeonpeas
46.6,26.3,34.0,30.8,69.1,6.84,791.7,pigeonpeas
72.8,59.6,32.6,25.3,68.4,6.62,819.1,pigeonpeas
70.7,48.7,33.9,28.5,67.5,7.05,833.5,pigeonpeas
70.0,48.0,44.3,29.8,68.8,6.45,781.4,pigeonpeas
74.4,26.8,30.9,21.8,69.7,6.53,860.8,pigeonpeas
56.6,45.2,41.8,27.0,68.6,6.74,865.4,pigeonpeas
31.5,42.0,21.9,30.0,71.0,6.92,742.3,pigeonpeas
52.4,52.5,33.9,27.2,64.9,6.74,643.5,pigeonpeas
50.2,39.1,50.3,28.6,64.9,6.54,883.0,pigeonpeas
49.6,30.6,34.3,23.9,67.6,6.47,717.2,pigeonpeas
49.3,47.5,46.6,31.4,65.7,6.64,753.7,pigeonpeas
76.3,52.6,46.5,25.8,66.2,6.78,790.3,pigeonpeas
49.8,51.8,19.0,26.1,64.8,6.73,752.5,pigeonpeas
47.1,53.1,39.0,29.4,65.6,6.61,704.0,pigeonpeas
54.4,32.5,47.4,30.4,66.0,6.49,803.9,pigeonpeas
70.2,48.3,27.6,30.0,68.4,6.57,893.0,pigeonpeas
61.8,52.0,37.6,28.0,65.9,6.93,764.5,pigeonpeas
47.3,12.7,55.7,26.0,70.7,6.95,674.0,pigeonpeas
61.7,32.0,32.5,28.3,63.8,6.51,855.3,pigeonpeas
66.0,34.8,51.9,22.5,67.9,6.88,771.0,pigeonpeas
60.4,29.6,51.5,26.5,68.2,6.74,926.8,pigeonpeas
66.2,32.1,28.7,25.6,67.9,6.6,870.6,pigeonpeas
54.2,47.0,49.8,28.0,66.7,6.66,820.4,pigeonpeas
46.2,46.1,62.8,28.9,71.5,6.33,756.7,pigeonpeas
47.8,49.6,61.8,28.3,69.7,6.66,778.8,pigeonpeas
72.9,47.8,46.8,23.6,69.2,6.9,910.3,pigeonpeas
61.4,30.8,31.0,26.9,65.8,6.8,716.1,pigeonpeas
44.6,39.6,47.5,27.4,66.1,6.9,756.7,pigeonpeas
87.8,34.2,42.6,27.7,70.5,6.91,774.9,pigeonpeas
60.6,39.9,41.9,30.0,69.4,6.68,930.0,pigeonpeas
71.0,64.4,43.6,26.8,61.9,6.57,811.5,pigeonpeas
64.7,31.3,39.6,26.5,66.1,6.74,722.5,pigeonpeas
38.3,36.4,52.4,28.8,67.9,6.67,864.5,pigeonpeas
68.9,45.1,10.0,28.0,69.0,6.99,832.5,pigeonpeas
77.0,43.7,17.3,28.9,64.9,6.95,924.4,pigeonpeas
55.7,48.8,34.2,23.9,70.4,6.44,811.7,pigeonpeas
41.5,32.3,42.2,26.9,68.7,6.84,897.1,pigeonpeas
67.7,5.0,32.3,27.4,70.2,6.75,821.5,pigeonpeas
70.7,33.4,56.9,28.9,65.7,7.16,759.4,pigeonpeas
50.5,26.9,39.7,26.5,66.5,6.6,709.1,pigeonpeas
56.3,47.0,37.3,29.2,67.1,6.83,786.9,pigeonpeas
82.8,30.5,51.1,29.9,65.9,6.92,792.9,pigeonpeas
63.1,41.0,53.5,24.8,69.0,6.84,674.0,pigeonpeas
45.4,28.4,48.8,25.7,68.8,6.52,900.3,pigeonpeas
72.3,41.0,50.6,28.4,67.5,6.93,759.3,pigeonpeas
67.3,53.6,32.9,31.7,64.8,6.76,840.9,pigeonpeas
46.5,41.9,39.8,30.1,66.2,6.52,779.5,pigeonpeas
57.8,60.4,40.9,26.3,69.0,7.15,801.5,pigeonpeas
54.0,75.0,30.6,25.8,66.3,6.73,898.3,pigeonpeas
74.8,27.9,34.9,25.2,66.7,6.49,896.3,pigeonpeas
47.1,54.1,44.9,29.4,66.1,6.72,820.0,pigeonpeas
72.6,24.2,39.2,22.4,68.6,6.77,640.4,pigeonpeas
91.8,34.2,50.2,28.8,65.6,6.67,720.7,pigeonpeas
88.9,40.9,37.5,29.9,67.9,6.38,775.3,pigeonpeas
50.6,33.4,10.0,24.0,72.1,6.71,757.0,pigeonpeas
64.0,5.0,43.5,27.3,65.8,6.8,825.2,pigeonpeas
62.3,41.8,55.0,28.8,68.9,6.53,736.2,pigeonpeas
45.5,36.8,37.9,28.9,72.5,7.02,781.8,pigeonpeas
41.8,37.9,24.3,23.7,68.7,6.76,738.6,pigeonpeas
74.9,42.5,42.7,26.1,68.0,6.9,990.4,pigeonpeas
52.7,19.9,26.0,29.1,68.0,6.73,805.7,pigeonpeas
65.1,22.4,36.9,26.7,69.8,6.8,785.7,pigeonpeas
100.9,45.4,10.0,25.0,65.7,6.83,917.2,pigeonpeas
70.0,24.7,46.8,30.1,64.6,6.77,793.9,pigeonpeas
36.4,45.1,44.9,28.4,67.6,6.84,888.1,pigeonpeas
54.6,67.0,13.6,26.7,69.4,6.64,837.0,pigeonpeas
72.2,52.0,43.8,30.4,64.6,7.04,965.1,pigeonpeas
83.6,60.2,35.9,26.0,67.0,6.97,742.3,pigeonpeas
53.1,59.1,20.6,25.0,71.0,6.75,798.0,pigeonpeas
74.8,28.2,60.0,26.1,70.2,6.85,721.6,pigeonpeas
49.8,16.3,26.5,20.3,67.8,6.92,714.5,pigeonpeas
36.4,30.2,42.4,24.7,68.8,6.56,986.4,pigeonpeas
49.4,50.0,33.4,26.3,66.1,6.87,943.6,pigeonpeas
68.4,24.8,17.4,30.1,70.9,6.79,828.6,pigeonpeas
63.8,30.9,47.1,29.2,68.9,6.66,791.3,pigeonpeas
49.3,33.0,35.8,25.2,66.4,6.99,807.8,pigeonpeas
63.5,32.8,28.0,29.8,67.2,6.68,797.3,pigeonpeas
79.7,40.2,39.8,27.0,66.6,6.36,761.1,pigeonpeas
56.3,41.5,47.3,25.5,65.4,6.59,769.3,pigeonpeas
66.5,38.1,25.8,29.5,68.7,6.74,879.9,pigeonpeas
70.2,43.6,41.8,32.6,68.4,6.78,862.9,pigeonpeas
38.1,45.8,31.1,30.2,69.8,6.78,802.7,pigeonpeas
66.3,42.8,22.1,25.0,64.6,6.89,757.0,pigeonpeas
43.0,31.0,66.2,28.8,67.9,6.64,935.6,pigeonpeas
44.9,47.6,34.9,26.4,68.1,6.66,691.6,pigeonpeas
67.6,28.2,15.6,28.0,70.3,6.83,806.2,pigeonpeas
60.8,36.4,30.1,34.0,65.5,6.96,848.9,pigeonpeas
56.9,40.5,54.3,28.2,69.5,7.15,889.0,pigeonpeas
29.7,6.9,46.6,29.2,71.8,6.69,949.3,pigeonpeas
41.0,33.8,32.3,26.5,66.4,7.06,849.1,pigeonpeas
76.4,44.2,24.1,28.8,66.8,6.98,767.7,pigeonpeas
52.2,43.2,60.6,28.5,67.3,6.6,855.1,pigeonpeas
74.9,33.5,37.2,25.2,69.5,6.83,828.4,pigeonpeas
69.6,20.0,20.8,24.1,66.0,6.56,756.3,pigeonpeas
56.5,43.1,43.0,29.5,65.5,6.84,783.3,pigeonpeas
66.3,43.8,35.0,26.9,66.9,6.81,744.2,pigeonpeas
13.7,52.6,63.4,28.3,68.3,6.9,702.1,pigeonpeas
60.8,44.6,50.0,28.7,67.7,6.6,656.6,pigeonpeas
40.8,36.8,34.7,28.1,70.2,6.59,782.8,pigeonpeas
35.4,30.9,55.3,25.4,66.5,6.88,836.4,pigeonpeas
42.8,37.2,41.4,26.1,70.3,7.01,749.4,pigeonpeas
74.2,35.1,32.5,28.5,65.1,6.82,707.2,pigeonpeas
46.5,29.4,33.6,27.8,67.9,7.19,809.0,pigeonpeas
46.0,22.3,47.3,27.7,66.6,6.55,754.4,pigeonpeas
58.2,43.1,24.5,26.1,68.6,7.1,852.1,pigeonpeas
62.5,39.1,42.1,27.0,65.0,6.85,827.5,pigeonpeas
52.1,43.6,25.8,27.0,69.3,7.01,817.1,pigeonpeas
35.8,29.7,30.9,33.6,65.8,7.03,854.2,pigeonpeas
57.7,47.8,34.8,26.9,65.8,6.66,840.3,pigeonpeas
64.1,18.8,39.7,28.2,68.4,6.26,827.5,pigeonpeas
53.5,35.3,43.9,27.0,63.9,6.54,843.1,pigeonpeas
43.8,50.5,36.5,24.5,67.3,7.02,815.2,pigeonpeas
56.7,37.3,49.0,25.9,66.7,6.82,901.4,pigeonpeas
54.9,56.7,63.2,29.4,66.2,6.11,749.7,pigeonpeas
40.8,36.8,25.3,27.5,69.7,6.87,903.2,pigeonpeas
53.1,27.2,40.2,24.8,68.6,6.34,821.7,pigeonpeas
71.8,55.7,42.2,25.7,69.7,6.76,819.5,pigeonpeas
32.8,45.1,43.6,24.1,67.3,7.09,720.6,pigeonpeas
44.0,14.3,70.0,28.9,67.5,6.74,792.5,pigeonpeas
64.1,45.7,29.6,26.9,69.5,6.66,727.4,pigeonpeas
70.9,7.7,45.5,29.1,69.2,6.95,783.7,pigeonpeas
43.3,40.2,33.9,30.1,64.6,6.71,785.0,pigeonpeas
42.5,41.8,52.7,28.2,69.9,6.88,619.0,pigeonpeas
40.6,33.2,64.4,26.0,63.8,6.35,792.6,pigeonpeas
47.7,40.2,56.8,27.4,67.8,6.82,660.1,pigeonpeas
52.5,40.1,26.7,26.6,66.1,6.83,767.7,pigeonpeas
43.4,59.0,37.8,26.1,66.0,7.03,927.6,pigeonpeas
60.1,23.0,26.9,28.4,68.0,6.82,737.9,pigeonpeas
42.3,29.2,77.9,24.3,65.6,6.52,796.6,pigeonpeas
72.5,48.8,46.2,28.5,68.0,6.36,804.3,pigeonpeas
25.3,63.0,14.5,29.0,67.2,6.76,805.2,pigeonpeas
64.0,60.3,41.3,30.4,67.9,6.3,857.5,pigeonpeas
68.5,28.5,45.7,26.7,68.0,6.23,787.3,pigeonpeas
85.5,43.3,56.7,32.0,65.5,6.76,762.0,pigeonpeas
69.3,23.5,37.0,29.1,66.3,7.03,878.2,pigeonpeas
63.8,33.6,46.2,27.9,67.4,6.8,807.2,pigeonpeas
53.3,36.1,22.3,29.5,71.5,6.68,918.5,pigeonpeas
34.9,51.4,32.0,27.9,65.9,6.63,1025.1,pigeonpeas
65.4,29.6,30.8,25.4,66.4,6.88,729.5,pigeonpeas
61.6,48.0,52.4,29.9,65.4,6.78,672.9,pigeonpeas
60.5,51.9,58.8,29.1,69.0,6.83,674.1,pigeonpeas
57.0,47.4,30.0,25.9,66.7,6.53,677.5,pigeonpeas
46.5,27.7,38.0,25.4,68.3,6.9,571.1,pigeonpeas
58.5,18.7,25.8,23.2,65.9,6.9,870.9,pigeonpeas
80.2,50.9,34.2,22.2,66.1,6.68,806.9,pigeonpeas
47.1,44.3,27.4,27.2,68.7,7.14,745.4,pigeonpeas
26.3,44.9,19.2,29.7,68.5,6.46,840.0,pigeonpeas
53.8,43.9,45.2,26.9,69.4,6.91,768.2,pigeonpeas
39.6,24.7,37.1,29.7,65.9,6.92,667.4,pigeonpeas
61.1,38.1,21.3,26.0,69.8,6.38,830.7,pigeonpeas
49.2,30.5,50.2,21.2,64.4,6.79,739.2,pigeonpeas
40.2,20.9,36.1,32.3,68.5,6.92,779.8,pigeonpeas
70.3,36.6,24.5,28.7,64.1,7.01,747.3,pigeonpeas
63.5,75.1,67.7,23.9,70.7,6.68,737.4,pigeonpeas
60.4,48.7,48.7,27.9,68.4,7.12,917.9,pigeonpeas
72.2,44.7,40.4,25.4,65.5,6.65,850.4,pigeonpeas
81.3,35.8,47.6,28.3,69.5,7.18,797.0,pigeonpeas
65.0,9.7,39.7,25.5,67.5,6.9,881.0,pigeonpeas
63.1,41.4,33.6,28.2,65.8,6.51,828.3,pigeonpeas
26.0,49.7,42.3,26.2,66.1,6.64,882.6,pigeonpeas
73.4,53.2,41.7,31.4,64.6,6.6,740.8,pigeonpeas
49.3,48.0,21.9,27.7,68.6,6.75,906.5,pigeonpeas
76.8,47.9,23.0,24.5,70.4,6.52,787.4,pigeonpeas
58.1,37.9,39.8,28.2,66.2,6.97,751.9,pigeonpeas
35.1,53.4,58.5,30.7,69.0,6.9,783.3,pigeonpeas
33.6,45.1,21.2,29.2,65.9,6.73,768.7,pigeonpeas
58.8,31.4,43.9,28.4,68.2,6.66,773.4,pigeonpeas
52.5,48.3,55.3,29.8,66.8,6.25,880.5,pigeonpeas
66.8,45.1,58.9,32.3,70.4,6.69,755.7,pigeonpeas
61.3,50.8,61.5,23.5,67.7,6.55,709.6,pigeonpeas
50.0,30.1,51.8,25.2,68.4,6.9,727.7,pigeonpeas
51.8,37.7,31.0,30.1,68.6,6.6,801.1,pigeonpeas
72.8,35.5,24.7,23.4,68.2,6.67,762.3,pigeonpeas
64.9,49.1,13.9,27.8,65.8,6.39,850.2,pigeonpeas
54.5,36.9,42.8,30.0,67.0,6.68,763.9,pigeonpeas
90.2,49.8,81.7,26.6,67.7,6.84,901.3,pigeonpeas
67.7,41.1,52.5,26.9,68.4,6.79,853.8,pigeonpeas
68.6,20.3,54.1,25.7,68.2,6.92,721.2,pigeonpeas
59.1,66.0,45.3,27.5,64.9,6.97,880.8,pigeonpeas
61.8,37.1,49.6,29.2,66.9,6.72,764.0,pigeonpeas
15.8,48.7,29.2,30.3,67.9,6.69,839.5,pigeonpeas
49.6,21.3,45.1,26.2,68.0,6.95,763.4,pigeonpeas
66.9,47.2,36.8,24.5,65.8,6.76,768.9,pigeonpeas
99.1,25.4,58.2,31.0,65.2,6.55,746.1,pigeonpeas
69.9,46.6,62.4,26.9,63.3,6.67,852.4,pigeonpeas
60.8,33.2,25.9,23.7,68.0,6.72,839.4,pigeonpeas
62.5,61.8,20.5,28.9,67.6,6.79,861.1,pigeonpeas
66.6,38.1,52.8,28.2,66.6,6.96,782.9,pigeonpeas
49.6,33.5,44.6,25.6,68.1,6.89,899.7,pigeonpeas
70.7,59.3,25.1,23.9,66.8,6.9,901.4,pigeonpeas
63.0,34.7,10.0,28.3,65.2,6.68,846.6,pigeonpeas
58.2,32.1,46.1,23.2,69.8,6.87,944.2,pigeonpeas
56.0,36.6,44.9,25.1,68.5,6.77,867.4,pigeonpeas
72.2,34.5,32.8,24.5,66.7,6.53,958.4,pigeonpeas
81.0,37.7,37.3,27.6,66.5,6.72,765.7,pigeonpeas
61.7,35.9,40.6,30.2,68.7,6.88,668.5,pigeonpeas
54.5,37.8,51.6,26.8,67.1,6.95,817.4,pigeonpeas
102.3,51.8,46.9,29.2,66.9,6.71,810.0,pigeonpeas
62.3,43.0,59.1,27.3,63.6,6.9,900.6,pigeonpeas
58.4,58.5,35.2,31.5,67.4,6.58,800.6,pigeonpeas
69.5,45.5,55.6,22.8,66.7,6.61,732.1,pigeonpeas
60.4,41.2,53.8,26.7,65.7,6.7,817.6,pigeonpeas
73.5,40.1,47.3,28.5,71.4,6.57,794.0,pigeonpeas
43.6,33.7,44.8,24.8,67.0,6.74,725.6,pigeonpeas
56.2,24.9,39.3,25.9,66.4,6.74,907.8,pigeonpeas
54.9,53.2,41.0,25.4,67.7,6.72,877.4,pigeonpeas
55.0,65.4,44.6,24.8,68.9,6.58,854.1,pigeonpeas
96.8,25.3,37.3,36.9,72.2,6.61,889.2,pigeonpeas
64.5,36.6,48.3,25.7,68.7,6.73,803.8,pigeonpeas
62.2,45.8,54.6,28.7,67.1,6.52,781.6,pigeonpeas
72.7,69.5,22.1,24.5,68.6,6.86,745.3,pigeonpeas
84.4,67.3,28.7,25.7,67.7,6.82,813.9,pigeonpeas
55.2,21.3,29.0,29.3,66.4,6.8,899.6,pigeonpeas
58.6,43.1,45.0,27.1,68.2,6.81,895.9,pigeonpeas
46.4,60.2,27.4,23.1,67.5,6.98,843.1,pigeonpeas
68.1,37.0,32.5,30.4,68.7,7.0,769.1,pigeonpeas
76.7,55.4,51.6,26.8,67.9,6.99,722.3,pigeonpeas
55.2,42.8,40.7,23.0,68.5,6.67,776.6,pigeonpeas
79.6,41.3,35.5,29.2,62.7,6.55,748.8,pigeonpeas
73.0,45.8,53.3,30.8,69.5,6.84,704.6,pigeonpeas
48.4,71.8,29.3,28.8,68.4,6.54,825.6,pigeonpeas
70.5,37.2,21.4,24.8,66.3,6.56,773.3,pigeonpeas
59.6,45.7,44.5,25.8,66.7,6.9,722.3,pigeonpeas
77.5,56.4,29.5,27.3,68.5,6.55,816.5,pigeonpeas
53.4,34.0,40.6,29.1,66.9,7.12,800.0,pigeonpeas
63.0,42.5,55.7,26.7,66.4,6.92,711.3,pigeonpeas
58.0,45.7,20.9,28.4,68.5,6.75,728.2,pigeonpeas
69.2,34.3,35.6,26.5,70.4,6.66,779.1,pigeonpeas
65.6,41.0,61.8,28.7,65.0,6.63,748.1,pigeonpeas
52.9,44.1,15.2,30.6,67.8,6.82,825.7,pigeonpeas
47.6,62.0,84.3,27.8,68.6,7.03,840.7,pigeonpeas
37.2,13.9,49.6,29.8,68.3,6.54,917.2,pigeonpeas
38.6,19.6,34.5,29.4,68.5,6.75,852.4,pigeonpeas
56.0,42.1,17.0,17.9,70.0,6.52,515.2,kidneybeans
49.0,44.8,26.7,22.4,69.5,6.22,625.6,kidneybeans
44.0,40.9,10.0,25.5,70.6,6.56,621.8,kidneybeans
42.7,40.0,32.0,16.7,69.8,6.62,591.0,kidneybeans
53.7,65.8,51.0,17.7,68.8,6.41,586.8,kidneybeans
55.9,21.7,38.1,23.0,70.1,6.62,615.5,kidneybeans
57.1,34.3,28.2,20.8,71.2,6.45,675.7,kidneybeans
33.7,17.3,45.8,22.1,69.9,6.39,524.3,kidneybeans
54.2,43.9,35.2,24.4,71.0,6.45,555.5,kidneybeans
74.0,35.6,56.2,21.7,70.2,6.51,635.9,kidneybeans
52.3,50.2,36.5,24.3,70.5,6.62,634.0,kidneybeans
79.1,45.2,10.0,20.4,71.6,6.65,585.3,kidneybeans
63.0,35.1,61.6,15.4,69.7,6.3,610.7,kidneybeans
72.5,37.7,51.7,20.9,68.3,6.51,583.8,kidneybeans
78.5,52.2,56.6,21.0,70.1,6.32,626.1,kidneybeans
51.4,46.6,35.4,28.2,69.9,6.48,596.7,kidneybeans
68.8,29.0,59.2,23.9,70.7,6.56,601.8,kidneybeans
61.6,41.0,44.0,22.0,70.6,6.2,617.1,kidneybeans
61.9,21.2,41.3,23.0,71.2,6.38,630.5,kidneybeans
45.6,43.1,39.3,18.8,71.0,6.77,591.2,kidneybeans
39.4,40.5,49.5,20.1,70.4,6.51,609.6,kidneybeans
71.6,37.4,61.8,17.7,68.9,6.48,575.5,kidneybeans
58.4,44.9,67.9,21.6,70.0,6.28,602.5,kidneybeans
51.0,55.9,48.0,19.1,70.8,6.43,642.6,kidneybeans
41.6,32.0,52.2,23.0,68.8,6.15,587.9,kidneybeans
60.1,70.6,44.8,18.9,69.3,6.43,545.0,kidneybeans
78.6,50.2,17.7,21.3,72.7,6.28,613.1,kidneybeans
40.0,46.5,61.7,19.6,68.2,6.43,569.3,kidneybeans
36.2,32.0,51.1,19.4,71.5,6.35,560.9,kidneybeans
56.9,17.7,60.6,21.5,68.7,6.62,636.4,kidneybeans
98.2,26.6,71.6,21.2,71.5,6.63,647.8,kidneybeans
58.5,59.2,52.1,20.5,70.2,6.62,630.7,kidneybeans
45.8,36.9,44.6,18.7,70.8,6.59,614.8,kidneybeans
58.3,21.7,41.4,20.6,69.8,6.39,668.1,kidneybeans
55.2,55.0,23.8,19.1,70.8,6.27,572.3,kidneybeans
47.7,47.5,34.8,20.9,71.5,6.45,664.3,kidneybeans
43.6,30.1,38.9,24.4,67.8,6.32,619.8,kidneybeans
53.0,47.3,23.7,22.0,68.3,6.36,558.5,kidneybeans
56.1,58.9,45.9,22.0,68.9,6.45,581.4,kidneybeans
43.0,32.3,20.8,18.7,71.7,6.36,654.5,kidneybeans
64.1,35.9,33.7,22.5,70.3,6.46,623.9,kidneybeans
57.4,40.4,39.1,20.7,70.6,6.37,605.9,kidneybeans
68.9,50.0,44.7,17.2,69.5,6.39,595.2,kidneybeans
69.3,28.9,50.3,18.7,71.7,6.66,567.1,kidneybeans
31.6,57.4,33.0,23.7,68.7,6.77,674.0,kidneybeans
46.4,55.2,19.7,22.3,71.4,6.39,562.7,kidneybeans
52.5,23.8,37.8,19.4,70.5,6.58,647.6,kidneybeans
49.2,45.5,58.1,19.9,69.7,6.54,582.3,kidneybeans
51.2,51.6,40.0,22.0,71.2,6.62,644.9,kidneybeans
65.4,42.8,28.1,24.0,71.1,6.53,655.1,kidneybeans
54.5,28.5,29.7,19.1,69.2,6.53,621.6,kidneybeans
63.2,36.9,14.4,25.5,69.2,6.39,577.2,kidneybeans
71.4,32.2,29.7,24.0,68.8,6.46,523.6,kidneybeans
69.1,50.6,42.8,21.3,68.3,6.65,584.2,kidneybeans
62.7,41.2,17.5,20.8,69.1,6.56,646.6,kidneybeans
34.4,26.4,26.6,19.1,70.8,6.35,661.5,kidneybeans
78.1,41.0,37.4,22.3,72.1,6.55,537.6,kidneybeans
41.8,10.1,35.9,19.9,70.3,6.53,584.0,kidneybeans
56.0,29.3,10.0,23.8,66.3,6.56,588.1,kidneybeans
25.5,70.4,39.1,21.8,69.7,6.37,625.8,kidneybeans
66.6,49.3,48.1,22.3,69.9,6.48,593.9,kidneybeans
57.1,50.0,12.0,23.0,69.9,6.5,611.1,kidneybeans
64.4,48.9,39.0,21.8,70.0,6.54,594.1,kidneybeans
83.7,34.9,10.0,20.6,69.5,6.38,587.9,kidneybeans
53.7,47.3,44.6,20.6,69.9,6.43,560.1,kidneybeans
65.6,29.5,27.6,23.3,70.3,6.48,658.3,kidneybeans
68.8,33.7,10.0,19.8,69.2,6.63,592.4,kidneybeans
53.9,37.6,20.4,20.7,70.5,6.48,628.8,kidneybeans
58.6,24.8,53.0,20.5,68.0,6.53,534.9,kidneybeans
38.6,33.3,28.2,20.6,71.2,6.39,614.7,kidneybeans
85.6,21.4,26.0,21.1,69.3,6.6,611.0,kidneybeans
49.7,56.8,59.5,20.4,70.5,6.37,573.4,kidneybeans
44.0,15.8,49.3,23.4,70.9,6.63,572.5,kidneybeans
89.2,48.8,62.5,17.2,67.9,6.5,576.5,kidneybeans
67.8,51.8,28.1,22.0,69.9,6.54,546.2,kidneybeans
60.8,41.1,45.4,21.4,71.0,6.49,591.4,kidneybeans
66.4,43.1,36.3,21.0,67.9,6.61,642.0,kidneybeans
49.4,38.3,16.6,24.6,71.6,6.74,599.9,kidneybeans
96.6,36.8,20.5,18.8,69.9,6.43,620.2,kidneybeans
48.1,31.3,63.2,19.2,70.4,6.41,605.8,kidneybeans
52.0,49.0,15.0,23.8,70.4,6.52,599.2,kidneybeans
24.4,29.4,66.2,21.8,68.9,6.45,636.9,kidneybeans
49.8,41.8,30.7,17.1,71.8,6.47,572.6,kidneybeans
88.3,49.6,44.4,19.7,69.4,6.53,606.9,kidneybeans
45.5,22.3,41.4,20.5,71.5,6.46,548.6,kidneybeans
44.7,20.5,37.4,21.2,71.0,6.54,578.3,kidneybeans
44.5,34.4,30.3,20.0,71.0,6.65,613.6,kidneybeans
57.9,48.4,31.3,18.6,69.9,6.61,629.3,kidneybeans
63.5,34.7,52.3,18.7,68.5,6.4,617.5,kidneybeans
55.2,25.0,50.9,19.7,69.7,6.18,550.8,kidneybeans
69.6,49.3,54.0,21.4,71.1,6.59,618.5,kidneybeans
84.2,45.2,36.8,18.5,70.2,6.55,624.9,kidneybeans
77.4,60.3,42.6,17.5,70.6,6.38,590.7,kidneybeans
37.4,39.6,67.0,20.6,72.2,6.65,589.6,kidneybeans
43.8,66.4,58.4,22.7,69.7,6.46,568.0,kidneybeans
72.5,66.1,45.8,21.9,71.7,6.45,612.5,kidneybeans
62.7,22.6,29.3,22.6,69.4,6.37,596.5,kidneybeans
39.8,41.2,54.3,20.0,69.0,6.5,619.8,kidneybeans
55.5,42.4,25.6,20.3,70.3,6.73,555.7,kidneybeans
54.0,42.9,10.0,20.1,70.7,6.41,581.3,kidneybeans
81.3,55.8,28.2,22.5,68.5,6.36,556.8,kidneybeans
79.5,38.6,48.8,24.3,70.2,6.76,653.5,kidneybeans
63.0,16.4,42.3,19.7,69.8,6.39,589.4,kidneybeans
55.5,27.2,42.4,20.3,69.4,6.54,624.9,kidneybeans
65.3,44.9,43.8,21.1,71.8,6.78,631.9,kidneybeans
77.8,37.3,28.2,19.3,70.6,6.65,587.8,kidneybeans
55.5,38.8,36.6,23.9,68.5,6.53,579.8,kidneybeans
59.5,45.2,52.0,20.8,70.7,6.52,597.8,kidneybeans
52.0,28.5,39.9,18.4,68.0,6.49,576.8,kidneybeans
62.0,46.2,38.7,19.0,69.9,6.46,616.6,kidneybeans
59.2,55.8,52.7,20.4,71.0,6.3,593.4,kidneybeans
53.3,55.1,42.7,21.6,72.8,6.52,618.7,kidneybeans
90.4,32.5,32.3,17.4,70.7,6.38,607.0,kidneybeans
54.5,34.2,23.4,22.9,70.2,6.56,621.0,kidneybeans
57.5,45.4,40.5,24.9,69.9,6.34,555.0,kidneybeans
52.6,38.0,20.8,24.8,70.0,6.58,614.4,kidneybeans
60.6,36.0,44.9,22.9,71.0,6.68,613.9,kidneybeans
47.7,19.1,17.9,20.8,69.6,6.55,576.8,kidneybeans
66.1,51.0,50.9,21.9,70.2,6.48,596.2,kidneybeans
75.7,55.8,59.5,18.2,70.5,6.41,570.6,kidneybeans
60.2,60.1,10.0,20.7,69.9,6.69,615.6,kidneybeans
63.3,45.4,56.7,19.7,72.8,6.33,588.6,kidneybeans
57.5,39.8,11.4,19.8,71.3,6.64,545.7,kidneybeans
26.7,36.9,36.5,24.7,68.8,6.63,637.7,kidneybeans
87.7,46.0,74.5,18.7,70.1,6.6,596.6,kidneybeans
49.1,50.6,37.8,21.4,69.1,6.49,573.5,kidneybeans
77.5,32.7,30.1,21.6,70.9,6.42,567.7,kidneybeans
72.4,36.1,16.4,19.2,71.7,6.67,556.3,kidneybeans
71.8,48.1,52.5,22.8,69.0,6.5,568.5,kidneybeans
59.0,40.1,21.8,18.1,70.6,6.3,595.0,kidneybeans
72.4,33.9,48.2,21.6,69.6,6.69,624.0,kidneybeans
48.6,25.6,53.9,17.3,70.6,6.54,655.0,kidneybeans
57.9,41.0,26.7,21.9,70.9,6.44,611.2,kidneybeans
61.5,40.5,12.1,22.0,69.8,6.52,592.2,kidneybeans
87.0,47.0,38.2,20.5,68.7,6.41,599.9,kidneybeans
57.8,19.5,24.9,19.3,72.6,6.46,597.5,kidneybeans
58.1,44.4,37.0,20.6,72.7,6.44,607.8,kidneybeans
41.2,35.8,44.3,22.0,72.2,6.21,637.7,kidneybeans
43.2,51.2,29.5,19.9,70.5,6.27,588.5,kidneybeans
55.2,22.0,46.8,24.4,72.1,6.67,608.3,kidneybeans
67.4,31.2,27.2,20.4,69.6,6.34,594.4,kidneybeans
61.8,55.3,52.3,20.5,69.9,6.37,635.8,kidneybeans
36.6,20.8,26.5,17.4,71.6,6.52,607.0,kidneybeans
52.0,38.1,48.5,18.2,68.2,6.47,559.8,kidneybeans
64.9,33.3,42.5,18.4,71.1,6.27,654.1,kidneybeans
63.9,37.8,44.9,21.8,69.6,6.42,582.0,kidneybeans
74.6,18.5,39.8,20.4,69.8,6.57,543.3,kidneybeans
45.5,25.1,40.7,23.2,71.5,6.23,581.3,kidneybeans
70.6,29.4,52.6,20.2,71.2,6.44,638.3,kidneybeans
71.4,30.5,10.0,17.3,70.7,6.72,687.9,kidneybeans
57.1,67.5,30.9,19.5,68.0,6.74,622.2,kidneybeans
68.4,48.9,59.0,22.2,68.0,6.55,618.2,kidneybeans
43.5,42.7,50.2,17.9,68.5,6.37,617.8,kidneybeans
52.5,27.1,10.0,20.4,68.0,6.54,598.7,kidneybeans
54.8,57.9,57.3,18.9,70.7,6.37,591.2,kidneybeans
54.9,38.8,26.4,19.9,72.3,6.52,583.6,kidneybeans
56.3,47.3,41.8,18.1,71.5,6.47,589.2,kidneybeans
67.8,45.6,71.6,18.0,67.7,6.65,610.8,kidneybeans
53.6,46.2,38.6,18.8,70.2,6.57,623.2,kidneybeans
52.8,26.5,59.2,23.0,71.2,6.41,609.4,kidneybeans
62.1,41.8,27.6,24.6,70.3,6.67,574.3,kidneybeans
41.7,42.7,20.0,21.2,71.9,6.22,567.3,kidneybeans
67.6,45.1,29.6,17.2,70.7,6.47,686.7,kidneybeans
72.0,37.6,54.0,20.4,69.5,6.44,591.0,kidneybeans
72.9,26.1,43.8,19.5,67.5,6.56,615.0,kidneybeans
64.3,40.7,41.9,22.5,71.1,6.41,590.5,kidneybeans
85.5,63.7,57.7,23.2,69.4,6.72,603.1,kidneybeans
38.1,31.6,36.8,22.5,69.3,6.4,645.1,kidneybeans
21.6,25.7,31.2,17.9,68.8,6.24,600.9,kidneybeans
59.1,30.2,34.2,23.4,72.8,6.59,562.5,kidneybeans
39.7,43.3,37.7,19.1,69.3,6.58,589.6,kidneybeans
66.0,45.7,53.0,20.2,69.3,6.49,522.7,kidneybeans
59.5,49.3,54.1,20.8,69.7,6.57,597.8,kidneybeans
63.2,16.3,61.7,22.7,67.7,6.52,585.8,kidneybeans
65.7,34.4,22.5,21.9,70.2,6.53,648.2,kidneybeans
86.7,55.6,56.8,18.4,69.8,6.35,675.9,kidneybeans
57.3,46.4,42.5,16.8,68.2,6.48,643.9,kidneybeans
58.0,58.2,55.8,19.9,72.1,6.54,657.1,kidneybeans
37.7,33.7,57.7,18.5,68.8,6.44,674.2,kidneybeans
31.2,36.0,37.8,21.1,69.0,6.59,607.2,kidneybeans
43.8,63.0,45.6,20.3,68.1,6.61,608.5,kidneybeans
38.7,39.9,40.2,22.2,69.4,6.67,577.6,kidneybeans
98.2,40.1,55.6,21.9,70.6,6.43,607.8,kidneybeans
52.4,43.3,44.4,23.1,68.0,6.4,512.0,kidneybeans
69.9,45.8,49.4,19.4,72.0,6.61,532.3,kidneybeans
66.4,49.4,66.3,18.0,70.8,6.23,547.9,kidneybeans
34.5,5.0,48.7,20.4,71.3,6.47,563.7,kidneybeans
57.3,20.8,34.6,22.6,69.9,6.5,599.7,kidneybeans
67.1,31.9,29.6,20.8,69.0,6.45,633.3,kidneybeans
52.0,62.0,44.7,18.0,70.6,6.6,644.4,kidneybeans
48.3,44.3,44.9,22.3,70.2,6.52,610.6,kidneybeans
62.4,52.0,20.9,20.3,70.1,6.38,589.1,kidneybeans
55.9,46.6,26.3,23.3,69.9,6.61,575.1,kidneybeans
63.9,37.1,31.1,22.0,69.3,6.52,624.5,kidneybeans
62.1,35.8,34.1,20.4,70.0,6.54,596.2,kidneybeans
44.2,37.9,41.7,22.2,70.2,6.47,607.9,kidneybeans
67.9,41.2,37.6,19.6,71.2,6.5,697.6,kidneybeans
61.6,39.2,45.7,24.4,68.7,6.53,607.8,kidneybeans
57.5,37.8,48.8,20.5,70.7,6.44,537.3,kidneybeans
83.3,26.5,48.7,22.3,70.8,6.41,579.3,kidneybeans
54.9,52.5,10.0,21.3,69.5,6.69,625.6,kidneybeans
90.7,23.4,86.8,20.7,70.3,6.84,642.3,kidneybeans
77.1,35.0,62.8,22.7,68.1,6.63,617.1,kidneybeans
54.7,33.1,34.7,18.4,71.8,6.42,601.5,kidneybeans
56.7,29.3,20.3,20.8,73.2,6.43,588.2,kidneybeans
60.3,56.9,38.7,22.0,72.5,6.59,651.7,kidneybeans
80.3,61.4,43.4,23.6,72.1,6.48,579.1,kidneybeans
72.5,44.5,52.6,21.1,70.9,6.67,645.9,kidneybeans
48.1,36.8,22.5,21.4,70.6,6.44,564.7,kidneybeans
57.6,52.2,33.0,14.8,69.3,6.54,623.7,kidneybeans
63.1,47.8,76.1,18.5,67.0,6.53,628.4,kidneybeans
47.6,21.5,29.6,20.2,70.8,6.51,615.7,kidneybeans
69.2,26.5,52.4,18.2,70.1,6.34,557.8,kidneybeans
53.8,34.2,66.2,19.1,70.2,6.57,623.0,kidneybeans
37.8,60.0,50.3,19.0,67.6,6.41,573.3,kidneybeans
70.9,26.1,30.3,19.8,66.5,6.36,626.8,kidneybeans
50.6,31.7,31.0,22.9,68.5,6.45,612.9,kidneybeans
74.4,46.3,48.0,23.5,71.5,6.61,573.3,kidneybeans
58.4,48.0,47.0,21.4,72.0,6.45,582.7,kidneybeans
67.1,61.2,38.7,18.4,69.8,6.66,594.1,kidneybeans
61.6,29.3,44.9,20.9,70.6,6.84,597.3,kidneybeans
55.7,43.6,39.7,19.7,70.2,6.73,581.7,kidneybeans
63.8,49.2,60.6,22.3,69.6,6.48,523.8,kidneybeans
66.4,44.1,60.7,21.2,71.0,6.64,651.2,kidneybeans
55.1,51.5,48.1,21.9,68.9,6.5,617.6,kidneybeans
78.2,29.1,32.9,22.3,69.5,6.54,592.5,kidneybeans
51.0,49.8,32.4,24.9,71.4,6.29,565.6,kidneybeans
40.7,48.7,20.6,20.3,68.9,6.31,543.5,kidneybeans
68.7,47.9,57.9,21.6,68.6,6.35,596.2,kidneybeans
39.1,33.1,35.0,20.7,67.7,6.5,584.3,kidneybeans
81.3,45.7,54.3,18.9,73.1,6.68,646.0,kidneybeans
77.7,50.4,37.3,22.6,71.5,6.43,586.3,kidneybeans
65.2,41.7,43.9,18.7,68.8,6.56,626.8,kidneybeans
75.2,48.3,33.1,20.5,70.7,6.75,570.9,kidneybeans
45.1,42.9,52.8,26.6,70.4,6.6,618.5,kidneybeans
78.6,39.6,27.6,21.2,70.9,6.47,548.8,kidneybeans
49.1,46.8,53.8,21.4,71.2,6.56,604.0,kidneybeans
75.2,34.8,32.5,19.4,68.7,6.68,606.6,kidneybeans
44.1,26.9,24.3,20.9,69.7,6.49,598.4,kidneybeans
48.0,54.4,42.3,21.4,72.7,6.7,635.9,kidneybeans
55.5,39.0,42.7,22.1,71.6,6.42,653.7,kidneybeans
62.7,33.3,63.0,21.8,69.9,6.45,650.8,kidneybeans
65.1,24.8,71.3,18.8,68.9,6.24,530.4,kidneybeans
86.5,17.1,52.1,21.4,68.5,6.52,589.7,kidneybeans
68.9,27.8,25.8,19.3,69.0,6.69,638.1,kidneybeans
30.9,59.4,33.6,20.6,68.0,6.65,564.9,kidneybeans
86.8,17.9,43.3,21.9,70.9,6.42,676.9,kidneybeans
58.5,16.1,11.3,23.6,68.7,6.34,584.4,kidneybeans
49.7,55.1,45.3,19.7,70.4,6.46,585.1,kidneybeans
42.1,41.6,42.4,24.7,67.9,6.41,599.4,kidneybeans
108.4,34.0,37.1,18.5,70.5,6.38,592.3,kidneybeans
65.8,41.1,21.8,19.6,69.0,6.43,553.6,kidneybeans
69.8,48.3,28.4,21.9,71.5,6.75,602.5,kidneybeans
84.1,36.9,35.7,20.7,69.4,6.56,517.2,kidneybeans
78.9,37.7,23.0,20.1,68.8,6.39,569.6,kidneybeans
62.5,48.9,27.9,18.9,69.6,6.42,535.4,kidneybeans
66.3,53.7,56.2,20.5,69.1,6.34,635.0,kidneybeans
59.7,33.1,57.6,19.6,69.7,6.5,563.8,kidneybeans
58.3,45.8,34.2,23.7,68.8,6.47,554.5,kidneybeans
33.1,20.9,26.9,20.6,71.5,6.28,521.5,kidneybeans
65.1,35.9,52.6,23.0,69.3,6.31,633.8,kidneybeans
81.1,57.0,37.6,18.5,70.9,6.62,589.6,kidneybeans
56.7,47.7,47.3,22.9,68.5,6.58,633.3,kidneybeans
47.6,55.5,53.6,23.1,69.6,6.52,621.1,kidneybeans
66.8,47.8,42.1,18.5,71.9,6.59,611.2,kidneybeans
79.1,53.4,22.9,19.5,69.1,6.55,586.7,kidneybeans
73.0,24.7,51.9,19.3,70.3,6.39,580.7,kidneybeans
43.9,47.9,44.2,22.1,69.9,6.44,557.4,kidneybeans
62.4,59.1,23.3,19.5,69.7,6.39,657.4,kidneybeans
66.4,44.0,52.4,21.2,70.4,6.39,593.5,kidneybeans
71.3,45.8,48.8,21.9,70.5,6.62,630.5,kidneybeans
67.8,12.4,35.3,21.7,70.1,6.43,577.7,kidneybeans
42.7,35.0,62.9,18.6,68.9,6.71,599.3,kidneybeans
45.2,45.2,50.5,23.3,68.0,6.47,637.5,kidneybeans
60.1,45.3,50.7,23.5,69.2,6.41,601.8,kidneybeans
24.2,42.4,39.8,21.5,70.2,6.54,561.0,kidneybeans
62.2,29.3,52.5,22.5,69.9,6.46,574.5,kidneybeans
77.6,34.7,63.1,18.1,73.2,6.47,614.7,kidneybeans
68.4,39.3,37.6,20.6,70.1,6.35,603.3,kidneybeans
61.9,41.8,66.8,17.0,72.8,6.18,655.3,kidneybeans
75.7,46.1,40.7,19.6,69.0,6.49,647.9,kidneybeans
79.2,41.1,33.2,21.6,69.9,6.54,637.0,kidneybeans
83.6,42.1,33.0,22.4,71.5,6.59,640.4,kidneybeans
81.8,47.9,46.4,18.2,70.6,6.56,567.2,kidneybeans
48.9,31.9,64.7,19.9,73.0,6.46,639.4,kidneybeans
85.8,48.4,52.7,22.5,70.7,6.3,602.8,kidneybeans
62.6,51.0,27.0,20.1,70.3,6.57,559.8,kidneybeans
54.9,42.0,53.5,19.2,68.6,6.45,573.6,kidneybeans
28.5,49.9,55.2,21.7,71.0,6.36,552.3,kidneybeans
54.6,50.9,39.9,23.7,71.8,6.3,609.1,kidneybeans
67.4,47.4,26.4,22.0,71.1,6.74,616.0,kidneybeans
75.0,33.9,39.7,20.1,69.8,6.36,605.4,kidneybeans
19.0,30.9,53.0,18.5,69.7,6.57,622.1,kidneybeans
70.4,31.8,35.8,20.9,70.4,6.61,671.4,kidneybeans
62.3,17.1,30.7,22.3,67.8,6.63,614.7,kidneybeans
49.6,48.1,21.8,22.4,69.3,6.59,579.3,kidneybeans
44.2,51.4,41.9,22.6,70.2,6.5,637.9,kidneybeans
74.5,43.4,35.2,23.3,71.8,6.61,618.7,kidneybeans
65.2,42.4,42.3,20.9,70.7,6.31,586.5,kidneybeans
58.7,37.8,39.8,19.4,69.1,6.49,557.0,kidneybeans
55.0,57.8,37.6,19.2,67.6,6.65,606.5,kidneybeans
74.4,43.7,22.9,21.8,70.4,6.41,656.8,kidneybeans
59.1,54.8,67.3,18.2,71.9,6.52,574.8,kidneybeans
58.6,54.7,15.7,21.1,70.9,6.64,622.7,kidneybeans
54.6,40.1,36.5,21.8,69.3,6.69,569.7,kidneybeans
68.6,25.3,46.5,21.3,69.9,6.63,634.8,kidneybeans
76.6,57.6,54.3,23.5,70.3,6.57,601.7,kidneybeans
24.7,19.3,36.8,21.3,71.2,6.38,625.4,kidneybeans
51.9,48.5,19.1,21.5,70.5,6.52,565.8,kidneybeans
71.0,35.7,19.4,21.3,69.7,6.6,651.9,kidneybeans
48.1,40.3,27.5,19.8,71.3,6.3,610.4,kidneybeans
70.8,29.0,46.7,23.9,70.3,6.4,595.3,kidneybeans
49.3,45.3,42.1,24.2,70.2,6.4,627.5,kidneybeans
69.7,36.3,18.1,22.8,70.7,6.51,598.6,kidneybeans
60.5,56.0,30.3,23.0,71.7,6.51,595.4,kidneybeans
55.3,37.7,60.4,20.1,68.9,6.72,614.6,kidneybeans
43.2,31.7,25.1,21.1,71.2,6.61,572.4,kidneybeans
67.4,44.1,49.9,13.6,68.2,6.4,670.5,kidneybeans
53.9,24.8,34.2,21.6,69.3,6.72,650.9,kidneybeans
47.0,33.2,43.9,22.0,70.9,6.35,642.2,kidneybeans
50.5,55.2,35.0,23.0,68.0,6.67,605.2,kidneybeans
54.0,38.0,26.6,20.6,71.1,6.77,611.6,kidneybeans
74.8,35.4,56.6,19.3,71.3,6.43,593.3,kidneybeans
58.1,43.7,46.9,16.1,71.3,6.56,578.9,kidneybeans
75.7,65.3,44.7,20.9,71.2,6.61,590.1,kidneybeans
75.0,60.5,24.0,25.3,72.1,6.56,653.7,kidneybeans
74.0,46.2,44.3,20.9,71.5,6.59,609.6,kidneybeans
37.8,34.1,70.3,17.8,71.1,6.5,586.0,kidneybeans
68.7,50.7,20.5,18.1,71.4,6.48,524.8,kidneybeans
62.3,24.5,40.0,22.8,70.4,6.6,530.3,kidneybeans
74.5,58.8,13.6,24.3,69.3,6.5,618.4,kidneybeans
56.2,29.4,38.0,23.3,68.8,6.56,633.5,kidneybeans
55.4,37.9,29.0,18.2,69.4,6.47,602.7,kidneybeans
54.1,49.4,13.8,15.9,72.2,6.59,665.3,kidneybeans
67.6,34.2,39.3,22.8,68.3,6.65,582.5,kidneybeans
27.8,42.9,23.2,19.1,70.6,6.55,617.4,kidneybeans
38.9,29.8,40.2,22.8,72.7,6.43,597.8,kidneybeans
80.8,35.7,31.4,18.8,70.8,6.76,520.5,kidneybeans
93.6,41.7,61.3,20.9,69.3,6.47,638.0,kidneybeans
66.5,46.1,23.8,21.7,70.0,6.32,598.4,kidneybeans
38.0,45.4,49.8,23.3,69.7,6.69,603.7,kidneybeans
46.1,32.4,12.7,21.6,72.7,6.59,581.8,kidneybeans
54.8,43.8,45.6,20.7,68.2,6.54,668.9,kidneybeans
61.7,56.3,72.5,21.4,69.0,6.45,552.3,kidneybeans
87.8,22.7,50.6,20.8,70.2,6.53,585.5,kidneybeans
37.7,37.2,51.5,23.3,71.6,6.37,569.5,kidneybeans
65.6,47.0,18.0,17.2,71.3,6.48,542.1,kidneybeans
73.9,15.3,42.4,19.8,68.9,6.45,598.7,kidneybeans
58.9,43.6,49.2,18.9,69.7,6.51,590.6,kidneybeans
45.2,52.3,36.2,17.9,69.0,6.28,588.4,kidneybeans
43.4,48.7,31.1,22.0,68.9,6.57,614.4,kidneybeans
70.7,5.0,91.7,18.3,69.1,6.58,604.7,kidneybeans
50.6,57.7,18.5,18.4,69.4,6.54,623.9,kidneybeans
70.7,44.1,47.9,23.1,70.1,6.33,536.2,kidneybeans
98.6,30.4,34.0,20.5,69.8,6.35,591.2,kidneybeans
59.5,28.7,46.0,21.6,70.4,6.27,585.1,kidneybeans
64.9,35.5,25.9,24.1,69.4,6.19,663.1,kidneybeans
51.0,32.4,29.8,21.5,70.9,6.44,607.0,kidneybeans
66.7,63.0,77.2,22.4,68.2,6.56,573.4,kidneybeans
93.4,44.7,61.8,24.0,70.0,6.4,622.4,kidneybeans
68.2,67.1,32.1,20.9,70.2,6.42,617.1,kidneybeans
68.5,36.7,34.1,20.6,70.8,6.57,538.8,kidneybeans
36.2,51.7,42.0,21.4,70.0,6.44,617.4,kidneybeans
44.4,52.6,32.7,18.2,70.8,6.44,620.8,kidneybeans
49.3,40.7,50.6,16.3,70.2,6.51,597.7,kidneybeans
39.9,50.8,59.3,16.7,71.1,6.46,618.1,kidneybeans
59.3,51.1,49.2,18.8,68.8,6.42,594.3,kidneybeans
61.6,36.3,36.9,21.3,68.4,6.43,673.6,kidneybeans
48.9,53.7,58.2,22.7,72.2,6.39,570.5,kidneybeans
74.9,21.8,39.8,20.4,68.9,6.26,641.5,kidneybeans
41.6,26.7,16.9,24.8,68.4,6.38,568.5,kidneybeans
62.3,50.7,39.5,22.9,70.8,6.29,543.9,kidneybeans
40.7,44.3,35.8,18.6,69.3,6.48,598.5,kidneybeans
48.5,29.5,45.0,22.5,70.4,6.46,634.5,kidneybeans
62.1,34.5,57.4,22.0,70.0,6.33,595.5,kidneybeans
73.1,33.2,47.7,21.6,70.5,6.73,589.9,kidneybeans
33.1,27.4,11.8,26.8,69.8,6.66,629.2,kidneybeans
34.3,45.6,21.6,17.8,68.3,6.37,600.5,kidneybeans
73.0,42.5,49.1,22.7,71.7,6.46,595.4,kidneybeans
35.8,44.4,52.6,22.9,70.5,6.57,606.1,kidneybeans
34.8,54.0,47.8,20.8,70.6,6.32,554.9,kidneybeans
105.8,29.4,34.7,19.4,69.8,6.6,614.1,kidneybeans
53.6,33.0,32.1,18.6,69.7,6.47,634.8,kidneybeans
81.6,47.5,30.6,20.2,71.2,6.52,626.2,kidneybeans
39.8,34.3,12.2,22.8,70.2,6.46,631.2,kidneybeans
63.8,53.7,22.9,20.3,71.4,6.43,601.6,kidneybeans
49.6,31.4,45.1,22.1,68.8,6.39,544.7,kidneybeans
74.4,39.9,10.0,20.6,68.1,6.58,565.5,kidneybeans
70.1,49.5,55.9,20.0,69.4,6.66,577.3,kidneybeans
51.2,50.1,48.7,20.2,70.1,6.43,588.8,kidneybeans
61.6,58.4,33.9,16.8,71.5,6.6,593.7,kidneybeans
59.8,42.5,37.3,20.5,70.0,6.73,531.3,kidneybeans
70.6,54.1,39.6,21.9,72.2,6.64,578.0,kidneybeans
55.5,41.4,10.3,19.7,71.5,6.46,612.3,kidneybeans
44.3,44.1,41.5,18.9,71.5,6.55,580.9,kidneybeans
51.7,49.8,27.0,20.0,73.0,6.28,579.5,kidneybeans
43.8,57.3,25.5,19.9,70.3,6.55,560.5,kidneybeans
49.0,44.5,45.2,21.9,70.7,6.56,557.2,kidneybeans
68.2,24.7,48.4,20.5,68.9,6.66,627.6,kidneybeans
25.1,39.3,38.0,20.6,71.0,6.63,580.5,kidneybeans
48.8,31.2,48.6,19.9,71.3,6.34,606.5,kidneybeans
62.8,38.4,70.5,19.9,71.1,6.47,625.5,kidneybeans
63.6,26.4,28.6,19.1,66.7,6.53,549.8,kidneybeans
52.6,44.3,45.6,23.0,69.7,6.44,627.4,kidneybeans
67.1,33.6,39.8,22.6,69.0,6.51,622.6,kidneybeans
54.1,32.5,53.3,19.7,68.4,6.36,571.5,kidneybeans
54.3,7.5,56.1,19.5,70.3,6.39,594.7,kidneybeans
74.4,42.2,17.6,21.6,69.8,6.58,693.5,kidneybeans
85.1,50.2,53.5,25.3,69.6,6.52,592.9,kidneybeans
59.0,39.9,25.3,20.6,69.7,6.33,650.6,kidneybeans
69.6,49.0,53.7,19.8,71.6,6.45,576.7,kidneybeans
47.2,32.9,30.0,22.3,67.0,6.28,610.5,kidneybeans
64.7,36.6,40.2,21.3,68.1,6.61,604.7,kidneybeans
58.3,34.5,31.6,23.4,70.7,6.33,603.5,kidneybeans
23.9,44.0,48.6,20.6,70.3,6.54,609.1,kidneybeans
56.5,40.0,25.2,18.7,71.3,6.52,620.5,kidneybeans
31.8,28.1,31.6,20.2,71.8,6.6,610.4,kidneybeans
66.9,46.9,42.9,21.9,73.6,6.58,601.9,kidneybeans
75.9,42.0,34.9,23.4,68.6,6.56,592.5,kidneybeans
58.4,41.1,35.7,26.2,70.0,6.59,559.3,kidneybeans
67.3,20.0,49.1,22.2,70.4,6.42,607.1,kidneybeans
61.1,60.1,58.5,26.3,70.0,6.58,616.0,kidneybeans
66.2,53.1,67.5,20.6,70.3,6.53,568.6,kidneybeans
76.0,18.2,42.2,20.3,68.7,6.41,554.3,kidneybeans
68.9,28.6,44.0,18.6,69.4,6.28,593.9,kidneybeans
36.6,59.4,42.7,24.7,70.7,6.41,568.1,kidneybeans
59.1,50.3,47.2,21.8,69.1,6.44,553.1,kidneybeans
52.9,37.3,57.2,20.1,69.5,6.48,573.6,kidneybeans
56.6,24.6,41.3,19.9,70.4,6.41,570.9,kidneybeans
88.0,34.2,67.8,20.5,69.3,6.46,570.0,kidneybeans
76.9,36.4,56.1,21.6,70.3,6.54,561.3,kidneybeans
73.8,24.4,57.4,22.9,68.6,6.29,562.0,kidneybeans
59.5,22.2,22.6,23.7,70.8,6.6,672.2,kidneybeans
86.1,31.3,22.3,19.9,69.4,6.43,619.2,kidneybeans
51.5,58.1,35.0,22.9,71.3,6.43,633.4,kidneybeans
55.8,44.0,22.8,21.4,69.1,6.42,650.8,kidneybeans
54.8,46.5,22.3,18.6,70.9,6.55,584.8,kidneybeans
30.0,24.9,45.8,21.1,71.7,6.55,599.5,kidneybeans
50.1,50.8,34.2,17.1,69.3,6.49,598.1,kidneybeans
51.4,44.7,23.6,21.9,68.5,6.54,614.6,kidneybeans
64.3,44.9,18.8,20.4,70.4,6.39,613.0,kidneybeans
57.6,33.7,63.4,17.6,68.5,6.51,620.0,kidneybeans
62.0,43.4,31.4,18.9,70.8,6.54,572.7,kidneybeans
49.1,49.7,10.0,18.9,68.6,6.25,652.1,kidneybeans
60.1,40.7,49.3,19.3,68.4,6.52,630.3,kidneybeans
54.7,45.1,16.4,18.5,68.5,6.44,630.4,kidneybeans
52.0,12.8,52.5,24.2,71.0,6.35,590.6,kidneybeans
56.6,61.4,24.9,19.0,70.7,6.11,561.3,kidneybeans
76.4,46.2,25.5,19.2,68.5,6.68,631.0,kidneybeans
52.0,33.5,50.9,20.8,70.1,6.54,590.9,kidneybeans
67.0,42.9,31.8,25.6,70.9,6.57,559.3,kidneybeans
23.8,42.2,43.5,21.3,70.7,6.56,590.2,kidneybeans
48.8,21.7,49.4,23.1,69.5,6.62,600.3,kidneybeans
67.7,36.7,43.8,23.6,69.1,6.65,588.1,kidneybeans
57.6,41.9,34.0,19.0,67.5,6.39,611.0,kidneybeans
69.6,44.6,35.3,22.9,69.4,6.47,605.9,kidneybeans
41.4,26.4,57.9,23.9,71.9,6.32,568.9,kidneybeans
56.4,47.1,45.2,19.8,68.3,6.44,590.1,kidneybeans
64.7,26.7,16.8,19.7,69.7,6.73,554.9,kidneybeans
64.2,28.4,50.4,19.0,71.5,6.17,589.7,kidneybeans
47.2,36.4,10.5,21.5,70.2,6.7,670.8,kidneybeans
81.3,37.1,48.0,21.3,70.5,6.48,591.4,kidneybeans
66.2,59.5,41.5,24.3,70.5,6.52,658.7,kidneybeans
46.5,43.9,35.7,21.3,69.0,6.57,572.1,kidneybeans
39.4,69.9,42.2,19.7,73.0,6.57,571.9,kidneybeans
53.8,46.7,36.5,19.6,72.0,6.41,593.3,kidneybeans
56.0,44.2,37.0,23.7,69.1,6.45,574.4,kidneybeans
31.2,43.0,39.0,19.6,69.0,6.61,616.8,kidneybeans
69.7,62.1,44.4,21.8,70.0,6.76,616.9,kidneybeans
41.2,40.5,19.0,19.8,70.5,6.58,531.0,kidneybeans
29.2,44.4,45.7,22.7,67.7,6.32,622.4,kidneybeans
46.2,28.7,20.7,22.7,69.4,6.4,563.5,kidneybeans
58.4,44.7,42.3,21.8,71.1,6.45,648.6,kidneybeans
61.8,37.3,47.1,19.2,70.6,6.38,615.0,kidneybeans
47.5,46.7,23.7,19.7,68.3,6.73,664.3,kidneybeans
92.4,52.4,35.7,19.5,69.4,6.38,570.0,kidneybeans
78.8,57.4,54.8,23.0,71.3,6.69,675.4,kidneybeans
29.0,30.8,58.7,18.9,70.1,6.54,651.2,kidneybeans
59.3,48.7,38.0,23.0,68.2,6.53,626.8,kidneybeans
57.6,23.3,32.5,19.5,66.8,6.47,579.2,kidneybeans
63.2,50.8,10.0,26.3,71.3,6.5,572.7,kidneybeans
34.7,58.5,51.0,22.2,70.9,6.55,566.0,kidneybeans
76.0,50.8,47.5,21.3,69.0,6.47,675.5,kidneybeans
70.9,80.0,57.0,19.3,73.7,6.65,611.9,kidneybeans
58.9,33.2,37.7,22.2,69.4,6.35,590.7,kidneybeans
52.9,49.0,41.6,21.5,71.2,6.48,581.6,kidneybeans
67.6,47.3,37.0,18.8,69.5,6.7,550.3,kidneybeans
48.0,30.4,77.6,21.7,69.8,6.33,627.4,kidneybeans
67.0,41.6,46.9,21.6,68.3,6.6,591.9,kidneybeans
74.8,7.2,36.6,18.7,70.1,6.6,599.9,kidneybeans
69.9,47.4,21.5,22.8,68.7,6.49,656.3,kidneybeans
27.9,45.2,36.0,18.8,69.4,6.4,529.0,kidneybeans
59.9,37.8,54.3,22.2,71.0,6.46,612.3,kidneybeans
52.9,36.4,65.1,22.4,68.3,6.75,616.3,kidneybeans
34.6,31.2,66.4,21.2,70.9,6.37,587.6,kidneybeans
65.5,29.1,63.4,19.2,70.2,6.57,588.1,kidneybeans
69.0,30.6,50.9,20.8,68.6,6.56,639.3,kidneybeans
70.7,27.1,51.4,18.2,70.9,6.32,565.8,kidneybeans
48.2,18.2,22.8,17.5,70.7,6.74,589.8,kidneybeans
61.3,45.4,36.5,22.2,69.2,6.62,665.0,kidneybeans
62.9,19.1,70.8,28.2,61.7,7.6,443.0,mothbeans
69.8,22.5,54.8,30.2,64.4,7.76,400.2,mothbeans
65.8,30.2,13.5,31.8,60.5,7.53,371.0,mothbeans
46.2,28.6,51.2,33.1,60.3,7.68,429.8,mothbeans
47.7,19.2,44.6,29.4,64.0,7.7,399.4,mothbeans
79.0,23.9,47.3,28.3,62.4,7.75,389.9,mothbeans
72.9,24.6,10.0,28.2,63.0,7.74,383.6,mothbeans
101.3,16.4,32.9,30.4,58.6,7.82,416.1,mothbeans
64.9,17.4,31.3,30.4,64.2,7.6,434.5,mothbeans
43.6,27.9,72.6,31.4,62.1,7.64,480.7,mothbeans
50.1,13.2,30.7,27.5,58.4,7.87,388.9,mothbeans
52.1,22.7,46.7,27.8,64.0,8.0,440.4,mothbeans
63.6,21.7,67.0,30.8,63.6,7.91,384.1,mothbeans
100.0,16.0,48.2,31.3,61.9,8.06,373.2,mothbeans
48.0,7.7,52.6,30.7,61.0,7.86,415.8,mothbeans
62.8,19.1,27.2,33.1,62.5,7.58,386.7,mothbeans
49.6,36.3,45.2,29.0,59.3,7.38,333.6,mothbeans
69.7,24.5,43.5,31.6,64.4,7.69,351.7,mothbeans
55.0,30.0,40.9,30.7,67.2,8.28,423.2,mothbeans
78.5,15.3,10.0,31.0,64.7,7.86,376.8,mothbeans
44.8,24.0,71.4,33.4,62.3,8.1,377.7,mothbeans
58.2,14.7,43.3,30.5,62.7,7.95,470.7,mothbeans
86.4,18.1,29.0,26.2,62.2,7.82,368.1,mothbeans
43.4,25.3,29.2,30.5,59.4,7.62,378.4,mothbeans
49.8,13.0,51.4,31.3,63.1,7.86,377.3,mothbeans
76.1,6.5,62.0,28.6,60.9,7.62,352.0,mothbeans
45.3,32.3,35.8,28.7,64.0,7.71,408.5,mothbeans
84.0,26.9,69.4,29.3,61.6,7.36,467.0,mothbeans
44.7,23.9,41.7,30.3,60.0,7.86,398.1,mothbeans
65.2,30.2,32.8,32.2,60.1,7.63,371.2,mothbeans
58.8,25.9,35.4,29.7,60.9,7.5,404.9,mothbeans
65.0,28.6,51.8,31.5,62.3,7.34,347.0,mothbeans
45.8,25.1,43.4,24.8,59.7,7.64,435.0,mothbeans
68.6,23.7,29.5,31.4,61.6,7.57,413.0,mothbeans
56.5,18.1,18.3,28.4,64.9,7.75,410.4,mothbeans
71.3,49.8,42.5,32.0,60.9,7.43,392.4,mothbeans
72.9,13.8,53.8,31.0,60.2,7.99,395.4,mothbeans
61.3,15.7,58.4,31.9,61.6,7.83,403.2,mothbeans
50.4,23.7,31.3,31.4,62.0,7.99,409.6,mothbeans
47.0,33.1,49.8,32.5,61.9,7.71,384.4,mothbeans
40.4,14.5,51.9,30.2,63.5,7.55,382.3,mothbeans
70.1,5.5,46.2,31.4,62.1,7.74,403.5,mothbeans
83.8,15.4,39.3,31.3,63.1,7.85,425.4,mothbeans
49.5,9.3,36.8,29.7,61.9,7.59,439.4,mothbeans
72.8,14.1,22.7,29.8,61.4,7.68,356.5,mothbeans
48.9,22.4,48.1,29.5,62.1,7.84,424.8,mothbeans
48.4,18.2,37.3,28.5,58.7,7.84,374.7,mothbeans
83.7,23.9,58.5,30.8,62.2,7.98,380.9,mothbeans
45.5,14.0,24.2,30.6,63.8,7.65,393.2,mothbeans
72.9,30.8,55.0,30.4,58.1,7.7,402.8,mothbeans
40.4,22.7,59.2,27.7,62.2,8.0,407.5,mothbeans
64.3,26.0,28.0,26.8,60.4,7.87,388.1,mothbeans
41.2,21.1,12.1,29.6,63.1,7.8,391.2,mothbeans
68.1,26.6,25.3,30.9,63.7,7.61,347.0,mothbeans
34.5,21.8,54.4,32.1,62.7,7.6,365.1,mothbeans
15.5,28.7,31.5,29.3,60.5,7.86,425.2,mothbeans
56.9,38.3,50.2,28.0,66.0,7.84,380.9,mothbeans
43.9,13.1,41.0,30.6,64.8,7.63,436.9,mothbeans
51.2,12.1,34.7,29.9,60.8,7.98,379.3,mothbeans
104.8,32.4,20.6,28.5,62.5,7.86,373.4,mothbeans
72.6,13.4,31.1,29.7,63.2,7.64,416.0,mothbeans
67.6,16.0,79.1,29.4,65.2,7.84,378.5,mothbeans
63.1,17.7,49.6,27.8,66.2,7.83,429.1,mothbeans
45.7,31.1,47.7,29.9,61.4,7.61,455.1,mothbeans
73.5,15.2,25.3,32.4,59.8,7.95,389.6,mothbeans
53.9,34.5,70.6,28.9,62.7,7.84,392.5,mothbeans
63.2,10.3,31.1,30.5,61.4,7.97,411.3,mothbeans
59.8,16.4,33.6,30.1,58.0,7.82,437.1,mothbeans
68.3,15.3,13.8,31.7,57.9,7.74,399.8,mothbeans
77.8,24.9,60.0,32.0,62.9,7.39,384.5,mothbeans
68.7,24.7,12.5,28.9,64.1,7.51,413.2,mothbeans
55.4,15.1,26.9,29.2,58.5,7.71,352.3,mothbeans
35.0,25.2,55.5,27.3,63.6,7.82,400.0,mothbeans
69.0,41.3,36.1,34.0,63.7,8.05,375.6,mothbeans
64.5,23.8,37.3,29.2,62.4,7.76,339.0,mothbeans
49.6,43.9,51.0,30.5,63.6,7.5,391.1,mothbeans
56.5,27.4,38.4,29.8,62.1,7.59,388.4,mothbeans
72.9,23.8,48.4,29.5,65.9,7.91,393.9,mothbeans
80.8,21.1,55.5,31.4,62.9,7.79,458.2,mothbeans
102.6,20.4,32.0,29.4,60.1,8.07,354.2,mothbeans
40.4,21.0,50.4,30.6,66.3,7.61,377.9,mothbeans
99.9,22.9,30.2,29.9,62.7,7.68,447.1,mothbeans
58.1,25.3,43.2,28.2,57.0,7.99,362.3,mothbeans
74.3,18.8,39.5,26.0,62.2,8.02,392.1,mothbeans
61.7,18.0,45.1,28.7,61.1,7.71,369.8,mothbeans
44.5,16.0,58.9,29.3,66.2,7.98,423.1,mothbeans
56.7,22.3,40.9,27.3,62.6,7.7,390.2,mothbeans
55.4,20.3,28.6,28.6,62.5,7.82,458.2,mothbeans
86.7,29.0,28.5,27.9,60.8,7.7,422.7,mothbeans
77.5,22.0,33.8,30.7,64.9,7.77,352.4,mothbeans
60.2,20.8,16.2,29.5,63.3,7.61,387.1,mothbeans
71.0,13.9,20.0,28.2,62.0,7.73,344.1,mothbeans
44.5,22.8,41.6,29.1,65.7,7.77,412.8,mothbeans
52.8,26.3,48.7,30.1,63.2,7.66,355.4,mothbeans
27.2,22.5,44.0,28.1,64.5,7.59,450.1,mothbeans
65.1,28.6,44.3,28.4,62.3,7.74,460.8,mothbeans
50.0,20.9,10.0,30.1,62.5,8.0,351.8,mothbeans
64.5,22.9,22.5,32.4,62.2,7.85,396.5,mothbeans
60.4,16.7,44.1,32.2,63.1,8.04,438.6,mothbeans
59.8,21.5,24.5,32.0,61.6,7.55,386.2,mothbeans
71.8,36.8,32.8,26.7,63.0,8.07,387.7,mothbeans
24.8,15.7,17.5,30.8,67.2,7.86,396.4,mothbeans
54.0,13.3,32.7,32.2,63.3,7.72,373.1,mothbeans
38.2,49.1,24.6,30.1,63.5,7.42,389.1,mothbeans
20.6,7.8,47.8,27.4,62.2,7.91,409.6,mothbeans
51.0,6.9,69.1,30.9,63.6,7.76,425.8,mothbeans
47.7,20.5,47.3,28.4,61.4,7.71,439.1,mothbeans
72.0,18.8,32.1,27.1,65.6,7.85,416.8,mothbeans
42.8,54.1,10.0,30.4,62.0,7.44,363.6,mothbeans
69.2,9.9,27.9,31.2,63.0,7.57,467.0,mothbeans
69.3,21.6,17.0,27.8,64.1,7.72,355.8,mothbeans
55.4,21.5,41.9,29.5,61.6,7.73,368.2,mothbeans
38.0,18.3,51.9,28.3,65.8,7.65,403.5,mothbeans
77.0,18.1,82.2,31.1,65.5,8.02,412.4,mothbeans
68.7,17.7,10.0,28.9,61.3,7.89,429.8,mothbeans
74.9,38.2,33.7,33.6,65.3,7.48,453.6,mothbeans
65.6,21.4,55.1,28.6,63.1,7.75,448.5,mothbeans
36.5,11.4,44.8,26.5,59.9,7.8,386.6,mothbeans
59.2,10.4,29.5,29.5,60.2,7.71,411.9,mothbeans
52.4,22.0,48.3,30.3,60.9,7.79,387.8,mothbeans
79.8,15.1,60.4,31.0,62.2,7.74,404.2,mothbeans
17.8,23.9,37.3,29.2,62.9,7.88,416.0,mothbeans
32.7,8.7,32.4,31.0,64.2,7.57,409.7,mothbeans
51.1,19.3,48.9,28.7,64.8,7.89,417.1,mothbeans
76.8,25.6,16.7,32.3,64.5,7.83,435.5,mothbeans
59.9,18.4,20.8,30.5,60.9,7.78,371.6,mothbeans
69.4,13.0,57.7,29.7,63.1,7.74,360.4,mothbeans
48.5,27.3,47.6,30.3,60.9,8.06,512.8,mothbeans
74.9,24.0,56.5,27.5,64.3,7.71,390.6,mothbeans
60.1,14.8,36.4,30.9,62.6,7.79,368.8,mothbeans
53.3,8.6,40.0,31.0,58.1,7.99,401.5,mothbeans
67.0,10.4,36.0,29.0,62.8,8.01,370.3,mothbeans
46.1,16.0,53.8,29.3,58.9,7.86,417.6,mothbeans
45.1,21.8,52.4,30.6,64.3,7.7,418.1,mothbeans
42.9,13.4,43.2,30.1,61.9,7.71,444.1,mothbeans
74.4,23.5,72.5,27.9,62.4,7.86,398.1,mothbeans
54.2,22.4,44.9,30.2,58.0,7.82,458.0,mothbeans
69.0,11.5,27.0,31.4,62.8,7.53,424.4,mothbeans
61.8,18.5,31.8,30.8,60.7,7.51,406.2,mothbeans
36.8,7.2,52.4,31.1,64.4,7.86,399.0,mothbeans
68.0,27.2,50.5,31.9,60.9,8.02,419.8,mothbeans
65.4,24.0,40.5,29.3,62.1,8.12,402.1,mothbeans
51.0,42.8,36.7,27.9,62.4,7.41,369.7,mothbeans
54.0,14.1,30.4,30.6,60.3,7.77,424.5,mothbeans
68.4,16.1,28.1,30.8,60.9,7.68,350.9,mothbeans
22.0,26.1,23.9,29.3,66.1,7.79,447.1,mothbeans
65.9,5.0,25.8,30.7,60.4,7.74,353.0,mothbeans
84.1,26.0,45.3,31.4,60.4,7.67,373.2,mothbeans
48.0,18.3,54.1,29.7,63.9,7.63,423.4,mothbeans
55.5,27.3,40.5,31.5,61.1,7.91,388.1,mothbeans
70.1,13.5,60.4,30.9,65.3,7.54,378.7,mothbeans
71.9,24.9,30.9,27.9,65.9,7.92,461.0,mothbeans
34.6,25.3,32.4,29.2,65.0,7.89,415.9,mothbeans
58.8,12.4,58.8,31.2,64.2,7.88,380.4,mothbeans
70.2,18.0,40.4,30.4,62.9,7.52,396.2,mothbeans
48.4,37.1,15.1,30.4,58.7,7.44,343.1,mothbeans
77.3,22.3,15.7,27.7,60.3,7.62,403.4,mothbeans
67.5,20.4,47.0,30.2,64.2,7.86,413.7,mothbeans
53.8,19.1,10.4,31.5,61.1,7.72,395.4,mothbeans
67.4,18.6,41.8,31.7,64.6,7.56,407.4,mothbeans
64.9,5.0,51.8,31.0,61.5,7.65,427.4,mothbeans
56.4,42.9,43.1,30.5,62.8,7.43,406.5,mothbeans
44.3,57.3,34.3,33.6,63.3,7.47,384.0,mothbeans
50.5,14.9,42.7,30.2,65.2,7.74,409.2,mothbeans
75.5,30.6,42.0,31.3,61.1,7.89,378.5,mothbeans
72.4,22.5,44.3,30.7,58.5,7.97,413.4,mothbeans
60.5,28.4,45.5,30.2,59.1,7.66,470.8,mothbeans
91.4,21.6,29.5,28.9,62.9,7.68,371.8,mothbeans
49.4,22.3,54.2,33.1,62.7,7.63,368.3,mothbeans
23.9,25.4,57.4,31.1,64.8,7.84,373.0,mothbeans
68.9,29.0,57.2,30.2,66.1,7.27,419.2,mothbeans
41.8,17.7,58.4,29.5,59.5,7.9,412.8,mothbeans
52.2,16.3,28.7,31.2,59.8,7.72,390.5,mothbeans
77.2,28.6,10.0,29.4,66.1,7.54,391.8,mothbeans
56.9,45.1,17.6,28.6,62.8,7.47,396.4,mothbeans
54.1,17.2,65.1,29.9,62.1,7.6,369.5,mothbeans
55.8,12.5,61.8,33.5,58.2,7.87,469.3,mothbeans
55.0,17.7,41.4,29.8,64.4,7.88,430.8,mothbeans
86.8,11.4,11.9,32.4,62.0,7.73,434.6,mothbeans
64.6,21.3,57.4,28.6,60.3,7.58,470.5,mothbeans
48.1,23.8,42.0,32.1,63.2,7.79,385.9,mothbeans
47.6,34.2,33.7,30.6,64.8,7.55,379.2,mothbeans
52.8,35.7,27.4,30.1,60.3,7.5,394.0,mothbeans
75.3,24.2,63.1,30.7,63.1,7.67,430.8,mothbeans
63.4,36.2,25.4,28.9,64.0,7.75,372.6,mothbeans
53.5,47.0,40.7,30.7,64.8,7.36,406.0,mothbeans
85.1,20.8,39.6,30.2,63.6,7.97,377.2,mothbeans
66.1,15.2,41.2,30.5,61.9,7.59,373.0,mothbeans
68.9,26.3,32.0,30.1,65.4,7.91,394.0,mothbeans
57.8,5.0,28.7,28.7,60.8,7.63,419.7,mothbeans
46.6,5.7,41.3,31.4,63.6,7.88,404.2,mothbeans
47.2,23.4,50.8,29.6,61.4,7.95,378.7,mothbeans
99.9,33.9,50.6,31.8,62.0,8.22,356.2,mothbeans
53.7,9.9,47.2,30.5,59.3,7.93,374.5,mothbeans
49.9,16.9,46.9,34.9,61.7,7.87,415.6,mothbeans
51.5,30.8,24.2,27.3,62.2,7.73,409.4,mothbeans
67.1,18.2,73.4,29.3,65.3,7.52,412.0,mothbeans
58.3,5.0,38.5,31.1,60.1,7.75,392.4,mothbeans
53.1,15.2,46.1,32.5,62.4,7.73,418.7,mothbeans
38.2,31.1,33.5,29.2,63.8,7.44,406.5,mothbeans
69.5,16.2,53.6,28.6,60.9,7.61,373.3,mothbeans
70.2,31.4,12.3,31.9,59.8,7.6,417.9,mothbeans
39.5,10.2,77.0,31.4,59.3,7.88,369.4,mothbeans
64.5,23.3,24.9,27.2,62.4,7.61,360.1,mothbeans
60.5,25.0,51.1,33.5,61.9,7.72,347.7,mothbeans
73.7,20.0,35.6,29.9,59.8,7.79,435.9,mothbeans
71.0,18.4,43.3,29.8,62.9,7.89,406.7,mothbeans
63.2,17.6,31.7,29.4,65.0,8.05,342.5,mothbeans
69.4,58.3,47.5,32.4,61.0,7.34,375.5,mothbeans
50.5,19.0,49.7,29.1,63.4,7.81,337.8,mothbeans
70.0,17.4,25.2,31.3,65.0,7.8,420.4,mothbeans
56.4,6.4,42.1,30.8,61.5,7.93,414.6,mothbeans
53.7,20.9,34.8,27.7,62.0,7.87,294.9,mothbeans
51.2,10.3,35.9,29.5,58.0,7.78,344.3,mothbeans
74.7,13.3,46.2,27.7,57.4,7.98,396.4,mothbeans
73.7,11.8,56.5,28.9,59.6,7.96,475.2,mothbeans
61.7,15.1,40.0,29.2,63.0,7.71,373.4,mothbeans
49.9,36.9,63.0,31.7,63.1,7.63,365.2,mothbeans
39.7,22.7,75.6,29.0,61.0,7.9,381.2,mothbeans
39.2,27.2,55.2,30.3,64.2,7.66,434.5,mothbeans
49.1,25.9,51.2,33.2,60.6,7.77,400.3,mothbeans
45.6,32.2,22.9,31.1,62.2,7.44,378.0,mothbeans
63.0,19.0,46.0,29.2,60.4,7.56,406.2,mothbeans
13.4,13.9,18.4,31.5,64.2,7.85,420.3,mothbeans
39.4,33.4,47.5,29.9,64.1,7.43,387.1,mothbeans
62.9,5.0,47.5,29.3,62.1,7.75,421.0,mothbeans
58.4,24.4,28.4,29.5,65.8,7.99,419.3,mothbeans
59.9,19.5,76.9,27.7,63.9,7.63,366.2,mothbeans
55.2,16.0,54.6,27.5,63.5,7.8,393.8,mothbeans
52.3,18.8,33.3,28.1,61.0,7.61,405.9,mothbeans
60.2,21.0,40.3,30.2,63.4,7.76,421.5,mothbeans
65.6,7.0,45.4,30.4,59.9,7.76,348.4,mothbeans
64.9,27.3,36.1,28.6,60.3,8.12,414.8,mothbeans
82.4,28.0,18.8,31.3,61.4,7.7,417.9,mothbeans
73.0,28.5,51.4,31.7,62.0,7.69,389.9,mothbeans
63.2,28.7,54.8,29.9,61.9,7.51,402.5,mothbeans
52.4,22.9,27.9,29.4,62.6,7.74,393.5,mothbeans
64.0,24.9,29.8,30.6,61.4,7.78,445.0,mothbeans
34.6,16.3,45.4,27.3,63.8,7.59,465.7,mothbeans
87.2,29.1,26.0,28.3,62.6,7.79,410.4,mothbeans
55.6,17.7,60.9,28.1,61.3,7.92,369.8,mothbeans
52.6,11.2,35.5,30.4,59.9,7.74,417.4,mothbeans
37.5,25.9,14.4,28.8,62.5,7.74,421.2,mothbeans
46.2,26.2,14.2,29.0,63.4,7.69,389.6,mothbeans
53.7,13.0,21.9,31.2,62.1,7.76,416.1,mothbeans
56.1,5.0,30.7,28.2,64.3,7.87,357.6,mothbeans
71.6,33.6,56.4,31.0,60.7,7.67,399.6,mothbeans
57.9,5.0,10.5,29.5,61.3,7.98,365.4,mothbeans
73.8,27.1,54.2,28.3,64.1,8.17,303.2,mothbeans
49.7,24.8,28.7,27.9,62.5,8.07,394.0,mothbeans
71.5,37.9,51.3,28.0,59.4,7.73,362.5,mothbeans
44.4,7.9,27.6,28.6,64.0,7.72,435.1,mothbeans
67.8,15.2,21.2,30.2,61.0,7.77,446.4,mothbeans
51.0,23.3,44.1,30.0,59.6,8.04,364.4,mothbeans
60.3,23.7,46.7,28.0,63.1,7.78,408.3,mothbeans
58.4,25.5,69.5,31.0,59.2,7.65,359.5,mothbeans
65.8,22.6,44.1,28.7,62.6,7.63,439.0,mothbeans
37.0,38.8,28.1,32.3,63.2,7.42,380.6,mothbeans
44.6,5.0,27.7,32.1,63.4,7.73,427.3,mothbeans
70.0,29.9,25.3,30.6,65.2,7.77,361.5,mothbeans
77.8,24.1,44.1,29.5,59.6,7.82,420.6,mothbeans
60.4,14.6,59.5,27.6,60.0,7.74,396.4,mothbeans
61.3,8.7,29.7,27.7,63.9,7.91,480.7,mothbeans
45.2,17.8,24.7,29.4,61.1,8.05,393.3,mothbeans
61.2,9.3,43.7,29.6,61.5,7.94,334.1,mothbeans
77.5,14.7,31.2,30.8,63.1,8.04,408.7,mothbeans
63.6,30.8,23.2,28.6,63.7,7.48,404.7,mothbeans
62.6,19.0,47.3,30.2,62.5,7.93,461.5,mothbeans
65.2,21.4,29.9,29.0,60.0,7.72,349.5,mothbeans
54.4,49.0,38.4,29.9,60.1,7.4,381.4,mothbeans
57.8,52.7,41.9,27.5,61.0,7.31,435.5,mothbeans
39.7,11.5,34.0,28.1,64.5,7.62,365.3,mothbeans
67.5,39.0,33.0,32.1,62.6,8.2,420.9,mothbeans
106.0,18.1,56.3,29.9,62.6,7.71,373.7,mothbeans
59.7,8.0,53.2,29.9,63.1,7.83,420.4,mothbeans
60.3,29.1,59.8,26.8,63.5,7.8,447.8,mothbeans
50.7,20.8,25.0,27.4,63.6,7.75,321.4,mothbeans
50.6,16.7,37.9,30.8,62.2,7.84,371.9,mothbeans
68.2,21.9,52.9,30.4,61.7,7.89,445.0,mothbeans
54.6,12.8,35.4,32.6,63.8,7.64,402.4,mothbeans
58.0,19.1,63.3,30.4,62.1,7.7,399.5,mothbeans
57.5,13.6,28.5,29.9,66.0,7.74,365.6,mothbeans
36.7,27.1,49.2,32.6,61.1,7.86,369.8,mothbeans
73.3,23.7,37.1,29.8,65.4,7.9,413.0,mothbeans
67.8,18.3,43.6,29.8,63.7,7.67,407.0,mothbeans
47.6,29.6,33.2,30.1,63.2,7.75,413.0,mothbeans
86.2,24.1,18.8,32.0,60.4,7.96,360.8,mothbeans
52.5,25.7,47.7,31.9,60.4,7.78,368.9,mothbeans
65.3,24.3,48.6,29.4,66.7,7.7,421.2,mothbeans
58.3,24.1,55.4,33.5,60.7,7.57,438.6,mothbeans
68.0,22.7,54.8,31.7,63.6,8.05,399.5,mothbeans
57.5,15.9,30.1,30.4,66.0,7.53,423.5,mothbeans
41.6,8.0,31.5,29.1,61.7,7.95,329.4,mothbeans
49.0,24.2,39.7,28.7,65.8,8.17,428.3,mothbeans
48.5,21.5,45.6,30.7,62.4,7.57,419.1,mothbeans
67.0,30.5,42.1,29.0,64.7,7.75,392.6,mothbeans
82.6,54.0,19.9,29.2,63.7,7.47,383.8,mothbeans
24.3,28.6,10.0,29.2,63.5,7.61,383.1,mothbeans
53.3,20.5,36.0,32.8,62.5,7.7,387.1,mothbeans
46.7,23.5,32.0,28.6,62.1,8.12,420.4,mothbeans
57.6,31.0,52.5,29.0,63.7,7.9,399.4,mothbeans
40.5,23.1,38.8,30.5,60.6,7.96,423.0,mothbeans
48.7,17.3,17.9,27.6,62.4,7.73,359.3,mothbeans
66.8,18.6,47.2,27.6,59.1,7.71,389.5,mothbeans
43.3,17.4,27.9,28.7,63.5,7.69,332.8,mothbeans
60.1,18.1,10.0,31.3,60.9,7.74,367.3,mothbeans
24.9,16.4,21.3,27.3,60.3,7.84,404.5,mothbeans
50.1,11.6,52.2,27.5,61.9,7.61,347.2,mothbeans
47.7,21.9,64.2,29.9,63.6,7.75,386.1,mothbeans
74.3,18.1,10.0,29.5,64.6,7.76,414.1,mothbeans
83.1,12.2,33.4,27.7,65.7,7.6,417.5,mothbeans
96.7,22.0,30.0,29.9,63.5,7.73,414.3,mothbeans
62.3,36.2,32.0,33.0,64.9,7.44,407.2,mothbeans
41.5,22.2,47.9,30.3,62.2,8.02,437.6,mothbeans
77.8,21.6,35.9,26.0,62.0,7.83,416.0,mothbeans
77.5,47.6,39.2,27.5,65.2,7.17,397.3,mothbeans
60.1,30.8,40.1,31.0,61.7,7.77,438.1,mothbeans
40.1,17.0,45.4,30.2,63.5,7.79,431.3,mothbeans
61.1,24.6,37.0,30.2,63.8,8.16,395.4,mothbeans
61.4,7.9,33.0,28.1,62.9,7.74,389.9,mothbeans
37.3,18.9,61.9,27.3,62.5,7.71,410.1,mothbeans
37.5,22.9,45.8,29.1,62.9,7.46,403.4,mothbeans
54.0,11.5,27.0,32.0,62.2,7.96,458.2,mothbeans
57.1,26.6,30.3,29.3,62.4,7.87,398.8,mothbeans
67.5,41.3,60.5,29.3,58.6,8.21,454.8,mothbeans
67.1,28.7,54.5,29.6,65.4,7.44,357.7,mothbeans
65.8,21.5,28.7,27.3,63.4,7.79,425.8,mothbeans
49.2,25.1,35.7,28.0,66.3,7.86,395.8,mothbeans
82.4,23.5,43.4,28.6,63.8,7.75,440.7,mothbeans
64.6,16.4,23.6,27.0,59.6,7.78,443.1,mothbeans
42.9,8.6,37.7,30.2,61.2,7.64,420.6,mothbeans
49.3,26.7,25.6,28.8,63.8,7.86,422.1,mothbeans
78.7,42.0,39.6,31.4,63.8,7.49,416.6,mothbeans
85.0,19.5,35.4,28.4,62.1,7.71,380.2,mothbeans
87.7,18.3,20.2,29.6,62.9,7.55,412.8,mothbeans
47.3,17.6,38.1,28.9,65.6,7.7,398.6,mothbeans
65.9,22.4,31.0,29.8,60.6,7.9,341.4,mothbeans
47.5,24.5,48.5,27.5,63.3,8.09,403.2,mothbeans
71.1,15.3,46.1,26.9,60.9,7.86,410.4,mothbeans
51.5,14.1,55.0,33.1,61.9,7.79,411.1,mothbeans
68.5,32.1,43.2,29.7,61.6,7.92,420.8,mothbeans
66.5,14.0,44.6,30.0,63.0,7.74,388.3,mothbeans
80.5,15.9,36.0,30.0,59.0,7.68,410.4,mothbeans
69.1,18.4,52.9,29.2,61.0,7.65,359.0,mothbeans
68.4,15.2,59.9,30.3,58.0,8.08,374.9,mothbeans
81.8,30.0,34.1,30.1,66.3,7.85,395.8,mothbeans
67.3,17.9,31.6,28.9,64.1,7.8,432.3,mothbeans
66.8,20.6,47.7,28.8,67.1,7.69,445.9,mothbeans
64.8,32.5,31.8,29.0,60.8,7.74,399.3,mothbeans
36.4,43.2,35.4,30.8,62.5,7.35,466.0,mothbeans
68.9,16.0,47.3,29.1,63.0,7.84,470.8,mothbeans
56.0,18.4,30.2,28.6,61.8,7.52,400.3,mothbeans
57.8,45.9,43.5,29.9,57.4,7.26,353.0,mothbeans
79.5,35.8,44.0,31.9,61.8,7.64,414.9,mothbeans
36.5,25.5,68.7,31.1,59.5,8.01,359.1,mothbeans
43.5,19.3,55.9,32.7,61.7,7.79,393.2,mothbeans
27.0,20.7,17.4,33.8,64.7,8.03,438.9,mothbeans
51.4,19.2,39.3,28.2,65.3,7.69,394.4,mothbeans
73.4,13.1,50.5,27.4,62.2,7.59,440.5,mothbeans
57.7,22.4,51.7,30.0,63.6,7.47,349.8,mothbeans
46.1,11.4,23.4,28.6,64.1,7.51,399.7,mothbeans
53.0,17.3,27.2,31.9,61.7,7.54,402.5,mothbeans
52.5,29.4,61.7,30.6,59.8,7.52,369.8,mothbeans
49.3,21.8,26.1,27.5,58.3,7.71,368.3,mothbeans
93.2,19.9,35.4,31.5,62.1,7.59,412.9,mothbeans
72.5,23.5,10.0,30.4,61.2,7.88,334.6,mothbeans
71.9,17.4,41.2,29.7,63.4,7.78,370.8,mothbeans
53.1,55.8,39.4,32.4,64.4,7.42,451.4,mothbeans
62.4,16.0,43.1,28.8,61.3,7.78,405.2,mothbeans
60.6,12.4,25.8,29.2,63.1,7.86,383.3,mothbeans
79.7,27.5,40.1,32.2,61.2,8.12,392.4,mothbeans
72.9,5.0,26.2,29.6,61.9,7.83,392.8,mothbeans
77.8,19.0,41.5,29.0,62.9,7.53,343.6,mothbeans
56.9,15.1,53.8,31.3,62.7,7.68,410.3,mothbeans
64.1,15.1,58.0,30.8,63.5,7.78,468.3,mothbeans
37.3,13.1,51.8,29.7,59.9,7.72,330.8,mothbeans
71.2,22.7,48.7,31.4,64.0,7.87,420.9,mothbeans
52.8,22.2,33.8,32.7,66.8,7.68,392.1,mothbeans
33.4,14.9,30.6,26.4,61.4,7.67,370.1,mothbeans
63.8,27.3,40.8,28.8,64.1,7.92,387.7,mothbeans
68.4,25.3,24.9,31.9,61.2,7.63,413.0,mothbeans
37.2,29.7,52.2,33.4,61.7,7.56,430.2,mothbeans
67.2,43.1,42.1,30.1,58.3,7.32,411.8,mothbeans
68.8,23.8,68.0,32.6,61.6,7.66,423.9,mothbeans
77.2,21.0,46.7,28.8,62.8,7.76,368.0,mothbeans
66.1,31.4,25.6,27.1,62.5,7.43,442.2,mothbeans
58.5,22.9,19.9,30.5,63.5,7.68,365.7,mothbeans
67.6,9.2,46.1,30.1,63.3,7.87,447.8,mothbeans
110.0,50.9,53.1,29.9,66.0,7.24,383.7,mothbeans
54.4,22.3,33.8,27.5,58.3,7.61,388.5,mothbeans
46.5,15.9,35.0,29.6,60.5,7.68,401.8,mothbeans
38.7,19.4,34.4,30.4,61.7,7.52,391.7,mothbeans
53.7,21.6,29.6,30.6,63.8,7.61,344.7,mothbeans
69.7,40.4,44.0,27.5,60.1,7.46,389.5,mothbeans
48.5,22.3,20.4,30.9,61.2,7.71,410.4,mothbeans
16.5,17.2,39.1,28.5,62.0,7.55,401.7,mothbeans
56.7,24.6,52.4,31.0,64.2,7.9,386.9,mothbeans
88.5,24.9,44.4,29.2,62.9,7.68,382.4,mothbeans
76.1,23.2,29.5,29.1,61.6,7.83,456.8,mothbeans
65.2,25.5,32.6,30.4,61.4,8.0,393.1,mothbeans
59.4,12.1,49.4,29.4,63.2,8.03,397.9,mothbeans
52.1,15.0,25.6,29.2,65.5,7.64,393.7,mothbeans
55.4,26.9,69.5,29.0,58.1,7.6,408.0,mothbeans
86.3,19.1,50.0,28.4,63.5,7.74,419.4,mothbeans
66.7,40.3,34.2,31.9,60.5,7.45,393.7,mothbeans
58.0,27.6,30.4,30.1,63.9,7.69,435.2,mothbeans
90.1,21.0,20.5,29.7,64.3,7.73,427.3,mothbeans
100.7,17.2,39.6,31.8,63.8,7.79,382.3,mothbeans
55.0,20.2,33.6,29.9,60.2,7.51,392.2,mothbeans
69.2,53.0,48.3,29.3,61.6,7.48,421.8,mothbeans
77.8,22.8,39.5,29.3,61.8,7.83,394.8,mothbeans
45.5,13.2,67.0,30.1,65.9,7.9,413.5,mothbeans
77.0,13.6,45.5,31.2,60.9,7.74,365.7,mothbeans
58.4,19.3,41.3,32.3,61.9,8.21,375.2,mothbeans
51.5,22.2,22.1,29.8,63.0,7.65,426.1,mothbeans
58.1,34.5,41.6,31.4,62.9,7.48,474.0,mothbeans
46.3,22.4,53.1,30.0,61.6,7.74,441.9,mothbeans
28.2,16.1,36.4,32.3,63.0,7.61,412.9,mothbeans
40.7,53.1,59.7,29.8,62.0,7.35,346.6,mothbeans
46.6,21.1,43.9,29.7,63.2,7.82,408.0,mothbeans
39.4,14.4,47.0,30.4,60.4,7.71,374.6,mothbeans
52.9,21.4,26.9,31.8,61.3,7.68,428.7,mothbeans
45.6,22.1,41.9,30.1,63.6,7.54,396.3,mothbeans
56.3,23.6,27.9,28.1,63.5,7.77,337.8,mothbeans
73.4,26.7,34.7,30.7,63.2,7.5,435.7,mothbeans
42.0,34.3,13.3,30.7,62.4,8.13,424.8,mothbeans
66.8,32.5,13.9,29.9,63.1,7.46,348.6,mothbeans
53.3,28.5,24.7,32.5,63.4,8.09,422.9,mothbeans
48.7,33.4,49.6,30.0,66.0,7.71,345.7,mothbeans
47.8,25.0,35.5,28.7,62.9,8.21,381.2,mothbeans
57.8,71.6,23.3,31.6,62.2,7.44,389.9,mothbeans
79.1,14.1,39.9,29.6,64.4,7.76,400.9,mothbeans
71.8,10.9,16.8,29.9,62.5,7.61,380.6,mothbeans
68.2,5.0,34.2,28.3,63.3,7.63,402.2,mothbeans
58.3,5.0,41.2,29.1,64.4,8.25,411.3,mothbeans
41.3,24.4,57.7,29.6,63.4,7.64,413.1,mothbeans
42.4,22.6,27.7,31.0,62.7,7.93,417.6,mothbeans
71.8,20.7,27.1,27.6,61.1,7.83,438.6,mothbeans
83.9,15.2,59.0,32.5,62.9,8.12,345.4,mothbeans
48.5,18.1,43.3,28.4,63.6,7.56,374.5,mothbeans
43.0,54.6,43.5,29.7,60.7,7.39,389.2,mothbeans
71.6,14.6,51.7,30.5,62.0,7.89,432.2,mothbeans
45.1,19.6,30.3,30.5,65.9,7.92,371.7,mothbeans
85.3,24.4,49.0,32.5,63.6,7.58,375.3,mothbeans
61.7,10.9,43.2,30.5,58.3,7.86,402.2,mothbeans
68.8,16.9,37.6,28.0,62.6,7.75,457.8,mothbeans
55.0,22.3,20.9,29.4,61.1,7.74,373.5,mothbeans
55.9,20.0,41.4,28.5,63.8,7.7,403.2,mothbeans
62.6,9.0,10.0,32.7,61.3,7.8,417.6,mothbeans
58.7,19.2,34.6,31.2,64.7,7.82,368.4,mothbeans
67.0,18.6,44.7,27.7,59.8,7.91,385.2,mothbeans
60.1,15.9,49.4,31.7,62.1,7.7,327.3,mothbeans
55.9,21.1,34.8,31.5,64.4,7.83,394.5,mothbeans
78.7,19.0,51.5,30.9,64.1,7.8,434.4,mothbeans
67.4,19.8,66.2,28.4,63.5,7.7,419.5,mothbeans
37.4,18.9,52.8,30.4,60.2,7.75,309.9,mothbeans
63.5,36.5,32.1,31.4,59.1,7.91,424.5,mothbeans
37.4,12.7,42.7,31.2,61.3,7.89,380.4,mothbeans
29.0,21.1,52.7,29.2,62.8,7.7,408.1,mothbeans
80.4,20.0,14.5,30.8,61.3,7.91,339.4,mothbeans
52.5,6.3,23.5,28.7,62.7,7.75,373.3,mothbeans
78.9,5.0,63.5,30.6,61.9,7.51,388.7,mothbeans
68.6,18.9,60.3,30.7,61.8,7.71,380.3,mothbeans
63.3,20.1,47.2,27.9,64.1,7.56,424.2,mothbeans
48.8,15.2,36.4,30.3,62.1,7.73,395.9,mothbeans
48.7,45.4,61.1,31.2,63.6,7.37,371.5,mothbeans
57.0,18.4,46.0,30.9,64.8,7.8,380.4,mothbeans
50.7,28.8,49.3,30.7,61.8,7.71,360.3,mothbeans
45.5,18.7,18.2,28.2,63.9,7.61,446.5,mothbeans
52.6,22.2,42.1,31.9,63.8,7.73,381.9,mothbeans
88.3,21.1,40.1,29.5,64.0,7.59,394.5,mothbeans
60.1,24.8,40.6,30.6,60.8,7.83,392.1,mothbeans
76.6,15.7,38.8,28.9,64.0,7.69,390.1,mothbeans
21.6,15.2,67.7,32.4,65.1,7.96,411.3,mothbeans
53.9,25.4,53.6,28.9,64.5,8.02,414.3,mothbeans
72.3,28.4,31.1,28.1,64.4,7.77,433.5,mothbeans
78.0,19.7,22.6,32.1,67.0,7.74,467.9,mothbeans
68.1,36.1,36.1,29.9,62.1,7.57,413.0,mothbeans
64.8,27.8,57.7,30.5,64.0,7.75,400.6,mothbeans
56.3,32.6,43.0,33.1,61.4,7.39,390.8,mothbeans
56.2,36.1,40.3,29.7,59.6,7.61,329.1,mothbeans
77.8,34.3,48.6,30.1,61.1,7.87,385.5,mothbeans
63.1,22.3,46.9,29.3,64.1,7.89,410.7,mothbeans
38.4,15.3,10.0,28.8,62.6,7.9,331.9,mothbeans
52.5,17.1,32.7,28.9,57.7,7.57,351.8,mothbeans
85.0,17.1,20.7,29.8,61.4,8.03,456.3,mothbeans
62.1,32.0,12.8,30.6,57.7,7.7,453.2,mothbeans
64.8,28.5,59.8,30.6,60.9,7.8,424.0,mothbeans
60.9,14.0,52.9,30.6,60.1,7.76,406.5,mothbeans
38.0,24.1,17.8,30.6,63.5,7.58,409.3,mothbeans
64.9,32.2,54.8,33.4,62.1,7.92,396.2,mothbeans
58.8,19.5,34.3,30.2,64.8,7.54,382.7,mothbeans
78.2,21.9,34.4,34.3,64.1,8.25,456.0,mothbeans
36.9,27.9,18.7,28.2,62.7,7.52,376.3,mothbeans
72.8,12.8,55.8,29.9,62.4,7.58,429.3,mothbeans
52.4,24.2,28.3,29.4,63.0,7.99,420.2,mothbeans
67.1,20.1,57.0,28.1,63.9,7.86,410.3,mothbeans
46.6,24.5,54.9,28.7,63.5,7.64,366.8,mothbeans
26.5,8.3,43.3,30.3,66.6,7.94,344.0,mothbeans
70.1,13.1,70.9,30.9,62.8,7.89,377.0,mothbeans
46.5,48.5,45.4,31.5,68.8,6.97,530.0,watermelon
48.8,48.5,46.2,29.6,71.7,6.81,486.1,watermelon
51.1,31.5,20.8,29.7,69.7,6.79,480.8,watermelon
38.8,33.3,42.6,27.5,69.2,6.64,478.6,watermelon
57.8,29.1,26.7,25.9,71.2,6.7,451.4,watermelon
64.8,29.1,34.4,27.8,67.7,6.83,432.5,watermelon
76.1,25.1,79.1,26.0,69.7,6.69,456.1,watermelon
71.7,48.0,58.8,24.6,70.1,7.23,516.6,watermelon
58.1,51.4,19.3,27.1,70.7,6.68,482.8,watermelon
37.3,29.8,33.0,27.7,69.6,6.85,494.4,watermelon
52.7,30.4,52.1,24.2,69.2,7.12,538.8,watermelon
35.4,45.0,56.5,25.2,70.6,7.07,403.7,watermelon
46.6,45.7,36.8,27.8,69.8,6.59,543.1,watermelon
43.5,53.8,68.1,26.6,71.6,6.7,527.2,watermelon
90.4,38.2,45.8,24.5,72.4,6.7,481.2,watermelon
69.8,57.6,34.9,24.3,69.7,6.79,430.3,watermelon
87.4,50.9,47.0,28.4,68.9,6.79,498.0,watermelon
57.9,40.0,23.3,25.9,70.2,6.86,484.1,watermelon
47.0,37.0,67.4,26.7,70.3,7.0,507.3,watermelon
59.7,29.4,36.3,24.5,72.0,7.07,493.3,watermelon
67.4,40.1,42.3,27.6,71.8,6.63,499.6,watermelon
68.8,30.6,64.8,28.1,71.3,6.86,482.4,watermelon
57.6,5.0,65.0,28.1,68.9,6.63,487.8,watermelon
70.8,44.2,35.5,29.2,69.9,6.96,541.1,watermelon
53.4,41.5,44.9,28.8,70.9,6.73,521.8,watermelon
56.8,37.7,70.8,29.8,68.5,6.71,466.0,watermelon
54.7,42.8,40.2,31.5,69.3,6.88,521.2,watermelon
62.2,51.9,49.0,25.8,68.0,6.87,438.8,watermelon
62.8,45.6,36.5,32.5,69.9,6.56,506.8,watermelon
60.4,45.3,66.4,28.5,71.8,6.76,504.1,watermelon
41.0,48.8,15.8,27.6,70.4,6.7,482.8,watermelon
82.2,45.8,36.9,25.1,71.2,6.84,484.4,watermelon
67.4,42.0,38.1,23.5,70.8,6.52,489.4,watermelon
77.0,42.8,48.1,27.1,68.4,6.2,482.8,watermelon
76.5,30.8,46.4,28.5,72.9,6.82,512.1,watermelon
33.0,29.5,48.5,32.7,69.6,6.75,515.4,watermelon
81.3,20.7,36.2,29.1,69.1,6.79,515.0,watermelon
68.6,34.8,51.0,26.5,68.7,6.59,510.1,watermelon
65.1,51.7,19.1,28.5,68.7,7.01,529.3,watermelon
55.0,23.1,10.3,27.1,70.6,6.99,501.5,watermelon
70.8,61.8,67.2,26.7,70.6,6.75,523.0,watermelon
78.4,42.6,24.0,30.7,69.2,7.12,524.5,watermelon
53.3,45.2,58.4,29.3,70.1,6.47,531.4,watermelon
60.5,31.3,12.4,27.6,67.3,7.12,475.4,watermelon
46.2,40.6,53.7,26.3,68.5,6.92,551.5,watermelon
59.3,47.5,37.6,24.3,70.4,6.81,529.3,watermelon
58.3,25.7,79.9,23.7,72.4,6.72,496.8,watermelon
46.7,40.2,28.3,23.1,69.3,6.66,496.8,watermelon
81.2,29.6,49.3,24.8,68.6,6.8,414.0,watermelon
47.3,33.4,39.9,27.0,69.5,6.57,481.5,watermelon
74.4,42.6,10.0,24.6,69.2,6.83,504.2,watermelon
57.7,39.7,52.2,26.1,69.9,6.65,480.0,watermelon
48.5,28.4,41.6,26.4,70.9,6.76,424.6,watermelon
75.1,41.9,31.7,26.4,71.1,6.79,562.4,watermelon
70.4,43.2,46.9,24.9,69.2,6.96,535.5,watermelon
45.0,45.6,57.4,26.5,69.7,6.75,499.1,watermelon
54.5,26.2,56.4,27.9,71.5,7.03,550.4,watermelon
55.0,51.0,51.4,30.1,68.3,6.79,509.1,watermelon
61.3,37.5,14.5,26.6,68.9,6.65,474.4,watermelon
49.9,36.5,40.7,31.0,68.8,6.68,453.4,watermelon
41.3,22.1,31.2,27.2,69.4,6.66,459.9,watermelon
54.2,64.4,46.1,26.5,71.0,6.91,589.8,watermelon
63.7,51.8,39.0,28.7,71.1,6.8,513.8,watermelon
65.3,44.0,30.9,22.1,67.4,6.69,509.4,watermelon
47.3,37.9,48.3,23.2,67.2,6.48,461.2,watermelon
38.7,65.0,27.9,26.5,69.8,7.14,509.6,watermelon
43.7,38.4,43.1,29.0,69.2,6.77,475.4,watermelon
46.6,42.6,55.4,21.9,69.0,7.16,458.7,watermelon
70.3,51.1,42.7,26.1,70.3,6.59,476.1,watermelon
23.0,47.3,28.9,30.1,68.9,6.34,529.0,watermelon
54.6,30.5,32.7,26.9,69.5,6.68,534.9,watermelon
77.6,59.4,36.8,30.5,70.4,6.89,468.6,watermelon
82.3,50.1,33.7,28.9,71.7,6.74,510.0,watermelon
61.0,38.9,18.2,25.2,69.6,6.53,486.0,watermelon
46.8,49.5,26.8,23.6,70.5,6.65,515.4,watermelon
47.5,34.1,41.3,29.3,71.1,6.51,548.8,watermelon
57.9,34.4,45.0,27.9,71.2,6.86,465.7,watermelon
92.2,32.7,31.1,26.9,70.3,6.59,502.1,watermelon
62.1,52.0,19.4,24.7,71.9,6.56,492.6,watermelon
65.7,20.7,51.0,27.9,71.6,6.77,512.0,watermelon
59.9,63.9,62.7,31.6,69.6,6.72,534.3,watermelon
66.7,44.3,62.0,25.6,71.5,6.71,471.1,watermelon
68.4,31.1,38.5,24.9,71.8,7.18,514.3,watermelon
61.9,44.1,38.5,26.7,70.7,6.9,537.6,watermelon
69.9,42.7,40.0,27.2,70.1,6.9,447.8,watermelon
59.8,51.9,62.8,26.1,71.4,6.86,491.0,watermelon
60.2,38.8,54.2,29.2,69.1,6.89,521.2,watermelon
49.5,40.5,45.6,26.9,71.4,6.79,469.0,watermelon
85.9,59.8,42.2,25.4,70.0,6.38,492.7,watermelon
48.1,17.6,39.1,28.1,68.9,6.85,509.3,watermelon
54.7,33.0,27.0,27.1,69.2,6.71,555.4,watermelon
57.8,68.9,31.1,25.8,69.0,7.18,508.1,watermelon
35.0,36.2,59.5,23.1,69.2,6.59,517.0,watermelon
56.9,28.8,36.4,27.9,69.6,7.02,496.0,watermelon
69.8,33.7,32.2,27.8,67.2,6.69,482.7,watermelon
37.0,42.4,34.7,29.7,69.6,6.66,525.1,watermelon
65.8,40.6,32.1,32.1,71.4,6.57,521.2,watermelon
61.5,47.7,58.8,26.5,71.5,6.43,433.0,watermelon
53.9,32.5,40.8,31.6,70.4,7.04,521.7,watermelon
50.9,41.0,45.8,25.5,70.6,6.74,474.5,watermelon
63.3,17.3,49.1,26.2,69.9,6.89,518.5,watermelon
49.6,23.4,50.9,29.1,69.5,6.66,461.7,watermelon
37.8,45.0,54.8,28.8,69.8,6.97,529.5,watermelon
46.8,40.0,33.2,25.2,68.3,6.89,485.7,watermelon
40.3,44.7,45.1,25.1,70.4,6.77,489.6,watermelon
38.5,47.1,49.2,30.2,71.3,6.6,463.0,watermelon
57.8,50.1,24.5,29.7,69.0,6.65,472.9,watermelon
78.0,53.3,37.6,28.4,69.4,6.89,509.4,watermelon
43.9,25.9,25.6,28.7,69.6,6.7,491.0,watermelon
36.7,38.1,41.3,28.6,68.0,6.61,528.2,watermelon
47.4,35.2,60.7,27.3,68.5,6.48,549.9,watermelon
53.0,41.9,21.8,28.9,71.4,6.72,495.2,watermelon
54.0,37.9,61.4,25.2,70.6,6.88,553.0,watermelon
47.9,31.4,39.5,25.2,71.3,6.57,508.1,watermelon
55.4,53.5,42.2,27.1,70.3,6.68,477.9,watermelon
49.0,40.4,55.3,28.8,69.2,6.74,505.8,watermelon
45.3,22.9,33.9,24.4,71.0,6.69,479.1,watermelon
66.6,43.6,39.8,27.7,71.3,6.69,525.5,watermelon
66.2,62.2,39.5,31.2,67.6,6.69,394.7,watermelon
58.9,25.3,31.1,28.5,71.1,6.62,499.3,watermelon
89.6,52.4,47.2,24.8,69.7,6.8,480.2,watermelon
56.6,45.8,20.5,22.7,70.1,6.98,467.6,watermelon
74.2,48.7,15.5,25.3,67.5,6.86,491.2,watermelon
70.4,54.3,10.0,27.2,69.2,6.25,471.5,watermelon
51.7,47.1,20.9,24.6,69.8,6.74,511.8,watermelon
61.1,40.2,32.6,29.3,69.9,7.07,499.7,watermelon
92.0,33.7,47.8,26.5,71.7,6.72,551.5,watermelon
79.0,43.2,37.7,28.5,70.5,6.61,477.4,watermelon
55.6,28.4,30.1,27.0,67.3,6.89,513.6,watermelon
47.2,20.4,33.8,28.3,69.5,7.07,477.0,watermelon
74.6,34.1,61.5,25.3,69.0,6.52,538.6,watermelon
19.2,39.8,50.0,26.2,68.5,6.27,438.4,watermelon
67.5,17.0,33.2,30.4,71.2,6.65,506.3,watermelon
65.3,21.8,55.6,30.4,69.7,6.98,481.3,watermelon
61.2,21.5,53.6,30.6,71.6,6.79,466.8,watermelon
51.5,53.5,10.4,29.0,70.8,6.78,526.4,watermelon
53.4,57.7,36.9,30.8,68.5,6.61,506.5,watermelon
57.2,27.8,35.3,29.1,70.6,6.64,549.3,watermelon
60.0,25.3,58.3,24.4,70.6,6.6,465.2,watermelon
50.6,37.1,44.7,27.8,69.8,6.58,543.3,watermelon
81.6,33.8,24.0,26.6,69.2,6.68,507.7,watermelon
61.4,30.4,49.8,29.4,72.0,6.72,409.7,watermelon
67.5,36.5,76.0,25.7,71.1,6.94,509.3,watermelon
54.1,36.8,31.8,25.9,67.8,6.69,504.2,watermelon
66.9,43.0,27.7,27.9,67.7,7.11,542.7,watermelon
54.8,29.7,27.7,29.1,71.3,6.97,490.2,watermelon
36.4,39.6,48.9,27.0,69.9,6.44,527.9,watermelon
76.5,54.8,57.7,25.9,71.2,6.35,453.7,watermelon
42.6,40.5,28.1,29.0,71.1,6.86,520.6,watermelon
92.6,30.1,25.8,29.3,68.6,6.98,494.5,watermelon
47.0,44.2,22.8,24.4,70.5,6.81,441.2,watermelon
56.4,48.3,70.3,29.3,70.6,6.81,540.8,watermelon
72.5,55.3,43.1,27.9,69.3,6.74,479.1,watermelon
61.7,31.2,32.2,28.3,70.3,6.74,489.4,watermelon
50.7,26.8,20.7,29.7,70.3,6.87,453.9,watermelon
71.2,29.4,24.9,27.5,71.1,7.2,533.4,watermelon
60.9,32.4,42.9,27.8,68.4,6.62,457.3,watermelon
85.3,49.0,40.2,26.6,71.5,6.95,442.6,watermelon
50.8,44.9,50.7,26.8,69.9,6.85,535.6,watermelon
65.9,39.4,54.1,28.7,69.6,6.91,494.5,watermelon
77.3,51.5,54.1,25.0,72.1,6.43,452.3,watermelon
54.4,20.9,32.4,28.8,69.6,6.95,509.4,watermelon
27.6,44.6,19.7,26.3,70.4,6.42,521.7,watermelon
55.6,50.9,10.0,28.6,68.4,7.15,473.4,watermelon
42.4,25.5,49.3,28.3,71.0,6.62,461.0,watermelon
78.3,37.3,62.9,23.6,71.3,6.85,472.0,watermelon
56.3,42.6,13.7,26.4,69.2,6.55,527.1,watermelon
68.8,45.8,42.5,28.2,70.8,6.71,481.3,watermelon
41.0,47.4,45.0,27.1,69.9,6.56,538.0,watermelon
68.3,52.8,19.5,30.7,70.6,6.62,551.0,watermelon
71.4,20.0,24.0,26.6,70.7,7.04,406.1,watermelon
39.2,36.5,34.1,27.8,71.8,6.82,521.3,watermelon
37.8,41.2,63.5,28.0,68.1,6.82,523.1,watermelon
80.1,31.4,21.4,27.9,71.1,6.56,450.2,watermelon
40.0,42.7,46.7,31.8,69.6,6.78,499.3,watermelon
53.2,54.3,42.7,22.4,69.2,6.73,536.2,watermelon
71.5,40.8,50.4,27.6,70.4,6.9,500.0,watermelon
61.5,37.5,28.7,28.3,67.8,6.93,427.5,watermelon
63.6,29.3,21.9,29.4,67.2,6.35,488.5,watermelon
70.8,22.5,58.9,27.2,71.5,6.75,512.9,watermelon
53.0,34.8,35.6,22.2,69.2,6.7,512.9,watermelon
64.6,31.8,45.2,31.7,70.8,6.69,536.6,watermelon
60.8,37.7,51.4,27.3,69.4,6.93,516.4,watermelon
53.0,26.8,30.0,31.5,69.8,6.83,500.6,watermelon
43.3,52.7,46.6,30.7,70.3,6.44,483.4,watermelon
60.5,30.7,50.9,27.8,70.2,6.77,456.8,watermelon
42.5,42.2,40.6,25.5,67.4,6.74,491.6,watermelon
34.1,54.8,44.2,27.5,68.2,6.74,460.9,watermelon
58.3,55.3,31.6,29.6,70.4,6.74,532.0,watermelon
57.3,38.2,41.5,27.1,69.2,6.67,467.9,watermelon
60.9,48.1,22.6,28.2,71.9,6.74,504.9,watermelon
63.8,23.8,55.9,26.9,70.6,6.67,512.3,watermelon
79.7,61.0,16.4,28.7,70.3,6.62,499.5,watermelon
51.7,13.3,23.3,29.1,70.6,6.58,524.6,watermelon
55.0,38.8,57.0,32.2,71.6,6.83,452.6,watermelon
85.2,46.4,27.3,24.5,70.9,6.66,485.8,watermelon
36.7,52.7,35.3,28.9,68.3,6.98,489.8,watermelon
51.9,48.0,36.1,31.6,70.5,6.76,512.7,watermelon
49.1,27.7,44.2,26.3,69.8,6.92,487.3,watermelon
68.0,58.0,42.1,27.4,71.2,6.68,499.4,watermelon
68.4,53.7,63.1,27.7,71.5,6.63,457.5,watermelon
53.7,34.6,34.8,21.8,71.8,6.83,496.4,watermelon
53.6,57.1,29.6,31.3,69.6,6.82,437.7,watermelon
69.5,42.4,25.3,28.7,69.1,6.65,493.3,watermelon
50.9,63.7,34.9,31.7,68.3,6.52,509.8,watermelon
43.4,41.0,33.1,27.3,68.4,6.48,489.2,watermelon
42.9,25.5,16.8,26.7,71.3,6.53,520.0,watermelon
54.2,47.7,48.0,28.8,68.5,6.67,479.7,watermelon
27.7,22.5,18.5,25.0,69.1,6.65,500.0,watermelon
63.2,55.9,23.6,26.6,70.4,6.81,487.8,watermelon
62.0,22.3,28.2,25.8,69.6,6.74,542.2,watermelon
61.4,25.9,38.6,25.4,68.4,6.55,545.5,watermelon
43.1,35.2,36.1,29.8,70.0,6.75,494.7,watermelon
65.6,38.1,17.0,28.3,71.8,6.92,431.7,watermelon
33.4,61.6,40.9,27.2,68.3,6.9,513.2,watermelon
71.2,55.7,39.1,27.2,68.4,7.01,515.5,watermelon
71.5,57.1,55.2,23.5,71.3,6.72,453.9,watermelon
72.2,44.0,48.4,29.5,72.7,6.57,481.3,watermelon
32.9,52.6,11.8,24.2,67.1,6.28,562.9,watermelon
83.6,34.5,53.2,25.3,70.6,6.67,499.2,watermelon
62.7,52.0,40.4,31.6,69.0,6.52,493.2,watermelon
58.9,34.6,61.3,27.1,70.2,6.69,430.2,watermelon
74.4,49.8,47.9,28.0,71.6,6.8,503.3,watermelon
58.6,44.7,34.7,26.8,70.4,7.12,509.4,watermelon
52.1,51.4,57.1,26.9,68.6,6.82,488.3,watermelon
55.3,53.6,33.3,27.1,67.0,6.73,523.1,watermelon
85.2,48.3,38.7,29.8,67.3,6.81,527.7,watermelon
67.8,41.6,37.3,24.7,71.1,6.26,469.5,watermelon
65.8,25.8,28.7,27.8,71.1,6.74,470.3,watermelon
92.4,37.6,59.3,28.2,70.7,7.07,569.8,watermelon
56.8,53.0,32.2,27.5,71.6,6.75,476.1,watermelon
69.9,56.7,29.8,26.3,70.8,6.82,524.9,watermelon
54.8,45.4,44.6,29.7,73.9,7.01,525.9,watermelon
53.6,35.7,65.6,33.5,69.7,6.72,530.9,watermelon
45.7,34.5,56.1,27.4,70.5,6.56,549.4,watermelon
62.9,22.0,26.6,28.4,69.3,6.77,440.8,watermelon
74.4,41.8,28.2,27.2,68.5,6.69,462.1,watermelon
50.2,40.1,50.2,27.9,70.6,6.59,480.1,watermelon
65.4,38.5,28.4,29.5,72.6,6.81,521.3,watermelon
81.2,26.6,31.0,27.4,69.8,6.71,499.7,watermelon
49.4,38.0,64.4,25.7,71.5,6.72,535.2,watermelon
66.8,38.7,26.2,22.9,69.7,6.61,501.4,watermelon
68.1,36.3,29.7,31.9,70.1,6.77,465.4,watermelon
77.9,44.0,27.3,30.3,67.5,6.72,475.7,watermelon
67.1,43.4,27.4,28.7,70.0,6.57,494.4,watermelon
75.6,40.6,42.9,30.1,71.5,6.56,504.9,watermelon
72.1,34.8,23.3,31.5,69.9,6.79,506.1,watermelon
68.8,45.0,17.8,25.6,69.3,6.68,495.6,watermelon
93.1,42.8,39.1,28.0,69.8,6.63,547.4,watermelon
77.2,56.5,36.6,29.2,69.5,6.74,483.3,watermelon
69.7,58.0,59.2,24.9,69.6,6.62,492.9,watermelon
36.4,56.5,27.7,27.3,71.3,6.63,468.4,watermelon
10.0,24.8,50.3,29.8,68.4,6.6,486.5,watermelon
76.6,52.2,22.1,26.7,71.0,7.0,502.2,watermelon
61.8,42.8,66.9,23.8,70.2,6.94,439.2,watermelon
57.0,46.7,11.6,28.6,67.5,6.99,485.2,watermelon
46.3,30.5,21.5,29.1,67.4,6.52,496.5,watermelon
70.1,72.7,42.5,27.0,70.6,6.68,522.5,watermelon
68.7,34.1,54.9,24.4,70.2,6.46,501.4,watermelon
41.5,39.5,15.8,27.3,71.3,6.64,497.5,watermelon
24.4,48.3,26.9,25.3,69.3,6.8,536.5,watermelon
61.8,47.0,38.3,26.0,70.2,6.72,531.6,watermelon
39.4,43.2,53.9,27.9,68.9,6.6,455.6,watermelon
53.6,54.5,21.0,28.3,71.0,6.7,519.5,watermelon
80.0,50.8,44.1,28.3,68.7,6.98,507.3,watermelon
57.0,27.1,32.5,26.8,72.1,6.78,505.1,watermelon
49.1,34.4,27.8,26.5,71.8,6.89,511.0,watermelon
44.4,33.2,46.4,29.8,70.6,6.77,546.4,watermelon
64.1,20.0,32.8,27.1,69.4,6.86,484.4,watermelon
94.6,50.1,35.8,28.7,68.8,7.01,466.4,watermelon
76.4,45.2,24.0,27.8,68.0,6.9,553.5,watermelon
84.9,37.7,28.4,28.5,70.5,6.71,557.3,watermelon
58.0,56.0,27.6,29.1,67.5,6.68,484.1,watermelon
73.3,34.0,31.2,30.4,68.1,6.54,506.4,watermelon
62.3,20.3,52.4,26.3,69.5,6.75,530.0,watermelon
61.2,19.9,37.1,26.7,70.3,6.81,555.8,watermelon
56.8,41.4,49.0,27.1,70.0,6.62,480.6,watermelon
50.6,35.7,11.6,28.0,71.6,6.86,506.0,watermelon
70.4,41.8,20.0,30.7,68.9,6.65,488.3,watermelon
67.9,25.4,29.0,23.9,69.0,6.68,545.9,watermelon
47.9,69.8,28.9,25.2,70.2,6.74,536.0,watermelon
73.0,61.4,62.3,24.2,69.3,6.71,482.3,watermelon
64.6,54.7,38.2,22.4,70.3,6.74,502.0,watermelon
52.7,50.8,40.3,25.3,66.5,6.95,501.4,watermelon
55.3,40.3,49.7,27.3,71.0,6.63,521.7,watermelon
57.6,49.9,40.5,26.4,72.9,6.63,472.6,watermelon
39.9,33.5,58.2,24.2,70.9,7.04,547.0,watermelon
59.9,30.6,60.2,23.2,72.5,6.78,467.5,watermelon
64.8,31.6,74.7,29.6,72.0,6.48,504.2,watermelon
69.3,47.0,27.1,28.0,69.6,6.54,448.5,watermelon
57.6,44.1,41.6,26.8,70.3,6.6,470.6,watermelon
49.2,34.8,51.5,26.6,67.4,6.71,512.0,watermelon
29.1,43.9,29.0,30.6,71.2,6.6,527.2,watermelon
72.2,21.4,55.8,25.4,68.3,6.86,471.7,watermelon
46.6,35.3,35.3,26.6,68.6,7.07,524.5,watermelon
71.6,33.7,15.0,26.8,67.5,6.64,516.9,watermelon
41.9,50.9,46.7,25.3,70.1,6.74,540.8,watermelon
52.5,38.2,21.5,26.6,68.6,6.89,528.6,watermelon
76.9,39.6,43.0,26.7,69.2,6.55,458.8,watermelon
40.4,42.2,46.0,27.4,69.5,7.03,504.0,watermelon
59.4,34.7,29.5,26.0,69.6,6.41,524.3,watermelon
98.1,65.0,34.0,31.0,70.9,7.11,457.8,watermelon
47.6,55.5,54.2,27.9,71.5,7.07,476.3,watermelon
80.3,46.2,40.1,30.5,68.4,6.74,498.5,watermelon
46.0,42.0,28.4,29.5,70.4,6.77,467.2,watermelon
79.5,19.1,63.8,23.6,69.0,6.73,535.3,watermelon
54.4,56.3,47.6,24.9,71.0,6.69,482.2,watermelon
59.3,56.0,19.4,28.6,70.1,6.46,497.8,watermelon
74.2,51.8,15.2,29.3,68.8,6.36,502.7,watermelon
56.9,44.3,41.4,26.7,71.9,7.01,523.0,watermelon
89.6,33.2,28.7,28.0,70.4,7.16,541.9,watermelon
50.4,69.9,31.7,25.1,68.3,6.64,513.6,watermelon
57.8,42.3,15.6,22.8,68.9,6.86,498.2,watermelon
65.3,32.4,22.3,26.8,69.4,6.76,539.5,watermelon
63.6,49.0,49.1,33.9,69.8,7.0,521.5,watermelon
60.0,29.0,36.5,30.0,69.8,6.92,463.5,watermelon
77.7,59.1,27.7,27.6,72.0,6.52,448.8,watermelon
69.7,45.1,65.2,29.5,69.9,7.02,523.3,watermelon
37.6,55.3,38.0,29.4,68.6,6.75,501.1,watermelon
50.4,35.3,50.4,26.5,69.9,7.05,532.0,watermelon
73.8,31.7,44.0,33.6,68.6,6.33,507.5,watermelon
71.7,19.3,52.0,24.0,68.0,6.35,564.0,watermelon
52.1,42.9,39.6,27.8,71.6,6.69,428.8,watermelon
52.1,47.8,22.2,26.3,69.5,6.55,462.6,watermelon
64.2,49.9,74.5,26.7,69.7,6.63,498.5,watermelon
62.2,37.6,33.8,29.3,70.8,6.57,450.6,watermelon
75.6,44.9,56.3,29.7,72.1,6.64,477.0,watermelon
46.5,46.4,46.1,27.1,70.8,6.6,526.9,watermelon
50.0,30.9,38.7,26.0,69.1,6.86,519.2,watermelon
46.3,32.2,62.9,27.0,70.8,6.9,481.4,watermelon
49.3,33.6,51.0,26.5,69.1,6.61,534.7,watermelon
43.6,34.6,26.9,25.7,68.6,6.7,494.6,watermelon
54.8,37.5,45.0,28.0,70.3,7.05,490.1,watermelon
26.3,46.7,25.0,30.7,66.5,6.52,494.8,watermelon
41.1,37.7,23.3,25.3,70.4,6.75,461.5,watermelon
56.5,48.9,33.9,29.0,70.7,6.73,511.1,watermelon
19.2,65.6,45.0,28.1,70.1,6.61,507.2,watermelon
68.4,51.5,26.6,26.8,68.7,6.48,494.4,watermelon
46.4,35.4,29.1,29.0,70.1,6.42,530.5,watermelon
48.4,49.8,50.5,29.6,71.2,7.02,546.7,watermelon
31.4,35.0,49.3,27.1,68.5,6.47,545.0,watermelon
57.1,68.0,21.7,25.7,69.5,6.47,475.8,watermelon
65.4,35.2,39.9,28.7,69.7,6.81,518.3,watermelon
48.3,33.9,73.6,30.1,68.9,6.81,520.5,watermelon
53.5,54.0,38.9,31.3,68.9,6.78,535.7,watermelon
66.2,48.4,51.6,27.5,69.6,6.39,556.2,watermelon
53.7,9.5,36.2,28.5,71.0,6.85,541.9,watermelon
73.0,39.1,50.9,33.3,70.5,6.62,492.4,watermelon
29.6,39.2,56.9,28.9,70.7,6.91,491.7,watermelon
59.3,20.1,49.5,27.2,69.0,6.87,593.9,watermelon
51.6,34.1,38.8,28.5,71.5,6.48,494.7,watermelon
43.6,18.3,55.0,30.2,71.9,6.48,508.5,watermelon
62.3,54.4,32.8,21.9,69.8,6.28,456.0,watermelon
52.9,35.0,46.1,28.7,70.5,6.97,559.6,watermelon
84.1,61.9,36.4,28.6,71.3,6.95,521.9,watermelon
47.7,44.9,73.6,28.0,71.3,6.76,510.1,watermelon
79.6,29.5,46.2,24.3,70.7,6.58,500.6,watermelon
75.8,51.9,34.6,26.0,69.8,6.65,518.5,watermelon
51.2,31.5,46.1,32.0,71.3,6.62,504.2,watermelon
69.6,23.5,68.9,25.9,68.4,6.75,500.8,watermelon
57.9,53.9,45.2,26.2,67.3,6.79,517.4,watermelon
58.3,42.9,41.5,26.9,70.2,6.84,540.9,watermelon
65.7,13.4,29.3,29.2,70.6,6.62,449.0,watermelon
53.5,30.1,49.9,27.3,67.8,6.76,488.8,watermelon
48.3,50.3,39.8,20.8,71.5,6.57,474.3,watermelon
65.9,52.7,60.7,28.2,71.5,6.77,509.5,watermelon
78.3,30.7,71.7,28.4,72.0,6.62,462.4,watermelon
75.4,60.2,34.6,28.7,69.5,6.77,542.5,watermelon
62.1,17.8,50.2,28.1,71.2,6.79,468.6,watermelon
51.0,39.5,26.8,25.8,69.9,6.85,461.6,watermelon
89.2,33.4,55.7,28.2,69.2,6.66,494.7,watermelon
53.2,46.1,12.8,30.9,70.4,6.59,524.0,watermelon
49.6,47.5,26.4,29.3,71.3,6.78,536.5,watermelon
69.7,46.8,46.3,29.7,69.2,7.0,506.4,watermelon
54.1,38.6,31.8,27.4,70.3,6.5,502.1,watermelon
60.8,43.8,44.7,29.1,69.7,6.81,550.4,watermelon
40.8,63.5,78.5,29.1,71.8,6.83,525.8,watermelon
81.2,52.2,38.9,31.5,70.4,6.84,499.7,watermelon
66.1,35.9,30.8,29.9,70.3,6.85,514.8,watermelon
56.5,33.9,45.1,27.3,70.9,6.96,532.8,watermelon
38.6,21.6,39.1,29.1,69.5,6.81,495.0,watermelon
45.4,36.1,56.8,29.3,70.0,6.58,458.2,watermelon
90.9,34.7,34.3,29.8,67.3,6.9,431.9,watermelon
70.4,38.3,42.4,29.5,71.1,6.77,510.4,watermelon
56.6,39.2,34.8,24.7,71.1,6.64,546.1,watermelon
79.0,39.9,38.4,24.1,68.2,6.93,506.7,watermelon
49.1,37.5,25.0,23.8,68.1,6.86,488.9,watermelon
55.3,43.6,38.4,28.4,67.7,6.29,501.9,watermelon
51.8,35.4,34.3,28.4,69.6,7.0,553.9,watermelon
46.0,55.1,33.3,25.0,71.2,6.36,528.9,watermelon
33.9,34.0,54.2,28.0,68.7,6.74,485.4,watermelon
77.5,48.1,39.7,27.2,68.9,6.83,479.3,watermelon
47.6,31.9,49.3,27.4,67.7,6.63,490.1,watermelon
69.6,71.2,40.8,27.8,71.2,7.09,470.3,watermelon
54.6,47.6,25.8,31.7,72.1,6.66,524.1,watermelon
67.5,28.2,32.1,23.8,69.9,7.01,435.1,watermelon
65.3,35.6,32.9,27.1,70.3,6.72,440.3,watermelon
42.6,50.3,48.3,23.0,70.1,6.87,531.2,watermelon
66.9,39.0,50.5,26.1,68.7,6.93,543.1,watermelon
56.8,37.5,26.6,29.8,71.3,6.41,515.9,watermelon
80.7,64.2,60.2,29.2,69.4,6.78,498.5,watermelon
71.9,42.4,41.5,25.3,69.9,6.82,472.5,watermelon
72.0,18.4,35.6,29.2,70.9,6.73,480.7,watermelon
74.5,49.9,48.5,27.8,71.3,6.65,545.7,watermelon
50.2,47.7,58.1,26.1,71.2,6.86,522.7,watermelon
49.1,41.7,35.0,28.5,72.2,6.92,527.8,watermelon
58.1,29.4,37.8,27.9,69.5,6.51,556.8,watermelon
42.5,26.3,36.3,27.1,68.8,6.94,520.7,watermelon
51.1,32.8,35.2,29.5,70.3,6.75,437.4,watermelon
57.5,45.6,65.0,30.7,69.4,6.72,564.5,watermelon
75.2,48.0,57.5,26.4,69.9,6.49,514.2,watermelon
69.4,56.6,23.3,24.7,71.1,6.84,514.0,watermelon
50.9,53.0,41.6,29.9,68.1,6.33,499.2,watermelon
75.0,19.2,59.8,27.2,70.2,6.61,519.2,watermelon
44.2,50.1,37.1,23.5,68.4,6.62,488.3,watermelon
64.8,26.7,34.4,28.2,69.3,6.93,458.0,watermelon
67.7,36.4,51.5,28.0,71.4,7.16,563.6,watermelon
85.6,50.8,44.5,32.4,67.8,6.36,467.4,watermelon
46.7,33.1,53.0,26.1,70.5,6.73,522.8,watermelon
53.2,51.9,57.5,27.2,71.2,6.63,548.4,watermelon
82.5,41.8,36.5,28.1,69.7,6.58,466.8,watermelon
46.7,49.5,22.3,25.9,69.5,6.75,429.2,watermelon
58.0,27.2,38.2,27.9,69.7,6.55,518.6,watermelon
83.1,58.5,35.7,28.2,69.0,6.64,497.5,watermelon
72.5,53.0,56.9,25.9,68.4,6.62,495.4,watermelon
77.6,66.2,35.8,23.9,70.4,6.64,510.9,watermelon
84.9,23.5,65.6,31.3,69.7,6.78,462.3,watermelon
61.6,42.8,26.7,23.6,70.2,6.97,531.9,watermelon
72.4,22.9,35.0,31.0,72.0,6.74,490.9,watermelon
75.0,53.2,50.1,26.3,68.1,6.79,499.7,watermelon
56.7,66.3,38.0,25.5,69.3,6.94,544.3,watermelon
57.4,43.0,22.8,27.4,69.4,6.69,488.3,watermelon
41.1,53.9,45.7,34.1,70.0,6.5,529.4,watermelon
75.9,41.1,39.3,23.5,68.6,6.96,483.7,watermelon
62.5,31.3,32.2,30.2,69.6,6.85,548.3,watermelon
77.7,38.8,60.5,25.4,69.9,6.8,506.4,watermelon
62.7,38.4,53.9,26.7,70.4,6.93,497.3,watermelon
73.5,44.3,79.8,25.2,70.8,6.88,523.0,watermelon
52.8,34.7,51.2,28.4,70.0,6.65,476.2,watermelon
37.2,33.6,59.3,23.5,68.4,6.72,450.4,watermelon
60.4,32.8,39.2,28.0,70.4,6.99,463.7,watermelon
55.0,27.7,51.0,23.8,69.2,6.63,464.0,watermelon
38.1,33.5,19.4,28.1,70.0,6.67,489.5,watermelon
73.8,62.9,49.9,26.2,68.7,6.79,493.6,watermelon
56.4,38.2,54.2,30.4,68.5,6.52,494.5,watermelon
66.1,29.1,29.1,26.2,70.1,6.49,502.0,watermelon
54.5,43.1,65.5,27.5,71.2,6.92,477.0,watermelon
28.3,41.9,50.2,25.0,68.5,6.8,500.8,watermelon
73.5,54.5,33.2,26.7,68.6,6.78,503.4,watermelon
51.9,13.1,35.2,25.1,71.5,6.64,451.1,watermelon
50.0,58.4,43.2,34.5,70.1,7.0,563.2,watermelon
75.6,33.4,10.0,29.2,70.6,7.32,482.0,watermelon
57.3,52.3,12.7,25.7,69.3,6.77,503.2,watermelon
77.9,39.2,47.0,27.2,66.8,6.56,513.7,watermelon
53.5,39.3,45.7,25.4,70.0,7.02,461.3,watermelon
61.9,38.3,31.7,29.8,71.2,6.5,524.1,watermelon
49.5,24.5,52.1,26.0,68.7,6.37,540.7,watermelon
79.5,42.3,39.0,27.1,69.1,6.58,524.3,watermelon
83.7,44.8,16.3,26.7,69.4,6.81,466.9,watermelon
54.5,41.2,31.6,28.0,71.8,6.88,513.6,watermelon
59.4,54.8,49.3,27.8,70.7,6.33,593.3,watermelon
56.5,39.3,36.0,28.5,69.8,6.75,519.0,watermelon
68.1,46.7,27.5,28.3,68.1,6.79,548.7,watermelon
54.5,45.9,38.5,26.2,70.2,6.73,532.4,watermelon
60.8,23.2,65.2,30.0,69.6,6.99,470.4,watermelon
55.9,30.1,34.0,28.2,69.0,6.65,522.3,watermelon
53.3,34.4,44.6,25.0,68.3,6.59,437.7,watermelon
60.2,39.2,53.0,31.2,69.2,6.98,487.9,watermelon
30.6,41.6,27.8,25.3,69.9,7.05,481.7,watermelon
50.6,46.7,13.8,23.5,70.0,6.76,477.5,watermelon
71.2,23.7,55.0,26.2,70.8,7.15,527.0,watermelon
64.1,36.9,35.3,26.3,71.6,6.48,550.7,watermelon
56.8,42.7,15.7,31.9,71.2,6.87,504.1,watermelon
50.2,37.3,17.8,26.3,69.8,6.72,496.6,watermelon
79.4,55.9,42.8,32.3,69.5,6.86,456.4,watermelon
59.5,36.1,27.9,25.2,69.8,6.49,545.8,watermelon
50.6,38.3,64.6,28.0,68.1,6.76,429.7,watermelon
81.5,42.0,50.1,27.7,71.0,6.71,448.7,watermelon
71.0,45.2,29.5,29.5,68.2,7.04,488.7,watermelon
32.6,49.5,21.3,24.8,71.5,6.92,490.6,watermelon
45.3,14.2,47.7,27.3,73.6,6.44,490.8,watermelon
75.5,36.2,22.1,32.0,67.8,6.78,535.8,watermelon
109.3,51.8,36.2,29.8,71.7,6.9,511.0,watermelon
76.3,19.3,62.9,23.9,69.9,6.82,477.4,watermelon
41.3,29.5,36.4,26.2,72.3,6.48,470.6,watermelon
58.2,43.0,46.6,30.8,71.5,6.74,539.2,watermelon
51.4,51.4,31.9,27.9,70.6,6.78,526.3,watermelon
48.8,38.1,34.7,27.8,69.0,6.44,470.4,watermelon
56.8,36.8,45.4,30.0,70.3,6.79,482.7,watermelon
59.5,56.9,44.1,24.7,69.2,6.83,528.0,watermelon
69.0,49.6,23.6,31.7,70.6,6.57,508.1,watermelon
79.1,39.4,28.0,24.4,70.2,6.82,564.6,watermelon
52.7,46.3,51.4,26.3,68.2,6.75,530.2,watermelon
48.6,55.7,24.2,30.8,70.8,6.54,504.6,watermelon
45.7,45.5,55.1,33.2,70.0,6.84,484.4,watermelon
49.7,51.9,51.1,26.1,71.4,6.57,475.1,watermelon
68.0,42.3,56.2,30.4,68.8,6.82,466.0,watermelon
64.6,44.4,30.5,27.5,71.6,6.59,504.1,watermelon
47.4,40.1,33.0,27.5,69.2,6.51,499.1,watermelon
37.9,52.0,63.4,24.0,70.1,6.74,555.8,watermelon
51.2,36.4,47.9,28.3,64.9,6.46,488.5,muskmelon
72.1,73.0,56.2,28.4,66.6,6.25,581.2,muskmelon
62.1,56.4,58.2,25.7,64.6,6.37,529.9,muskmelon
54.5,32.0,41.5,27.0,66.9,6.66,482.6,muskmelon
45.0,27.5,41.1,25.7,64.7,6.72,551.4,muskmelon
52.5,20.2,32.0,27.9,64.0,6.47,499.3,muskmelon
60.6,23.8,36.7,26.7,66.1,6.71,449.8,muskmelon
64.8,49.7,51.4,27.1,67.3,6.37,507.3,muskmelon
60.1,30.8,43.1,30.3,65.0,6.52,499.9,muskmelon
55.0,38.1,56.1,28.8,65.6,6.41,481.8,muskmelon
56.3,40.3,55.2,28.3,65.3,6.56,527.4,muskmelon
62.9,41.1,24.7,23.8,65.2,6.56,500.2,muskmelon
48.3,50.5,50.6,26.2,67.1,6.59,542.6,muskmelon
56.7,28.7,41.9,25.6,69.0,6.58,499.7,muskmelon
76.8,19.0,20.1,29.3,66.0,6.55,587.0,muskmelon
48.0,24.0,49.2,27.5,62.0,6.77,509.5,muskmelon
63.2,11.7,25.9,33.1,65.8,6.24,432.6,muskmelon
56.3,35.7,46.4,28.1,66.1,6.61,533.6,muskmelon
58.3,44.2,38.6,26.9,65.1,6.63,501.6,muskmelon
57.4,45.6,19.9,22.2,63.9,6.5,515.3,muskmelon
77.1,40.7,39.7,31.1,64.7,6.51,510.7,muskmelon
63.2,46.9,54.9,27.8,64.4,6.52,529.1,muskmelon
43.8,27.8,29.3,27.7,65.8,6.3,484.3,muskmelon
41.9,43.8,15.5,24.0,64.6,6.28,531.9,muskmelon
43.5,33.7,20.9,27.8,64.8,6.5,499.0,muskmelon
64.1,38.4,34.1,25.6,64.2,6.45,478.2,muskmelon
57.5,57.2,22.5,25.3,65.4,6.46,470.7,muskmelon
89.1,69.0,58.6,25.9,64.8,6.49,545.4,muskmelon
64.5,37.0,40.6,26.4,63.1,6.51,510.1,muskmelon
69.8,39.5,37.2,31.8,65.2,6.52,490.4,muskmelon
59.4,38.7,51.7,30.0,64.5,6.53,492.2,muskmelon
61.7,26.8,73.9,25.9,65.6,6.58,470.8,muskmelon
67.8,47.3,32.7,28.7,63.6,6.45,514.1,muskmelon
47.9,27.4,39.5,32.3,64.3,6.41,516.6,muskmelon
52.4,44.4,40.1,28.3,65.9,6.65,551.5,muskmelon
77.9,45.4,36.6,24.6,66.4,6.43,521.3,muskmelon
76.7,59.2,40.9,29.1,67.4,6.52,550.1,muskmelon
36.8,33.2,59.2,28.8,64.1,6.5,442.2,muskmelon
48.3,40.2,46.9,27.5,65.8,6.33,544.1,muskmelon
38.2,28.5,46.7,28.3,64.7,6.57,489.5,muskmelon
48.2,50.9,29.7,26.1,65.2,6.26,512.4,muskmelon
71.3,48.5,63.5,30.9,67.2,6.46,468.3,muskmelon
51.5,34.3,10.0,28.1,64.4,6.48,522.6,muskmelon
48.2,40.6,51.7,27.1,63.1,6.62,499.8,muskmelon
62.0,38.5,25.9,26.5,65.0,6.53,504.1,muskmelon
75.4,27.4,46.9,30.6,64.5,6.32,504.2,muskmelon
43.2,44.8,58.1,27.0,67.0,6.38,521.8,muskmelon
61.0,51.9,44.4,26.7,63.3,6.63,499.5,muskmelon
72.9,56.7,29.1,27.1,65.2,6.34,533.9,muskmelon
51.1,36.5,57.1,27.3,64.6,6.37,567.0,muskmelon
60.3,12.9,47.5,26.4,65.4,6.51,526.0,muskmelon
58.9,43.0,60.6,30.4,66.5,6.45,480.2,muskmelon
58.4,36.2,71.1,22.7,65.4,6.57,523.0,muskmelon
35.0,26.2,55.0,26.0,67.6,6.62,500.7,muskmelon
66.0,55.5,72.5,27.7,65.2,6.6,585.5,muskmelon
61.2,25.2,67.2,28.3,66.0,6.54,552.8,muskmelon
69.1,58.2,30.6,27.8,64.4,6.37,467.7,muskmelon
87.9,22.0,47.8,24.7,63.6,6.35,428.4,muskmelon
65.7,23.4,35.1,28.5,64.5,6.73,497.0,muskmelon
62.6,48.1,48.5,27.2,65.1,6.6,477.6,muskmelon
70.2,64.6,42.0,29.5,64.0,6.29,550.5,muskmelon
31.7,32.7,73.7,24.8,63.0,6.52,515.3,muskmelon
84.5,33.4,40.6,24.3,65.8,6.38,515.7,muskmelon
65.5,54.6,24.5,27.4,68.2,6.39,525.4,muskmelon
17.1,30.4,14.0,26.6,64.2,6.44,529.8,muskmelon
57.1,47.7,48.2,27.4,64.5,6.52,428.7,muskmelon
47.3,35.8,35.3,23.7,62.3,6.48,499.4,muskmelon
69.6,24.3,15.7,28.7,64.2,6.24,498.1,muskmelon
43.3,37.0,68.3,24.7,64.8,6.57,528.3,muskmelon
81.3,11.0,36.5,26.7,64.3,6.56,464.4,muskmelon
41.5,29.3,36.8,25.9,63.9,6.38,488.4,muskmelon
72.0,25.9,30.3,27.1,65.2,6.51,516.4,muskmelon
76.6,58.4,33.1,26.3,66.0,6.52,495.9,muskmelon
69.5,38.5,38.4,23.1,64.7,6.47,539.8,muskmelon
75.8,40.5,36.6,27.5,64.0,6.63,468.5,muskmelon
82.5,25.1,42.5,29.1,65.2,6.74,490.7,muskmelon
41.6,27.3,20.5,24.6,63.8,6.7,523.8,muskmelon
71.5,35.8,19.1,25.9,66.3,6.39,513.0,muskmelon
71.6,69.5,36.3,29.9,64.3,6.71,488.3,muskmelon
42.1,31.0,40.8,28.2,66.0,6.42,463.6,muskmelon
62.9,20.8,44.2,33.8,64.7,6.59,504.8,muskmelon
75.8,34.2,36.1,30.7,65.3,6.52,492.4,muskmelon
75.0,32.5,33.3,28.1,64.0,6.58,481.7,muskmelon
67.2,27.4,35.8,27.5,64.6,6.44,518.7,muskmelon
27.8,31.0,49.9,19.0,65.1,6.52,502.4,muskmelon
64.3,51.9,67.2,33.3,67.5,6.68,519.1,muskmelon
52.9,40.7,29.2,27.7,65.6,6.47,463.0,muskmelon
80.8,25.5,56.2,26.3,64.4,6.44,481.3,muskmelon
34.7,45.8,44.7,32.9,64.9,6.49,467.1,muskmelon
32.5,47.3,63.3,30.3,65.2,6.41,513.7,muskmelon
82.7,43.6,43.8,23.9,64.9,6.38,523.9,muskmelon
74.8,44.4,52.8,23.7,64.1,6.54,555.0,muskmelon
83.0,39.5,10.0,30.1,63.4,6.5,578.1,muskmelon
68.1,30.3,38.3,31.1,63.7,6.53,505.0,muskmelon
32.3,42.4,47.2,29.1,65.9,6.71,468.6,muskmelon
72.5,27.8,17.5,27.9,65.4,6.62,527.1,muskmelon
74.4,38.9,52.0,24.4,64.2,6.52,555.3,muskmelon
67.0,33.3,55.8,29.2,63.5,6.61,479.2,muskmelon
46.8,57.0,63.9,27.1,65.4,6.45,509.9,muskmelon
83.8,46.6,44.1,25.5,65.9,6.55,494.5,muskmelon
62.2,51.0,38.6,23.0,64.2,6.45,439.5,muskmelon
44.8,44.5,32.1,26.2,64.6,6.55,520.3,muskmelon
76.9,43.5,64.5,29.6,64.8,6.41,492.5,muskmelon
55.3,26.5,68.0,28.1,66.1,6.64,452.0,muskmelon
58.3,38.0,44.2,28.0,64.2,6.54,535.2,muskmelon
67.0,57.4,33.1,21.0,66.1,6.43,528.5,muskmelon
51.9,45.8,58.4,27.9,63.1,6.46,481.0,muskmelon
75.9,36.1,44.2,28.3,64.2,6.64,490.1,muskmelon
83.3,28.0,30.9,28.4,64.9,6.4,476.7,muskmelon
65.4,37.7,33.6,29.1,64.8,6.65,500.5,muskmelon
48.9,49.7,52.6,25.6,64.5,6.45,476.7,muskmelon
44.2,51.5,57.9,25.2,64.2,6.31,535.5,muskmelon
29.6,45.8,45.9,26.3,64.7,6.77,521.3,muskmelon
67.4,31.5,37.6,32.3,62.7,6.46,525.2,muskmelon
72.2,32.2,37.7,26.6,64.7,6.49,483.1,muskmelon
50.7,32.8,36.9,29.3,62.9,6.39,518.7,muskmelon
60.3,34.4,42.0,24.9,63.8,6.61,416.0,muskmelon
73.6,50.1,35.9,27.7,65.9,6.47,586.7,muskmelon
71.6,37.7,43.5,29.7,64.7,6.35,540.7,muskmelon
65.5,24.3,33.7,29.3,64.5,6.45,548.9,muskmelon
80.4,40.7,37.8,29.4,66.3,6.44,502.3,muskmelon
67.2,12.6,27.9,29.8,64.4,6.54,456.1,muskmelon
44.6,46.5,23.5,27.3,65.8,6.46,496.7,muskmelon
53.4,50.7,36.8,26.2,64.4,6.28,473.4,muskmelon
34.2,45.5,63.8,21.8,63.6,6.47,450.3,muskmelon
68.7,25.1,59.3,30.2,66.1,6.67,519.5,muskmelon
52.9,61.9,11.5,28.3,65.6,6.46,484.4,muskmelon
57.4,49.7,47.8,27.1,63.9,6.33,470.0,muskmelon
70.2,35.8,29.1,27.9,63.9,6.5,490.1,muskmelon
50.3,51.2,43.8,31.4,66.1,6.36,466.7,muskmelon
78.7,40.5,41.8,26.6,63.5,6.57,551.7,muskmelon
47.8,35.2,21.0,28.1,64.1,6.64,450.7,muskmelon
74.7,40.0,22.5,25.7,63.3,6.28,520.1,muskmelon
32.4,52.7,29.0,28.8,64.7,6.39,462.9,muskmelon
60.6,46.0,54.5,31.0,64.3,6.36,503.6,muskmelon
82.5,35.9,48.0,29.0,65.7,6.45,491.6,muskmelon
53.5,59.6,40.6,22.0,65.5,6.74,516.4,muskmelon
54.7,35.7,44.0,31.3,64.3,6.68,511.3,muskmelon
68.3,25.2,10.3,27.6,65.3,6.57,518.4,muskmelon
64.0,38.5,50.9,28.2,64.0,6.47,477.0,muskmelon
90.5,11.9,55.7,25.2,66.2,6.46,561.5,muskmelon
63.6,34.0,44.1,27.6,64.4,6.36,540.4,muskmelon
104.9,43.2,29.3,28.4,66.1,6.15,446.9,muskmelon
54.5,48.0,10.0,23.4,65.5,6.49,519.8,muskmelon
44.8,38.8,32.3,24.2,64.4,6.59,519.6,muskmelon
46.1,44.8,44.5,31.6,66.3,6.54,486.7,muskmelon
72.3,34.8,16.8,24.0,65.0,6.68,487.5,muskmelon
49.4,57.7,26.9,30.6,63.0,6.32,519.1,muskmelon
72.6,44.9,31.0,25.5,64.8,6.76,415.1,muskmelon
31.3,47.0,69.8,23.6,64.7,6.56,525.3,muskmelon
78.8,39.2,77.8,25.6,66.5,6.11,411.0,muskmelon
69.8,45.0,55.0,24.1,62.6,6.68,512.9,muskmelon
75.7,48.7,29.8,23.7,67.4,6.35,518.7,muskmelon
57.1,46.9,35.5,27.4,65.6,6.76,587.9,muskmelon
88.3,15.1,42.8,28.6,63.1,6.43,472.7,muskmelon
59.1,66.5,23.0,27.2,63.8,6.64,504.8,muskmelon
92.4,31.0,48.5,29.5,64.5,6.32,501.3,muskmelon
45.3,42.5,41.7,26.0,63.8,6.71,538.7,muskmelon
44.2,30.4,22.2,26.7,64.6,6.53,469.3,muskmelon
59.5,48.5,45.8,27.6,65.2,6.37,570.7,muskmelon
46.2,67.1,13.2,29.3,65.8,6.57,447.0,muskmelon
33.9,73.2,43.4,31.2,64.7,6.55,486.2,muskmelon
47.5,54.0,58.6,24.0,64.9,6.52,490.0,muskmelon
32.8,67.2,51.6,32.5,66.5,6.72,511.7,muskmelon
80.4,64.4,10.0,25.8,64.4,6.35,494.0,muskmelon
58.8,57.0,20.7,32.0,65.7,6.37,498.8,muskmelon
57.2,61.2,51.0,29.1,64.4,6.36,534.8,muskmelon
42.0,33.7,43.2,30.5,64.5,6.47,431.9,muskmelon
74.7,36.7,28.2,25.5,66.1,6.42,486.6,muskmelon
47.8,34.4,43.9,30.9,61.6,6.24,504.4,muskmelon
51.3,32.7,83.9,27.8,64.9,6.45,467.8,muskmelon
57.9,42.5,70.3,24.4,64.7,6.68,465.4,muskmelon
54.9,27.2,40.9,28.3,66.6,6.5,465.6,muskmelon
38.4,29.3,48.9,25.1,64.6,6.64,497.2,muskmelon
38.0,12.7,61.2,26.0,65.1,6.45,471.5,muskmelon
58.0,17.7,50.9,29.0,63.0,6.76,551.3,muskmelon
35.8,36.5,51.7,25.7,63.5,6.62,549.1,muskmelon
51.3,33.7,10.0,30.8,65.5,6.62,422.7,muskmelon
45.6,43.9,40.7,28.0,64.2,6.43,493.6,muskmelon
44.8,28.1,34.7,28.5,65.9,6.67,502.7,muskmelon
61.3,38.5,43.9,25.7,65.2,6.4,544.4,muskmelon
55.4,48.9,48.0,27.3,66.2,6.4,501.2,muskmelon
72.9,46.5,37.8,24.5,63.3,6.46,468.9,muskmelon
54.3,22.1,62.5,23.3,64.4,6.46,536.7,muskmelon
69.3,37.9,79.2,31.8,63.0,6.63,493.7,muskmelon
91.1,35.6,38.8,29.9,62.9,6.45,468.6,muskmelon
57.5,37.7,28.8,24.6,64.9,6.52,483.6,muskmelon
38.0,39.5,54.0,29.3,66.7,6.36,537.2,muskmelon
40.6,56.1,33.8,27.5,65.7,6.82,481.5,muskmelon
59.6,41.6,39.4,25.8,64.7,6.34,527.3,muskmelon
35.1,18.8,63.4,27.7,66.2,6.53,486.8,muskmelon
74.9,42.3,49.8,29.6,64.4,6.55,508.8,muskmelon
46.4,37.9,13.5,32.3,64.7,6.63,459.0,muskmelon
62.1,41.7,12.6,32.5,64.9,6.43,485.9,muskmelon
35.2,52.9,18.9,23.2,66.3,6.59,535.2,muskmelon
59.2,43.9,49.7,26.5,68.7,6.51,472.0,muskmelon
46.1,63.6,49.6,25.3,64.7,6.2,543.6,muskmelon
81.9,30.9,49.6,26.5,63.2,6.61,527.0,muskmelon
69.9,43.5,41.1,30.3,63.8,6.47,430.4,muskmelon
56.6,39.6,36.2,27.5,63.0,6.51,475.3,muskmelon
63.6,44.0,22.4,29.0,65.4,6.32,457.4,muskmelon
58.4,26.9,33.0,30.2,64.4,6.44,522.9,muskmelon
61.0,33.9,28.5,30.2,66.9,6.59,540.7,muskmelon
91.0,22.5,47.7,27.1,65.0,6.46,520.4,muskmelon
58.2,27.1,27.9,22.5,63.8,6.48,487.0,muskmelon
28.3,37.4,58.8,25.2,63.4,6.55,577.8,muskmelon
59.7,23.9,21.8,30.4,65.8,6.49,498.5,muskmelon
60.5,59.3,51.8,27.0,66.3,6.35,539.3,muskmelon
57.5,43.8,27.0,27.8,65.4,6.61,473.7,muskmelon
78.6,17.4,33.6,28.9,64.1,6.63,495.9,muskmelon
75.0,31.1,27.6,26.0,65.7,6.3,493.3,muskmelon
48.8,39.7,32.2,28.6,65.5,6.5,544.9,muskmelon
85.9,34.8,26.5,23.9,66.2,6.46,504.6,muskmelon
61.6,33.4,40.9,33.3,64.7,6.51,502.8,muskmelon
58.0,32.1,66.6,26.1,64.2,6.38,457.1,muskmelon
68.7,44.0,47.2,28.1,63.3,6.5,429.7,muskmelon
37.6,22.1,46.1,25.6,64.1,6.61,567.2,muskmelon
63.2,44.4,42.6,29.3,66.4,6.55,470.5,muskmelon
76.0,58.8,54.4,24.9,66.0,6.48,554.5,muskmelon
63.6,39.3,10.0,28.7,64.2,6.26,476.8,muskmelon
37.3,56.5,49.2,21.5,62.8,6.56,555.6,muskmelon
36.9,35.7,27.4,28.8,65.5,6.44,467.3,muskmelon
72.4,36.7,63.1,25.1,63.1,6.68,507.6,muskmelon
73.2,29.6,50.1,25.5,65.4,6.34,506.7,muskmelon
69.5,18.4,47.0,27.7,64.7,6.56,474.0,muskmelon
58.8,30.3,43.9,25.3,64.9,6.38,457.0,muskmelon
44.0,32.5,28.2,29.5,64.0,6.45,536.8,muskmelon
72.9,33.5,10.0,28.4,64.9,6.61,494.3,muskmelon
84.8,60.2,23.0,29.9,64.1,6.54,528.7,muskmelon
21.5,52.5,61.4,26.6,64.4,6.42,441.9,muskmelon
60.7,45.3,55.8,30.6,62.9,6.74,532.1,muskmelon
37.9,45.0,32.0,28.8,64.1,6.68,555.0,muskmelon
41.7,25.3,58.2,28.1,66.3,6.5,542.0,muskmelon
86.8,37.1,54.8,27.8,63.8,6.57,477.9,muskmelon
72.3,42.6,39.3,24.7,66.9,6.41,525.6,muskmelon
64.8,56.7,18.5,23.9,65.5,6.48,459.9,muskmelon
45.8,64.0,42.8,31.0,64.7,6.43,463.1,muskmelon
36.6,44.8,41.4,31.2,64.9,6.34,464.3,muskmelon
68.6,30.3,44.4,29.5,63.5,6.44,582.5,muskmelon
64.3,37.0,49.6,26.3,63.6,6.55,486.3,muskmelon
36.8,39.1,29.5,26.3,66.3,6.61,582.6,muskmelon
78.0,31.0,39.9,26.4,64.7,6.47,509.0,muskmelon
41.2,37.8,39.3,25.5,64.7,6.65,474.2,muskmelon
65.8,43.2,70.9,23.5,65.9,6.55,474.9,muskmelon
55.0,33.6,51.3,27.9,63.6,6.47,463.4,muskmelon
55.8,37.8,34.0,31.1,63.5,6.56,494.2,muskmelon
48.4,21.2,51.0,26.2,64.8,6.46,452.5,muskmelon
51.7,50.3,33.1,24.2,65.6,6.3,501.1,muskmelon
55.5,49.2,61.0,22.0,64.4,6.48,519.0,muskmelon
30.6,48.4,32.7,32.0,64.8,6.52,546.2,muskmelon
50.3,19.7,61.7,23.7,65.9,6.69,544.9,muskmelon
53.6,28.3,39.1,25.9,66.8,6.36,496.2,muskmelon
70.3,42.9,43.7,27.1,64.7,6.57,467.3,muskmelon
67.6,51.4,23.9,23.7,65.4,6.66,540.4,muskmelon
48.7,30.2,40.5,34.8,66.2,6.57,508.4,muskmelon
70.5,28.0,46.9,25.0,65.5,6.66,559.0,muskmelon
65.2,50.7,22.0,29.8,63.8,6.44,501.6,muskmelon
58.6,50.5,44.7,25.8,63.6,6.49,527.8,muskmelon
75.5,49.1,41.2,27.3,65.3,6.52,502.1,muskmelon
39.2,32.8,40.6,30.1,66.1,6.46,575.5,muskmelon
52.0,27.3,37.3,33.1,67.0,6.54,488.0,muskmelon
47.8,38.1,39.5,25.6,63.4,6.43,473.4,muskmelon
73.5,37.0,38.4,25.3,64.8,6.57,484.7,muskmelon
42.1,43.0,31.0,25.0,63.6,6.57,493.3,muskmelon
77.7,42.0,30.7,33.5,65.7,6.48,520.4,muskmelon
79.1,36.3,51.3,29.3,63.1,6.38,499.2,muskmelon
37.5,43.1,43.6,24.3,62.6,6.3,534.1,muskmelon
67.1,42.7,18.1,25.3,66.5,6.54,439.1,muskmelon
60.5,47.4,37.8,26.7,63.8,6.38,479.7,muskmelon
43.6,33.3,17.0,29.0,65.7,6.61,538.2,muskmelon
43.2,41.8,52.4,26.6,65.8,6.59,423.0,muskmelon
38.8,29.9,45.0,28.3,64.9,6.6,457.1,muskmelon
54.8,15.4,38.2,28.6,65.1,6.42,499.6,muskmelon
66.2,27.8,44.3,30.1,65.9,6.39,528.6,muskmelon
73.0,37.7,20.4,24.6,62.7,6.62,433.1,muskmelon
60.1,50.3,32.5,24.8,66.7,6.44,477.2,muskmelon
65.2,31.9,47.0,27.7,65.5,6.57,520.0,muskmelon
70.4,39.4,58.8,27.9,63.6,6.45,476.4,muskmelon
77.9,22.9,41.0,27.3,64.8,6.61,469.3,muskmelon
33.9,27.5,39.1,28.7,67.8,6.29,429.1,muskmelon
63.7,50.6,14.3,22.3,61.6,6.42,488.1,muskmelon
60.9,27.3,28.3,23.8,66.1,6.65,490.6,muskmelon
47.5,25.9,55.0,23.9,65.1,6.67,534.2,muskmelon
76.2,45.0,50.9,26.2,66.7,6.52,485.2,muskmelon
48.9,30.9,69.4,30.7,66.0,6.7,465.5,muskmelon
54.4,45.4,38.1,26.4,62.9,6.56,508.9,muskmelon
30.7,35.3,50.6,29.9,65.2,6.41,528.9,muskmelon
58.9,40.4,34.2,27.1,64.9,6.24,505.8,muskmelon
59.3,56.1,49.7,28.1,63.3,6.55,441.5,muskmelon
44.0,47.5,24.2,31.4,65.3,6.65,545.2,muskmelon
11.6,39.4,21.9,31.7,64.9,6.39,499.4,muskmelon
83.3,57.4,54.9,32.9,66.3,6.66,499.2,muskmelon
64.4,62.1,41.9,27.7,64.6,6.47,451.4,muskmelon
45.2,41.9,26.7,26.9,63.2,6.57,505.3,muskmelon
73.7,41.3,27.3,27.8,65.9,6.58,508.2,muskmelon
75.1,46.2,39.6,26.3,66.3,6.57,508.6,muskmelon
57.7,44.2,40.9,28.2,65.5,6.58,509.0,muskmelon
47.3,35.4,23.6,31.2,63.8,6.42,474.5,muskmelon
62.8,42.0,10.0,30.2,65.4,6.39,507.5,muskmelon
72.4,46.9,12.4,24.2,65.9,6.45,475.2,muskmelon
48.8,25.4,39.1,29.3,65.7,6.3,473.9,muskmelon
88.1,41.2,24.6,29.4,65.9,6.49,464.2,muskmelon
56.2,41.3,25.4,29.5,63.9,6.44,471.6,muskmelon
36.1,26.9,33.2,26.2,65.4,6.38,479.9,muskmelon
57.3,31.7,32.6,28.3,63.5,6.31,530.5,muskmelon
48.0,52.3,62.5,31.1,64.7,6.56,455.7,muskmelon
72.8,27.5,21.4,27.0,65.2,6.37,551.3,muskmelon
74.8,38.3,10.0,29.4,67.2,6.29,475.1,muskmelon
72.1,36.3,59.0,30.3,62.0,6.73,468.1,muskmelon
76.7,33.9,20.4,27.7,67.0,6.54,505.4,muskmelon
92.4,31.9,27.1,26.7,66.9,6.51,523.2,muskmelon
49.4,49.1,42.8,28.0,64.6,6.45,509.2,muskmelon
79.4,25.6,21.1,28.6,66.5,6.4,419.9,muskmelon
50.3,54.8,36.1,26.4,66.4,6.48,513.3,muskmelon
74.7,27.0,43.9,27.0,65.8,6.59,530.9,muskmelon
96.7,41.0,20.0,25.5,66.2,6.64,475.3,muskmelon
58.2,46.1,41.8,29.6,64.4,6.62,474.5,muskmelon
51.0,45.9,46.5,29.3,63.5,6.64,491.7,muskmelon
62.1,44.4,56.4,27.3,65.1,6.21,504.1,muskmelon
53.0,48.7,61.5,24.1,63.5,6.67,516.9,muskmelon
72.6,49.4,65.2,27.2,64.7,6.65,478.5,muskmelon
76.9,31.5,44.2,27.3,65.7,6.33,503.5,muskmelon
69.5,48.2,43.0,29.3,63.9,6.5,481.6,muskmelon
73.5,37.4,39.3,24.9,66.0,6.51,463.0,muskmelon
61.9,48.8,57.5,28.1,66.0,6.4,541.8,muskmelon
68.6,42.0,36.8,34.3,65.9,6.62,470.4,muskmelon
62.3,46.1,59.2,27.7,65.4,6.64,511.3,muskmelon
26.6,44.7,23.8,29.0,65.0,6.5,538.0,muskmelon
67.1,50.6,54.0,25.9,66.5,6.53,544.7,muskmelon
54.0,40.6,29.9,26.3,64.0,6.57,518.6,muskmelon
83.2,41.3,43.1,28.4,68.3,6.4,483.4,muskmelon
28.7,44.2,41.2,29.6,66.6,6.52,472.7,muskmelon
41.5,22.3,34.7,26.9,67.2,6.61,500.4,muskmelon
63.5,39.5,17.0,31.3,64.0,6.4,538.3,muskmelon
40.9,38.9,23.8,27.1,63.5,6.41,469.6,muskmelon
84.1,48.0,57.5,26.9,65.9,6.47,508.6,muskmelon
74.6,38.9,15.6,29.4,64.6,6.51,493.9,muskmelon
55.4,46.2,66.3,26.0,64.4,6.44,403.3,muskmelon
62.2,69.9,34.6,25.4,63.0,6.55,513.5,muskmelon
74.3,58.2,17.3,27.3,66.7,6.38,457.7,muskmelon
32.4,20.4,52.4,27.7,63.2,6.31,505.2,muskmelon
44.5,68.4,44.5,22.6,66.6,6.6,512.8,muskmelon
66.4,48.8,58.3,26.7,66.3,6.47,561.0,muskmelon
45.5,17.2,26.1,25.2,64.2,6.53,559.2,muskmelon
68.5,35.1,60.6,27.5,65.1,6.67,536.7,muskmelon
60.6,29.5,54.7,28.2,65.2,6.48,478.5,muskmelon
59.7,29.7,20.9,24.8,65.5,6.41,495.2,muskmelon
71.9,35.9,55.5,31.7,65.0,6.61,529.2,muskmelon
39.6,45.1,60.3,25.4,63.1,6.46,529.7,muskmelon
101.3,25.0,49.6,29.6,63.6,6.88,485.9,muskmelon
74.1,14.2,39.3,24.6,65.1,6.51,455.4,muskmelon
82.9,66.1,66.0,28.3,63.9,6.55,592.3,muskmelon
52.1,36.4,43.5,27.9,64.0,6.68,495.1,muskmelon
102.6,52.7,16.9,24.5,64.1,6.6,510.7,muskmelon
52.3,46.7,53.7,28.3,65.4,6.59,480.0,muskmelon
97.4,51.9,57.5,26.7,63.1,6.61,523.1,muskmelon
64.0,62.9,53.1,32.1,66.0,6.52,496.0,muskmelon
65.0,40.5,53.2,23.1,64.2,6.57,475.1,muskmelon
18.7,49.9,46.0,32.8,67.5,6.38,462.4,muskmelon
41.3,54.1,22.9,26.0,61.6,6.61,548.0,muskmelon
45.5,22.2,42.0,25.7,65.3,6.48,465.6,muskmelon
88.7,28.3,43.8,23.2,65.3,6.47,531.1,muskmelon
32.8,42.6,43.4,29.3,62.9,6.4,510.3,muskmelon
43.5,51.5,29.0,26.7,64.7,6.42,487.4,muskmelon
58.2,30.4,42.3,28.9,63.9,6.62,463.7,muskmelon
66.3,29.4,23.6,30.6,65.5,6.62,538.4,muskmelon
57.6,18.9,71.6,32.4,65.6,6.37,445.2,muskmelon
70.3,26.3,28.3,29.5,66.1,6.44,535.9,muskmelon
73.5,47.2,70.6,23.2,63.4,6.66,495.4,muskmelon
62.0,55.0,11.7,27.3,64.4,6.28,539.4,muskmelon
54.7,37.2,32.6,29.6,64.7,6.43,508.5,muskmelon
59.9,41.1,63.3,25.1,65.9,6.39,548.8,muskmelon
59.3,22.9,21.7,25.6,63.9,6.42,527.3,muskmelon
53.9,33.2,50.1,27.8,65.2,6.62,499.8,muskmelon
63.2,58.9,50.5,26.3,62.4,6.53,525.8,muskmelon
52.1,46.1,70.9,30.1,65.4,6.37,499.6,muskmelon
62.8,38.4,28.8,29.9,66.3,6.56,523.5,muskmelon
66.8,54.4,32.9,24.6,64.8,6.4,495.5,muskmelon
50.6,45.3,10.0,27.9,65.9,6.56,479.5,muskmelon
48.8,24.3,59.2,29.0,63.7,6.39,475.9,muskmelon
82.9,58.6,43.1,27.7,66.0,6.5,532.0,muskmelon
47.1,52.3,39.1,28.5,64.9,6.49,478.3,muskmelon
54.2,54.0,28.1,25.8,66.9,6.39,465.6,muskmelon
60.8,10.6,15.9,27.3,64.2,6.28,528.7,muskmelon
62.4,47.3,36.2,29.2,65.0,6.6,495.4,muskmelon
45.0,56.2,32.1,31.9,67.0,6.45,454.1,muskmelon
64.0,41.9,59.3,25.9,65.3,6.7,418.9,muskmelon
53.1,50.1,39.4,27.6,63.7,6.47,484.8,muskmelon
38.2,29.8,57.2,29.1,64.2,6.55,466.4,muskmelon
58.9,48.8,36.2,29.4,64.6,6.59,451.9,muskmelon
68.0,71.0,10.0,31.0,64.9,6.47,472.8,muskmelon
49.1,50.7,50.2,31.2,65.5,6.48,538.2,muskmelon
79.5,26.1,43.8,24.0,64.9,6.28,553.2,muskmelon
84.7,49.4,38.5,32.0,65.3,6.39,491.4,muskmelon
57.5,48.6,48.9,24.5,65.8,6.55,503.8,muskmelon
76.9,22.5,38.9,29.5,65.6,6.47,509.2,muskmelon
70.8,41.5,21.7,25.4,66.2,6.38,510.5,muskmelon
54.3,5.0,38.7,29.0,64.8,6.52,535.4,muskmelon
50.0,47.5,44.1,27.0,62.6,6.46,477.1,muskmelon
47.0,50.9,50.2,21.7,65.2,6.54,460.3,muskmelon
55.7,24.3,44.5,26.8,63.7,6.55,481.4,muskmelon
55.8,36.4,40.6,25.3,66.7,6.65,517.0,muskmelon
33.5,26.4,30.9,27.2,65.3,6.45,559.2,muskmelon
36.2,43.4,39.7,29.8,64.0,6.55,470.0,muskmelon
73.5,49.2,49.7,26.5,64.9,6.5,526.9,muskmelon
36.8,60.4,46.7,26.2,66.5,6.72,399.4,muskmelon
67.5,37.9,29.7,23.5,64.6,6.45,495.3,muskmelon
53.9,44.0,58.6,31.8,64.1,6.68,516.2,muskmelon
87.3,24.9,49.2,28.3,67.0,6.5,542.6,muskmelon
61.0,59.0,44.9,27.1,65.5,6.63,523.5,muskmelon
56.2,55.1,42.3,26.6,64.3,6.35,506.9,muskmelon
52.3,42.3,48.9,29.2,63.1,6.54,521.9,muskmelon
47.8,52.8,31.3,25.4,63.8,6.75,516.1,muskmelon
84.2,68.0,28.5,28.1,63.0,6.73,528.5,muskmelon
71.8,62.9,15.0,26.4,64.5,6.37,442.3,muskmelon
81.4,51.0,45.1,31.2,65.2,6.58,479.2,muskmelon
58.5,37.6,38.9,27.3,63.3,6.43,541.6,muskmelon
72.4,45.5,51.0,30.8,64.2,6.61,500.9,muskmelon
46.1,60.4,50.0,27.5,64.3,6.25,497.1,muskmelon
82.4,33.6,45.7,27.5,63.5,6.68,509.0,muskmelon
67.4,30.1,60.0,25.5,66.0,6.48,516.8,muskmelon
59.4,42.4,37.9,29.6,65.3,6.64,452.4,muskmelon
68.3,28.5,29.0,24.8,64.9,6.55,530.0,muskmelon
57.2,32.1,31.8,27.4,63.9,6.58,547.8,muskmelon
46.6,61.7,27.6,29.1,64.0,6.51,508.1,muskmelon
59.1,30.4,50.1,27.1,65.4,6.66,476.9,muskmelon
84.7,34.9,36.9,27.7,63.1,6.64,502.7,muskmelon
68.1,44.3,32.3,28.3,64.1,6.55,518.2,muskmelon
43.5,48.2,46.6,32.6,64.8,6.5,461.6,muskmelon
53.6,58.0,34.4,31.5,65.6,6.5,479.2,muskmelon
45.3,63.0,47.2,30.3,66.8,6.48,479.2,muskmelon
57.5,31.9,39.6,29.9,64.8,6.43,468.6,muskmelon
59.7,52.4,51.8,25.9,63.0,6.61,541.2,muskmelon
62.1,55.5,29.3,30.5,67.4,6.21,505.2,muskmelon
73.2,41.3,29.4,28.0,63.0,6.4,412.8,muskmelon
86.1,14.2,19.0,26.7,65.0,6.56,540.9,muskmelon
58.9,48.3,43.4,27.0,64.6,6.51,558.8,muskmelon
60.6,37.6,55.0,29.3,65.7,6.43,464.0,muskmelon
62.0,33.7,39.3,24.6,65.5,6.61,498.3,muskmelon
59.0,30.6,40.4,24.8,67.3,6.38,507.9,muskmelon
93.8,40.7,49.7,24.4,66.1,6.11,522.2,muskmelon
50.4,54.1,21.0,25.6,64.7,6.53,510.1,muskmelon
48.5,27.5,42.3,29.8,64.8,6.47,509.7,muskmelon
85.1,20.8,37.2,32.1,65.4,6.47,439.4,muskmelon
68.8,53.5,23.8,28.2,67.7,6.59,439.2,muskmelon
22.6,46.0,44.3,29.3,63.2,6.62,488.2,muskmelon
68.2,49.1,38.3,33.0,64.8,6.5,462.5,muskmelon
55.5,69.1,30.5,28.5,66.0,6.54,519.0,muskmelon
45.1,33.9,41.3,25.6,64.6,6.83,500.9,muskmelon
66.2,31.3,29.1,31.3,66.3,6.61,460.7,muskmelon
43.3,30.7,35.4,27.0,66.2,6.45,514.2,muskmelon
63.8,44.9,34.3,29.0,63.7,6.47,473.8,muskmelon
84.1,52.2,45.3,27.5,64.6,6.5,456.7,muskmelon
74.3,47.7,28.6,24.1,64.2,6.2,514.5,muskmelon
77.5,34.6,27.1,28.8,64.3,6.57,500.5,muskmelon
45.0,23.9,58.7,30.5,67.2,6.61,554.1,muskmelon
74.7,23.8,50.1,28.6,63.2,6.57,521.8,muskmelon
51.1,64.6,53.7,25.5,65.3,6.58,480.7,muskmelon
42.0,35.4,35.6,28.6,66.3,6.29,479.7,muskmelon
67.6,40.5,40.5,25.0,63.5,6.7,532.6,muskmelon
58.1,43.9,45.2,24.9,62.1,6.49,552.8,muskmelon
55.8,41.6,50.9,23.3,64.3,6.65,488.5,muskmelon
64.5,26.5,45.0,22.8,64.8,6.56,430.4,muskmelon
75.1,29.3,66.3,26.0,66.6,6.6,486.8,muskmelon
47.5,53.3,47.9,26.9,66.9,6.39,522.4,muskmelon
71.7,27.8,47.7,28.7,64.2,6.35,498.6,muskmelon
68.9,39.0,40.0,27.6,64.9,6.41,494.3,muskmelon
61.8,39.7,35.0,24.9,65.2,6.55,491.2,muskmelon
76.7,51.0,61.0,26.8,66.4,6.75,511.0,muskmelon
62.8,37.2,27.6,28.8,64.6,6.48,515.3,muskmelon
47.2,44.8,43.9,27.5,63.7,6.68,493.2,muskmelon
59.1,33.0,79.1,24.7,65.5,6.49,509.4,muskmelon
59.4,32.4,51.9,27.3,64.6,6.37,515.2,muskmelon
73.6,39.1,53.5,26.9,62.6,6.57,502.8,muskmelon
36.7,35.2,42.2,29.4,65.0,6.43,526.8,muskmelon
68.0,52.0,49.2,26.1,64.9,6.47,488.1,muskmelon
61.7,29.1,21.9,27.4,63.9,6.63,459.2,muskmelon
63.3,55.8,52.3,22.0,66.5,6.62,488.6,muskmelon
54.6,41.0,42.3,24.4,64.7,6.39,551.8,muskmelon
70.3,37.1,44.4,27.8,64.4,6.49,501.9,muskmelon
27.5,37.4,43.7,22.3,67.1,6.55,488.5,muskmelon
58.0,41.0,42.6,29.5,67.1,6.55,545.9,muskmelon
66.6,38.1,26.1,23.6,64.9,6.55,475.4,muskmelon
43.6,56.7,51.9,25.0,64.8,6.55,519.5,muskmelon
90.2,28.7,53.2,25.1,64.9,6.3,464.6,muskmelon
44.7,36.9,10.0,29.0,63.9,6.59,571.8,muskmelon
57.7,39.7,36.9,27.4,61.6,6.4,464.2,muskmelon
56.0,28.3,38.3,26.8,63.4,6.52,552.8,muskmelon
56.8,27.1,55.1,29.9,65.9,6.47,514.3,muskmelon
75.1,42.0,38.9,26.6,64.2,6.76,498.9,muskmelon
48.9,50.3,40.1,27.3,64.6,6.62,527.9,muskmelon
52.8,22.1,32.8,23.3,64.1,6.5,570.7,muskmelon
64.1,24.8,40.9,24.7,63.3,6.5,540.0,muskmelon
70.7,19.6,39.0,24.2,63.9,6.64,468.9,muskmelon
62.5,70.1,24.0,28.2,66.4,6.68,519.6,muskmelon
39.4,58.6,10.0,27.5,63.4,6.53,505.8,muskmelon
61.9,21.1,35.9,23.3,63.0,6.24,495.7,muskmelon
52.4,41.3,39.1,25.6,65.0,6.51,537.0,muskmelon
51.2,31.6,38.7,23.8,63.6,6.4,453.9,muskmelon
66.1,53.9,36.3,26.8,64.4,6.44,504.5,muskmelon
68.9,31.5,10.0,26.8,76.6,6.14,1763.4,papaya
53.9,15.5,30.5,28.0,76.1,5.98,1466.1,papaya
59.1,29.7,27.1,29.4,73.5,5.92,1497.5,papaya
61.0,38.0,30.9,31.5,77.9,6.13,1580.7,papaya
42.0,32.3,14.5,31.9,75.1,6.07,1590.7,papaya
60.8,43.3,43.8,33.8,78.4,6.05,1436.0,papaya
52.1,48.6,37.4,28.3,75.9,5.94,1385.7,papaya
65.1,55.3,34.7,27.9,76.5,6.29,1722.6,papaya
56.4,42.0,40.5,26.4,78.8,6.25,1534.1,papaya
62.5,35.5,18.8,30.1,77.2,6.04,1578.5,papaya
65.9,11.3,35.7,31.1,79.4,5.99,1344.8,papaya
31.0,41.4,22.0,28.9,75.6,6.46,1606.5,papaya
57.3,35.2,42.0,30.7,76.8,6.08,1377.7,papaya
67.6,18.3,18.5,26.0,76.1,5.83,1664.8,papaya
43.6,24.2,30.5,30.2,76.2,6.2,1219.5,papaya
67.6,31.8,23.0,27.2,76.6,5.94,1525.9,papaya
58.5,35.3,34.5,32.4,82.2,6.06,1761.7,papaya
56.1,29.2,28.1,26.0,79.0,5.98,1457.5,papaya
49.7,32.9,37.1,27.3,77.5,6.13,1612.6,papaya
71.8,39.0,39.6,31.7,78.9,6.18,1415.3,papaya
72.1,43.1,27.2,29.7,76.8,6.46,1428.2,papaya
70.0,37.3,45.6,27.8,75.7,5.87,1539.5,papaya
64.4,55.1,10.2,29.9,80.2,6.34,1433.1,papaya
75.7,44.4,36.5,29.4,76.5,6.05,1566.8,papaya
38.7,51.7,34.5,30.8,78.2,6.18,1585.3,papaya
36.2,11.7,40.7,30.0,77.9,6.26,1495.7,papaya
59.7,40.2,34.4,28.4,76.4,6.16,1168.6,papaya
61.3,12.5,28.0,26.8,79.0,6.31,1270.7,papaya
70.4,10.9,16.3,26.0,77.3,6.33,1431.4,papaya
73.1,44.3,38.4,30.9,78.2,6.01,1380.4,papaya
91.5,20.6,35.8,24.5,74.9,6.23,1583.3,papaya
74.8,51.8,20.8,25.5,76.7,6.19,1399.4,papaya
68.4,19.4,29.6,29.8,77.3,5.98,1367.7,papaya
42.0,17.1,33.7,29.7,79.4,6.37,1214.9,papaya
56.3,50.2,34.6,29.9,76.5,6.13,1265.9,papaya
52.6,29.8,16.3,26.6,77.2,5.95,1641.1,papaya
38.6,43.5,39.8,26.0,75.7,6.29,1784.4,papaya
71.0,38.6,30.1,26.1,79.7,6.39,1363.0,papaya
52.2,24.1,21.7,26.1,78.9,5.83,1161.4,papaya
65.0,50.0,25.8,30.0,76.6,6.18,1497.3,papaya
71.4,40.0,33.1,30.3,78.8,6.24,1550.7,papaya
57.2,6.1,22.7,30.6,77.9,5.79,1336.3,papaya
63.4,19.1,17.2,24.6,76.3,5.95,1676.6,papaya
69.9,55.3,43.2,27.9,81.2,6.12,1242.9,papaya
61.4,46.1,32.0,30.0,78.0,6.11,1439.9,papaya
69.7,55.1,28.7,27.6,75.0,6.15,1940.3,papaya
72.2,44.1,27.3,30.0,79.4,6.15,1447.3,papaya
69.4,40.1,36.2,25.7,76.3,6.07,1309.1,papaya
64.8,28.7,35.7,31.4,80.3,5.68,1412.8,papaya
50.0,22.7,37.4,31.1,79.1,5.78,1640.9,papaya
69.4,32.4,42.3,30.4,78.3,5.95,1354.3,papaya
80.1,28.0,21.8,25.8,72.5,6.23,1366.3,papaya
68.3,32.0,30.3,30.7,79.7,6.09,1454.2,papaya
53.3,21.9,19.2,22.8,78.6,6.06,1817.4,papaya
79.9,19.5,19.6,29.3,78.9,5.94,1499.4,papaya
48.5,6.3,34.8,27.4,79.0,5.95,1754.7,papaya
65.6,43.7,32.3,28.0,80.2,6.45,1371.7,papaya
73.6,35.9,45.8,28.5,76.1,6.09,1256.7,papaya
68.7,41.0,32.2,30.9,77.1,6.14,1494.3,papaya
48.4,33.8,26.8,30.6,79.3,6.05,1495.7,papaya
64.7,12.4,29.6,26.0,76.4,5.96,1588.8,papaya
71.1,43.8,25.2,27.8,78.5,6.02,1322.7,papaya
54.8,70.9,36.1,32.3,76.9,6.37,1530.2,papaya
83.3,66.5,32.4,32.4,76.4,6.18,1692.2,papaya
74.3,22.0,33.2,25.7,76.6,6.0,1581.2,papaya
49.0,43.5,38.1,26.9,75.9,6.33,1452.6,papaya
71.4,53.3,36.5,28.0,78.3,6.33,1631.4,papaya
65.9,31.6,38.9,24.0,78.9,5.85,1325.5,papaya
62.1,36.7,13.4,26.4,78.4,6.15,1590.0,papaya
80.7,25.2,17.0,32.3,78.4,6.18,1621.9,papaya
35.4,26.3,48.1,24.4,77.7,6.1,1433.1,papaya
64.4,44.6,17.9,27.9,79.2,6.27,1444.5,papaya
75.6,51.5,25.7,29.4,79.3,6.02,1605.3,papaya
63.2,34.5,14.4,30.3,74.8,6.03,1361.8,papaya
50.1,40.2,27.8,29.5,75.5,6.07,1476.2,papaya
46.7,26.6,30.1,29.5,73.7,5.97,1460.8,papaya
69.3,36.7,37.7,30.7,75.5,6.13,1479.7,papaya
52.9,26.1,33.3,27.7,77.5,5.97,1497.9,papaya
72.3,32.4,26.4,32.0,79.1,6.19,1391.3,papaya
73.0,30.6,10.5,27.2,78.5,6.11,1459.2,papaya
38.3,16.8,53.6,28.4,78.0,6.15,1472.7,papaya
68.7,28.8,31.3,31.6,79.8,6.15,1685.9,papaya
71.5,45.0,30.5,29.3,73.3,6.4,1748.6,papaya
57.3,45.0,32.4,27.9,77.1,6.16,1274.5,papaya
79.1,31.4,25.9,25.8,77.8,5.85,1346.0,papaya
67.0,28.7,29.0,27.2,77.3,5.99,1455.4,papaya
44.8,24.9,20.1,30.6,74.9,6.26,1768.1,papaya
40.1,34.1,25.2,29.4,76.6,6.12,1312.4,papaya
56.1,18.6,19.5,27.7,78.3,6.13,1650.6,papaya
62.0,23.6,25.2,29.7,77.6,6.11,1537.4,papaya
88.0,23.5,19.9,29.4,77.8,6.12,1652.6,papaya
89.9,25.3,31.0,32.9,75.7,5.98,1393.8,papaya
40.3,59.1,38.1,27.3,78.8,6.37,1500.9,papaya
70.3,42.6,41.8,28.6,76.3,6.03,1391.0,papaya
53.1,22.0,22.2,28.0,75.5,6.21,1465.6,papaya
75.5,27.2,42.0,26.0,77.1,6.12,1618.7,papaya
88.5,26.6,39.4,25.7,80.1,5.75,1055.9,papaya
67.0,38.3,28.4,25.4,78.5,6.26,1510.4,papaya
46.7,45.0,27.5,28.1,76.4,6.2,1480.4,papaya
76.7,37.4,60.2,23.4,74.7,6.13,1715.8,papaya
66.7,32.3,28.6,28.1,80.9,5.97,1346.7,papaya
73.8,45.6,23.9,28.9,83.2,6.35,1470.0,papaya
43.1,26.4,24.3,26.0,78.7,5.76,1568.5,papaya
41.0,41.7,52.0,29.3,78.4,6.33,1447.5,papaya
77.1,33.2,36.0,27.6,79.1,6.09,1372.1,papaya
61.6,24.1,19.3,27.6,77.3,6.3,1525.1,papaya
56.2,17.8,29.5,29.1,78.3,5.95,1355.8,papaya
64.6,24.5,20.4,26.1,78.4,6.03,1469.4,papaya
55.3,59.3,40.7,27.2,78.0,6.31,1355.6,papaya
47.9,50.5,29.1,27.3,81.2,6.17,1481.7,papaya
57.8,46.6,17.5,29.0,78.2,6.12,1726.5,papaya
82.2,32.9,34.0,26.5,82.8,6.17,1682.9,papaya
55.8,33.5,19.9,23.0,79.2,6.0,1484.5,papaya
60.8,46.5,10.0,29.7,79.7,6.06,1167.2,papaya
71.0,18.4,29.3,25.6,75.6,5.9,1503.2,papaya
64.5,18.2,30.8,27.1,78.1,5.96,1429.2,papaya
65.3,26.4,37.6,28.2,77.5,6.04,1237.4,papaya
43.7,18.9,31.1,27.2,81.0,5.85,1602.7,papaya
77.3,49.7,42.5,28.9,79.2,6.23,1387.1,papaya
63.3,49.3,26.4,27.1,75.5,6.17,1383.1,papaya
84.2,39.7,30.9,31.5,76.7,6.1,1544.7,papaya
67.3,43.9,47.6,29.3,78.0,6.19,1589.7,papaya
56.3,16.9,31.2,26.9,77.0,5.97,1570.8,papaya
48.4,34.4,20.4,28.9,77.2,6.1,1553.8,papaya
34.1,43.0,18.7,26.0,79.6,6.29,1179.5,papaya
99.1,24.3,38.6,27.4,76.5,6.24,1469.1,papaya
66.7,26.1,31.0,29.6,76.0,5.81,1493.3,papaya
61.4,40.9,43.2,30.1,77.5,6.21,1581.6,papaya
58.4,54.4,24.9,28.6,79.2,6.23,1237.9,papaya
61.5,50.2,18.1,28.5,76.9,6.04,1715.8,papaya
77.3,26.0,27.3,30.9,80.0,5.84,1678.3,papaya
61.4,11.7,24.0,27.8,78.5,6.12,1456.0,papaya
53.3,39.8,18.3,28.9,78.9,6.05,1104.4,papaya
72.3,51.9,10.1,25.9,78.7,6.02,1621.9,papaya
61.1,44.8,36.0,30.2,79.4,6.25,1493.2,papaya
52.9,39.6,58.2,31.2,76.7,6.03,1565.2,papaya
64.0,40.3,30.3,29.5,79.7,6.04,1882.2,papaya
56.5,39.9,28.6,29.3,79.1,6.06,2100.0,papaya
50.7,31.7,26.6,27.6,76.7,5.82,1678.1,papaya
65.2,20.2,26.3,29.7,74.5,5.98,1262.1,papaya
71.7,55.2,32.2,28.1,80.1,6.36,1315.8,papaya
47.9,50.7,46.7,28.9,77.7,6.23,1576.5,papaya
64.9,34.6,34.6,27.9,79.8,6.18,1345.7,papaya
49.6,25.6,25.4,28.7,78.4,6.04,1538.0,papaya
60.1,28.3,27.8,27.9,79.2,5.69,1620.3,papaya
37.5,31.0,27.6,28.5,77.0,6.13,1526.3,papaya
85.4,19.5,26.9,27.4,78.7,5.98,1363.7,papaya
61.6,31.5,19.4,26.6,78.2,5.95,1325.9,papaya
40.2,43.6,36.7,25.1,74.9,6.17,1738.3,papaya
49.5,5.0,16.9,27.3,76.1,6.0,1256.3,papaya
49.7,46.1,41.5,26.9,76.0,6.16,1481.2,papaya
41.7,37.8,34.1,29.1,76.1,6.22,1604.7,papaya
43.4,26.4,39.5,28.1,75.6,6.21,1529.4,papaya
43.8,21.5,25.6,31.2,77.0,5.93,1547.9,papaya
51.7,27.0,31.0,23.5,74.2,5.89,1563.4,papaya
60.1,47.8,10.0,28.4,77.4,6.29,1317.3,papaya
47.8,42.3,40.4,28.7,78.4,6.17,1639.5,papaya
56.5,21.0,31.7,28.2,75.4,6.15,1790.6,papaya
60.2,40.8,40.3,28.2,74.4,6.13,1309.7,papaya
57.0,41.8,10.0,28.9,82.3,6.37,1380.8,papaya
68.4,9.8,10.0,30.0,78.2,5.9,1447.6,papaya
56.0,6.2,14.2,31.9,74.2,5.94,1146.5,papaya
59.6,29.2,26.9,25.6,80.8,6.18,1421.6,papaya
67.6,40.7,12.9,27.8,77.8,6.06,1554.4,papaya
57.7,41.1,26.5,25.7,79.6,6.23,1351.3,papaya
55.3,26.5,21.6,28.8,78.0,5.99,1603.7,papaya
65.5,47.9,22.2,29.1,77.5,6.26,1600.2,papaya
60.2,50.4,28.6,31.2,77.2,6.17,1595.3,papaya
92.3,39.3,14.4,27.7,78.9,6.16,1424.9,papaya
59.4,47.2,35.5,29.6,77.8,6.07,1523.1,papaya
63.5,39.9,10.0,26.9,80.2,6.28,1460.0,papaya
68.2,13.0,24.1,28.4,75.2,5.89,1398.6,papaya
79.3,28.4,29.9,28.9,77.4,6.0,1835.1,papaya
44.7,42.3,28.0,27.4,80.4,6.34,1682.0,papaya
88.4,29.9,10.0,26.2,76.0,6.3,1240.8,papaya
54.8,10.6,40.8,29.3,77.9,5.92,1831.9,papaya
53.6,34.4,16.5,29.3,78.4,5.89,1499.0,papaya
82.5,33.9,38.3,30.7,74.9,6.15,1454.1,papaya
37.2,25.6,28.3,29.9,79.3,6.19,1468.1,papaya
52.2,19.3,29.2,30.8,81.3,6.24,1456.1,papaya
77.4,28.0,42.0,29.0,78.3,6.01,1555.9,papaya
46.0,28.2,15.4,26.4,78.8,6.17,1521.5,papaya
66.9,46.9,37.2,25.7,79.9,6.37,1264.0,papaya
60.9,41.0,28.3,28.0,77.2,5.84,1404.3,papaya
47.2,36.4,25.3,27.6,76.4,5.93,1598.4,papaya
67.8,30.7,18.2,25.5,78.0,5.99,1614.6,papaya
49.7,27.1,37.5,30.6,74.4,5.86,1448.6,papaya
63.5,34.4,26.2,28.0,79.8,6.29,1216.5,papaya
49.4,60.3,43.8,24.4,74.9,6.14,1430.5,papaya
71.7,39.2,10.0,26.2,78.1,6.15,1398.8,papaya
74.8,46.0,27.8,27.6,77.8,6.24,1440.1,papaya
59.4,17.4,27.9,28.9,79.7,6.04,1386.7,papaya
44.6,29.5,15.2,30.8,76.6,6.33,1490.9,papaya
60.5,54.4,26.0,31.3,77.2,6.03,1194.6,papaya
61.0,55.3,32.6,27.7,78.4,6.09,1274.0,papaya
50.9,27.5,13.3,25.5,82.0,6.24,1377.2,papaya
71.6,27.9,62.0,29.9,76.4,6.13,1455.1,papaya
85.1,52.7,12.4,25.9,76.8,6.1,1563.1,papaya
38.2,28.6,36.0,28.3,76.2,5.89,1331.0,papaya
24.0,34.4,38.1,27.9,78.4,5.97,1427.1,papaya
77.1,24.5,19.3,28.6,78.7,6.16,1631.0,papaya
87.2,31.2,40.9,30.1,78.3,6.16,1533.2,papaya
44.7,32.5,57.4,26.5,74.9,6.23,1376.4,papaya
88.5,36.5,37.0,24.6,78.4,6.12,1498.4,papaya
64.4,48.9,22.2,26.1,76.4,6.24,1682.1,papaya
63.8,29.6,10.5,26.1,78.3,6.0,1379.8,papaya
54.1,59.6,34.1,27.9,79.1,6.4,1397.1,papaya
31.3,42.6,43.8,27.4,77.4,6.24,1506.3,papaya
60.9,47.0,27.4,30.0,78.2,6.05,1503.7,papaya
72.6,30.8,18.9,25.5,78.5,6.12,1240.5,papaya
48.3,49.8,32.0,30.3,76.7,6.08,1550.9,papaya
41.1,37.3,45.7,28.8,76.4,6.34,1617.7,papaya
50.5,35.0,37.2,28.5,77.5,6.27,1455.0,papaya
61.2,22.1,28.8,27.8,77.4,5.96,1322.5,papaya
50.7,34.8,26.3,27.2,78.0,6.08,1634.2,papaya
58.3,50.2,40.0,27.8,75.9,6.08,1613.1,papaya
84.1,33.7,35.7,29.5,78.6,6.11,1676.5,papaya
82.7,54.2,32.0,27.2,79.7,6.1,1338.4,papaya
79.2,32.2,35.1,28.7,77.6,5.79,1905.8,papaya
76.1,56.4,20.8,28.5,78.0,6.11,1500.2,papaya
61.2,53.1,22.2,29.4,80.1,6.03,1279.2,papaya
28.0,48.5,18.9,28.9,77.7,6.14,1307.5,papaya
60.8,24.1,44.6,27.7,75.1,6.15,1457.3,papaya
57.9,29.3,21.4,34.2,76.2,5.99,1433.2,papaya
37.0,45.7,40.3,30.1,78.1,6.08,1487.1,papaya
57.3,48.4,16.5,31.8,73.9,6.1,1496.8,papaya
47.8,52.0,45.3,27.0,76.8,6.07,1348.7,papaya
45.9,32.3,42.2,23.4,81.7,6.12,1531.8,papaya
77.8,68.3,34.5,27.3,77.2,6.02,1663.6,papaya
41.3,47.4,20.2,30.3,76.8,6.1,1753.7,papaya
84.0,63.0,36.0,30.8,78.1,6.07,1393.1,papaya
68.0,29.8,26.3,27.5,79.9,5.87,1692.5,papaya
70.6,27.4,16.4,27.9,78.4,5.97,1315.4,papaya
59.6,32.3,28.4,27.3,75.7,5.99,1735.5,papaya
71.9,30.1,42.4,25.4,82.1,6.06,1691.1,papaya
61.1,14.9,29.2,31.3,79.1,6.27,1629.3,papaya
39.5,48.3,30.0,27.1,78.2,6.15,1438.4,papaya
71.3,48.4,32.6,30.5,78.2,6.04,1552.7,papaya
44.1,20.8,45.4,29.4,77.6,5.97,1570.8,papaya
73.3,44.1,34.8,31.0,74.2,6.19,1651.0,papaya
57.6,9.4,26.2,29.7,77.8,5.97,1572.5,papaya
93.1,34.4,25.6,30.2,75.9,5.9,1315.5,papaya
71.0,49.7,16.6,33.9,79.4,6.09,1706.6,papaya
80.1,25.5,21.6,29.2,77.5,6.23,1486.5,papaya
64.8,8.0,30.8,28.1,76.6,5.96,1665.6,papaya
48.9,24.6,26.2,33.5,76.0,6.12,1575.9,papaya
54.6,44.3,22.7,26.8,81.1,6.08,1730.4,papaya
64.8,28.4,20.6,28.1,76.1,5.93,1510.2,papaya
70.4,22.8,27.8,29.5,76.6,5.83,1459.7,papaya
85.1,43.7,27.3,29.8,76.6,6.13,1727.7,papaya
69.2,45.9,10.0,32.4,78.1,6.03,1283.7,papaya
56.3,31.4,28.8,30.7,80.3,5.95,1555.5,papaya
71.4,40.5,20.0,28.4,77.1,6.31,1064.2,papaya
56.2,54.7,39.5,28.1,79.2,6.2,1213.8,papaya
53.5,32.7,20.5,30.3,81.2,6.04,1739.9,papaya
53.0,23.2,26.1,25.3,77.2,5.93,1425.0,papaya
41.2,25.1,22.2,27.4,78.2,6.0,1434.9,papaya
69.1,18.4,11.5,29.2,78.2,6.1,1257.7,papaya
62.9,28.3,32.1,28.3,76.5,6.32,1310.2,papaya
33.8,71.4,24.2,28.3,82.2,6.22,1507.7,papaya
53.4,20.9,41.7,28.7,77.3,5.97,1251.9,papaya
61.4,53.5,41.9,28.8,77.1,6.12,1803.6,papaya
35.5,41.0,35.1,27.2,76.9,6.02,1375.2,papaya
65.1,34.5,35.5,29.1,78.3,6.36,1471.7,papaya
63.6,66.5,34.6,31.1,79.4,6.03,1604.4,papaya
71.1,33.9,20.9,26.6,80.9,6.1,1415.1,papaya
68.1,37.7,22.2,26.2,81.4,6.15,1565.1,papaya
61.9,61.0,43.5,27.1,76.9,6.0,1323.5,papaya
64.7,12.5,31.8,28.1,78.5,5.79,1376.6,papaya
63.1,40.3,35.0,30.8,79.9,6.07,1631.6,papaya
47.7,54.3,29.9,25.6,77.7,6.15,1486.2,papaya
84.6,48.4,45.8,29.4,76.1,6.06,1306.5,papaya
38.0,23.2,23.6,26.5,78.8,6.25,1831.8,papaya
77.8,28.8,18.5,29.5,77.7,5.96,1629.9,papaya
64.8,35.3,34.9,24.8,75.9,6.11,1413.8,papaya
44.8,43.5,54.6,28.5,76.7,6.11,1297.0,papaya
65.5,40.8,41.3,31.8,80.3,6.18,1616.6,papaya
58.6,43.4,23.8,30.1,76.3,6.38,1299.4,papaya
56.5,35.2,17.9,31.1,77.4,6.18,1582.9,papaya
60.8,61.3,36.4,29.7,78.3,6.01,1702.2,papaya
60.0,48.4,32.7,24.5,74.2,6.31,1424.7,papaya
73.1,32.6,32.4,27.1,75.4,5.85,1743.7,papaya
38.4,57.1,29.9,30.5,76.1,6.05,1343.5,papaya
45.9,42.8,27.2,26.2,76.4,6.14,1237.7,papaya
49.5,68.7,18.4,29.9,74.5,6.24,1265.4,papaya
57.3,52.1,23.8,31.1,76.4,6.19,1746.6,papaya
57.8,55.1,24.7,29.4,81.5,6.24,1400.2,papaya
46.2,53.0,22.3,29.1,78.4,6.16,1502.0,papaya
41.3,57.6,34.5,29.9,80.5,6.31,1672.1,papaya
43.1,8.5,29.5,26.3,73.7,5.78,1294.9,papaya
34.9,30.4,27.1,26.9,80.3,6.06,1623.3,papaya
77.4,24.6,27.6,32.6,79.2,6.32,1191.4,papaya
56.7,23.4,19.1,26.5,78.9,6.09,1294.8,papaya
83.6,29.3,21.6,26.6,81.5,5.87,1443.3,papaya
60.6,27.6,28.1,30.6,74.3,5.92,1144.0,papaya
23.2,48.9,23.4,29.0,83.0,6.07,1334.1,papaya
69.7,32.9,44.1,26.5,78.8,6.1,1543.6,papaya
46.4,23.6,12.2,29.5,78.8,6.1,1293.2,papaya
96.9,51.3,34.8,31.7,77.2,6.36,1571.9,papaya
53.9,21.6,23.5,29.2,77.7,5.8,1687.2,papaya
61.9,40.9,25.5,29.7,73.6,6.12,1075.1,papaya
59.8,26.2,13.4,29.2,78.9,5.66,1433.7,papaya
68.7,27.8,39.0,23.7,75.2,5.97,1487.9,papaya
33.0,21.1,12.5,33.5,80.4,6.01,1581.6,papaya
59.2,22.7,18.4,30.1,76.2,5.75,1894.0,papaya
60.5,35.5,29.8,30.3,77.9,6.17,1391.0,papaya
46.0,22.8,23.6,26.7,78.4,5.9,1527.3,papaya
63.6,33.1,17.0,26.2,78.5,5.73,1503.8,papaya
60.3,20.9,22.8,31.2,75.5,5.92,1599.9,papaya
61.5,48.7,28.1,33.0,76.3,6.15,1669.3,papaya
71.6,39.6,27.4,31.6,77.4,6.17,1773.6,papaya
87.5,25.9,25.3,29.7,80.4,6.15,1533.2,papaya
78.4,24.9,28.1,27.2,76.9,5.85,1458.9,papaya
65.2,26.0,32.6,28.3,76.8,5.86,1497.6,papaya
72.4,31.3,53.4,26.3,72.2,6.43,1557.1,papaya
72.7,27.0,44.3,28.0,74.3,5.92,1224.7,papaya
44.9,48.6,16.4,31.4,76.3,6.08,1763.5,papaya
54.5,15.3,20.2,29.7,78.2,5.82,1335.0,papaya
70.4,19.6,27.4,28.4,75.1,5.99,1201.6,papaya
70.3,64.4,37.9,26.7,78.6,6.21,1384.6,papaya
71.4,54.6,25.0,29.9,76.8,6.16,1317.0,papaya
84.6,31.8,25.3,30.7,78.8,5.82,1461.3,papaya
46.4,46.4,26.4,29.9,80.5,6.05,1626.9,papaya
63.1,40.8,17.9,32.0,78.0,6.02,1450.3,papaya
49.7,50.4,29.0,28.9,79.3,6.3,1255.3,papaya
81.1,36.1,29.6,29.8,76.6,5.91,1543.6,papaya
70.1,25.2,26.9,27.3,77.0,5.91,1555.7,papaya
65.4,49.2,10.0,27.2,77.5,6.18,1515.4,papaya
49.0,45.0,20.8,28.9,78.5,6.3,1640.1,papaya
48.7,24.2,46.0,32.9,76.9,6.2,1422.5,papaya
36.9,21.9,18.1,31.1,76.8,6.23,1580.2,papaya
53.4,47.7,28.6,27.7,76.4,6.04,1567.3,papaya
32.5,36.2,28.3,27.7,76.6,6.05,1250.6,papaya
56.5,30.8,21.4,26.7,79.6,6.42,1526.4,papaya
72.3,14.1,40.7,29.5,80.0,5.96,1189.9,papaya
64.7,19.1,33.0,29.5,77.6,6.06,1482.9,papaya
51.8,50.7,32.3,28.9,77.3,6.24,1312.1,papaya
53.0,50.2,30.9,29.5,79.9,6.07,1369.8,papaya
59.0,29.8,28.2,28.1,77.8,6.17,1683.1,papaya
57.5,34.9,39.9,26.1,76.0,6.29,1667.8,papaya
54.4,47.2,26.1,32.3,78.5,6.15,1565.6,papaya
45.3,44.2,30.9,29.4,79.7,6.0,1260.6,papaya
62.1,50.1,35.4,27.7,75.7,6.19,1404.0,papaya
64.6,35.6,39.5,28.7,80.5,5.99,1392.0,papaya
42.3,44.9,29.0,29.7,80.9,6.06,1374.0,papaya
35.7,51.6,29.9,27.3,79.9,6.26,1295.1,papaya
56.6,12.6,28.7,25.9,78.6,5.9,1448.4,papaya
52.3,59.7,30.5,27.7,78.2,6.02,1671.1,papaya
76.2,29.8,31.8,27.1,80.2,6.16,1488.6,papaya
57.5,58.4,27.2,27.3,79.4,6.22,1744.3,papaya
37.5,54.2,15.4,30.5,79.4,6.15,1797.2,papaya
33.6,39.4,26.6,27.4,77.4,6.27,1530.2,papaya
89.5,27.9,41.5,27.9,77.4,6.03,1990.4,papaya
69.6,43.7,32.0,29.3,76.4,6.11,1631.6,papaya
66.9,29.6,33.6,32.5,78.0,6.36,1060.6,papaya
77.5,45.2,46.2,33.1,76.3,6.12,1258.8,papaya
68.9,45.1,35.8,28.7,77.4,6.03,1546.0,papaya
31.2,22.0,44.0,31.1,77.3,6.22,1476.0,papaya
51.5,48.0,21.8,26.4,78.1,6.26,1518.0,papaya
57.5,27.2,39.9,27.2,76.8,5.99,1422.3,papaya
68.2,34.4,43.5,26.0,75.7,6.11,1297.2,papaya
67.9,23.9,54.4,29.4,79.3,6.25,1561.3,papaya
57.1,52.9,36.1,26.8,73.4,6.03,1756.5,papaya
52.8,39.2,19.1,29.9,81.0,6.25,1831.8,papaya
64.0,37.5,26.5,30.3,76.9,6.06,1370.4,papaya
59.9,39.5,10.0,28.4,79.7,6.12,1625.1,papaya
46.6,26.0,31.3,29.3,78.1,6.36,1157.0,papaya
36.3,53.6,23.5,25.6,80.4,6.1,1341.7,papaya
64.8,50.4,29.6,31.4,79.4,6.4,1357.3,papaya
22.9,35.5,20.9,30.0,74.8,5.91,1743.1,papaya
63.6,28.0,38.7,30.3,81.3,6.0,1852.7,papaya
57.0,47.5,33.8,25.8,78.3,6.52,1820.7,papaya
55.3,34.3,22.8,27.3,77.6,5.83,1349.3,papaya
22.3,34.6,47.2,26.3,76.6,6.0,1384.0,papaya
40.9,33.2,40.8,25.8,78.7,6.31,1422.4,papaya
65.8,33.1,21.3,31.1,76.3,6.13,1181.2,papaya
64.8,26.2,27.8,27.9,74.3,5.86,1569.7,papaya
50.1,36.2,30.9,29.7,77.2,6.07,1591.1,papaya
56.1,58.1,27.3,29.1,77.0,6.16,1146.3,papaya
55.5,21.0,16.5,28.5,76.9,6.45,1611.4,papaya
72.3,43.4,37.1,28.0,76.1,6.29,1548.5,papaya
93.8,20.9,10.0,31.0,77.6,5.92,1412.5,papaya
72.6,38.6,34.4,27.6,78.8,6.2,1424.2,papaya
48.4,39.1,27.5,23.7,80.6,6.35,1447.9,papaya
35.9,32.3,13.4,25.3,76.6,5.93,1524.3,papaya
35.9,48.6,36.7,29.7,76.5,6.18,1647.1,papaya
64.8,27.3,35.0,28.8,77.6,5.92,1572.9,papaya
71.9,21.3,30.2,28.4,78.7,5.61,1470.6,papaya
44.1,27.4,28.4,26.3,79.2,6.12,1672.1,papaya
50.6,43.3,28.5,25.4,77.7,6.04,1638.3,papaya
74.9,34.7,21.2,28.9,75.4,6.39,1299.0,papaya
89.9,65.5,50.3,26.7,76.5,6.17,1400.8,papaya
62.9,48.3,34.5,26.6,78.1,6.09,1656.3,papaya
52.0,5.0,39.1,29.1,77.6,5.99,1569.2,papaya
66.7,50.3,26.7,26.5,77.6,6.17,1491.1,papaya
65.5,27.0,34.3,25.8,76.4,6.19,1499.5,papaya
78.6,19.5,20.2,26.4,77.2,5.82,1432.3,papaya
38.4,50.4,16.4,28.1,82.2,6.19,1344.3,papaya
57.7,16.1,10.0,29.0,77.0,5.93,1714.6,papaya
59.7,31.3,34.0,30.6,75.6,6.2,1579.0,papaya
75.7,38.4,43.5,27.7,81.2,6.36,1206.9,papaya
42.9,25.4,25.3,27.3,75.8,6.3,1280.3,papaya
62.7,42.2,29.2,26.0,80.3,6.4,1538.6,papaya
46.6,57.4,36.0,28.4,75.3,6.4,1406.7,papaya
42.0,22.7,16.1,29.2,77.3,6.13,1756.2,papaya
45.7,53.6,20.8,31.1,76.4,6.3,1343.8,papaya
63.1,47.1,31.4,32.1,75.1,5.88,1396.0,papaya
43.9,38.1,32.0,30.2,80.1,6.21,1306.7,papaya
60.4,55.6,22.5,24.5,75.9,6.14,1494.2,papaya
69.6,55.2,32.1,28.4,78.4,6.02,1568.4,papaya
79.3,34.5,29.9,30.1,75.7,6.39,1432.8,papaya
77.8,38.2,15.9,26.7,77.8,6.23,1688.7,papaya
39.5,43.6,36.0,28.1,75.6,6.05,1581.4,papaya
50.9,42.5,25.7,29.2,78.5,6.19,1516.1,papaya
77.9,39.3,32.8,25.4,76.9,6.15,1658.4,papaya
57.5,15.1,21.5,28.3,78.0,5.97,1096.4,papaya
66.1,43.2,40.2,25.9,77.1,6.13,1372.9,papaya
35.5,52.8,46.8,25.6,73.8,6.0,1534.8,papaya
66.4,11.6,39.4,28.4,76.9,5.98,1392.9,papaya
67.2,53.0,42.8,25.0,75.3,6.01,1064.1,papaya
19.7,27.9,27.2,27.5,79.6,6.26,1650.7,papaya
52.2,29.6,37.6,32.5,76.6,6.02,1574.1,papaya
49.6,42.9,46.6,30.1,74.3,6.03,1314.1,papaya
50.2,16.0,37.9,26.7,78.8,5.83,1619.0,papaya
48.6,33.9,21.7,27.7,76.8,6.15,1479.3,papaya
69.9,10.3,28.6,26.6,78.0,5.87,1443.1,papaya
57.1,40.3,43.3,30.8,78.6,5.86,1730.7,papaya
40.9,16.0,21.6,28.3,77.2,6.19,1710.7,papaya
42.9,12.1,20.8,28.9,76.6,5.82,1326.0,papaya
77.2,27.7,19.8,23.8,77.6,6.14,1418.4,papaya
83.8,38.6,25.1,26.6,78.0,6.03,1581.6,papaya
66.3,30.6,43.0,27.6,76.2,5.63,1474.7,papaya
74.7,33.4,13.3,28.4,78.4,5.86,1146.9,papaya
47.8,9.9,42.4,30.1,75.2,6.15,1468.8,papaya
73.5,50.6,25.4,29.3,80.6,6.14,1619.1,papaya
40.9,46.3,45.0,27.7,79.5,6.05,1502.0,papaya
55.4,46.4,26.6,29.1,81.3,6.19,1308.7,papaya
58.7,47.1,31.5,24.1,79.3,6.3,1625.5,papaya
60.5,50.2,47.6,32.0,77.1,6.03,1461.6,papaya
41.7,70.3,31.7,28.0,73.7,6.06,1430.9,papaya
64.4,53.8,32.6,25.3,78.4,6.27,1468.0,papaya
60.4,13.0,14.6,27.4,75.2,6.09,1274.3,papaya
40.5,33.8,32.9,29.1,77.1,6.07,1390.0,papaya
60.1,30.5,41.2,29.4,80.5,6.34,1540.5,papaya
51.0,58.8,47.3,26.5,76.7,6.26,1364.8,papaya
76.2,24.4,22.3,24.7,79.3,6.07,1339.0,papaya
81.6,45.8,25.9,30.8,75.5,6.04,1390.3,papaya
46.6,27.5,33.5,26.3,76.7,6.25,1397.5,papaya
75.4,24.4,12.2,32.4,78.6,6.15,1592.5,papaya
65.4,55.3,36.5,30.5,76.6,6.07,1455.5,papaya
38.1,37.2,34.8,27.8,77.4,5.95,1563.0,papaya
70.9,41.2,28.9,27.3,78.4,6.19,1735.8,papaya
70.5,43.4,20.9,30.7,80.9,6.23,1513.2,papaya
32.6,26.4,33.3,25.6,76.0,6.31,1510.5,papaya
75.4,26.2,43.1,30.0,74.6,5.92,1230.8,papaya
49.7,39.3,28.4,28.4,78.8,6.34,1474.2,papaya
66.0,54.3,44.0,26.8,76.7,6.09,1694.6,papaya
43.6,54.2,35.2,26.3,77.9,6.15,1634.9,papaya
39.6,9.6,29.3,26.8,77.1,6.18,1210.9,papaya
43.2,64.1,34.8,27.1,76.3,6.12,1280.0,papaya
58.5,41.6,23.5,31.0,74.5,6.18,1556.6,papaya
48.3,34.0,43.1,27.6,77.1,5.95,1742.6,papaya
51.4,12.7,26.7,29.4,79.7,6.1,1561.7,papaya
33.1,46.6,36.5,28.3,76.7,6.05,1702.3,papaya
63.5,26.1,14.6,28.1,81.7,6.52,1498.0,papaya
59.8,25.5,43.1,30.1,80.3,6.25,1793.6,papaya
39.4,14.4,30.2,26.1,75.2,5.82,1421.9,papaya
85.2,37.9,23.2,27.0,75.6,5.89,1826.6,papaya
34.8,36.7,31.2,30.6,74.9,6.12,1729.1,papaya
38.5,54.7,48.8,29.2,76.7,6.01,1469.7,papaya
80.3,26.6,38.0,31.3,78.3,6.17,1678.3,papaya
60.8,47.3,27.6,28.7,76.4,6.12,1405.7,papaya
75.3,49.3,34.8,28.5,76.4,6.18,1624.2,papaya
36.2,38.5,38.5,24.9,77.8,6.18,1457.8,papaya
108.1,55.8,43.4,31.9,75.7,6.07,1364.8,papaya
39.7,18.8,40.6,27.1,78.5,6.17,1548.8,papaya
52.3,19.3,41.4,25.8,75.8,5.96,1472.7,papaya
66.7,21.8,31.4,29.8,76.9,6.12,1499.7,papaya
71.0,25.5,32.1,29.0,74.9,5.96,1452.4,papaya
64.3,14.5,31.9,27.0,76.9,5.94,1680.3,papaya
72.2,26.4,37.1,30.0,79.3,5.8,1199.3,papaya
64.6,35.2,28.6,26.2,78.7,5.87,1208.1,papaya
67.2,17.8,24.8,28.4,79.5,6.07,1400.2,papaya
60.2,27.6,38.9,27.9,76.9,6.09,1394.0,papaya
56.6,43.8,26.8,27.3,81.1,6.12,1904.6,papaya
65.1,31.3,30.8,28.2,75.6,6.04,1661.3,papaya
46.9,30.4,45.4,27.3,76.8,6.21,1624.1,papaya
55.7,8.5,31.5,25.1,77.1,5.81,1404.8,papaya
53.3,28.8,35.0,28.7,76.9,6.05,1108.6,papaya
48.5,40.7,40.6,25.9,79.5,6.02,1598.9,papaya
59.3,44.0,31.5,24.8,77.2,6.17,1438.0,papaya
59.7,34.8,38.9,28.3,77.5,6.13,1589.2,papaya
46.5,56.5,42.0,31.3,75.4,6.24,1463.4,papaya
54.1,58.4,34.6,28.6,77.7,6.07,1357.4,papaya
57.1,25.3,37.0,30.1,80.1,5.96,1287.0,papaya
76.0,27.0,28.7,31.0,78.7,5.76,1568.9,papaya
57.4,17.0,36.7,29.1,78.5,5.95,1527.7,papaya
67.2,30.1,25.8,29.7,74.5,5.81,1424.5,papaya
54.6,45.6,35.2,27.0,72.8,6.3,1185.8,papaya
60.7,44.7,40.5,26.6,80.1,6.02,1438.7,papaya
50.6,27.5,42.1,28.8,63.8,6.3,561.7,pomegranate
42.7,35.9,46.4,25.8,65.3,6.35,666.9,pomegranate
90.6,18.7,49.3,26.1,59.1,6.83,620.8,pomegranate
59.7,19.7,31.0,26.9,58.4,6.0,616.5,pomegranate
48.1,41.9,35.9,27.5,60.4,6.51,640.7,pomegranate
44.9,34.5,59.5,28.2,63.7,6.29,550.7,pomegranate
40.6,23.7,51.2,27.0,64.3,5.78,605.2,pomegranate
78.0,41.1,45.1,27.6,62.8,6.96,610.1,pomegranate
74.5,43.7,48.9,27.2,60.7,6.46,481.2,pomegranate
51.7,28.6,44.7,23.9,59.1,6.66,585.6,pomegranate
59.7,43.8,32.5,29.8,62.7,6.24,622.4,pomegranate
50.2,44.8,60.0,28.5,60.2,6.29,567.1,pomegranate
52.2,50.8,59.0,29.1,61.0,6.32,577.2,pomegranate
59.9,39.0,42.7,30.0,63.3,6.75,620.2,pomegranate
84.7,55.5,45.1,24.7,60.8,6.44,621.6,pomegranate
57.3,55.0,39.6,22.6,64.2,6.64,588.4,pomegranate
46.2,32.9,39.7,26.5,62.8,6.55,630.4,pomegranate
88.4,55.7,30.6,33.8,60.8,6.52,571.6,pomegranate
67.6,26.6,35.3,24.9,61.6,6.94,609.7,pomegranate
72.9,57.4,51.9,27.8,62.7,6.43,618.6,pomegranate
65.0,47.2,52.5,26.6,62.3,6.13,563.8,pomegranate
59.7,58.9,45.2,29.8,64.6,6.38,605.3,pomegranate
84.8,65.8,36.8,28.8,61.9,6.61,644.2,pomegranate
54.3,39.8,41.7,23.8,60.4,6.69,634.4,pomegranate
59.2,35.8,34.9,29.0,66.8,6.41,668.1,pomegranate
62.8,38.1,27.9,26.5,60.4,6.57,604.5,pomegranate
62.9,28.9,37.2,29.3,62.1,6.34,628.7,pomegranate
50.9,36.1,38.0,26.5,61.1,6.16,551.3,pomegranate
63.6,33.1,26.1,29.2,63.9,6.03,630.7,pomegranate
78.3,58.4,22.1,28.4,63.0,6.28,609.4,pomegranate
45.9,57.5,58.4,24.9,62.1,6.56,581.4,pomegranate
45.8,44.0,52.8,24.4,65.0,6.41,570.0,pomegranate
45.3,25.3,40.7,24.2,61.2,6.88,597.3,pomegranate
80.8,33.5,55.9,25.2,63.5,5.89,622.3,pomegranate
68.4,56.1,48.9,28.4,59.7,6.63,610.8,pomegranate
49.8,50.0,36.8,31.9,67.5,6.23,564.9,pomegranate
61.2,47.4,19.9,33.3,62.9,6.63,602.3,pomegranate
86.2,32.7,26.0,31.1,60.0,6.34,574.4,pomegranate
71.3,36.8,26.4,22.7,61.9,6.35,567.9,pomegranate
54.9,38.2,39.9,30.1,63.7,6.67,586.3,pomegranate
64.1,54.9,22.1,29.0,61.8,6.86,570.1,pomegranate
76.5,23.4,44.4,31.3,64.1,6.28,623.7,pomegranate
73.8,58.5,42.7,26.3,63.0,6.79,628.2,pomegranate
81.5,26.2,61.7,24.4,60.6,6.67,616.7,pomegranate
49.4,12.6,22.2,24.7,61.0,6.98,546.1,pomegranate
68.1,34.9,58.2,29.2,61.6,6.65,629.2,pomegranate
73.9,35.9,35.5,25.2,60.3,6.57,600.2,pomegranate
50.7,20.7,36.1,20.1,61.5,6.31,632.5,pomegranate
51.8,63.3,20.9,23.2,63.3,6.38,586.9,pomegranate
66.3,35.2,61.7,25.6,64.2,6.19,617.5,pomegranate
47.9,24.1,29.7,27.6,65.6,6.5,608.0,pomegranate
64.2,36.3,28.4,29.8,62.6,6.37,571.7,pomegranate
48.7,47.2,27.2,24.2,62.2,6.7,627.6,pomegranate
48.9,44.5,43.0,21.5,64.2,6.67,592.6,pomegranate
48.3,43.1,22.5,25.3,64.4,6.41,597.0,pomegranate
62.9,48.7,57.3,26.0,62.8,6.43,614.3,pomegranate
60.9,34.4,32.0,21.0,61.2,6.83,561.0,pomegranate
65.0,44.4,18.5,25.5,62.2,6.43,591.8,pomegranate
59.0,56.1,43.8,29.1,61.8,6.43,619.5,pomegranate
47.3,37.0,29.7,31.7,61.6,6.51,583.0,pomegranate
61.9,31.7,46.6,30.3,60.0,6.28,609.7,pomegranate
72.5,35.4,43.8,27.4,62.3,6.64,551.7,pomegranate
64.0,28.6,32.2,25.6,62.5,6.68,599.4,pomegranate
75.2,48.4,42.5,28.0,63.2,6.82,575.8,pomegranate
48.1,24.9,70.5,23.8,62.0,6.24,502.4,pomegranate
56.3,37.5,36.1,26.9,62.4,6.32,592.5,pomegranate
59.2,58.2,34.6,27.0,61.0,6.66,613.8,pomegranate
37.9,28.8,43.4,29.2,63.8,6.88,611.4,pomegranate
60.4,36.6,19.1,31.5,63.0,6.22,610.6,pomegranate
60.0,32.3,60.9,27.6,63.9,6.26,661.9,pomegranate
41.6,45.5,28.4,28.8,63.1,6.47,647.0,pomegranate
46.0,42.1,69.9,24.1,64.2,6.49,617.6,pomegranate
66.5,50.9,33.0,25.6,62.3,6.37,591.0,pomegranate
75.9,32.7,28.2,22.5,65.1,6.81,657.1,pomegranate
66.1,65.1,26.5,30.2,58.8,6.62,574.0,pomegranate
57.5,20.5,11.8,25.4,60.9,6.69,586.7,pomegranate
82.3,57.7,20.9,21.1,64.7,6.41,665.4,pomegranate
38.0,30.3,50.8,21.6,62.6,5.99,585.6,pomegranate
52.9,40.9,45.1,29.7,60.2,6.67,545.4,pomegranate
72.0,34.2,76.3,27.7,59.6,6.25,620.6,pomegranate
61.3,41.2,58.5,28.7,61.0,6.46,610.4,pomegranate
57.1,40.6,25.7,27.0,64.7,6.49,608.7,pomegranate
50.4,55.3,15.5,23.0,63.0,6.84,587.9,pomegranate
42.6,28.8,28.3,26.4,60.9,6.72,620.8,pomegranate
68.6,42.7,31.1,29.7,62.7,6.68,629.0,pomegranate
48.7,65.6,53.3,23.9,63.0,6.52,588.3,pomegranate
48.7,37.0,32.1,25.7,61.5,7.15,606.2,pomegranate
59.0,40.2,64.2,26.6,63.6,6.36,589.7,pomegranate
65.0,37.4,48.9,29.4,65.7,6.52,634.0,pomegranate
79.4,24.0,17.1,31.5,64.5,6.92,525.4,pomegranate
83.9,54.2,59.5,27.6,56.7,6.68,551.2,pomegranate
64.5,47.0,20.3,25.3,61.1,6.23,594.2,pomegranate
82.3,42.9,33.7,22.4,65.0,6.41,606.3,pomegranate
37.5,28.4,31.7,25.8,62.1,6.79,586.3,pomegranate
68.4,53.6,50.8,26.0,62.7,6.56,578.3,pomegranate
38.3,46.3,57.3,31.3,67.2,6.88,641.3,pomegranate
82.4,59.4,34.7,24.7,61.5,6.56,570.5,pomegranate
57.0,19.9,55.9,24.5,61.0,6.11,620.7,pomegranate
35.8,35.3,18.8,26.3,63.9,6.51,579.8,pomegranate
45.8,29.5,30.8,26.9,65.5,6.53,612.1,pomegranate
79.4,49.2,32.3,28.0,61.1,6.89,616.1,pomegranate
59.7,37.5,41.8,21.2,62.7,6.32,569.1,pomegranate
72.7,57.9,15.3,24.1,65.3,6.71,646.9,pomegranate
62.7,34.4,42.3,20.2,65.8,6.42,624.6,pomegranate
49.4,37.0,37.9,27.8,65.0,6.53,645.7,pomegranate
63.2,46.4,35.0,30.5,64.2,6.92,597.4,pomegranate
72.8,59.7,39.6,28.2,63.3,6.17,625.0,pomegranate
26.4,60.7,29.3,22.3,67.0,6.62,632.7,pomegranate
69.0,46.2,26.1,26.9,64.8,6.64,635.2,pomegranate
55.2,36.5,32.1,24.4,64.0,6.42,622.4,pomegranate
51.0,36.1,25.3,28.5,60.3,6.37,613.5,pomegranate
64.3,31.1,39.2,25.9,61.9,6.67,544.3,pomegranate
70.8,42.9,44.2,27.6,62.0,6.88,570.7,pomegranate
47.8,27.4,39.2,26.5,60.1,6.55,634.2,pomegranate
49.2,52.4,49.7,24.0,62.7,6.2,654.0,pomegranate
78.1,54.2,51.4,28.4,63.3,6.72,647.6,pomegranate
61.4,36.3,21.2,24.7,61.8,6.42,571.8,pomegranate
65.3,32.7,48.1,27.1,61.9,6.74,578.8,pomegranate
60.9,17.0,49.8,26.5,59.9,6.59,583.2,pomegranate
56.2,51.9,35.4,26.4,62.1,6.67,625.8,pomegranate
60.1,47.4,59.7,25.1,68.2,6.61,627.2,pomegranate
73.4,25.8,51.8,29.8,64.8,6.45,659.4,pomegranate
55.2,41.6,29.5,23.3,59.6,6.11,656.7,pomegranate
94.4,35.0,39.9,26.0,60.8,6.61,587.7,pomegranate
53.2,46.1,49.2,23.1,61.4,6.92,649.4,pomegranate
65.8,35.4,67.0,27.3,59.6,6.72,537.0,pomegranate
76.3,34.2,40.1,29.8,60.3,6.48,595.6,pomegranate
46.8,38.1,47.3,25.2,59.5,6.74,565.2,pomegranate
90.0,50.2,23.2,31.8,67.0,6.05,586.5,pomegranate
34.1,42.9,32.8,25.8,61.9,6.65,633.7,pomegranate
69.5,30.8,28.3,23.1,61.5,6.43,586.9,pomegranate
59.3,22.6,51.7,24.8,64.9,6.63,580.4,pomegranate
90.4,43.6,44.6,26.4,61.6,6.61,552.3,pomegranate
50.8,41.7,38.3,25.1,64.0,6.4,615.2,pomegranate
38.0,34.5,54.0,27.4,65.5,6.53,671.5,pomegranate
54.8,32.9,40.6,27.4,61.7,6.71,526.6,pomegranate
80.8,56.9,49.3,22.9,59.6,6.08,576.3,pomegranate
31.9,14.2,22.3,27.5,63.2,6.13,542.0,pomegranate
67.6,10.3,25.6,23.9,61.3,6.44,616.3,pomegranate
67.5,44.8,37.5,26.2,64.3,6.25,563.9,pomegranate
61.2,39.7,38.0,30.0,63.2,6.69,597.8,pomegranate
81.1,33.4,49.2,28.1,61.4,6.78,618.4,pomegranate
68.3,23.4,36.9,32.0,62.5,6.04,591.1,pomegranate
73.6,25.3,31.0,25.9,65.6,6.4,570.4,pomegranate
66.7,43.2,55.6,23.5,61.4,6.8,535.2,pomegranate
92.5,39.7,44.4,31.4,58.7,6.35,558.7,pomegranate
59.3,41.8,24.5,25.7,62.8,6.51,616.1,pomegranate
64.0,42.7,29.1,25.4,61.8,7.07,593.2,pomegranate
42.3,60.8,18.3,24.3,60.7,6.18,592.8,pomegranate
71.0,40.3,26.6,28.6,64.3,7.0,614.7,pomegranate
77.8,39.0,63.6,27.0,64.2,6.08,633.3,pomegranate
60.7,44.6,16.6,29.0,62.1,6.74,668.6,pomegranate
73.6,46.4,45.7,29.0,61.7,6.52,525.4,pomegranate
45.5,42.5,10.0,23.5,63.9,6.34,605.7,pomegranate
52.7,10.6,51.1,23.7,66.4,6.68,615.5,pomegranate
110.8,19.3,57.4,28.1,61.4,6.38,547.4,pomegranate
73.6,39.9,25.3,27.3,59.5,6.59,643.0,pomegranate
72.9,38.6,40.9,26.9,62.7,6.52,554.6,pomegranate
42.4,39.9,74.6,31.1,63.8,6.51,546.7,pomegranate
62.5,45.4,40.3,27.2,63.8,6.35,648.1,pomegranate
78.0,34.7,32.5,30.9,63.4,6.47,590.3,pomegranate
49.8,60.4,53.2,27.6,64.0,6.37,615.7,pomegranate
61.5,29.4,46.6,22.4,60.9,6.79,563.0,pomegranate
53.0,47.2,22.9,30.3,63.8,6.06,632.9,pomegranate
47.6,37.3,16.1,30.0,62.1,6.89,585.0,pomegranate
71.1,18.5,36.5,29.2,59.6,5.93,703.1,pomegranate
83.3,36.7,23.7,30.0,61.4,6.02,581.7,pomegranate
57.8,50.1,51.0,25.3,59.1,6.41,529.4,pomegranate
72.8,13.4,32.7,26.2,61.9,6.23,621.9,pomegranate
68.3,40.6,26.5,23.4,62.9,6.01,635.7,pomegranate
68.0,29.6,65.6,24.7,64.2,6.41,620.6,pomegranate
70.1,8.1,58.0,32.4,65.2,6.84,552.4,pomegranate
48.4,39.9,34.5,26.9,62.0,6.38,612.2,pomegranate
69.1,57.4,12.9,30.1,62.1,6.33,638.1,pomegranate
66.2,38.5,33.0,24.3,67.2,6.61,571.2,pomegranate
51.0,5.0,33.0,23.8,65.0,6.42,619.9,pomegranate
62.4,47.1,15.4,24.4,62.3,6.39,579.1,pomegranate
52.3,44.4,37.3,26.5,60.3,6.56,572.1,pomegranate
52.6,46.5,43.3,29.4,63.4,6.46,583.0,pomegranate
77.7,24.7,41.6,22.7,64.3,6.69,591.3,pomegranate
48.6,39.2,10.0,27.9,62.7,6.76,559.5,pomegranate
80.3,34.3,27.2,22.9,60.9,6.68,640.7,pomegranate
67.3,54.7,24.0,31.0,63.5,6.39,597.8,pomegranate
49.5,15.6,37.2,28.4,60.5,6.49,631.9,pomegranate
60.9,46.3,39.0,28.4,62.0,6.6,596.5,pomegranate
70.6,28.2,64.2,24.1,62.3,6.75,616.6,pomegranate
74.2,14.3,17.2,26.2,61.4,6.45,562.1,pomegranate
49.5,50.9,43.5,23.9,64.3,6.29,652.5,pomegranate
85.7,60.8,53.6,25.8,61.6,6.43,579.8,pomegranate
40.1,58.8,53.6,26.3,65.6,6.52,679.1,pomegranate
53.0,50.3,46.7,23.2,67.4,6.71,632.0,pomegranate
60.2,42.6,50.6,23.8,62.0,6.22,656.7,pomegranate
21.4,19.1,36.2,26.4,63.2,6.43,584.1,pomegranate
57.7,43.5,61.8,26.2,59.3,6.4,614.9,pomegranate
44.9,45.0,75.4,27.1,64.5,6.82,555.0,pomegranate
68.8,73.2,45.7,30.2,66.2,6.48,581.6,pomegranate
27.1,39.8,46.6,30.5,60.7,6.17,605.0,pomegranate
59.5,40.4,10.0,23.3,63.5,6.3,596.2,pomegranate
58.4,22.8,45.7,21.6,61.9,6.47,642.9,pomegranate
59.3,45.6,45.1,27.7,63.4,6.45,543.4,pomegranate
71.8,29.9,46.4,27.5,63.2,6.54,587.6,pomegranate
51.6,37.6,29.2,26.7,66.1,6.65,592.8,pomegranate
58.3,39.4,49.6,26.5,65.8,6.56,614.1,pomegranate
93.9,21.7,35.5,24.7,61.9,6.59,570.1,pomegranate
42.4,41.2,31.8,27.6,62.9,6.1,653.3,pomegranate
66.5,40.3,33.9,29.5,61.4,6.51,586.3,pomegranate
64.9,32.1,37.8,22.6,62.1,6.22,545.0,pomegranate
51.2,32.0,62.7,28.5,63.3,6.58,601.6,pomegranate
63.1,39.3,15.1,28.4,61.8,6.82,584.9,pomegranate
64.1,42.3,42.2,24.5,63.0,6.72,632.0,pomegranate
76.9,45.1,16.2,27.9,62.2,6.37,645.3,pomegranate
45.2,26.4,50.7,30.2,65.9,6.55,663.1,pomegranate
50.5,39.8,36.6,26.5,62.1,6.41,583.7,pomegranate
61.0,36.6,35.3,28.5,59.4,6.13,674.6,pomegranate
67.6,33.5,49.8,30.5,64.5,6.9,571.0,pomegranate
69.0,34.3,55.0,29.5,63.4,5.86,634.9,pomegranate
71.3,29.3,55.6,27.1,62.7,6.58,602.8,pomegranate
61.9,80.0,39.3,24.8,61.1,6.43,566.2,pomegranate
89.7,23.6,54.0,28.8,59.9,6.72,636.9,pomegranate
53.0,30.4,61.5,25.8,64.2,6.42,600.6,pomegranate
33.1,48.8,10.0,28.7,66.3,6.81,533.4,pomegranate
62.0,45.4,44.2,26.5,63.7,6.85,592.2,pomegranate
73.0,26.1,28.0,23.1,65.9,6.34,582.1,pomegranate
80.3,18.3,43.3,26.8,60.7,5.97,607.6,pomegranate
67.8,59.0,27.4,25.4,61.5,6.67,577.6,pomegranate
91.9,35.9,42.2,25.5,65.6,6.23,584.2,pomegranate
47.4,25.1,45.8,25.6,59.8,6.67,644.9,pomegranate
48.6,53.6,29.7,27.8,65.7,6.84,606.1,pomegranate
85.6,25.3,48.4,27.6,62.7,6.27,565.6,pomegranate
45.0,41.8,37.4,20.7,64.9,6.67,569.5,pomegranate
90.2,31.6,35.1,23.3,58.5,6.37,606.0,pomegranate
63.1,22.2,63.3,28.6,58.9,6.22,609.5,pomegranate
69.3,18.6,47.0,26.9,64.5,6.61,594.0,pomegranate
37.3,52.7,38.8,27.1,60.1,6.68,587.4,pomegranate
36.1,42.3,23.2,26.2,60.9,6.28,583.1,pomegranate
53.9,68.4,21.1,26.7,62.5,6.54,559.7,pomegranate
63.5,39.5,63.3,25.8,62.5,6.23,563.4,pomegranate
61.0,26.1,53.0,30.5,62.8,6.53,637.3,pomegranate
47.0,36.3,40.8,30.8,59.6,6.42,613.0,pomegranate
43.4,39.3,49.6,30.0,60.2,6.21,540.5,pomegranate
54.1,52.9,45.1,26.3,63.5,6.9,571.1,pomegranate
55.5,56.8,16.8,28.6,63.1,6.46,653.6,pomegranate
60.2,20.3,59.0,26.2,63.8,5.96,621.4,pomegranate
78.2,63.5,51.1,26.6,61.2,6.42,605.7,pomegranate
49.1,31.7,71.7,26.3,62.8,6.47,576.2,pomegranate
82.7,37.7,22.2,30.4,62.5,6.55,638.9,pomegranate
77.2,45.2,64.3,23.7,66.1,7.05,615.5,pomegranate
51.4,27.4,48.3,27.1,68.4,6.33,627.9,pomegranate
74.2,33.5,39.7,28.8,63.5,6.62,585.2,pomegranate
52.8,45.2,14.6,27.5,61.2,6.74,582.3,pomegranate
63.6,33.7,34.0,27.9,61.4,6.87,603.9,pomegranate
56.8,38.8,27.2,24.4,61.7,6.27,587.3,pomegranate
58.1,27.9,40.7,30.6,62.7,6.9,580.0,pomegranate
61.9,30.9,18.4,28.4,61.6,6.49,558.7,pomegranate
58.0,59.8,81.2,24.9,64.4,6.01,605.6,pomegranate
71.7,35.3,65.6,20.3,61.6,6.34,617.1,pomegranate
39.0,41.1,27.6,26.6,62.1,7.0,618.2,pomegranate
63.1,13.5,57.4,23.0,62.0,6.39,579.0,pomegranate
29.5,29.1,19.3,32.1,63.9,6.54,593.4,pomegranate
63.8,34.8,50.7,25.5,60.8,6.37,668.7,pomegranate
55.1,28.5,44.6,29.2,59.6,6.38,621.1,pomegranate
70.9,45.5,51.9,29.3,60.7,6.65,610.3,pomegranate
44.4,60.1,54.7,26.9,61.9,6.14,661.7,pomegranate
69.7,49.0,46.5,25.0,61.5,6.16,619.5,pomegranate
62.2,70.0,64.3,23.9,62.9,6.4,567.1,pomegranate
40.1,44.2,36.4,28.3,62.8,6.65,626.0,pomegranate
54.4,40.0,30.1,27.3,60.3,6.18,615.5,pomegranate
58.1,46.1,25.1,34.6,60.2,6.49,638.0,pomegranate
57.1,58.6,51.4,26.1,61.6,6.31,546.0,pomegranate
42.3,51.4,59.7,25.0,61.0,6.68,591.9,pomegranate
55.0,43.4,20.5,24.9,63.3,6.18,589.2,pomegranate
48.0,49.4,40.0,24.3,60.0,6.96,599.6,pomegranate
82.8,60.1,10.8,25.2,65.0,6.83,627.5,pomegranate
55.6,49.0,42.4,30.7,63.9,6.47,580.6,pomegranate
76.7,37.1,28.0,24.4,62.6,6.5,643.6,pomegranate
81.2,48.4,11.6,22.8,60.8,7.08,631.4,pomegranate
52.6,63.1,25.9,25.2,60.1,6.62,593.5,pomegranate
74.8,36.8,36.6,32.1,60.9,6.77,563.3,pomegranate
78.3,51.2,53.0,24.6,64.5,6.81,583.3,pomegranate
49.1,72.1,78.5,28.5,60.1,6.3,543.1,pomegranate
71.8,48.4,46.5,26.2,58.6,6.66,548.7,pomegranate
40.8,21.2,56.0,23.5,65.5,5.96,608.1,pomegranate
60.8,44.6,41.4,23.7,63.3,6.29,654.2,pomegranate
52.8,43.4,45.3,29.1,57.9,6.63,616.6,pomegranate
72.4,58.8,52.5,23.9,62.8,6.42,575.8,pomegranate
45.1,24.4,47.4,29.1,63.6,6.99,574.4,pomegranate
57.4,68.4,48.7,34.1,60.9,6.22,549.8,pomegranate
28.3,36.4,29.6,25.3,62.5,6.92,603.9,pomegranate
79.2,38.1,41.6,27.2,62.8,6.42,617.9,pomegranate
28.9,41.2,56.8,26.5,60.8,6.48,638.4,pomegranate
79.4,66.9,37.8,30.1,63.8,6.64,619.6,pomegranate
95.9,48.8,29.8,23.5,60.4,6.69,568.5,pomegranate
65.2,20.9,37.9,28.8,65.2,6.48,592.7,pomegranate
73.5,36.3,40.3,20.7,61.1,6.96,596.1,pomegranate
79.7,34.2,41.5,30.4,62.9,6.24,533.0,pomegranate
50.2,42.2,40.5,28.4,63.6,7.03,646.0,pomegranate
42.2,25.3,29.1,21.4,62.8,5.73,581.2,pomegranate
46.1,61.8,33.6,26.4,61.6,6.44,666.9,pomegranate
46.2,40.8,39.8,28.9,62.8,6.72,587.4,pomegranate
49.3,49.2,50.7,24.5,66.3,6.73,602.4,pomegranate
78.3,23.4,12.1,23.8,62.4,6.4,600.3,pomegranate
50.9,51.2,53.0,30.1,65.1,6.38,573.0,pomegranate
60.6,44.3,43.4,25.7,61.9,6.73,636.6,pomegranate
42.9,44.3,24.8,22.6,61.4,6.85,589.6,pomegranate
54.6,40.9,53.8,22.8,63.0,6.4,630.8,pomegranate
56.6,30.7,57.4,22.5,64.2,6.83,622.3,pomegranate
78.0,43.8,42.5,30.1,65.5,6.29,559.3,pomegranate
42.6,17.8,53.4,23.8,64.1,6.44,622.0,pomegranate
88.6,36.5,27.6,23.0,60.9,6.61,554.7,pomegranate
84.3,50.6,75.6,28.2,60.6,6.53,554.2,pomegranate
56.0,53.6,37.9,24.8,58.2,6.5,609.3,pomegranate
70.4,40.3,31.4,27.8,64.8,6.63,579.0,pomegranate
90.4,42.5,37.6,27.6,62.0,6.63,584.8,pomegranate
66.2,54.6,36.8,29.5,63.2,6.95,583.4,pomegranate
49.4,34.1,34.2,25.3,62.3,6.49,604.3,pomegranate
65.4,33.4,35.7,28.6,61.8,6.16,621.7,pomegranate
32.9,14.5,59.7,23.6,66.1,6.29,616.6,pomegranate
72.9,41.7,37.8,21.8,60.6,6.53,662.7,pomegranate
58.4,38.2,10.0,24.3,63.9,6.56,618.7,pomegranate
47.4,52.0,17.4,27.8,61.5,6.74,632.5,pomegranate
75.0,22.2,36.6,25.2,61.4,5.81,620.1,pomegranate
89.9,47.1,60.9,28.5,63.2,6.3,607.2,pomegranate
48.4,52.9,33.8,24.8,61.6,6.32,590.2,pomegranate
69.6,39.2,32.2,28.0,61.0,6.85,562.3,pomegranate
81.2,38.1,39.2,24.0,59.6,6.8,613.8,pomegranate
77.1,52.4,52.9,28.0,63.8,6.32,609.2,pomegranate
53.8,34.3,70.1,23.6,62.8,6.69,557.9,pomegranate
83.1,22.5,21.4,26.3,58.5,6.79,580.9,pomegranate
64.8,27.2,58.0,32.5,60.1,6.58,638.7,pomegranate
55.7,35.9,35.1,29.9,63.5,6.33,555.8,pomegranate
55.7,55.1,56.1,30.0,64.5,6.61,630.5,pomegranate
48.1,30.6,59.2,21.6,62.5,6.52,634.6,pomegranate
38.4,28.3,34.5,22.8,61.1,6.72,614.6,pomegranate
62.3,38.1,50.0,28.7,63.3,6.77,571.3,pomegranate
68.8,23.8,30.5,24.2,60.1,6.9,575.4,pomegranate
76.1,27.5,59.5,27.0,63.3,6.36,598.6,pomegranate
68.4,56.8,13.9,26.6,62.6,6.29,552.8,pomegranate
63.1,43.6,50.9,28.2,60.9,6.76,598.1,pomegranate
78.7,37.2,30.8,27.7,65.1,6.06,681.7,pomegranate
76.8,43.1,27.4,23.1,60.1,6.51,648.8,pomegranate
44.7,42.7,54.0,25.8,61.3,6.76,585.9,pomegranate
39.1,59.0,50.5,23.4,61.9,6.67,596.1,pomegranate
48.6,32.4,48.6,22.5,63.7,6.77,579.0,pomegranate
98.8,25.9,15.9,25.1,63.8,6.56,575.0,pomegranate
68.5,30.2,45.4,24.4,63.2,6.61,652.0,pomegranate
53.5,48.7,15.5,27.7,62.5,6.33,635.2,pomegranate
78.5,46.6,41.4,25.7,62.2,6.94,649.9,pomegranate
62.8,47.2,52.6,30.1,60.1,6.63,597.7,pomegranate
39.9,20.5,24.8,28.3,60.7,6.49,590.2,pomegranate
66.9,28.0,45.7,25.6,64.6,6.43,655.7,pomegranate
43.8,60.2,48.5,28.2,63.5,6.59,544.8,pomegranate
52.5,62.6,20.1,25.1,61.2,6.28,600.5,pomegranate
64.9,43.1,36.6,26.0,62.1,6.73,571.3,pomegranate
64.5,34.9,59.2,26.2,63.1,6.72,617.7,pomegranate
73.6,20.1,61.6,19.9,66.5,6.57,602.8,pomegranate
61.1,43.0,33.1,31.7,62.7,6.3,617.9,pomegranate
64.7,33.6,60.5,27.4,63.6,6.42,627.5,pomegranate
41.6,43.0,30.9,25.7,59.8,6.38,620.7,pomegranate
63.3,28.4,23.4,29.0,63.8,6.28,641.0,pomegranate
58.2,60.0,60.2,23.6,61.7,6.38,591.7,pomegranate
42.8,34.0,50.6,29.6,60.8,6.79,582.7,pomegranate
35.2,43.9,10.0,25.5,61.1,6.39,633.2,pomegranate
50.4,29.5,27.3,23.2,63.7,6.42,621.9,pomegranate
54.6,49.2,44.0,28.4,63.3,6.8,540.8,pomegranate
32.1,25.0,18.1,29.8,64.4,5.92,673.4,pomegranate
47.3,47.9,46.5,27.4,65.3,6.67,595.0,pomegranate
72.0,37.6,35.7,26.5,64.0,6.47,582.2,pomegranate
55.0,63.7,57.1,31.1,63.3,6.82,633.2,pomegranate
77.4,29.9,41.3,21.7,61.1,6.46,584.8,pomegranate
26.6,27.5,25.7,30.9,60.7,6.42,575.0,pomegranate
59.2,21.8,70.2,20.2,62.6,6.37,590.2,pomegranate
57.9,50.6,31.3,25.7,64.4,6.4,626.4,pomegranate
68.5,44.6,53.5,31.5,65.3,6.76,580.6,pomegranate
71.8,34.0,10.0,26.6,59.4,6.37,577.0,pomegranate
52.6,43.5,54.1,25.5,60.1,6.57,624.5,pomegranate
37.7,29.3,70.9,30.3,64.1,6.66,656.2,pomegranate
61.4,28.5,32.2,26.7,60.5,6.68,589.7,pomegranate
66.3,38.8,28.9,26.9,61.3,6.82,631.4,pomegranate
48.8,34.3,33.3,29.3,63.7,6.58,633.8,pomegranate
79.5,18.7,37.6,22.7,62.4,6.55,613.1,pomegranate
57.5,32.4,44.8,25.5,60.2,6.5,633.0,pomegranate
60.9,41.6,22.7,26.2,60.6,6.18,569.4,pomegranate
77.2,54.2,49.7,29.3,61.2,6.61,559.7,pomegranate
28.4,33.1,26.8,20.8,60.3,6.56,595.1,pomegranate
67.9,27.9,62.0,27.2,58.7,6.34,601.1,pomegranate
66.9,46.2,24.8,31.7,62.7,6.98,578.7,pomegranate
57.7,31.2,16.1,28.0,64.0,6.39,579.5,pomegranate
42.4,41.2,72.8,27.3,62.1,6.74,580.3,pomegranate
69.1,44.2,22.5,23.7,66.1,6.59,512.1,pomegranate
62.6,45.7,28.7,25.0,58.2,6.8,598.5,pomegranate
67.7,47.4,57.0,21.6,62.7,6.76,675.8,pomegranate
71.4,31.4,43.1,22.6,59.3,6.42,555.9,pomegranate
53.3,35.7,24.0,29.1,63.0,7.09,495.7,pomegranate
75.5,31.8,40.7,27.6,61.9,6.18,643.1,pomegranate
50.7,12.8,64.3,31.3,64.4,6.72,605.8,pomegranate
47.1,26.3,22.4,24.6,63.4,6.66,634.3,pomegranate
54.7,33.1,66.9,28.0,65.6,7.07,567.8,pomegranate
62.4,41.4,52.2,23.1,67.7,6.59,615.9,pomegranate
47.3,37.6,24.2,22.4,60.2,6.24,631.2,pomegranate
70.6,32.6,36.7,26.0,64.9,6.3,605.3,pomegranate
51.2,27.4,70.4,27.5,63.0,6.49,630.8,pomegranate
84.5,27.1,45.3,27.1,62.9,6.12,641.3,pomegranate
75.1,39.2,35.2,17.0,62.9,6.35,629.2,pomegranate
53.8,50.3,54.3,28.0,61.2,6.54,576.7,pomegranate
59.2,13.8,46.6,31.3,62.6,6.16,605.7,pomegranate
41.0,49.2,10.0,23.2,61.9,6.49,527.6,pomegranate
58.3,35.5,31.0,33.0,60.3,6.27,613.7,pomegranate
54.8,49.9,42.0,28.1,60.4,6.3,643.8,pomegranate
72.9,19.7,69.1,27.3,61.7,6.97,611.5,pomegranate
63.6,32.3,51.4,23.1,61.5,7.14,617.6,pomegranate
85.3,33.4,47.0,24.0,66.2,6.34,588.9,pomegranate
56.6,27.3,22.3,26.7,66.0,6.16,592.6,pomegranate
50.3,55.3,35.3,24.2,59.4,6.61,624.6,pomegranate
63.8,40.4,49.1,26.2,61.9,6.21,605.3,pomegranate
47.0,39.9,59.5,25.5,60.5,6.5,560.6,pomegranate
66.7,36.4,50.8,22.7,64.3,5.97,575.3,pomegranate
90.8,54.1,10.0,24.6,62.4,6.6,628.7,pomegranate
71.3,43.3,42.8,27.4,60.2,6.34,580.6,pomegranate
68.0,46.5,56.6,33.7,62.6,6.05,595.4,pomegranate
63.6,38.9,37.8,23.4,61.6,6.61,587.2,pomegranate
61.9,37.8,45.8,25.6,60.9,6.27,602.1,pomegranate
40.9,40.9,47.7,22.4,61.4,6.78,604.0,pomegranate
71.3,21.3,34.8,23.5,62.2,6.76,623.7,pomegranate
74.8,26.1,46.1,29.7,62.9,6.4,619.9,pomegranate
53.2,53.5,36.7,25.7,67.8,6.99,621.7,pomegranate
51.2,50.5,23.9,21.4,62.0,6.56,571.1,pomegranate
57.0,37.4,66.9,28.8,60.9,6.19,576.3,pomegranate
44.9,37.3,10.0,26.0,61.9,6.53,670.5,pomegranate
72.7,31.7,32.6,22.9,67.3,6.33,624.4,pomegranate
58.9,39.7,10.0,27.5,64.1,6.85,558.2,pomegranate
34.9,49.6,35.9,26.3,60.1,6.74,589.1,pomegranate
65.4,62.8,34.4,31.5,64.3,6.88,660.3,pomegranate
52.7,40.1,41.1,28.7,63.5,6.32,610.4,pomegranate
60.9,39.0,10.0,28.2,61.1,6.3,612.7,pomegranate
59.1,36.8,73.1,26.9,63.9,6.56,613.9,pomegranate
68.9,26.9,43.0,25.0,61.6,6.22,595.9,pomegranate
80.6,37.1,52.1,29.0,60.9,6.87,570.5,pomegranate
74.4,63.1,42.6,26.8,66.6,6.46,500.9,pomegranate
43.1,47.7,20.9,29.3,63.6,6.63,578.5,pomegranate
38.4,39.7,13.3,27.0,63.7,6.61,640.1,pomegranate
80.3,56.5,10.0,26.2,65.9,6.26,562.6,pomegranate
50.6,28.0,51.6,30.2,60.2,6.46,609.6,pomegranate
37.5,33.3,10.0,24.8,62.4,6.46,623.1,pomegranate
61.3,37.9,55.2,32.7,59.2,6.55,574.3,pomegranate
36.4,43.3,40.0,27.2,63.5,6.43,605.8,pomegranate
66.5,50.5,68.4,28.8,61.5,6.57,607.9,pomegranate
50.6,32.4,37.3,22.8,60.0,6.43,627.4,pomegranate
56.9,6.7,42.2,30.5,61.0,6.48,525.2,pomegranate
66.8,32.0,48.6,23.4,62.7,6.67,617.1,pomegranate
27.7,25.0,66.9,30.2,61.4,6.16,618.5,pomegranate
42.3,39.0,45.2,24.3,60.8,6.41,620.7,pomegranate
79.0,45.9,71.9,23.8,64.6,6.83,596.2,pomegranate
72.6,51.0,10.0,27.0,60.5,6.76,614.0,pomegranate
57.8,49.2,67.1,24.6,61.0,6.63,633.1,pomegranate
71.9,44.6,33.8,23.6,62.9,6.38,622.7,pomegranate
45.7,55.8,15.2,27.0,64.6,6.35,568.8,pomegranate
55.5,40.9,39.1,27.6,61.3,6.42,622.0,pomegranate
52.2,24.7,69.8,25.0,64.9,6.7,571.9,pomegranate
41.5,59.2,34.5,30.3,66.0,6.22,583.7,pomegranate
73.8,44.5,38.0,27.8,63.2,6.44,583.2,pomegranate
63.0,61.8,31.1,27.6,64.2,6.86,644.6,pomegranate
58.5,27.9,49.8,33.7,62.3,6.87,589.0,pomegranate
71.8,41.6,25.9,27.8,65.4,6.15,610.6,pomegranate
56.3,12.7,36.0,32.5,60.6,6.64,593.1,pomegranate
66.1,37.4,11.7,33.5,61.1,6.72,588.0,pomegranate
53.2,60.7,14.9,21.5,63.9,6.61,576.3,pomegranate
43.8,29.2,58.8,26.4,62.2,6.0,573.3,pomegranate
59.5,36.6,34.9,26.1,61.7,6.3,570.9,pomegranate
55.9,62.0,30.1,27.2,62.1,6.41,621.7,pomegranate
75.8,62.8,37.6,24.3,61.6,6.44,538.7,pomegranate
72.5,36.4,50.9,21.6,64.2,6.41,578.9,pomegranate
52.8,36.3,35.7,31.8,62.0,6.48,597.2,pomegranate
62.7,23.9,49.9,24.8,63.6,6.47,634.3,pomegranate
45.3,18.9,53.5,24.9,65.1,6.39,555.8,pomegranate
54.8,43.3,65.2,26.0,63.2,6.44,652.1,pomegranate
56.6,42.6,42.7,23.7,62.8,6.38,606.5,pomegranate
56.6,25.4,40.7,28.8,63.9,6.7,540.2,pomegranate
34.7,52.8,16.5,25.9,59.1,6.52,591.5,pomegranate
50.7,41.3,27.0,26.8,60.7,6.39,604.9,pomegranate
43.8,33.0,34.5,33.1,61.7,6.4,565.0,pomegranate
83.7,38.2,34.1,23.0,62.1,6.63,659.0,pomegranate
84.3,43.5,42.9,25.9,64.1,6.63,707.5,pomegranate
45.7,36.6,76.3,28.8,61.6,6.38,620.3,pomegranate
69.8,34.2,33.6,28.5,63.9,6.19,623.0,pomegranate
51.2,20.1,37.4,24.8,62.8,6.47,640.1,pomegranate
59.5,43.8,46.3,22.3,67.7,6.8,642.3,pomegranate
56.5,46.5,57.1,24.0,62.0,6.4,631.0,pomegranate
38.8,35.1,54.8,33.0,62.2,6.42,585.2,pomegranate
60.1,44.3,33.1,27.7,61.0,6.42,678.1,pomegranate
74.4,46.9,32.5,25.8,64.6,6.62,649.7,pomegranate
84.3,56.9,48.8,28.5,62.5,6.52,645.2,pomegranate
77.6,39.9,49.7,26.7,63.5,6.41,610.0,pomegranate
64.9,51.3,47.3,26.9,61.3,6.75,662.8,pomegranate
60.5,35.5,44.0,29.1,64.7,6.43,598.4,pomegranate
73.5,48.5,31.1,23.6,62.4,6.54,670.5,pomegranate
24.9,28.3,39.6,30.0,58.2,6.67,628.4,pomegranate
46.5,46.1,41.6,29.6,60.6,6.37,634.1,pomegranate
69.8,44.8,48.8,30.6,61.9,6.55,596.8,pomegranate
28.8,46.1,35.9,25.5,58.2,6.66,605.0,pomegranate
67.6,25.3,83.8,27.5,63.4,6.83,626.8,pomegranate
62.1,36.4,27.8,27.4,79.6,6.88,1598.8,jute
75.5,47.3,30.5,30.8,78.0,6.81,1479.1,jute
36.3,18.2,34.9,26.8,79.8,6.4,1495.5,jute
45.0,49.3,27.8,29.2,81.9,6.67,1534.1,jute
47.0,41.7,45.3,30.9,78.8,6.64,1550.0,jute
44.3,27.8,21.7,30.1,82.4,6.87,1568.3,jute
79.2,58.5,28.2,28.1,79.9,6.62,1355.7,jute
71.2,52.5,35.3,28.5,79.9,7.01,1399.0,jute
58.2,37.4,35.3,29.5,78.3,6.52,1606.4,jute
92.2,39.9,29.6,27.3,78.9,6.69,1552.4,jute
65.9,17.2,26.9,29.9,82.1,6.72,1475.3,jute
65.8,41.1,33.1,31.7,78.5,6.96,1337.4,jute
61.5,42.3,32.0,28.1,78.8,6.38,1305.4,jute
45.8,52.5,35.6,25.6,79.9,6.65,1622.2,jute
94.1,31.1,10.0,27.8,77.5,6.79,1597.0,jute
44.2,58.5,33.3,32.7,79.9,6.89,1626.1,jute
79.5,39.4,24.2,30.1,81.5,6.87,1463.4,jute
64.6,35.8,31.4,30.4,81.6,6.76,1573.8,jute
60.1,44.8,10.0,31.5,79.2,6.42,1354.5,jute
68.3,44.6,22.5,27.0,77.4,6.8,1516.3,jute
76.7,51.4,38.0,32.0,79.9,6.61,1544.7,jute
71.1,66.7,21.1,27.1,79.5,6.74,1484.9,jute
52.0,16.7,48.4,26.2,81.2,6.83,1507.4,jute
49.2,57.1,15.2,26.0,80.3,6.37,1729.6,jute
65.3,26.5,46.3,26.0,81.2,6.65,1337.3,jute
74.8,40.7,46.4,28.4,80.0,6.94,1479.6,jute
46.4,29.7,28.5,31.3,79.0,6.63,1429.4,jute
71.9,69.7,19.6,27.8,79.6,6.89,1353.2,jute
65.6,59.1,17.9,25.5,79.6,6.84,1557.3,jute
84.4,44.4,40.7,30.0,76.2,6.92,1451.7,jute
42.6,57.7,46.1,27.1,80.1,6.79,1524.5,jute
40.7,69.2,19.6,29.5,79.8,6.46,1548.8,jute
98.6,56.9,17.5,27.4,82.3,6.52,1469.4,jute
75.9,39.3,28.4,31.7,79.0,6.81,1392.3,jute
74.6,30.0,35.8,28.3,80.2,6.8,1516.7,jute
54.7,32.0,24.5,29.7,82.2,6.73,1533.5,jute
43.8,52.9,43.0,30.0,78.0,6.64,1239.3,jute
41.9,16.4,22.3,29.6,80.0,6.45,1514.7,jute
42.9,47.3,47.0,31.6,79.2,6.67,1571.5,jute
60.0,21.9,40.1,32.7,78.5,6.72,1611.8,jute
34.7,25.6,16.7,28.1,79.0,6.84,1752.4,jute
35.9,60.3,27.9,32.0,79.3,7.1,1474.0,jute
28.6,11.5,46.1,31.7,81.2,6.79,1399.0,jute
82.6,38.0,22.0,25.1,78.7,6.54,1534.8,jute
66.1,25.0,36.5,29.3,80.2,6.63,1717.6,jute
61.3,51.3,39.0,31.2,80.0,6.8,1455.7,jute
42.4,55.1,34.0,29.0,78.7,6.61,1430.0,jute
73.3,55.4,19.3,27.9,79.9,6.88,1511.6,jute
61.5,44.1,23.1,26.9,79.1,6.68,1593.2,jute
71.6,55.5,40.1,31.9,82.0,6.89,1554.5,jute
34.8,48.4,49.9,32.4,79.3,6.55,1285.0,jute
62.9,62.3,23.9,28.8,80.5,6.63,1504.9,jute
43.9,40.2,25.5,28.5,79.5,6.78,1448.3,jute
44.8,39.7,31.1,30.1,80.2,6.85,1560.3,jute
50.0,41.4,37.8,29.2,79.8,6.87,1453.7,jute
63.8,48.7,23.5,30.9,80.2,6.76,1410.4,jute
80.6,41.5,37.2,31.3,80.3,6.71,1452.3,jute
54.1,31.6,16.1,28.0,80.7,6.45,1485.6,jute
70.7,32.6,23.9,25.9,79.0,6.36,1531.1,jute
70.1,14.9,38.9,31.7,80.3,6.85,1393.9,jute
42.3,57.0,30.6,28.7,81.1,6.81,1484.8,jute
44.9,25.4,34.1,30.6,79.9,6.69,1386.1,jute
61.6,48.3,30.5,29.3,79.1,6.64,1549.2,jute
74.2,62.3,39.1,28.7,79.0,6.56,1635.0,jute
73.1,36.9,38.2,28.5,78.2,6.5,1588.9,jute
62.0,24.7,36.3,30.3,79.6,6.71,1493.4,jute
82.6,29.9,42.9,26.8,81.4,6.61,1736.0,jute
31.8,38.9,10.0,30.1,78.4,6.95,1640.7,jute
80.5,57.9,21.5,28.7,81.5,6.64,1498.5,jute
56.5,32.6,22.0,32.4,77.5,6.73,1390.2,jute
41.5,31.3,17.7,30.4,80.6,6.71,1335.5,jute
67.3,32.6,36.8,30.9,78.3,6.86,1458.3,jute
68.9,61.4,28.3,29.1,78.2,6.89,1581.1,jute
69.1,33.6,35.6,29.2,80.4,6.75,1508.7,jute
56.7,37.6,43.0,31.0,80.3,6.82,1598.9,jute
63.8,35.4,23.0,27.8,80.5,6.45,1402.1,jute
74.9,36.4,48.6,32.0,77.6,6.5,1505.9,jute
51.3,55.8,43.0,27.6,81.3,6.46,1606.0,jute
69.2,22.7,29.5,29.3,78.6,6.99,1496.6,jute
60.7,45.2,32.9,31.4,80.8,6.68,1485.1,jute
68.1,20.0,19.7,29.1,80.9,7.05,1453.7,jute
64.5,37.0,29.8,28.2,81.6,6.53,1263.7,jute
49.3,56.6,28.4,28.8,82.2,6.53,1371.4,jute
46.2,20.6,33.8,29.9,81.8,6.79,1559.5,jute
40.1,69.5,10.0,31.0,79.6,6.68,1361.8,jute
76.6,64.9,32.5,29.8,78.9,6.75,1454.2,jute
73.7,35.2,33.8,28.9,78.6,7.03,1439.9,jute
65.4,40.3,33.6,28.5,80.7,6.94,1643.2,jute
58.3,40.6,27.4,30.2,80.2,6.79,1554.3,jute
47.6,54.5,28.8,28.6,80.5,6.78,1423.0,jute
38.3,34.5,27.6,32.2,77.3,6.72,1543.5,jute
44.2,38.8,34.2,31.5,79.8,6.71,1543.0,jute
42.0,31.6,24.9,30.7,81.0,6.72,1608.3,jute
30.1,35.2,25.8,28.3,79.1,6.67,1318.1,jute
56.9,41.6,31.7,29.7,81.5,6.94,1484.7,jute
61.3,15.2,34.8,27.4,78.8,6.7,1460.2,jute
83.6,35.0,27.5,31.5,78.1,6.39,1687.7,jute
58.3,45.7,19.6,27.9,80.0,7.16,1404.9,jute
82.2,36.7,28.1,29.2,79.9,6.66,1516.4,jute
51.8,53.3,33.2,29.9,81.1,6.41,1455.6,jute
63.9,47.3,28.4,27.6,80.3,6.4,1424.7,jute
47.0,44.4,26.9,30.3,79.9,6.54,1690.9,jute
65.9,50.6,41.7,29.2,79.6,6.61,1651.6,jute
51.7,24.0,44.1,33.4,79.7,6.77,1672.6,jute
73.6,41.5,23.6,27.2,80.3,7.0,1499.2,jute
47.8,41.8,27.7,24.4,79.7,6.9,1336.8,jute
63.1,42.2,18.0,28.8,80.6,6.68,1496.6,jute
53.0,44.0,49.6,32.0,77.7,6.74,1655.0,jute
65.3,41.8,34.5,30.2,77.7,6.97,1379.0,jute
60.1,34.7,15.9,30.2,80.7,6.71,1483.7,jute
39.1,39.4,15.5,30.9,79.5,6.72,1555.9,jute
74.7,45.1,15.8,28.7,79.8,6.81,1414.0,jute
59.4,32.1,36.6,33.5,81.3,7.01,1537.3,jute
75.1,48.8,14.7,31.3,81.4,6.95,1556.7,jute
59.4,29.8,23.4,30.6,77.1,6.78,1489.5,jute
77.8,46.6,19.1,27.6,77.6,6.59,1483.4,jute
86.1,34.8,30.5,29.8,80.7,6.97,1451.8,jute
80.8,29.2,29.3,28.9,80.0,6.61,1533.6,jute
74.2,63.1,37.7,30.4,78.9,6.96,1425.5,jute
70.5,47.3,23.5,27.7,78.0,6.5,1354.4,jute
53.2,46.9,28.4,30.0,81.7,6.96,1590.4,jute
36.1,39.5,58.6,29.1,80.1,6.52,1550.1,jute
53.1,52.2,36.3,29.0,79.8,6.8,1391.0,jute
54.9,41.8,34.6,31.4,80.8,6.79,1387.6,jute
54.8,61.5,29.2,30.0,78.2,6.83,1674.7,jute
73.8,39.5,33.0,31.6,80.7,6.69,1393.0,jute
70.5,63.1,29.6,31.5,79.7,6.7,1396.0,jute
69.6,34.2,42.0,31.7,78.8,6.8,1539.7,jute
81.9,37.6,51.1,30.1,79.6,6.76,1383.3,jute
62.5,24.8,36.2,33.3,82.1,6.65,1543.0,jute
51.3,64.0,17.7,28.9,80.8,6.67,1642.3,jute
79.0,44.1,59.9,27.3,79.9,6.5,1466.4,jute
48.3,32.6,24.0,32.4,80.8,6.66,1377.6,jute
53.6,40.9,41.2,28.0,82.0,6.86,1427.3,jute
54.9,28.7,61.3,29.6,81.1,6.75,1362.6,jute
76.3,40.4,36.0,27.6,80.5,6.69,1461.1,jute
60.5,47.2,28.6,29.5,79.2,6.55,1698.2,jute
51.5,29.1,24.3,30.3,80.1,6.71,1485.4,jute
64.7,50.1,35.8,28.7,78.7,6.65,1639.5,jute
51.8,36.3,32.5,27.3,80.9,6.6,1601.3,jute
65.4,41.0,28.4,32.8,82.0,6.74,1663.2,jute
57.2,41.4,33.1,28.2,79.9,6.48,1691.7,jute
71.3,44.4,19.4,29.8,82.4,6.72,1418.2,jute
62.8,35.8,35.1,29.2,79.5,6.75,1587.3,jute
45.7,32.8,32.8,29.1,81.5,6.86,1468.0,jute
66.6,29.9,22.9,31.2,81.1,6.9,1414.6,jute
65.2,76.1,14.2,29.9,80.6,6.67,1572.7,jute
40.0,46.7,30.3,29.1,79.8,6.87,1408.0,jute
72.6,24.7,27.4,27.7,78.7,6.72,1498.0,jute
41.9,19.3,25.5,32.2,81.0,6.7,1504.0,jute
50.3,40.4,32.5,33.5,79.3,6.79,1485.0,jute
49.9,30.9,24.7,27.0,80.1,7.03,1637.4,jute
64.0,46.7,29.5,28.0,80.3,6.9,1626.0,jute
55.9,45.0,39.4,29.8,80.6,6.65,1525.0,jute
69.5,47.2,17.8,32.9,79.4,6.42,1456.0,jute
56.1,42.9,44.1,29.6,79.2,6.77,1628.6,jute
58.3,57.4,21.3,31.1,81.2,6.79,1350.4,jute
52.9,47.7,21.7,30.4,80.1,6.56,1440.0,jute
17.1,35.7,13.3,28.2,81.8,6.46,1478.3,jute
59.8,56.2,38.6,29.9,79.1,6.98,1461.4,jute
70.6,49.2,24.1,24.6,78.0,6.79,1458.3,jute
99.2,36.0,25.9,31.6,79.6,6.72,1413.8,jute
37.6,39.2,39.9,30.1,80.6,6.55,1407.5,jute
65.5,37.7,31.7,26.4,78.9,6.86,1503.4,jute
58.7,21.2,28.6,33.2,78.8,6.57,1644.8,jute
49.9,65.0,27.1,31.6,80.1,6.95,1576.1,jute
77.5,27.5,54.8,28.6,79.9,7.06,1394.1,jute
58.6,33.3,33.3,29.6,80.9,6.9,1419.9,jute
88.6,41.6,28.6,29.9,81.7,6.96,1466.2,jute
47.8,33.4,49.9,31.0,80.1,6.89,1500.1,jute
51.0,37.4,22.7,31.5,79.1,7.06,1221.7,jute
95.2,35.7,27.2,30.4,79.3,6.83,1366.8,jute
46.0,46.7,27.0,35.4,79.8,6.54,1300.1,jute
71.6,19.8,21.3,31.0,78.2,6.46,1557.4,jute
50.2,46.6,25.7,29.9,79.9,6.97,1589.6,jute
65.3,27.2,54.9,30.9,79.7,6.92,1468.3,jute
66.5,36.0,26.9,25.7,81.6,6.96,1342.9,jute
71.6,37.7,38.5,29.8,79.1,6.8,1481.4,jute
67.9,56.9,26.9,29.1,80.2,7.04,1456.6,jute
41.3,50.8,49.9,30.1,79.2,6.46,1598.0,jute
78.0,46.1,30.7,28.2,83.0,6.32,1420.2,jute
33.3,42.8,38.3,29.7,80.2,6.84,1520.3,jute
45.2,26.9,16.8,27.6,80.2,6.61,1577.7,jute
61.6,20.6,38.3,27.3,80.7,7.17,1482.9,jute
68.4,47.3,19.4,30.1,80.5,6.63,1552.6,jute
57.7,56.2,17.9,29.9,80.8,7.2,1496.6,jute
83.7,48.0,30.1,30.1,80.1,6.52,1513.8,jute
60.3,43.1,19.8,28.3,81.2,6.7,1539.8,jute
75.1,40.7,22.4,26.6,78.7,6.77,1422.6,jute
60.0,34.5,33.0,28.1,81.7,6.55,1460.5,jute
56.3,34.8,28.8,28.7,78.1,6.49,1499.8,jute
82.8,50.4,33.5,29.4,79.2,6.59,1560.7,jute
73.5,59.2,44.3,29.6,79.9,6.87,1665.7,jute
55.8,23.9,31.3,28.2,79.6,6.58,1492.3,jute
72.1,37.7,26.0,24.5,78.6,6.53,1559.4,jute
70.5,21.9,44.2,27.7,81.5,6.8,1424.9,jute
71.6,27.2,29.3,28.7,79.4,6.9,1379.9,jute
80.9,40.6,27.7,28.6,83.0,6.68,1424.7,jute
57.6,40.5,33.5,32.2,79.7,6.99,1662.7,jute
37.3,35.2,32.2,31.2,79.0,6.79,1675.2,jute
45.6,53.4,11.7,28.7,81.1,7.06,1592.7,jute
66.4,18.0,31.9,28.9,80.8,6.39,1433.4,jute
65.8,41.2,45.5,29.9,81.4,6.59,1471.4,jute
60.9,33.6,26.9,26.6,81.5,6.82,1658.4,jute
82.7,38.6,38.5,28.4,80.9,6.93,1378.9,jute
46.2,34.5,22.3,26.2,79.7,6.81,1488.5,jute
73.1,45.7,30.3,31.2,80.0,6.6,1489.5,jute
72.0,34.4,10.6,27.9,80.8,7.0,1513.9,jute
56.1,43.7,12.5,30.6,79.8,6.8,1376.2,jute
53.9,33.8,23.5,29.5,79.5,6.91,1651.6,jute
49.7,18.8,33.3,26.8,79.8,6.55,1533.2,jute
78.1,46.1,25.7,28.7,80.7,6.94,1469.5,jute
77.0,47.8,22.2,27.2,81.1,6.58,1644.2,jute
65.5,15.5,32.2,27.6,79.2,6.91,1652.1,jute
79.3,33.6,30.1,29.5,81.0,6.76,1626.0,jute
52.8,15.6,14.2,30.0,79.8,6.51,1354.8,jute
44.0,18.0,39.8,32.0,79.9,6.79,1622.6,jute
61.1,48.2,23.8,30.5,78.8,6.78,1426.8,jute
62.9,19.5,24.4,28.1,82.8,6.68,1421.6,jute
70.4,34.3,27.1,28.8,81.6,6.48,1683.2,jute
69.6,49.4,25.6,27.0,79.7,6.39,1486.9,jute
65.8,45.2,46.0,30.5,78.8,6.45,1597.5,jute
73.6,49.0,16.0,29.2,79.4,6.59,1544.5,jute
59.5,49.9,35.3,29.7,80.9,6.71,1443.0,jute
65.6,46.5,15.4,27.3,80.1,6.58,1504.6,jute
73.7,40.9,28.9,28.3,80.4,6.72,1525.0,jute
50.2,37.0,14.8,30.7,80.3,6.76,1695.6,jute
63.5,54.4,42.8,29.4,79.6,6.87,1446.5,jute
63.5,34.4,32.7,29.1,80.4,6.87,1571.9,jute
57.6,51.5,49.1,28.5,81.0,7.31,1664.6,jute
73.8,46.4,40.9,30.0,79.6,6.59,1506.2,jute
67.9,28.5,34.7,31.6,80.2,6.79,1355.2,jute
69.5,9.9,36.0,28.9,79.2,6.55,1442.1,jute
50.3,27.2,16.9,29.5,81.1,6.62,1468.7,jute
38.7,40.4,32.2,29.4,79.4,6.81,1700.6,jute
95.8,38.9,50.7,30.8,81.2,6.52,1377.5,jute
47.1,57.8,47.0,32.3,78.4,6.77,1429.7,jute
86.4,26.1,24.2,29.6,80.0,6.4,1547.0,jute
66.0,37.9,42.0,31.8,79.9,6.63,1334.8,jute
40.3,67.1,22.7,31.5,81.3,6.92,1630.1,jute
67.1,35.8,10.0,32.2,81.3,6.68,1477.6,jute
41.6,37.8,30.2,29.2,79.3,6.89,1676.0,jute
59.8,17.3,10.0,28.9,78.6,6.91,1443.6,jute
54.1,41.7,40.7,31.3,79.2,7.01,1508.3,jute
64.1,46.6,13.8,31.3,79.6,6.44,1575.0,jute
33.8,28.5,40.7,28.8,80.2,6.69,1501.0,jute
58.6,27.6,27.1,27.7,77.5,6.9,1445.8,jute
57.9,26.8,26.8,33.3,82.2,6.51,1529.1,jute
36.3,44.4,13.0,29.1,81.1,6.84,1619.4,jute
85.6,44.1,32.2,30.5,80.6,6.85,1540.3,jute
86.3,33.1,23.7,29.9,80.8,6.65,1399.3,jute
72.9,45.2,22.8,30.2,79.4,6.86,1410.0,jute
51.2,38.4,37.5,31.1,78.7,6.82,1325.7,jute
69.5,57.2,15.9,28.8,78.7,6.82,1464.7,jute
39.7,29.4,28.9,27.5,78.5,6.97,1381.3,jute
77.0,49.2,43.5,28.1,80.3,6.68,1598.2,jute
63.9,43.1,34.0,26.2,79.6,6.73,1494.9,jute
66.9,55.7,43.5,29.0,80.2,6.57,1465.0,jute
47.8,40.9,18.6,28.4,80.2,7.02,1424.7,jute
76.8,32.5,35.9,34.4,82.4,6.68,1516.9,jute
39.5,36.5,14.8,28.9,80.5,6.74,1448.5,jute
72.4,51.6,33.7,28.4,80.2,6.7,1449.3,jute
42.2,46.7,47.1,31.1,81.9,6.5,1415.5,jute
67.5,45.8,51.8,29.6,79.6,6.68,1658.4,jute
74.6,37.6,14.2,29.1,80.1,6.82,1404.8,jute
53.7,32.2,23.5,30.7,81.3,6.88,1443.1,jute
87.5,61.0,23.0,30.0,79.9,6.78,1541.6,jute
50.7,32.5,14.7,31.6,79.0,6.94,1500.8,jute
60.5,34.1,22.2,29.3,81.8,6.73,1422.1,jute
61.7,44.8,19.0,27.7,79.9,6.63,1745.0,jute
51.6,28.2,43.3,28.2,79.3,6.51,1547.7,jute
69.2,33.5,39.5,30.3,79.5,6.92,1242.7,jute
60.0,33.4,20.9,28.6,79.2,6.99,1425.4,jute
64.9,78.8,26.0,28.9,78.8,6.68,1448.8,jute
67.3,45.1,57.6,29.7,82.4,6.77,1409.3,jute
48.5,36.1,41.3,31.1,80.1,6.77,1525.2,jute
62.5,39.6,19.2,28.2,79.6,6.6,1461.6,jute
44.3,37.8,23.8,28.3,78.9,6.5,1480.3,jute
69.2,40.8,41.2,30.2,78.9,6.58,1603.6,jute
28.3,66.2,40.2,29.1,81.2,6.66,1520.9,jute
54.5,58.7,23.8,28.2,77.4,6.88,1445.6,jute
75.8,31.3,32.5,27.0,80.9,6.39,1415.6,jute
72.5,32.1,23.8,25.5,80.8,6.64,1337.6,jute
84.4,44.8,46.2,26.9,79.0,6.86,1495.7,jute
50.2,27.6,17.5,28.9,82.7,6.68,1661.8,jute
57.6,55.2,33.9,29.0,79.3,6.99,1506.3,jute
56.3,41.0,50.3,32.0,81.4,6.8,1366.7,jute
70.7,36.5,28.2,30.9,81.5,6.73,1596.0,jute
63.7,34.1,23.8,29.0,77.9,6.7,1479.0,jute
100.2,65.3,30.0,29.1,82.1,6.94,1616.8,jute
58.7,32.3,29.3,28.8,78.2,6.49,1296.1,jute
66.4,42.3,39.9,31.2,79.2,6.89,1579.0,jute
72.5,36.7,30.1,29.9,79.1,6.59,1568.6,jute
52.5,28.5,38.3,30.0,80.6,6.78,1467.1,jute
43.4,37.9,32.7,28.0,79.2,6.54,1564.0,jute
67.1,58.8,37.9,30.7,80.2,6.92,1420.0,jute
54.1,24.1,36.6,28.2,80.7,7.08,1487.9,jute
58.1,51.4,27.9,31.0,80.4,6.57,1475.9,jute
50.8,45.5,40.9,26.2,80.0,6.68,1363.7,jute
69.2,39.5,20.8,26.2,78.5,6.69,1439.1,jute
73.0,36.4,48.6,30.6,79.9,6.8,1461.8,jute
71.2,58.3,33.5,29.1,79.0,6.73,1269.3,jute
37.9,18.8,32.0,29.9,81.1,6.9,1507.6,jute
53.8,28.0,10.0,28.8,80.7,6.85,1446.3,jute
46.8,52.3,23.7,26.7,81.0,6.95,1521.6,jute
58.4,36.1,36.7,29.1,80.1,6.71,1622.8,jute
76.8,45.2,32.2,27.4,78.0,7.18,1542.1,jute
66.7,47.0,32.8,27.8,80.7,6.18,1598.0,jute
55.9,32.7,35.4,27.5,81.2,6.49,1292.6,jute
64.1,42.4,18.4,26.5,81.7,6.54,1304.4,jute
58.4,49.2,32.3,30.9,79.5,6.7,1665.5,jute
74.0,38.9,24.6,28.8,79.3,6.77,1527.3,jute
51.2,41.5,38.4,29.0,78.9,6.74,1395.1,jute
73.4,23.8,20.3,31.7,79.7,6.86,1442.0,jute
71.5,52.0,33.5,30.3,78.5,6.65,1491.7,jute
51.7,54.4,19.0,28.8,80.9,6.96,1334.3,jute
57.6,32.2,24.6,30.5,79.0,6.55,1463.5,jute
76.2,23.2,36.1,29.9,81.5,6.35,1618.1,jute
65.5,38.6,49.8,26.8,81.5,6.47,1515.5,jute
69.6,51.5,41.5,28.0,81.9,6.55,1528.4,jute
32.8,33.0,19.2,29.0,79.9,6.92,1414.3,jute
83.2,59.1,32.5,29.5,80.5,6.6,1615.5,jute
40.8,37.8,24.7,28.5,80.0,6.73,1437.3,jute
38.4,20.6,27.9,30.6,80.7,6.8,1500.6,jute
80.6,24.1,30.1,26.7,79.7,6.9,1563.6,jute
55.5,45.4,39.5,31.6,80.2,6.58,1509.3,jute
47.6,44.4,38.2,27.9,80.0,6.82,1553.3,jute
55.7,42.8,33.0,30.2,81.6,6.64,1376.1,jute
62.0,36.6,17.5,32.2,80.7,6.89,1288.0,jute
45.9,50.7,34.6,30.0,81.8,6.77,1710.0,jute
57.7,49.8,29.3,25.8,82.9,6.53,1356.5,jute
44.9,40.0,42.1,28.5,80.7,6.84,1601.6,jute
56.8,41.1,15.7,29.6,79.6,6.9,1491.7,jute
49.7,33.7,30.8,30.0,80.6,6.6,1379.7,jute
71.5,28.3,31.4,30.4,81.0,6.77,1657.4,jute
44.4,36.9,40.9,33.2,81.0,6.8,1372.1,jute
63.5,40.5,25.8,32.9,80.4,6.65,1590.7,jute
50.5,55.2,39.3,25.7,79.2,6.75,1416.5,jute
69.9,37.1,25.1,27.7,79.5,6.76,1465.9,jute
64.2,27.0,47.2,31.7,81.9,6.89,1375.2,jute
62.2,52.9,34.5,32.0,80.9,6.66,1399.4,jute
89.7,21.4,39.7,32.0,82.4,6.55,1641.4,jute
60.5,51.5,30.2,28.5,81.3,6.8,1669.8,jute
43.7,48.3,35.7,33.2,80.5,6.97,1452.8,jute
81.4,15.1,46.2,29.9,80.6,6.47,1294.3,jute
72.3,33.6,31.8,27.9,79.3,6.61,1403.1,jute
56.7,36.5,14.3,28.3,82.0,6.56,1573.1,jute
34.4,37.4,30.2,27.9,80.2,6.89,1368.3,jute
45.3,38.9,36.2,30.4,81.2,6.8,1537.1,jute
51.1,46.9,26.1,28.2,79.7,6.75,1556.5,jute
60.7,43.5,31.4,28.9,81.0,6.88,1437.8,jute
56.2,46.6,14.2,27.4,80.9,6.6,1462.3,jute
46.8,47.5,26.0,31.4,79.8,6.73,1626.3,jute
68.1,43.2,11.8,29.0,79.0,6.5,1541.4,jute
64.3,38.1,13.6,25.8,82.3,6.48,1419.6,jute
95.1,44.9,33.6,25.7,80.0,7.2,1416.9,jute
46.6,44.2,21.7,29.6,79.1,6.53,1408.6,jute
45.6,31.8,55.9,27.8,78.5,6.6,1466.2,jute
69.9,35.8,26.0,29.6,79.9,6.47,1585.3,jute
41.1,39.6,41.1,29.7,81.7,6.72,1521.8,jute
85.0,43.3,33.2,29.9,78.1,6.93,1494.9,jute
61.1,21.8,39.6,30.2,78.6,6.58,1518.8,jute
34.7,52.3,27.8,27.2,80.4,6.54,1645.3,jute
44.8,48.7,30.3,27.5,80.7,6.78,1746.7,jute
73.9,45.8,24.9,28.9,79.2,6.67,1587.6,jute
52.5,44.4,40.0,33.5,78.8,6.63,1585.8,jute
72.3,49.8,39.6,32.1,80.2,6.73,1320.5,jute
76.1,27.5,12.3,29.2,79.1,7.05,1651.0,jute
35.4,13.6,31.4,29.0,78.7,6.67,1333.0,jute
59.2,53.9,31.0,32.4,76.3,6.64,1600.3,jute
66.3,42.5,11.8,29.6,77.1,6.59,1524.9,jute
31.2,45.7,33.7,28.6,79.3,6.74,1542.9,jute
62.5,27.6,32.2,28.4,78.9,6.51,1493.5,jute
30.2,32.1,10.0,34.2,80.3,6.75,1494.6,jute
57.5,54.9,14.3,30.7,79.5,6.68,1415.9,jute
69.1,42.1,23.0,28.9,80.8,6.44,1296.9,jute
41.1,56.5,29.5,31.5,79.6,6.73,1608.1,jute
61.1,30.4,28.3,32.5,79.8,6.45,1645.7,jute
43.8,33.8,42.0,31.0,79.4,7.25,1654.1,jute
79.6,30.5,33.5,27.7,80.3,6.67,1612.3,jute
58.3,27.3,50.1,32.5,79.9,7.08,1332.0,jute
65.8,62.7,25.1,31.2,80.2,6.57,1513.0,jute
52.6,36.3,23.5,30.2,80.0,6.59,1602.1,jute
48.7,35.0,11.9,30.6,80.7,6.61,1253.4,jute
42.6,39.9,32.2,28.6,80.9,6.7,1459.6,jute
66.9,51.1,19.0,28.5,78.6,6.75,1618.2,jute
54.9,36.0,33.6,30.4,78.8,6.9,1529.8,jute
51.8,39.8,26.7,30.0,77.8,6.77,1426.8,jute
61.6,36.6,33.5,29.7,79.8,6.66,1359.6,jute
82.4,48.1,32.2,25.1,80.6,6.66,1406.1,jute
40.7,50.6,31.0,26.2,79.2,6.82,1655.1,jute
55.0,34.4,38.5,30.7,80.9,6.66,1591.3,jute
75.0,28.7,38.2,29.7,82.1,6.8,1398.6,jute
69.1,32.8,41.1,31.0,78.7,6.52,1636.8,jute
58.1,48.3,27.5,33.3,79.5,6.61,1463.7,jute
30.8,57.7,27.4,32.9,80.5,6.74,1616.8,jute
70.1,22.6,35.6,31.3,77.5,6.69,1480.1,jute
61.0,23.7,47.5,29.9,79.4,6.54,1362.2,jute
62.0,41.8,21.9,29.3,81.0,6.62,1508.8,jute
85.3,59.0,22.3,28.3,79.6,6.68,1574.1,jute
71.8,36.4,18.6,28.8,82.1,6.93,1636.2,jute
60.8,52.9,54.4,28.6,79.8,6.36,1532.8,jute
39.3,23.6,27.6,27.8,79.1,6.83,1532.9,jute
55.4,28.7,28.9,30.6,77.6,6.99,1383.0,jute
61.8,32.4,41.0,27.4,81.5,6.71,1343.5,jute
44.8,46.8,39.8,29.2,79.2,6.59,1627.6,jute
54.1,43.5,41.8,28.5,79.6,6.98,1517.8,jute
66.4,41.4,39.4,29.3,79.7,6.74,1440.7,jute
79.2,51.4,49.9,29.0,79.5,6.93,1365.6,jute
26.0,36.7,29.5,28.2,81.2,6.74,1644.5,jute
45.4,37.2,20.6,27.2,79.9,6.8,1489.2,jute
51.8,38.2,30.2,29.4,79.5,6.8,1369.3,jute
67.6,29.5,21.8,31.1,79.6,6.81,1502.9,jute
74.6,52.7,18.4,29.7,79.7,6.9,1603.8,jute
58.6,42.3,34.8,31.5,80.6,6.7,1602.0,jute
59.4,40.1,37.4,27.9,81.5,6.84,1408.2,jute
63.8,54.4,13.4,29.6,81.2,7.1,1368.2,jute
44.0,33.7,23.2,30.4,79.7,6.83,1337.1,jute
71.8,28.0,50.1,30.9,79.6,6.86,1468.8,jute
62.1,58.0,18.0,31.8,79.7,6.87,1670.3,jute
72.3,43.6,35.3,33.0,80.1,6.63,1549.6,jute
76.3,26.7,30.3,31.5,81.6,6.44,1537.9,jute
83.0,20.4,23.1,25.4,81.1,6.6,1499.5,jute
86.1,12.5,18.2,26.2,78.1,6.56,1480.1,jute
67.1,49.3,32.7,25.8,80.9,6.48,1583.4,jute
35.3,51.3,30.4,25.8,79.8,6.57,1386.9,jute
65.9,24.8,30.3,31.5,79.0,6.33,1650.7,jute
48.8,25.2,27.2,30.4,81.0,6.85,1475.6,jute
44.8,43.3,26.0,30.1,79.9,6.95,1493.0,jute
57.5,30.9,50.5,30.5,79.9,7.25,1583.8,jute
68.9,40.7,37.3,29.4,79.8,6.55,1394.6,jute
74.6,26.7,47.6,29.2,80.0,6.36,1475.6,jute
51.3,43.1,45.5,29.7,81.2,6.76,1429.0,jute
56.9,24.7,38.9,28.7,80.9,6.73,1526.6,jute
68.6,53.1,51.7,27.8,80.6,6.7,1558.6,jute
54.1,31.0,30.8,28.5,80.4,6.72,1371.3,jute
77.9,56.2,20.4,26.5,79.9,6.59,1567.6,jute
62.2,31.1,21.2,27.1,80.2,6.72,1485.7,jute
61.9,30.1,45.3,31.3,78.7,6.53,1641.8,jute
57.7,14.1,22.9,27.5,78.3,6.64,1493.9,jute
97.1,44.3,22.0,29.2,80.1,6.72,1433.3,jute
82.7,48.8,39.5,27.6,78.6,6.88,1596.8,jute
89.0,27.8,32.0,30.3,78.5,7.09,1550.4,jute
66.8,40.5,31.8,31.1,82.1,6.9,1569.9,jute
59.2,35.6,13.5,31.3,79.7,6.78,1574.6,jute
69.2,62.7,24.4,28.6,80.3,6.93,1559.0,jute
69.8,38.0,21.8,29.2,79.3,6.8,1273.2,jute
80.3,48.2,35.5,33.1,77.6,6.42,1434.1,jute
59.3,55.1,19.5,28.4,78.3,6.36,1289.0,jute
63.6,34.1,44.9,29.7,78.1,6.86,1585.5,jute
31.2,36.1,26.1,30.8,79.8,6.97,1576.2,jute
59.0,71.8,30.4,28.5,81.1,6.64,1429.6,jute
88.8,41.8,25.7,28.7,79.7,6.71,1432.7,jute
33.9,44.2,29.5,33.7,78.1,6.66,1438.1,jute
71.6,51.7,36.3,30.2,80.2,7.05,1450.0,jute
49.1,37.9,44.1,32.3,80.1,6.75,1518.2,jute
58.0,45.3,38.2,28.3,81.2,6.74,1495.6,jute
67.9,52.7,29.5,26.8,80.2,6.47,1595.6,jute
55.8,23.2,21.3,30.3,81.5,6.89,1535.2,jute
54.8,56.9,24.5,31.0,78.6,6.61,1576.9,jute
52.4,31.3,33.7,27.4,79.9,6.71,1647.5,jute
75.1,35.8,30.3,29.1,79.0,6.92,1408.3,jute
74.9,34.0,27.5,30.3,79.6,6.75,1496.0,jute
74.2,69.8,34.8,32.1,81.4,6.78,1552.2,jute
71.7,21.1,19.3,27.4,80.2,6.74,1417.2,jute
67.2,36.6,38.6,29.5,78.6,7.1,1493.7,jute
87.0,31.8,28.7,28.3,79.1,6.69,1721.5,jute
69.6,40.6,10.0,29.1,80.5,6.91,1355.9,jute
52.9,31.1,42.6,30.4,78.7,6.79,1429.8,jute
68.4,16.1,10.0,29.2,80.9,6.73,1458.5,jute
39.8,52.5,20.5,27.7,81.4,6.47,1480.5,jute
76.5,39.1,27.5,27.5,76.4,6.82,1595.1,jute
67.4,26.8,32.4,31.0,77.2,6.37,1528.8,jute
45.1,38.1,27.2,30.4,78.7,6.73,1519.6,jute
45.9,29.7,21.3,28.3,82.1,6.79,1565.2,jute
51.9,52.8,23.9,29.7,80.5,6.73,1415.8,jute
78.6,38.1,25.9,28.0,83.6,6.85,1367.2,jute
81.5,45.6,36.9,28.9,79.8,6.73,1448.4,jute
47.5,22.0,17.9,32.1,79.5,6.95,1342.1,jute
59.2,42.4,21.4,31.2,79.8,6.82,1634.1,jute
48.9,33.4,34.6,25.4,81.3,6.99,1445.1,jute
84.5,33.1,24.1,33.1,81.5,6.5,1607.2,jute
58.1,53.4,41.6,31.2,80.8,6.91,1574.5,jute
56.9,42.4,35.1,32.3,78.1,6.69,1601.2,jute
35.4,27.0,16.4,29.3,80.2,6.54,1557.9,jute
67.6,59.9,35.9,26.0,81.9,6.65,1582.0,jute
49.0,12.2,30.1,27.8,78.4,6.58,1490.8,jute
63.0,45.5,44.4,26.3,80.5,6.84,1490.5,jute
57.6,34.8,41.0,31.9,79.1,7.12,1471.1,jute
52.7,31.6,18.9,30.6,80.3,7.0,1619.1,jute
68.9,57.2,22.0,33.2,79.4,6.82,1399.7,jute
56.6,60.4,33.5,25.4,82.9,6.78,1551.7,jute
65.9,42.8,13.0,27.8,77.1,6.57,1338.9,jute
28.5,57.4,36.4,30.0,83.2,6.65,1467.6,jute
49.8,45.8,20.2,32.1,82.7,6.82,1461.4,jute
54.5,46.7,36.1,28.3,79.4,6.91,1360.0,jute
82.7,55.0,37.2,30.2,78.9,6.71,1439.6,jute
74.7,28.7,19.5,27.8,81.7,6.75,1493.3,jute
59.9,30.2,26.1,27.8,78.9,6.73,1334.4,jute
34.0,48.6,32.5,26.5,79.6,6.73,1607.9,jute
71.8,40.0,249.8,17.7,59.1,5.49,468.9,carrot
41.0,88.8,26.0,11.0,63.5,6.45,404.3,watermelon
72.5,82.0,67.8,27.0,83.1,5.74,877.9,carrot
101.8,83.8,186.8,27.8,58.8,5.41,1206.7,tomato
10.6,22.1,174.6,11.1,73.4,5.87,619.9,carrot
131.6,56.5,152.7,41.3,64.1,4.99,517.1,cotton
132.5,64.4,114.2,22.9,73.1,7.1,125.7,muskmelon
140.7,23.7,281.3,19.6,62.8,5.37,1171.9,cotton
148.8,10.9,241.4,13.6,38.8,5.96,1030.5,wheat
30.3,4.0,169.2,27.6,75.1,7.46,589.8,tomato
142.1,27.8,28.2,26.6,83.7,5.57,452.1,barley
27.2,3.3,74.5,25.6,83.4,5.7,507.5,millet
25.8,64.2,296.1,28.4,69.5,5.7,409.3,maize
89.3,17.6,59.1,18.7,40.6,5.68,52.4,wheat
63.0,30.6,116.7,29.6,57.0,6.53,554.9,barley
115.4,87.7,229.3,28.3,73.5,5.3,776.1,chickpea
123.5,14.4,261.4,40.7,80.4,7.53,1785.6,coconut
41.8,89.5,181.6,25.1,53.9,6.59,175.1,chickpea
40.0,71.7,88.3,19.6,64.9,7.85,1055.9,kidneybeans
104.7,32.0,174.7,43.8,75.1,6.73,215.9,mothbeans
14.4,2.6,117.8,29.3,46.4,7.46,1097.5,apple
27.9,58.9,221.3,28.5,64.6,5.97,278.4,mungbean
79.2,14.7,212.1,21.2,46.5,6.78,1077.3,maize
94.5,49.7,71.0,16.3,66.3,6.15,1083.3,cabbage
92.7,70.5,233.1,30.9,87.0,8.44,689.0,cotton
80.0,41.7,149.1,42.0,74.3,5.57,1042.0,sesame
74.7,60.4,102.2,29.5,59.9,5.59,891.7,potato
120.4,23.9,71.4,41.2,65.8,8.25,1305.4,jute
114.6,54.8,117.6,21.0,78.6,5.4,980.7,onion
17.5,85.9,252.1,23.3,68.4,5.98,373.6,watermelon
109.2,13.1,6.3,35.4,77.9,6.19,2228.4,rice
89.3,64.6,106.3,26.1,40.0,6.96,44.5,wheat
47.9,16.4,255.2,15.3,56.5,6.23,460.4,mothbeans
12.5,52.4,246.5,25.9,50.9,6.51,359.5,barley
52.9,60.9,239.5,23.8,67.2,7.18,1556.3,apple
57.2,14.0,65.0,33.9,35.7,5.84,859.1,grapes
100.1,57.6,11.9,17.0,64.6,5.66,2122.3,papaya
28.8,75.8,135.5,33.9,75.2,6.9,417.9,apple
36.1,5.6,116.1,31.1,47.1,5.58,143.0,tomato
86.5,44.0,186.4,23.7,52.9,5.33,835.4,tomato
13.4,88.8,295.2,30.1,93.7,6.23,986.9,coconut
139.2,19.1,192.2,17.0,65.4,5.14,596.7,millet
43.4,45.6,283.3,18.9,51.3,6.39,317.7,muskmelon
115.6,78.7,125.3,31.7,93.1,5.92,954.4,soybean
111.3,57.2,79.8,30.8,69.8,6.84,912.4,mungbean
56.6,19.0,75.8,30.7,78.3,5.87,1780.9,banana
69.9,83.1,115.5,37.7,80.8,7.13,993.5,millet
92.2,10.8,205.3,7.7,65.5,7.43,228.1,barley
133.2,58.0,79.1,25.6,84.9,8.41,1129.6,pomegranate
96.4,54.2,122.4,19.2,51.8,6.33,935.2,carrot
54.7,83.6,82.1,30.8,68.3,5.45,1184.0,cashew
112.7,7.9,279.0,20.2,68.0,6.55,2216.6,rice
27.7,39.7,81.2,31.0,80.7,7.28,363.3,grapes
124.3,40.5,255.5,30.3,88.1,5.64,809.4,blackgram
79.1,32.7,253.3,29.1,88.3,6.87,398.7,oats
42.3,39.9,129.4,40.1,61.2,6.07,1142.1,banana
19.5,78.0,228.5,28.0,52.4,8.37,313.4,sesame
146.8,18.8,187.3,15.1,51.3,6.14,1315.8,groundnut
135.4,5.1,226.5,21.8,77.6,6.4,954.5,cashew
26.9,29.3,149.5,25.1,89.9,7.0,311.4,cabbage
27.9,15.1,138.1,23.2,65.0,4.84,1029.6,banana
28.9,86.8,265.2,29.9,56.8,7.22,1026.4,apple
9.8,25.9,191.5,39.6,62.7,8.15,1244.0,sorghum
7.4,88.9,176.9,20.8,45.4,5.17,748.2,sesame
119.9,49.0,260.5,34.6,94.5,4.99,1812.2,papaya
29.8,38.8,32.2,30.2,92.6,7.34,334.5,cabbage
101.0,52.6,295.4,24.8,59.0,7.21,195.2,muskmelon
81.2,34.1,279.1,23.3,93.2,8.17,1866.6,coconut
52.5,38.9,50.4,15.4,77.3,5.12,385.3,tomato
58.1,70.4,24.4,42.2,68.9,6.98,363.1,blackgram
130.1,83.2,168.0,44.1,54.4,6.9,936.7,cotton
11.4,71.1,248.6,27.5,70.8,7.94,1018.2,sesame
144.3,16.0,76.1,20.0,53.9,8.23,1597.6,orange
44.6,31.2,101.2,24.3,75.5,8.57,1635.7,sugarcane
79.0,32.0,60.5,39.2,56.5,8.24,531.7,watermelon
103.4,26.1,199.9,9.7,74.4,5.72,637.9,oats
42.2,37.2,20.0,28.9,94.1,8.37,1621.8,jute
33.7,81.0,271.3,15.3,53.6,5.87,979.0,barley
112.0,70.0,51.6,29.7,50.3,4.82,1085.4,maize
98.3,33.2,21.0,21.4,72.0,7.57,1269.7,tomato
45.2,37.3,119.0,32.1,35.5,6.96,829.9,sesame
101.9,68.3,50.4,37.0,75.1,6.91,2734.8,rice
23.2,5.0,203.5,6.4,51.7,6.2,1261.8,orange
35.7,39.9,295.2,16.8,50.9,7.88,996.3,mothbeans
125.3,85.1,135.3,31.8,90.3,6.93,2699.0,coffee
56.9,31.0,285.8,29.5,72.0,5.16,1052.7,banana
63.5,6.4,177.3,31.4,86.9,6.48,758.9,tomato
70.1,45.4,241.8,35.8,77.3,6.93,747.6,mungbean
64.9,52.9,88.3,32.9,52.3,4.88,1511.9,maize
91.2,46.4,45.2,40.6,41.6,5.75,1506.0,cotton
134.1,80.9,78.8,31.7,51.2,7.25,211.5,pomegranate
76.4,10.3,99.9,39.2,67.7,8.04,518.4,mothbeans
58.5,5.8,164.8,39.0,52.9,7.03,1138.0,soybean
84.4,28.8,26.7,17.5,81.8,5.32,699.9,tomato
102.7,74.0,34.7,31.3,70.2,8.48,1154.9,pigeonpeas
13.9,35.4,247.8,30.6,63.6,6.08,850.3,maize
109.4,40.6,198.0,0.8,50.6,8.56,118.9,barley
108.4,43.4,34.2,6.6,50.3,7.35,1734.2,orange
42.7,57.8,90.0,27.2,84.5,7.94,1947.3,orange
129.6,26.5,208.1,28.6,72.7,5.09,521.5,pomegranate
85.9,62.0,209.5,17.5,65.1,5.6,912.4,kidneybeans
109.3,36.1,255.1,9.5,37.0,7.99,918.5,wheat
35.9,21.4,252.8,31.5,51.0,8.29,216.6,lentil
105.2,12.3,280.4,26.9,75.8,8.94,839.5,sorghum
54.4,16.9,89.3,15.0,57.5,7.87,208.4,sunflower
107.5,89.2,126.7,22.4,57.3,7.98,875.8,mungbean
111.1,86.8,148.4,20.7,82.3,7.16,2044.8,banana
106.0,71.5,163.6,32.5,43.4,5.3,767.9,pomegranate
62.6,79.2,52.8,17.1,76.1,7.51,854.9,muskmelon
12.9,16.2,100.2,36.7,81.9,4.68,1085.5,pomegranate
13.1,82.7,9.9,14.0,39.5,5.72,1055.1,barley
12.4,50.0,162.9,35.9,60.7,7.85,709.8,tomato
72.9,76.0,60.2,33.0,58.5,4.75,775.3,papaya
141.0,49.8,84.2,21.7,53.7,6.64,336.9,soybean
44.7,21.0,47.7,17.6,59.3,5.88,1311.1,pigeonpeas
54.6,86.0,297.8,25.8,29.8,5.56,71.2,millet
28.7,51.2,298.9,26.9,57.3,7.17,823.4,watermelon
145.0,15.4,43.8,13.0,50.3,6.91,736.4,muskmelon
144.5,32.0,268.7,24.8,81.7,7.73,2640.7,banana
119.5,27.7,85.3,30.7,61.1,8.12,721.3,onion
122.5,55.7,102.7,32.8,63.5,7.37,580.8,mungbean
119.9,84.5,249.7,43.3,65.3,8.14,2412.8,sugarcane
122.9,18.7,259.5,34.6,73.4,7.92,1942.6,orange
92.2,14.6,80.6,41.2,72.7,7.35,496.8,pomegranate
117.9,13.1,90.2,16.2,78.5,6.48,596.3,carrot
95.1,22.2,110.0,23.0,65.2,8.32,455.1,lentil
12.2,2.6,157.2,36.9,62.8,6.57,249.6,pomegranate
26.2,7.3,298.6,23.3,63.6,6.65,1191.2,wheat
56.7,74.3,146.0,10.7,60.4,5.34,947.1,apple
31.4,53.5,70.1,33.3,60.3,8.11,172.9,chickpea
53.5,66.1,120.8,32.8,75.6,8.02,2097.3,mango
70.2,49.8,49.7,29.4,91.9,6.3,2605.8,coconut
85.7,57.8,115.7,29.6,51.0,6.95,391.5,sunflower
143.8,31.7,83.0,43.1,68.1,7.91,815.6,sorghum
65.4,28.9,44.4,17.1,93.2,6.16,1799.6,tea
51.4,89.5,276.5,22.5,82.7,4.58,838.2,millet
140.7,57.4,21.5,21.0,76.0,6.47,357.6,oats
11.4,43.9,258.9,49.2,35.2,6.95,554.2,millet
38.5,13.5,181.2,30.7,52.1,6.46,1430.1,blackgram
28.2,21.6,91.6,16.3,55.2,5.14,398.7,wheat
120.4,82.9,105.0,24.4,71.7,5.44,2151.5,papaya
25.8,20.3,196.0,30.1,54.2,6.27,438.2,carrot
51.6,20.9,93.9,35.0,95.0,7.23,1771.9,sugarcane
107.0,24.0,130.4,35.7,73.2,6.88,1854.9,jute
15.0,6.2,38.0,25.9,84.7,5.11,1492.5,banana
48.1,35.6,68.0,34.5,50.6,5.22,211.0,sesame
11.8,7.5,201.7,35.3,80.7,5.32,1050.0,muskmelon
13.6,64.3,261.5,35.4,74.4,6.0,106.8,lentil
50.2,13.3,171.5,33.1,57.2,7.16,1268.4,apple
8.1,35.1,83.3,44.9,84.6,6.55,828.4,mothbeans
13.3,6.1,255.6,24.8,68.8,5.54,25.9,chickpea
139.6,83.5,197.5,42.4,81.9,6.33,1444.6,groundnut
131.0,83.6,105.0,40.1,64.3,6.04,1673.0,cashew
80.5,37.7,166.6,30.4,93.7,7.23,1350.5,jute
15.6,45.6,297.4,23.6,76.5,7.8,1127.8,groundnut
49.1,10.9,190.7,34.4,79.6,6.71,223.9,grapes
30.5,88.6,46.6,21.2,84.4,3.51,1052.6,coffee
75.8,39.1,28.8,18.1,53.7,5.97,356.1,watermelon
58.7,70.4,126.3,24.6,49.6,5.47,555.1,wheat
64.5,64.9,150.4,35.6,79.8,8.01,342.4,pomegranate
58.7,5.1,133.2,10.2,91.1,6.65,1768.4,sugarcane
27.1,65.5,190.0,40.1,77.9,7.2,834.2,watermelon
144.8,8.8,56.4,24.9,64.2,8.03,977.7,sesame
105.1,86.1,68.7,44.2,76.1,7.04,1835.2,cashew
36.0,39.7,103.3,14.1,87.4,7.0,1059.7,coffee
77.7,85.9,214.4,13.3,67.0,6.18,2858.3,sugarcane
21.7,78.5,154.8,16.6,78.4,6.4,497.6,kidneybeans
78.6,68.2,48.2,40.1,74.5,4.82,1171.3,papaya
112.7,17.7,248.0,19.8,56.4,6.27,325.1,grapes
45.3,5.0,240.2,33.3,66.6,7.64,783.3,mustard
146.7,31.6,14.9,12.7,46.5,6.16,835.0,muskmelon
111.9,67.6,197.2,45.3,77.7,6.47,347.5,millet
68.8,10.5,71.4,30.9,63.5,6.49,1123.3,jute
119.7,73.0,92.7,29.0,69.6,7.61,776.7,mustard
35.0,18.3,239.7,22.0,68.3,5.41,1051.8,cabbage
55.9,6.4,62.9,4.9,80.6,5.18,295.0,onion
58.3,39.1,273.0,22.2,55.9,7.87,461.5,mungbean
136.1,24.2,30.8,9.5,36.9,7.82,322.4,barley
87.4,54.0,152.7,39.7,55.0,7.05,591.4,mungbean
111.9,33.1,220.6,30.2,61.1,6.83,443.0,wheat
5.2,26.7,56.4,40.5,67.6,8.33,913.3,groundnut
65.7,66.2,252.8,18.2,57.6,7.37,486.8,sunflower
94.2,59.1,65.0,34.6,79.2,7.58,62.6,mustard
7.6,14.7,150.9,38.3,60.5,7.36,822.5,lentil
121.5,46.2,137.6,41.3,89.1,5.91,2330.6,papaya
101.9,8.6,203.0,42.6,94.6,7.42,494.1,groundnut
65.5,17.2,261.5,27.6,77.4,7.34,1671.6,papaya
58.3,56.6,50.5,28.0,66.0,7.48,759.9,blackgram
70.0,21.0,24.5,27.3,93.9,8.79,1514.5,coconut
97.3,69.5,113.6,12.7,46.8,5.78,1592.4,apple
106.6,20.2,149.6,7.3,67.5,6.21,825.9,carrot
73.5,7.2,274.9,31.2,70.9,7.55,315.6,blackgram
76.4,89.4,198.6,20.3,67.3,8.5,250.9,groundnut
118.0,2.6,26.9,13.7,74.1,5.31,815.0,muskmelon
75.4,63.8,220.9,28.1,59.2,6.46,949.7,pomegranate
144.1,81.8,129.5,32.7,74.2,6.43,2260.5,mango
70.2,83.4,145.1,26.4,68.2,7.6,1580.5,sugarcane
146.9,14.1,153.9,32.3,63.7,8.01,1240.5,sorghum
110.6,79.9,225.9,29.4,55.5,7.22,295.5,carrot
64.0,23.0,26.0,14.9,94.6,7.51,610.8,cabbage
119.9,81.5,95.4,9.9,69.0,6.27,1064.4,apple
140.9,75.0,119.0,12.6,85.2,7.79,1161.1,orange
147.2,32.4,107.9,20.9,84.7,5.47,1550.7,papaya
119.9,15.4,131.2,35.0,82.8,6.23,481.3,groundnut
32.3,87.6,140.5,21.4,71.4,7.15,2256.4,jute
49.2,89.8,29.5,16.6,66.9,8.06,54.7,grapes
107.3,28.5,208.3,12.1,50.1,6.85,1047.6,muskmelon
84.5,14.5,150.0,11.9,91.2,7.74,828.4,orange
139.7,78.0,155.4,11.7,73.9,6.73,1368.7,rice
54.6,17.1,94.9,27.3,87.3,7.88,668.5,cabbage
20.1,20.4,86.9,42.6,87.3,6.86,295.6,groundnut
145.3,59.7,90.4,23.5,61.7,4.05,2534.3,coffee
79.3,15.4,126.3,32.1,68.7,6.72,1486.2,papaya
76.2,73.7,268.2,27.5,35.1,8.4,780.6,sunflower
119.8,78.3,76.5,28.8,62.3,5.04,966.5,potato
123.2,34.4,27.4,24.8,83.9,5.7,232.4,cabbage
52.2,65.5,173.1,31.1,69.8,7.64,749.2,soybean
121.5,77.6,281.3,15.1,65.0,7.62,1341.3,apple
21.7,11.9,8.6,36.8,60.2,5.17,1019.3,watermelon
92.9,39.1,53.7,12.9,88.8,6.51,839.3,onion
63.9,39.6,9.2,36.3,70.3,8.54,268.7,sorghum
95.3,67.9,138.6,31.1,27.4,6.65,416.7,millet
64.2,89.3,72.0,33.8,78.5,6.88,1097.6,muskmelon
55.5,82.0,286.2,18.0,78.0,7.21,1114.4,cotton
46.7,79.1,165.0,26.7,78.4,5.88,669.4,onion
61.0,39.9,204.1,28.3,61.9,6.01,229.8,millet
44.0,3.8,97.0,20.8,81.5,8.13,1606.7,jute
31.0,66.9,110.2,35.5,63.0,4.52,2157.7,banana
116.5,18.4,48.6,25.6,61.4,6.04,2179.0,cashew
144.7,5.5,102.6,19.8,61.6,7.73,692.8,blackgram
128.5,12.3,260.5,28.2,70.9,6.97,377.7,carrot
124.8,60.0,62.6,30.3,78.5,5.23,1150.4,oats
88.8,11.2,291.4,21.5,64.8,7.87,1037.4,pigeonpeas
109.4,14.2,212.0,29.7,65.8,8.18,187.9,watermelon
127.1,42.6,165.7,25.9,52.1,7.43,152.6,sesame
100.5,16.8,65.2,29.1,90.2,7.72,1749.6,banana
76.4,35.9,67.4,27.4,64.7,8.64,351.4,cotton
146.1,77.2,39.5,23.2,81.1,6.75,1024.0,tea
113.5,89.9,127.0,26.1,90.8,6.53,1728.3,banana
38.3,58.7,284.3,29.2,71.9,6.5,445.5,watermelon
11.5,16.0,203.8,17.1,46.4,7.31,823.4,chickpea
25.7,83.8,279.6,3.6,37.8,5.61,770.3,barley
9.9,22.0,224.1,32.2,71.8,8.66,964.7,mothbeans
88.6,30.1,17.9,37.0,67.4,8.62,559.1,cotton
149.3,42.5,273.8,25.4,54.4,7.15,1096.0,kidneybeans
27.2,63.7,19.6,21.0,89.5,7.42,848.4,carrot
106.8,28.8,181.6,40.3,71.0,7.39,2184.3,rice
116.9,73.8,211.6,13.0,36.2,6.35,739.8,sunflower
130.1,60.1,229.8,25.7,84.3,8.22,786.8,onion
72.9,66.6,83.5,4.6,75.4,7.2,1079.6,wheat
121.8,32.8,131.3,11.1,56.8,7.98,1219.3,orange
93.0,20.6,240.3,25.8,68.8,6.05,765.1,onion
127.7,78.8,119.7,13.5,74.5,5.99,720.9,kidneybeans
75.0,52.7,172.2,38.3,67.8,5.41,1111.2,soybean
45.5,67.3,237.8,7.7,60.7,6.96,94.5,oats
115.4,48.4,202.1,31.5,68.6,5.88,137.7,watermelon
149.6,17.0,43.1,12.8,63.3,5.08,465.0,kidneybeans
114.7,82.8,145.6,19.7,65.6,7.01,895.6,sunflower
128.8,28.3,153.9,20.7,76.8,8.42,549.9,sunflower
8.7,28.0,126.1,36.8,71.2,5.87,878.0,chickpea
62.3,8.8,141.7,20.7,83.3,5.9,839.3,mungbean
149.1,79.6,250.5,33.2,65.7,5.04,431.5,groundnut
62.4,44.9,141.3,9.1,49.6,8.14,977.3,wheat
64.2,84.9,139.7,5.2,75.9,6.29,223.5,kidneybeans
136.3,12.1,225.6,21.9,88.2,7.49,1679.2,sugarcane
41.7,45.1,73.3,34.9,54.6,7.58,211.5,lentil
10.1,11.0,137.0,19.8,70.3,5.15,706.9,wheat
23.6,73.5,33.8,27.6,59.3,7.79,148.8,onion
8.1,3.1,226.5,29.3,68.7,6.42,2446.2,banana
13.3,64.7,201.9,29.1,80.3,5.19,587.1,sorghum
67.7,48.4,173.3,16.4,86.7,4.34,2702.5,tea
134.5,75.4,190.8,10.0,83.6,6.38,366.9,barley
65.8,74.7,139.0,7.7,50.0,7.16,192.0,carrot
6.5,33.0,97.5,16.1,56.9,8.48,619.3,blackgram
38.6,88.8,11.1,4.5,77.4,7.97,1099.4,onion
19.9,66.1,199.7,30.9,86.4,7.95,888.2,groundnut
57.4,60.8,51.8,36.5,71.4,6.33,1374.2,jute
104.5,62.8,9.3,5.3,66.9,7.33,921.7,onion
73.9,82.0,153.4,10.3,74.4,5.25,1210.0,maize
85.9,34.1,17.7,28.9,75.5,5.91,1271.6,groundnut
102.7,75.9,14.7,30.1,93.9,5.6,2030.0,jute
82.9,51.8,68.2,19.8,84.6,6.12,1666.8,cotton
87.3,47.4,122.6,26.0,78.3,7.45,673.8,barley
65.7,63.6,42.3,43.3,68.8,5.59,1515.0,groundnut
50.8,33.5,174.7,44.8,39.6,7.77,597.5,sesame
115.3,66.0,190.4,36.8,82.1,6.74,799.8,orange
117.4,83.9,49.5,26.0,52.0,5.56,763.2,orange
86.4,60.1,164.6,25.3,66.5,6.41,1792.1,coffee
93.0,61.6,136.1,39.1,75.8,5.68,552.8,chickpea
82.6,27.3,29.7,32.2,88.3,3.82,1494.3,coffee
128.9,71.5,144.0,16.7,64.3,7.29,811.9,sesame
69.2,43.8,54.5,8.9,90.8,6.95,935.9,cabbage
112.6,52.2,198.1,31.6,50.8,6.96,348.5,mustard
46.7,14.9,212.6,33.7,83.8,5.13,1033.3,tomato
64.8,59.3,213.1,16.2,51.7,5.39,1169.5,wheat
143.7,34.9,262.2,21.1,66.3,5.95,2466.9,coffee
61.3,28.7,281.4,19.0,84.8,7.44,500.9,mustard
7.4,51.0,23.5,20.5,88.3,5.21,597.6,apple
63.2,74.3,159.4,27.0,93.2,7.66,1307.0,rice
114.8,51.7,98.5,29.0,92.6,7.81,1241.0,sugarcane
101.4,57.9,159.0,25.4,62.9,6.46,763.1,wheat
131.8,46.3,24.6,37.5,57.1,5.32,535.4,mungbean
9.6,55.6,34.7,7.3,76.5,7.52,827.6,apple
73.0,48.9,122.9,7.3,78.8,5.69,1188.1,cabbage
24.9,44.8,152.1,29.6,64.0,6.94,1742.3,orange
33.9,75.7,97.7,11.7,78.3,7.58,183.0,grapes
89.5,10.7,103.6,21.1,72.2,8.71,1258.0,sugarcane
124.8,51.7,51.5,9.5,68.9,6.75,505.5,tomato
132.1,37.7,243.0,26.0,76.2,6.05,1025.7,apple
41.6,14.0,129.4,35.8,51.1,7.56,808.2,muskmelon
23.6,56.9,210.1,16.9,70.0,5.23,227.1,maize
99.1,32.4,107.5,44.0,85.3,7.69,882.5,mungbean
80.8,62.2,71.7,35.3,89.3,4.32,2237.9,tea
68.0,51.0,117.7,34.7,67.7,5.5,278.7,sesame
13.0,4.8,200.9,42.1,54.3,8.12,1613.2,groundnut
19.2,64.8,82.7,23.0,58.1,8.02,1318.0,mango
18.2,11.0,277.5,26.7,75.7,5.82,248.1,chickpea
105.9,16.7,111.8,26.2,71.6,6.76,1242.2,tomato
46.6,87.0,201.4,19.5,76.5,6.43,676.4,carrot
118.9,10.9,248.3,30.4,67.0,7.16,1163.3,mungbean
110.4,43.5,208.3,25.4,85.0,8.07,265.2,mungbean
92.0,5.9,13.3,34.2,77.7,5.16,774.4,cashew
10.6,36.7,72.0,32.8,38.8,7.66,897.0,sorghum
12.3,34.8,190.8,15.1,65.3,7.9,1541.5,groundnut
121.5,16.1,262.1,35.2,84.1,6.33,284.5,watermelon
126.7,76.1,246.7,31.5,86.3,5.07,1450.4,maize
139.5,43.1,260.6,35.3,52.3,7.11,954.8,muskmelon
108.0,13.8,129.3,39.2,72.5,5.05,763.8,muskmelon
140.7,80.9,140.2,24.5,81.4,8.46,741.0,chickpea
15.6,29.6,271.3,25.7,71.6,7.66,511.6,tomato
92.6,47.5,192.3,12.5,67.5,7.37,206.2,lentil
112.5,66.5,244.5,35.0,62.8,7.77,1369.5,cotton
102.1,47.4,92.2,38.2,85.3,8.49,1487.9,coconut
46.0,51.1,89.7,40.1,65.7,5.49,2110.0,cashew
130.9,46.5,91.7,23.5,62.8,6.2,413.0,muskmelon
70.7,64.8,176.2,16.3,92.3,6.22,982.1,papaya
70.2,22.1,128.3,26.9,38.8,6.21,318.8,grapes
115.4,75.4,149.5,25.1,59.4,6.73,975.3,oats
50.4,3.8,270.5,15.0,68.4,7.16,886.7,orange
97.5,75.8,296.8,15.1,42.8,7.34,1051.0,millet
28.0,24.9,116.6,38.6,85.0,4.64,1375.9,mango
39.2,76.5,198.4,32.1,69.4,7.17,379.1,pomegranate
24.8,52.1,50.4,42.1,61.7,7.19,755.7,pigeonpeas
72.9,56.5,159.4,10.0,80.9,5.78,1006.4,cashew
55.8,2.7,92.4,38.7,61.2,8.05,982.7,mungbean
105.9,87.3,239.7,29.8,52.0,7.3,345.7,tomato
88.6,57.0,206.2,37.2,56.2,7.76,596.7,tomato
73.0,58.3,196.3,21.9,60.2,6.23,466.5,soybean
89.0,77.6,298.6,13.2,70.4,6.37,723.4,pigeonpeas
149.5,55.4,44.5,32.2,56.8,5.48,1632.3,papaya
7.8,28.6,214.8,23.0,74.1,7.03,908.5,carrot
107.8,51.6,20.6,34.5,64.6,7.21,543.2,groundnut
102.7,75.6,137.2,32.6,38.5,7.11,422.8,sunflower
37.0,74.9,144.6,28.8,72.9,7.9,915.9,wheat
85.9,24.1,122.6,33.4,68.7,7.83,83.1,mothbeans
34.7,84.0,7.1,19.2,58.9,7.19,1803.6,rice
77.2,51.3,254.1,17.4,74.8,7.37,1124.7,sesame
84.1,19.6,292.6,12.6,47.1,7.79,780.1,mustard
35.6,36.9,56.4,38.9,92.5,8.09,279.9,groundnut
85.8,64.7,51.4,12.2,79.8,6.76,72.9,lentil
123.4,73.9,51.3,33.1,60.1,6.09,1576.1,banana
110.6,76.7,60.4,28.7,77.1,5.46,2114.1,jute
30.0,88.2,176.4,23.7,29.1,7.48,283.0,millet
19.2,65.6,173.2,37.2,63.0,6.02,1439.6,groundnut
44.4,55.3,66.1,43.5,57.2,7.37,682.4,pomegranate
105.0,85.9,98.3,35.9,46.4,6.58,1094.2,millet
22.0,89.9,17.4,11.8,78.9,7.39,662.0,onion
114.4,4.9,78.9,10.2,48.5,5.65,524.5,pomegranate
86.9,42.1,20.1,37.6,84.8,6.13,2016.5,orange
80.4,66.6,41.6,17.5,77.2,6.87,1710.7,orange
26.1,33.0,292.7,6.5,50.7,5.36,429.7,grapes
141.2,47.1,190.5,5.7,66.6,6.0,1009.7,wheat
80.6,20.8,251.5,25.0,65.6,6.14,2566.9,sugarcane
117.2,31.2,254.8,40.8,55.4,6.7,1100.1,mungbean
49.5,60.6,88.7,13.6,51.3,5.06,434.0,chickpea
34.9,88.8,215.1,11.1,92.1,6.04,2419.3,coffee
83.1,63.4,50.9,26.1,85.2,5.82,907.4,apple
102.8,54.4,279.6,19.1,58.6,4.76,131.3,millet
52.5,16.0,134.7,22.0,93.7,8.07,471.9,groundnut
40.6,62.7,112.8,40.1,80.8,7.51,1947.1,jute
65.4,85.2,19.5,22.4,79.2,7.26,1695.2,coconut
25.7,79.1,248.5,38.8,79.7,6.4,668.8,mango
84.5,68.0,270.1,28.7,77.9,7.5,1162.2,mungbean
46.4,18.6,136.0,17.5,50.4,7.72,399.5,muskmelon
66.3,23.0,151.7,27.3,69.1,5.13,416.2,sesame
26.7,31.5,256.3,40.4,84.0,4.87,2636.6,coconut
148.5,74.9,269.8,17.7,67.2,6.85,499.2,kidneybeans
115.3,39.6,7.3,39.0,72.0,5.17,621.5,muskmelon
78.0,88.5,214.9,26.8,90.7,4.57,2382.0,coconut
37.9,57.5,260.1,29.5,78.9,5.67,335.4,wheat
143.3,47.4,291.3,12.4,58.5,5.2,1122.3,apple
58.2,32.5,162.3,49.4,70.6,6.29,131.1,millet
33.5,19.6,232.0,19.3,63.4,6.8,748.3,tomato
144.1,72.0,133.4,25.7,59.5,6.65,331.2,oats
88.8,25.3,96.8,44.9,46.4,5.19,904.1,groundnut
52.2,43.7,98.3,21.6,76.1,8.31,409.9,sesame
24.9,77.4,251.0,25.8,51.5,6.64,1034.8,cashew
138.5,43.5,113.4,23.1,70.5,5.73,1460.5,groundnut
51.8,30.5,153.4,35.7,63.7,5.47,1347.5,rice
96.5,33.1,206.4,31.4,77.5,6.29,558.6,watermelon
78.6,30.3,80.1,35.1,70.7,5.43,389.1,lentil
12.1,64.7,47.2,21.0,57.2,6.5,66.3,mothbeans
28.8,45.7,46.5,44.2,71.0,7.99,356.5,sorghum
136.6,89.7,291.9,30.2,75.1,4.76,1079.7,rice
131.9,57.4,213.2,37.6,61.9,7.19,926.6,sesame
95.0,36.6,293.7,25.8,51.1,7.91,677.7,chickpea
71.6,76.3,293.0,34.9,81.4,8.0,404.4,tomato
15.0,53.9,37.1,19.6,53.2,6.84,471.7,mungbean
60.4,74.0,254.5,34.0,76.2,6.79,256.7,wheat
77.0,86.6,89.5,19.3,59.3,8.37,206.7,groundnut
42.3,16.1,190.4,43.4,86.4,6.68,1936.6,coconut
90.5,38.9,141.2,10.4,75.9,5.32,632.8,pomegranate
114.1,55.2,109.7,33.3,86.2,5.72,124.6,cabbage
94.0,74.0,54.3,15.3,49.5,5.25,565.2,soybean
41.4,56.5,56.6,35.0,94.9,5.69,2931.5,rice
18.6,11.7,106.1,26.6,65.5,6.06,38.3,lentil
142.5,66.3,131.9,8.5,70.3,7.95,341.2,lentil
97.1,53.3,293.6,18.5,71.3,6.33,435.3,grapes
58.2,8.6,70.0,30.2,80.9,3.53,1385.4,coffee
82.0,45.2,91.3,15.1,52.1,5.18,210.4,carrot
42.4,56.8,281.4,33.6,68.7,6.99,931.5,sesame
34.0,83.0,282.8,34.9,85.3,5.36,680.0,kidneybeans
15.1,70.3,41.7,40.9,85.6,5.08,1122.9,sugarcane
127.5,29.1,127.8,29.0,69.6,5.64,1701.2,jute
97.8,67.2,63.9,27.8,64.9,5.4,1227.8,mango
22.7,87.2,223.4,36.0,92.7,6.31,1747.1,papaya
26.0,33.5,270.1,26.2,83.8,7.75,426.2,sunflower
99.3,68.9,177.6,14.3,70.7,5.82,16.5,chickpea
64.3,21.9,149.0,21.2,68.6,5.86,1066.5,tea
68.9,87.6,213.6,28.1,80.5,5.78,124.4,watermelon
117.9,21.0,243.3,37.2,47.2,5.74,1089.5,muskmelon
144.8,50.7,89.7,25.8,53.6,5.67,630.4,groundnut
135.8,61.2,188.0,18.8,76.6,7.78,634.1,carrot
6.6,13.8,295.0,9.2,83.4,7.41,462.1,oats
148.3,29.2,160.4,12.3,60.4,4.99,1095.3,maize
115.9,41.2,56.9,20.9,76.9,6.64,319.5,mungbean
50.7,7.2,116.5,17.9,79.1,7.76,648.8,pigeonpeas
50.0,79.8,60.9,30.0,73.6,4.93,969.9,coconut
62.4,73.8,106.4,21.9,72.8,5.78,532.8,mungbean
122.7,17.0,251.9,15.7,61.6,6.85,948.3,kidneybeans
103.9,53.4,239.7,25.8,87.1,7.48,680.4,groundnut
136.4,80.8,289.2,19.5,68.8,5.59,425.3,grapes
26.3,6.4,215.6,20.7,76.4,8.68,369.2,sorghum
74.9,76.1,276.4,23.5,37.5,7.09,365.2,sunflower
80.6,66.9,132.2,24.3,52.0,6.88,994.1,onion
18.2,58.4,271.1,37.2,85.2,7.87,957.7,blackgram
106.1,75.6,241.9,34.2,77.6,7.0,1016.0,sorghum
27.3,24.0,82.1,32.6,57.5,6.62,656.9,mungbean
68.2,68.8,53.0,18.9,80.1,7.93,690.8,mothbeans
89.6,77.9,177.0,35.2,58.3,6.23,451.7,kidneybeans
40.9,31.8,72.0,8.4,70.3,7.79,378.7,wheat
98.5,86.9,172.5,18.1,87.1,5.67,966.7,groundnut
115.3,73.5,16.0,40.4,55.9,6.81,1096.7,cashew
138.7,37.0,126.5,21.3,71.5,5.51,269.7,cabbage
22.2,53.5,285.1,17.1,81.7,4.7,2136.2,coffee
127.2,24.9,107.2,14.0,55.2,7.92,858.1,wheat
13.5,75.9,63.3,20.7,86.2,5.62,1029.0,orange
16.6,44.6,201.8,5.3,83.0,7.5,607.0,grapes
87.1,38.7,114.6,14.5,75.3,4.18,1211.5,coffee
48.7,18.4,233.9,26.9,88.5,7.85,1098.6,sugarcane
55.1,61.0,288.2,30.7,63.4,8.31,455.9,mothbeans
79.8,84.3,240.7,20.9,52.6,6.88,202.1,kidneybeans
120.0,65.5,10.1,17.6,61.4,7.39,273.5,mothbeans
109.2,84.4,244.6,27.6,66.2,6.22,2365.0,banana
15.1,11.2,193.1,17.1,73.4,5.65,1196.1,rice
66.2,75.8,11.8,20.8,75.6,5.03,1100.1,coconut
49.3,76.9,19.9,11.2,93.0,8.49,692.8,groundnut
58.8,4.3,292.1,29.4,50.5,6.74,890.9,grapes
12.6,53.1,92.6,24.8,41.8,8.1,551.6,maize
108.8,36.2,141.6,17.6,53.9,5.66,538.5,maize
90.5,73.7,158.9,35.1,62.9,6.53,11.3,mothbeans
124.7,63.2,282.5,17.9,35.0,7.91,269.2,barley
57.1,33.6,131.9,12.9,80.5,6.39,1751.4,rice
107.7,60.6,226.3,19.8,50.6,7.43,929.9,carrot
59.6,31.3,202.2,24.0,53.9,6.05,957.4,sunflower
67.5,16.1,69.6,29.1,64.7,5.68,1449.6,blackgram
82.2,56.3,125.7,35.8,53.1,5.68,2150.5,orange
44.1,67.5,125.2,10.6,66.1,6.09,2500.0,rice
117.9,30.3,170.8,23.6,79.3,6.06,2225.8,cashew
128.7,78.8,33.9,18.5,67.9,6.05,246.4,sunflower
8.2,13.8,232.8,35.7,59.4,5.61,899.6,kidneybeans
87.4,68.3,144.6,42.2,55.5,5.51,386.9,sorghum
7.9,89.2,236.3,9.1,51.5,6.97,566.2,barley
103.9,47.1,12.9,30.6,59.1,6.38,2183.1,cashew
35.5,76.5,193.2,24.1,73.9,7.65,1489.0,jute
110.1,82.9,131.3,38.1,41.9,7.62,685.4,pomegranate
27.8,58.7,229.5,29.9,53.0,6.84,823.1,pigeonpeas
58.7,40.3,295.7,18.9,65.8,8.04,1446.7,sugarcane
60.9,23.8,186.3,31.6,77.7,6.39,398.2,mungbean
121.9,74.2,278.8,17.0,62.8,5.37,2891.9,tea
133.6,18.0,77.1,44.1,56.3,7.99,1364.0,rice
56.4,52.3,96.4,9.1,89.0,6.16,251.8,carrot
11.2,80.8,278.5,25.2,52.5,7.85,1013.3,oats
77.3,34.2,47.4,25.1,78.1,6.23,367.3,kidneybeans
123.4,7.6,201.7,27.0,55.5,5.6,567.5,barley
24.4,86.9,20.6,41.5,52.7,8.78,808.1,sorghum
51.0,29.3,25.3,37.8,83.0,5.11,2487.6,sugarcane
31.5,67.3,195.1,18.0,65.6,7.14,952.2,blackgram
100.7,2.6,59.0,25.4,61.5,7.32,534.2,mungbean
111.7,43.3,271.9,32.9,27.1,8.3,883.4,millet
7.6,51.1,125.3,20.1,74.4,7.66,181.7,millet
149.3,14.8,221.0,16.0,64.2,4.79,344.6,pomegranate
132.1,84.6,278.6,30.3,52.0,5.68,1093.3,orange
46.4,31.2,14.5,25.6,87.7,6.88,228.3,tomato
84.9,82.0,216.4,44.8,58.6,7.55,368.8,groundnut
75.4,8.5,85.3,29.3,85.5,8.4,604.6,pigeonpeas
86.3,22.3,180.9,20.9,78.1,5.48,1028.5,carrot
44.1,70.6,49.8,25.5,55.2,6.33,32.5,mustard
134.2,55.7,190.1,35.3,58.5,8.33,784.3,lentil
31.1,83.7,64.0,31.2,40.1,7.48,1006.3,oats
116.3,43.6,60.4,13.8,67.9,8.11,328.4,cabbage
143.3,4.9,84.1,36.4,54.8,5.99,108.0,sesame
12.0,44.3,254.3,21.4,64.5,7.98,803.2,onion
133.5,46.1,215.3,25.7,46.3,7.9,1180.3,soybean
128.1,52.7,138.8,17.0,59.9,7.99,1022.0,cotton
103.1,47.6,231.9,41.6,65.3,7.75,847.7,mungbean
87.1,33.2,188.3,7.3,84.8,4.95,2714.3,tea
112.0,12.8,200.6,14.0,52.4,6.48,942.2,onion
101.7,21.7,98.5,19.0,55.0,7.99,740.7,pomegranate
44.9,4.2,175.8,9.0,84.0,5.13,1074.1,kidneybeans
68.9,51.4,189.9,3.7,64.0,6.21,579.3,mustard
82.1,21.7,11.6,42.2,71.6,6.97,1315.0,cashew
145.1,5.7,289.0,43.6,53.4,7.77,552.9,cotton
145.0,9.5,130.1,24.8,84.0,8.36,172.6,lentil
106.0,35.1,151.7,18.3,75.4,6.47,169.5,cabbage
74.7,48.0,177.6,32.5,87.8,6.76,219.5,mustard
86.2,70.4,65.2,1.3,79.0,8.05,594.2,barley
55.4,17.0,135.4,25.7,58.0,5.66,2177.2,orange
42.3,81.0,111.9,10.6,42.4,7.21,287.4,cotton
146.3,71.6,62.7,34.0,81.3,7.99,371.9,cabbage
15.4,34.0,294.0,37.4,68.6,6.83,334.8,tomato
59.0,83.2,172.7,35.9,55.9,8.15,1045.6,pigeonpeas
52.8,66.8,15.4,25.1,69.0,6.88,10.9,lentil
125.8,18.3,115.8,44.2,86.1,6.73,1863.0,jute
137.2,81.5,239.4,23.9,58.5,5.76,847.5,lentil
140.5,26.2,234.7,14.6,72.2,6.83,759.8,apple
135.4,62.5,111.2,24.1,85.2,6.42,579.9,mustard
123.3,26.8,139.7,36.6,91.7,7.71,1596.5,banana
143.2,33.9,216.8,38.7,49.4,6.36,464.3,grapes
55.3,70.4,194.4,14.6,89.8,6.24,497.7,tomato
126.7,69.8,245.8,24.8,66.4,6.94,1487.8,blackgram
50.6,58.6,38.2,5.7,61.5,6.9,1490.7,apple
93.9,62.8,253.2,20.0,77.6,7.3,215.2,muskmelon
37.0,83.3,281.5,34.6,68.5,5.48,282.9,chickpea
92.5,18.0,83.6,13.7,60.5,7.22,1532.6,cotton
122.4,17.5,176.1,40.1,86.6,6.68,2098.5,coconut
121.1,56.3,236.9,34.6,90.2,5.51,864.3,cashew
79.2,3.9,58.9,18.7,48.6,8.14,633.3,mothbeans
114.4,62.9,100.3,15.8,76.8,6.64,113.5,muskmelon
110.8,75.5,41.2,5.9,63.1,5.86,1842.6,orange
67.3,9.0,53.2,22.3,81.5,5.94,1891.9,coconut
70.9,16.9,128.3,38.6,76.8,6.63,1148.7,maize
149.8,10.9,61.0,35.8,69.0,5.06,1430.6,jute
8.2,61.8,154.3,30.3,49.3,8.05,641.4,pigeonpeas
119.3,50.5,73.5,26.7,43.7,7.95,371.1,mothbeans
140.6,82.9,210.7,32.3,88.6,6.62,1155.2,orange
91.8,20.4,117.4,27.1,58.2,7.62,549.5,tomato
149.1,78.5,256.4,14.3,63.1,8.47,660.8,mustard
29.2,10.2,241.5,32.8,71.1,7.2,138.7,cabbage
134.2,42.3,227.2,26.1,86.2,6.61,324.5,cabbage
80.9,40.8,152.5,13.1,65.6,6.95,880.7,sunflower
41.0,30.0,209.4,25.2,36.6,7.86,249.3,sunflower
103.1,38.9,231.9,30.5,74.5,7.1,715.1,mothbeans
36.8,88.3,48.6,27.5,83.6,6.37,1799.7,sugarcane
116.2,37.5,109.0,24.1,71.4,8.74,388.7,mothbeans
64.2,18.6,125.6,30.8,36.4,7.27,232.8,grapes
102.4,73.9,219.8,39.6,44.2,6.63,807.6,sunflower
12.8,89.1,180.1,39.4,71.9,8.0,1444.5,cotton
95.6,18.3,100.1,33.4,53.4,7.74,92.7,wheat
107.2,31.4,187.5,44.8,61.4,7.96,1001.1,sesame
39.0,5.4,22.9,17.4,91.6,5.72,1796.0,coffee
106.3,84.8,70.4,20.7,91.2,7.64,2942.3,rice
5.2,82.4,277.1,37.2,72.3,6.05,1299.8,mungbean
29.2,19.9,46.2,21.7,60.8,5.27,329.6,grapes
106.2,5.9,35.8,33.7,57.2,8.03,441.0,mungbean
148.2,57.7,153.6,37.9,63.6,6.39,1217.3,mungbean
146.9,47.0,59.9,37.2,65.3,5.08,1490.5,rice
96.1,70.3,256.6,32.5,83.7,4.63,985.8,potato
56.2,6.1,191.6,36.7,91.2,5.98,1032.1,jute
66.4,69.9,59.0,39.0,79.4,6.62,1695.6,rice
49.6,84.7,181.3,26.1,53.9,5.8,1021.3,carrot
53.9,4.4,295.8,29.6,84.1,8.34,594.0,soybean
129.3,72.3,248.9,15.9,48.6,6.62,828.5,sunflower
15.9,85.4,249.5,25.0,62.8,7.47,2109.8,rice
137.9,65.7,203.0,27.6,80.3,5.67,659.3,sunflower
131.9,36.4,85.1,38.4,73.1,8.5,1135.3,groundnut
103.1,36.2,91.8,23.1,58.6,8.01,792.6,chickpea
71.9,26.3,251.1,0.3,63.4,5.43,1024.7,oats
81.1,41.6,61.9,28.1,64.6,6.22,850.7,sorghum
69.6,58.3,46.6,23.6,72.9,5.68,2239.2,papaya
56.5,46.4,84.2,34.3,84.1,6.22,584.4,wheat
119.1,19.6,123.1,16.0,59.9,7.4,643.3,kidneybeans
128.6,36.3,243.5,11.7,56.6,8.1,558.4,pigeonpeas
56.7,84.4,238.7,6.1,64.2,5.18,646.3,carrot
107.5,85.6,288.7,15.8,48.2,7.52,294.7,muskmelon
19.4,35.9,168.8,42.7,60.2,6.49,961.8,banana
129.0,10.0,78.8,19.6,79.3,6.46,777.1,apple
63.4,64.5,265.3,13.6,91.0,6.87,1077.9,potato
65.9,29.6,41.5,33.5,83.2,7.77,304.3,watermelon
11.0,74.8,139.2,24.1,76.8,7.37,793.2,apple
26.7,78.8,295.9,27.2,59.3,6.98,111.5,watermelon
145.3,68.7,245.1,36.4,57.7,8.23,758.0,mothbeans
7.7,30.4,44.9,33.8,82.8,7.64,1063.9,sesame
132.3,78.7,147.1,25.3,73.8,5.55,609.2,cashew
81.4,76.3,26.6,39.7,73.1,5.61,1165.6,banana
29.9,59.2,92.5,13.5,81.7,6.62,873.0,soybean
44.9,56.6,28.7,22.2,69.0,6.68,1642.1,banana
76.3,21.5,48.1,43.7,54.9,5.24,2362.1,mango
129.0,47.5,89.7,34.3,75.6,6.54,893.1,maize
133.2,42.2,201.2,42.6,65.5,8.1,371.8,blackgram
35.1,33.2,95.9,30.2,88.1,6.79,1077.6,apple
75.2,19.7,235.4,26.4,73.7,6.81,694.9,millet
128.9,18.6,211.5,43.3,71.2,5.75,807.1,pomegranate
30.5,79.3,288.0,22.9,84.6,6.81,578.3,lentil
112.4,31.8,82.1,24.4,73.3,7.85,446.6,barley
114.5,89.0,278.4,39.6,66.4,5.03,2220.5,coconut
114.1,36.1,55.5,11.2,55.6,7.87,843.6,kidneybeans
20.7,80.2,212.1,43.0,66.1,5.21,474.3,millet
65.8,18.3,99.2,8.5,52.2,8.14,1014.0,grapes
48.9,73.5,184.0,15.0,75.5,7.29,385.2,tomato
46.6,27.1,232.2,6.7,62.5,5.19,594.9,potato
67.2,33.2,56.8,40.0,64.7,5.1,856.4,lentil
93.8,30.9,180.2,37.4,58.4,5.67,281.4,muskmelon
138.4,46.9,212.1,18.8,61.6,4.63,240.6,potato
53.4,6.8,158.3,28.6,73.0,6.63,111.7,tomato
86.4,45.6,248.3,20.3,80.9,6.39,482.5,oats
67.2,55.8,100.1,25.6,86.3,5.44,777.4,sorghum
148.5,31.9,147.1,9.6,56.5,5.04,893.6,grapes
32.3,26.9,244.3,26.2,72.3,6.15,647.9,orange
109.4,79.6,33.6,11.3,41.2,5.25,952.9,oats
78.4,85.0,271.7,35.9,71.9,7.1,1318.7,pigeonpeas
141.6,27.9,143.7,26.4,81.5,7.15,718.3,carrot
121.7,68.3,44.3,35.1,67.0,5.47,620.7,lentil
30.2,12.6,92.0,32.6,77.3,5.17,825.3,potato
119.6,20.1,188.4,0.0,65.7,8.7,979.2,barley
90.3,36.5,265.5,5.3,41.9,7.09,87.9,grapes
78.4,42.2,265.5,24.4,44.7,6.47,1122.6,pomegranate
118.1,59.6,31.5,11.7,74.8,7.51,2626.9,rice
102.4,20.2,156.8,31.8,55.0,5.32,306.1,millet
91.9,8.7,31.1,22.5,45.8,6.27,1151.0,oats
6.9,65.9,54.4,24.9,63.6,8.42,934.2,sesame
141.8,18.3,80.8,32.1,80.5,7.18,199.0,mothbeans
49.1,75.5,5.2,13.8,76.2,6.71,219.6,cotton
23.8,16.5,219.8,42.7,43.8,4.53,892.6,sesame
133.8,10.2,211.3,17.6,80.1,7.84,1044.1,jute
129.3,85.7,237.5,27.4,49.5,6.95,700.8,tomato
110.2,41.9,265.2,7.1,67.6,6.55,954.5,cabbage
62.3,52.5,113.5,23.0,62.6,6.5,140.5,lentil
7.2,47.7,151.4,23.5,74.9,5.39,366.9,tomato
22.9,39.8,196.8,38.6,41.0,6.3,608.5,cotton
47.3,89.3,131.9,30.1,66.5,7.31,1056.1,cotton
68.3,5.9,244.8,7.2,92.9,8.3,580.2,cabbage
75.3,61.8,122.8,33.4,40.4,8.26,647.1,mothbeans
18.0,35.4,127.5,31.6,44.9,8.43,453.2,sorghum
64.6,37.0,157.8,28.6,77.9,8.49,516.5,barley
10.7,66.6,7.8,16.8,62.5,5.62,640.6,tomato
58.7,57.5,229.9,33.9,64.1,6.56,499.3,sunflower
97.3,25.7,233.8,9.5,92.4,6.36,1221.4,orange
121.9,77.1,146.4,43.3,61.8,6.6,1706.6,sugarcane
48.0,87.1,264.9,15.5,88.1,3.76,2056.4,tea
72.0,55.6,82.0,19.0,70.6,6.94,173.2,sunflower
56.5,13.6,62.3,36.8,75.0,8.39,1840.0,coconut
79.1,85.3,154.9,11.7,78.0,7.61,303.1,pomegranate
120.5,62.2,287.3,26.1,75.9,5.04,2571.9,rice
73.6,87.5,56.2,20.6,34.0,7.72,695.4,millet
12.0,74.3,199.5,13.5,68.0,5.92,549.8,potato
85.3,51.0,174.3,29.4,77.9,6.45,1573.8,cashew
118.7,28.1,237.2,7.9,84.7,8.34,751.0,wheat
52.6,25.8,12.8,39.6,93.6,5.22,1581.2,orange
39.4,14.4,20.3,21.8,46.9,7.83,272.3,soybean
93.7,86.4,96.6,35.6,64.5,6.0,940.4,tea
25.2,24.5,78.5,15.2,70.5,6.6,915.7,cabbage
100.3,70.5,231.7,19.5,46.7,7.93,338.8,tomato
70.5,59.3,165.4,33.3,75.5,6.95,1546.5,apple
104.9,89.8,158.5,29.7,80.6,8.59,1690.2,coconut
100.8,26.1,149.9,23.2,50.2,5.48,408.6,oats
90.3,23.0,135.4,21.3,50.8,6.55,1069.2,mungbean
61.9,59.6,213.3,17.2,70.4,7.18,574.6,tomato
41.0,56.2,139.2,18.8,84.6,8.01,1414.9,pigeonpeas
56.5,5.1,138.3,17.5,78.3,5.4,692.7,wheat
19.3,46.2,41.9,34.1,71.6,6.87,547.5,soybean
61.4,8.1,105.1,40.8,73.5,5.33,2463.8,rice
56.7,13.0,289.8,38.7,83.3,5.46,436.7,groundnut
124.4,22.7,49.2,31.9,65.2,3.86,2662.9,coffee
11.0,12.5,199.7,11.9,48.9,7.07,305.4,tomato
116.9,42.3,15.7,8.6,54.8,7.73,818.0,mustard
62.2,26.2,146.8,40.2,80.6,8.12,967.2,millet
88.0,28.8,214.5,38.8,78.9,5.04,677.0,lentil
98.0,25.3,263.1,13.0,52.6,5.64,1592.5,groundnut
116.3,81.5,180.1,18.3,68.6,8.26,883.1,pigeonpeas
68.2,61.6,267.2,41.3,71.7,5.09,876.2,cotton
63.6,17.8,267.6,25.3,77.6,6.87,740.2,cotton
29.1,58.6,280.8,20.0,75.5,5.02,833.5,onion
126.0,13.0,218.6,36.6,56.3,6.17,882.9,tomato
29.1,59.9,87.0,20.3,63.9,5.29,1351.5,mango
57.8,49.8,256.4,27.3,55.6,7.76,329.6,watermelon
135.6,75.4,295.8,42.9,65.7,8.43,1039.4,mango
58.1,57.9,76.8,4.8,45.8,6.62,1137.6,apple
117.1,20.5,204.8,27.8,63.6,8.33,831.9,watermelon
64.5,70.0,287.2,19.3,69.1,7.03,678.3,mungbean
122.8,71.0,233.3,17.0,71.1,5.57,309.1,soybean
35.8,32.5,291.1,16.5,48.5,6.65,487.4,mothbeans
37.2,17.6,162.3,40.9,88.3,8.18,356.3,blackgram
59.1,83.5,207.1,33.2,49.0,7.85,513.4,sorghum
89.4,9.2,123.7,22.0,75.7,7.87,9.1,mothbeans
71.1,17.3,145.8,42.4,55.5,5.73,715.4,blackgram
144.6,19.4,170.5,11.8,60.9,7.33,482.0,wheat
67.2,7.3,208.5,28.3,54.0,5.28,711.1,millet
124.7,42.3,28.7,9.2,80.8,5.67,299.3,potato
10.4,69.1,92.3,33.3,69.5,7.76,1015.8,banana
14.1,22.5,39.6,15.4,76.4,7.18,162.3,tomato
51.0,27.1,47.1,17.1,66.1,7.55,951.1,mothbeans
127.2,50.9,175.3,15.4,88.0,6.38,1877.6,jute
75.1,5.5,276.5,35.2,57.5,5.99,1814.9,tea
143.7,80.6,143.2,35.6,53.8,6.97,832.3,mungbean
104.9,14.1,46.7,17.9,69.3,6.57,638.0,tomato
67.0,41.6,61.6,36.9,77.4,8.48,285.4,lentil
147.4,29.1,296.8,24.7,84.5,5.63,1089.6,cotton
87.5,22.3,9.6,27.9,84.6,7.38,1513.2,apple
65.6,61.7,244.1,41.8,89.0,6.4,986.4,sorghum
48.5,60.1,257.8,29.9,88.8,5.09,749.0,potato
104.0,56.9,25.2,32.9,44.9,5.57,479.9,sorghum
21.2,60.4,248.4,10.5,68.6,7.85,384.0,apple
79.8,20.0,72.8,31.8,84.5,7.84,883.4,blackgram
46.5,60.7,135.2,13.9,73.9,5.17,249.7,kidneybeans
116.8,48.3,27.9,36.3,45.8,6.12,1039.4,pigeonpeas
130.1,4.3,110.0,33.8,60.3,7.16,1221.3,mungbean
7.0,64.6,247.7,27.2,70.7,6.64,899.8,muskmelon
115.3,21.1,288.2,12.9,83.2,6.12,143.7,potato
33.9,45.4,62.6,26.9,55.0,6.61,922.0,barley
9.4,2.7,272.9,16.1,63.6,7.28,2411.0,mango
67.7,5.7,126.0,7.3,65.2,6.88,2465.3,tea
77.9,58.0,283.9,30.7,45.1,7.89,601.8,millet
121.4,8.2,140.2,11.7,47.5,5.18,1097.3,muskmelon
115.3,59.8,275.7,38.3,84.7,6.5,1051.4,millet
106.0,37.1,11.1,18.5,46.2,6.07,394.4,oats
25.4,71.2,113.4,20.8,60.7,7.48,1832.2,banana
131.2,64.7,40.1,30.0,53.8,8.0,1291.9,grapes
12.3,86.3,178.1,23.7,84.3,5.31,949.8,muskmelon
121.3,53.1,142.0,11.9,61.3,8.02,775.9,grapes
57.6,89.5,250.1,26.7,57.7,8.16,955.6,mothbeans
89.9,35.2,12.9,16.1,77.9,7.27,428.4,pigeonpeas
21.7,14.4,223.8,22.7,70.7,6.21,756.2,soybean
20.5,44.7,192.8,38.0,63.0,8.33,2401.7,sugarcane
133.2,18.2,176.2,38.8,63.6,6.47,1770.8,coconut
80.1,58.0,234.5,36.4,80.9,5.31,230.2,pomegranate
26.1,32.7,185.8,10.6,58.5,5.89,779.4,carrot
39.8,23.7,52.4,39.2,55.5,5.78,322.5,lentil
137.6,50.4,241.9,27.0,66.9,7.75,1494.3,blackgram
54.2,87.1,135.5,11.7,62.7,4.91,1059.8,coffee
48.9,59.5,88.5,23.2,81.6,4.84,874.6,cashew
91.1,58.1,77.6,31.6,83.2,6.05,894.1,millet
109.1,52.8,47.4,43.7,66.7,8.08,582.4,groundnut
144.4,39.9,151.3,38.5,76.1,5.42,356.8,mungbean
122.8,10.1,258.4,35.6,57.1,6.22,251.4,mothbeans
45.2,88.5,259.8,34.7,85.6,5.58,1557.4,tea
95.7,52.4,208.5,37.1,60.8,6.79,1582.2,maize
58.7,38.9,203.1,21.2,75.2,5.63,790.1,onion
87.4,13.3,123.3,9.3,78.8,5.99,339.1,barley
64.7,24.3,282.2,34.2,62.9,5.84,490.6,groundnut
97.0,17.4,153.1,38.9,85.0,7.92,899.1,mothbeans
95.2,51.5,148.4,48.8,39.3,8.23,295.8,millet
83.1,65.3,58.1,25.3,93.4,5.58,761.1,cotton
142.8,45.9,201.8,22.6,69.8,6.69,707.2,mungbean
69.9,66.0,259.2,24.4,90.5,4.98,2765.8,tea
65.5,43.5,26.8,14.9,66.4,8.26,881.2,sunflower
72.7,23.9,100.8,24.1,76.4,7.0,2584.2,banana
149.6,84.1,217.8,23.3,56.8,5.36,1409.9,sugarcane
20.3,77.4,43.5,5.7,86.9,6.1,871.4,cabbage
110.3,46.6,6.7,31.9,61.6,6.1,1003.7,groundnut
99.1,40.5,217.8,0.7,45.7,7.71,339.1,barley
143.4,86.6,119.6,11.4,66.3,7.68,697.6,muskmelon
72.2,81.8,152.0,25.3,68.4,7.17,725.4,sunflower
141.8,5.4,187.2,42.2,62.7,4.74,1265.9,coconut
13.0,74.2,176.2,42.3,65.9,7.84,864.9,mothbeans
111.4,56.4,97.5,26.9,40.9,5.12,396.1,grapes
55.4,24.5,70.2,18.8,70.3,6.65,61.5,onion
14.8,39.1,34.1,16.0,70.0,5.92,445.6,onion
125.5,36.9,46.3,14.9,84.9,6.45,1928.6,jute
31.2,72.1,292.0,3.8,80.5,7.52,556.4,mustard
66.7,17.0,199.6,24.6,62.1,5.41,1140.2,maize
117.4,74.7,175.7,31.7,56.2,5.35,824.8,mustard
99.0,2.4,129.8,41.9,78.8,8.04,678.4,millet
82.8,12.7,269.3,20.6,75.2,5.92,807.1,blackgram
33.0,56.0,190.1,26.3,57.1,4.84,58.7,millet
141.5,32.9,166.2,18.1,71.4,6.6,640.3,sunflower
35.6,12.0,100.5,43.8,70.7,4.84,1743.7,banana
70.4,36.7,48.8,12.1,50.3,8.76,312.6,barley
31.8,79.6,284.3,8.2,70.2,5.23,711.6,kidneybeans
38.3,37.3,169.7,43.3,62.8,7.86,2077.4,banana
90.0,71.6,122.8,17.1,56.4,6.74,1495.6,pigeonpeas
75.9,20.2,106.9,31.8,75.2,7.02,1407.8,maize
95.3,48.6,10.1,35.5,59.9,7.86,930.3,cotton
102.3,10.8,251.0,27.5,94.6,4.73,1652.2,tea
91.6,18.3,149.0,31.8,79.4,7.42,419.3,apple
75.2,29.7,295.8,19.6,67.2,7.92,363.1,barley
27.9,6.1,179.8,3.1,62.7,5.94,237.1,barley
11.4,60.2,12.7,38.9,74.8,7.86,2128.5,orange
48.7,49.4,213.8,10.5,70.3,5.34,917.9,onion
33.3,76.3,298.7,11.4,80.2,6.58,1514.3,apple
43.9,23.0,132.2,44.8,56.7,7.96,114.3,watermelon
131.0,38.0,215.7,12.9,93.2,6.61,2240.8,coffee
10.0,48.3,247.9,29.1,78.6,5.07,517.4,lentil
41.7,14.4,236.4,17.6,78.0,5.12,1779.1,orange
72.2,14.8,125.6,21.7,69.7,7.41,884.2,barley
89.7,75.1,58.3,43.3,56.0,4.94,117.2,sesame
131.6,54.2,197.4,36.8,71.7,5.04,1441.9,papaya
135.8,15.0,239.7,30.0,82.1,6.07,1006.4,pigeonpeas
96.1,37.3,8.3,21.9,53.2,6.04,150.6,potato
49.8,30.0,146.3,23.0,55.1,5.91,1971.6,sugarcane
45.2,41.5,7.8,9.4,81.5,8.1,638.4,lentil
79.9,68.3,280.2,37.3,55.8,7.82,270.2,chickpea
139.9,76.2,34.0,17.1,52.5,6.23,672.0,mothbeans
33.4,73.9,210.8,41.2,68.1,5.05,1452.1,cotton
132.0,5.7,175.8,31.6,84.9,5.46,553.9,kidneybeans
63.0,21.3,262.4,27.6,66.8,6.57,564.8,soybean
69.1,22.8,197.9,16.4,60.0,7.77,508.8,onion
103.7,34.6,59.8,34.1,75.2,5.89,794.5,mustard
118.1,29.4,181.5,22.3,45.2,6.46,1175.9,soybean
93.1,27.9,71.4,45.0,82.1,6.71,726.1,rice
112.3,45.6,269.8,39.3,43.2,7.29,789.6,pomegranate
52.1,82.8,217.1,36.9,57.0,7.65,166.9,tomato
73.7,25.5,137.9,26.8,92.8,5.13,2531.6,sugarcane
125.6,10.0,132.4,43.9,63.4,5.17,1031.3,groundnut
63.6,83.8,258.2,26.5,93.8,5.23,1006.5,cabbage
96.2,74.8,11.2,20.4,74.9,5.53,1092.7,carrot
68.6,9.6,181.6,24.5,38.8,6.87,1000.1,sunflower
83.1,62.7,104.5,15.7,61.5,4.59,1705.0,papaya
15.8,41.5,9.6,11.3,79.8,8.09,795.2,groundnut
60.4,25.6,31.1,35.7,82.6,8.28,1745.8,mango
140.6,35.6,32.4,42.0,58.4,7.29,607.7,mothbeans
31.7,88.4,131.1,21.5,61.7,8.43,896.8,watermelon
38.0,40.7,108.3,19.4,82.5,6.48,1089.7,cabbage
86.9,43.7,47.9,19.0,87.5,4.63,2238.2,rice
65.0,58.3,103.2,24.6,89.6,8.45,1142.1,sorghum
87.2,8.8,70.1,24.6,59.3,7.4,84.8,lentil
62.6,38.5,184.1,23.2,61.4,7.86,2671.3,rice
99.1,13.4,223.1,11.4,41.3,5.79,1389.7,maize
80.4,46.6,115.9,28.3,59.1,5.74,601.9,onion
18.8,14.8,159.3,32.4,76.3,5.84,1769.2,papaya
90.0,72.1,187.6,27.3,71.6,5.27,984.5,apple
133.8,6.2,115.3,15.2,57.8,7.67,410.9,apple
81.1,60.0,195.6,2.4,50.4,7.24,77.0,barley
125.1,81.7,274.9,13.4,74.6,7.42,2379.3,rice
61.7,21.2,93.8,8.9,66.3,6.95,1214.1,tea
36.3,36.3,121.9,21.7,81.5,7.93,143.3,muskmelon
58.6,89.8,20.9,15.7,65.9,6.29,431.9,mothbeans
68.1,34.3,295.1,22.6,69.7,7.87,201.5,kidneybeans
105.3,55.0,94.4,23.5,67.9,7.36,2008.8,sugarcane
79.1,80.6,88.5,40.4,48.7,6.11,1134.0,pigeonpeas
41.4,5.4,267.4,34.4,65.9,7.09,328.0,mungbean
98.9,45.1,202.2,15.0,55.1,7.81,844.8,tomato
70.7,60.9,285.9,28.1,64.9,5.52,1143.2,mango
117.7,75.7,124.2,18.4,77.3,5.02,935.8,millet
17.1,27.7,243.8,23.1,94.0,7.09,1190.2,coconut
126.4,38.8,215.2,37.8,79.9,3.86,1074.7,tea
80.2,41.0,252.2,22.3,72.7,3.96,2372.8,tea
53.9,47.2,14.6,42.2,70.0,8.47,240.5,mothbeans
27.7,78.8,161.9,20.6,66.0,6.75,724.1,muskmelon
18.5,28.6,157.9,19.0,70.9,7.39,652.4,mustard
112.2,24.6,11.1,6.5,78.3,6.92,67.7,mustard
87.8,71.2,63.4,44.6,59.8,5.25,1545.7,cashew
37.3,66.1,41.2,32.4,76.3,8.27,1007.0,cotton
69.1,46.3,193.3,44.6,53.5,6.5,806.0,mungbean
125.1,78.2,98.3,26.6,67.0,7.44,626.8,cabbage
130.0,9.6,272.8,39.7,85.0,6.81,1582.9,cashew
39.0,54.1,299.7,27.9,83.5,5.35,161.5,tomato
48.0,36.9,172.6,13.6,52.4,3.8,674.0,potato
64.6,83.4,260.7,26.9,69.2,5.38,841.9,wheat
130.1,34.4,236.7,32.2,48.0,7.63,72.2,chickpea
105.3,20.4,20.2,33.2,78.2,6.3,246.4,sorghum
49.6,72.0,240.9,21.3,83.5,4.67,2140.6,coffee
51.0,55.9,17.4,16.4,83.3,5.4,875.4,soybean
128.2,47.9,33.0,10.9,55.1,7.62,1001.0,watermelon
73.1,10.4,269.4,18.4,72.0,5.49,619.5,muskmelon
131.7,67.2,23.4,24.7,73.1,6.63,989.2,muskmelon
112.7,9.8,7.7,33.0,83.7,7.07,627.4,pigeonpeas
65.4,64.0,234.9,22.2,50.7,6.74,1044.1,sunflower
24.6,73.8,169.4,44.9,75.6,8.91,1213.6,coconut
119.4,49.0,192.0,10.9,51.7,7.03,560.0,lentil
21.9,3.6,275.3,27.6,85.0,7.6,897.9,watermelon
11.4,71.9,13.6,10.3,84.9,8.37,499.7,pigeonpeas
126.5,67.6,195.6,3.5,58.7,6.26,2503.7,tea
53.5,83.9,284.3,43.0,40.9,7.17,488.2,sesame
64.0,10.5,278.7,25.8,78.1,7.91,493.7,onion
80.7,87.2,69.2,16.8,70.0,6.07,1641.2,groundnut
68.6,35.2,121.9,10.7,38.6,7.7,681.3,wheat
60.2,77.0,189.2,19.0,64.8,7.99,133.3,watermelon
101.1,7.5,223.9,19.1,73.2,5.11,550.6,lentil
122.9,15.6,49.7,29.4,58.8,5.67,1045.8,muskmelon
135.9,59.1,94.3,34.7,85.7,5.12,1070.7,potato
107.5,16.8,94.8,21.5,52.0,5.37,595.2,cotton
87.3,34.5,89.6,24.6,79.1,6.37,788.2,wheat
120.9,59.5,76.3,21.2,54.8,7.54,720.9,apple
97.8,55.7,147.1,1.8,60.1,8.38,922.3,barley
62.2,38.2,219.6,26.9,80.1,6.99,527.5,mango
102.2,17.1,175.7,33.1,76.8,4.62,794.6,potato
126.2,89.2,180.5,11.5,45.2,7.6,1108.6,apple
45.2,29.2,84.1,7.3,74.6,7.92,1172.5,kidneybeans
139.9,43.4,90.2,39.3,57.8,6.45,482.6,soybean
41.1,12.7,116.6,26.9,58.2,6.64,193.0,tomato
68.2,56.0,50.6,4.8,62.7,8.09,710.6,wheat
20.7,33.4,173.1,13.5,94.5,7.01,994.8,cabbage
126.6,36.0,235.8,41.4,83.0,6.75,1864.9,banana
16.4,32.4,190.5,25.7,87.2,7.27,502.1,maize
45.0,53.6,56.5,15.9,70.8,5.85,272.5,mustard
141.8,22.7,133.3,12.6,54.4,5.9,800.0,watermelon
17.0,78.3,197.8,17.6,79.7,6.47,2313.5,sugarcane
45.4,9.2,237.0,17.2,77.6,7.49,1091.2,sunflower
89.3,23.2,38.6,21.0,50.5,6.87,1384.9,blackgram
53.3,50.2,51.1,32.6,47.2,5.66,1298.3,tomato
24.3,21.8,57.4,35.2,67.0,7.95,1428.3,coconut
131.2,2.9,272.0,21.4,46.2,6.04,954.6,sorghum
70.8,46.5,58.4,8.8,79.4,5.01,361.2,kidneybeans
6.0,40.1,193.7,44.4,91.6,6.57,1200.4,groundnut
11.6,58.4,22.6,33.8,61.5,5.67,485.8,cotton
77.2,39.0,181.9,3.0,71.8,8.13,1180.8,wheat
117.4,34.2,197.3,29.9,53.5,6.27,986.7,onion
137.9,51.7,222.9,21.5,60.1,6.26,1095.2,onion
53.4,71.0,97.2,27.5,64.7,5.21,645.1,muskmelon
7.6,43.8,240.0,15.6,46.3,6.15,226.9,chickpea
90.7,79.3,265.1,10.4,65.6,8.42,840.1,soybean
73.9,66.6,165.6,17.2,73.4,5.2,802.5,chickpea
102.5,50.8,81.6,15.9,50.4,4.81,555.6,pomegranate
69.3,9.6,281.1,20.5,72.7,8.45,1389.1,blackgram
121.3,5.8,178.3,17.0,70.7,5.19,1628.9,mango
135.7,83.9,258.1,32.1,59.3,6.48,865.1,apple
109.7,29.4,46.8,22.1,72.9,7.94,114.5,grapes
9.7,73.5,10.1,14.8,87.2,6.16,952.2,carrot
24.8,87.8,203.2,36.0,65.0,5.25,1490.4,papaya
89.6,29.8,225.5,33.7,50.1,5.85,617.3,cashew
141.1,32.9,118.8,31.3,46.8,7.38,878.9,sunflower
29.4,26.5,46.2,3.3,83.3,8.45,912.5,barley
95.0,41.3,121.8,26.8,83.2,7.66,937.7,barley
90.9,34.8,228.8,34.5,67.4,5.9,167.1,soybean
62.0,9.1,44.6,38.8,69.8,4.88,1554.8,maize
106.9,20.9,277.9,6.9,84.8,6.61,2239.1,orange
31.5,56.7,237.7,10.9,84.3,6.73,504.0,apple
51.9,60.1,173.3,35.9,62.2,6.06,807.7,millet
82.1,59.1,263.4,21.7,57.1,8.25,2033.1,mango
100.7,18.9,114.6,35.6,90.5,8.05,1287.2,sugarcane
131.3,88.7,188.4,33.1,49.7,6.66,931.5,apple
98.5,68.8,151.4,32.0,72.4,7.35,1420.8,cotton
58.8,10.3,110.3,43.5,89.3,8.01,1457.2,jute
130.0,78.9,299.1,11.1,40.0,5.72,217.9,oats
80.7,74.6,272.1,10.9,90.2,5.1,2415.4,cashew
99.8,19.1,207.8,21.0,64.7,6.42,2412.7,sugarcane
28.1,4.4,109.2,19.4,47.8,8.22,745.9,pigeonpeas
63.2,72.1,167.6,2.5,79.6,6.54,162.4,barley
29.5,34.6,256.8,27.9,49.2,5.79,408.7,sorghum
67.3,67.0,34.9,27.5,91.4,7.01,651.3,soybean
112.5,2.9,12.9,24.6,74.9,5.69,1331.4,jute
8.4,3.3,254.6,33.4,51.5,6.15,1413.0,cotton
11.6,73.6,37.2,38.1,58.4,7.42,871.9,muskmelon
128.6,10.3,74.8,19.2,80.1,4.99,836.2,papaya
46.9,59.2,152.1,33.3,87.1,5.83,443.5,blackgram
25.9,58.1,133.3,37.6,77.9,7.1,1184.1,pigeonpeas
22.3,65.2,187.3,24.4,63.7,7.16,1993.2,papaya
141.7,80.4,271.3,12.1,83.2,8.47,299.7,grapes
51.6,8.6,239.6,37.3,73.3,5.95,527.1,soybean
125.0,75.7,110.9,27.0,70.1,6.03,231.9,millet
5.1,83.5,185.2,36.6,58.1,7.2,1148.4,kidneybeans
31.2,32.3,277.8,41.6,76.0,7.5,1726.4,papaya
47.0,47.3,113.6,3.9,83.7,6.2,1351.4,apple
76.4,34.7,279.2,36.5,58.3,5.75,339.7,grapes
52.3,30.9,294.7,18.3,73.4,4.48,186.4,potato
128.8,83.9,81.9,19.3,74.9,6.54,507.6,maize
133.6,52.4,204.3,31.4,86.6,5.67,1329.0,coconut
36.5,32.0,10.1,25.0,54.6,8.62,1184.5,cotton
46.4,73.0,51.4,25.7,76.6,5.3,528.6,cabbage
69.9,17.0,261.2,23.6,84.5,5.07,44.4,mustard
29.4,39.6,18.0,24.8,63.0,5.42,207.6,wheat
60.8,76.7,170.5,16.0,58.8,6.5,561.1,mustard
31.4,22.8,54.5,20.2,78.2,6.26,1693.0,jute
35.5,41.9,276.6,15.5,93.7,5.73,604.5,cabbage
98.4,60.4,90.2,15.3,85.9,7.92,1326.9,groundnut
83.2,39.0,171.7,27.4,85.2,5.71,669.8,mustard
15.1,60.1,283.7,28.8,70.7,7.96,1855.4,sugarcane
112.1,4.1,103.0,25.9,52.8,7.97,1327.9,blackgram
103.5,34.0,122.3,32.4,68.9,6.97,1720.1,banana
26.3,38.9,20.9,8.4,53.3,7.93,394.6,kidneybeans
97.8,60.6,168.0,43.9,66.1,6.42,666.6,cashew
134.4,60.0,120.5,26.0,91.7,5.13,1183.9,cashew
94.4,30.0,262.6,15.2,60.8,4.35,967.7,tea
44.9,31.9,105.9,41.9,56.1,7.6,1322.0,rice
111.0,67.4,146.3,33.1,78.1,4.69,1289.0,cashew
147.7,14.4,93.4,14.0,85.2,6.49,2112.8,sugarcane
93.7,45.4,156.0,21.3,75.1,7.73,682.4,wheat
46.1,36.0,210.8,20.5,71.6,8.37,1624.6,mango
119.0,45.2,33.5,13.6,55.9,5.23,324.3,soybean
17.5,19.0,223.9,24.7,75.8,8.48,429.0,sesame
9.2,69.6,24.3,31.4,91.4,7.35,1184.0,potato
122.3,86.2,31.2,42.8,77.6,7.67,296.2,mungbean
87.2,40.1,61.6,40.5,56.6,5.09,174.6,sesame
120.9,5.0,283.6,42.8,62.5,7.34,673.4,muskmelon
29.9,72.2,73.9,33.9,85.7,6.34,2341.2,rice
38.4,73.9,228.5,25.8,41.1,7.96,762.5,sorghum
24.5,36.9,46.2,40.1,46.8,7.0,944.7,sesame
21.6,77.1,97.7,23.7,58.7,6.18,999.8,sorghum
124.6,62.0,124.1,19.5,46.7,7.36,875.6,oats
